{
  "classification_brain_mri_nd5": {
    "loss": 0.000729358831330812,
    "accuracy": 0.994939555805454,
    "precision": 0.9949801555827166,
    "recall": 0.994939555805454,
    "f1_score": 0.9949456964075643,
    "precision_glioma": 1.0,
    "recall_glioma": 0.9946284691136974,
    "f1_glioma": 0.9973070017953322,
    "precision_meningioma": 0.9861259338313767,
    "recall_meningioma": 0.9978401727861771,
    "f1_meningioma": 0.9919484702093397,
    "precision_none": 0.995,
    "recall_none": 0.996661101836394,
    "f1_none": 0.9958298582151793,
    "precision_pituitary": 0.9977997799779978,
    "recall_pituitary": 0.9912568306010929,
    "f1_pituitary": 0.9945175438596491
  },
  "classification_hf_brain_tumor": {
    "loss": 0.00034512665989686834,
    "accuracy": 0.997864768683274,
    "precision": 0.997871188382044,
    "recall": 0.997864768683274,
    "f1_score": 0.9978648993194472,
    "precision_glioma": 0.9968454258675079,
    "recall_glioma": 1.0,
    "f1_glioma": 0.9984202211690363,
    "precision_meningioma": 0.9941348973607038,
    "recall_meningioma": 0.9970588235294118,
    "f1_meningioma": 0.9955947136563876,
    "precision_none": 1.0,
    "recall_none": 1.0,
    "f1_none": 1.0,
    "precision_pituitary": 1.0,
    "recall_pituitary": 0.9943977591036415,
    "f1_pituitary": 0.9971910112359551
  },
  "classification_pancreas": {
    "loss": 1.4823110880322268e-05,
    "accuracy": 1.0,
    "precision": 1.0,
    "recall": 1.0,
    "f1_score": 1.0,
    "precision_NPancreas": 1.0,
    "recall_NPancreas": 1.0,
    "f1_NPancreas": 1.0,
    "precision_PPancreas": 1.0,
    "recall_PPancreas": 1.0,
    "f1_PPancreas": 1.0
  },
  "segmentation_btcv": {
    "loss": 0.11849971860647202,
    "accuracy": 0.9945068359375,
    "mean_iou": 0.497253417965715,
    "mean_dice": 0.49862292673817665,
    "iou_Class_0": 0.99450683593143,
    "dice_Class_0": 0.9972458534763533,
    "iou_Class_1": 0.0,
    "dice_Class_1": 0.0
  },
  "segmentation_cvc_clinicdb": {
    "loss": 0.00194144548802841,
    "accuracy": 0.9855837938262195,
    "mean_iou": 0.9133510833448764,
    "mean_dice": 0.9532709931087157,
    "iou_Class_0": 0.9843809474653212,
    "dice_Class_0": 0.9921290049903829,
    "iou_Class_1": 0.8423212192244316,
    "dice_Class_1": 0.9144129812270484
  },
  "segmentation_kvasir_seg": {
    "loss": 0.0037361627072095872,
    "accuracy": 0.965538330078125,
    "mean_iou": 0.8770083555103131,
    "mean_dice": 0.9323739267395761,
    "iou_Class_0": 0.9602690854330825,
    "dice_Class_0": 0.9797319077966586,
    "iou_Class_1": 0.7937476255875436,
    "dice_Class_1": 0.8850159456824935
  },
  "segmentation_medseg_covid": {
    "loss": 0.02546226680278778,
    "accuracy": 0.9880615234375,
    "mean_iou": 0.5260832919194092,
    "mean_dice": 0.5572467840526988,
    "iou_Class_0": 0.9880517513090686,
    "dice_Class_0": 0.9939899709939322,
    "iou_Class_1": 0.06411483252974977,
    "dice_Class_1": 0.1205035971114655
  },
  "segmentation_medseg_liver": {
    "loss": 0.021422529762441463,
    "accuracy": 0.9741099964488636,
    "mean_iou": 0.7008922092798852,
    "mean_dice": 0.7931224617608141,
    "iou_Class_0": 0.9735981440604611,
    "dice_Class_0": 0.9866224763034991,
    "iou_Class_1": 0.4281862744993092,
    "dice_Class_1": 0.5996224472181291
  }
}