dataset,task,epoch,train_loss,train_accuracy,train_precision,train_recall,train_f1_score,train_precision_glioma,train_recall_glioma,train_f1_glioma,train_precision_meningioma,train_recall_meningioma,train_f1_meningioma,train_precision_none,train_recall_none,train_f1_none,train_precision_pituitary,train_recall_pituitary,train_f1_pituitary,val_loss,val_accuracy,val_precision,val_recall,val_f1_score,val_precision_glioma,val_recall_glioma,val_f1_glioma,val_precision_meningioma,val_recall_meningioma,val_f1_meningioma,val_precision_none,val_recall_none,val_f1_none,val_precision_pituitary,val_recall_pituitary,val_f1_pituitary,train_precision_NPancreas,train_recall_NPancreas,train_f1_NPancreas,train_precision_PPancreas,train_recall_PPancreas,train_f1_PPancreas,val_precision_NPancreas,val_recall_NPancreas,val_f1_NPancreas,val_precision_PPancreas,val_recall_PPancreas,val_f1_PPancreas,train_mean_iou,train_mean_dice,train_iou_Class_0,train_dice_Class_0,train_iou_Class_1,train_dice_Class_1,val_mean_iou,val_mean_dice,val_iou_Class_0,val_dice_Class_0,val_iou_Class_1,val_dice_Class_1
brain_mri_nd5,classification,1,0.018375477457889446,0.7725451606101076,0.7713663912801851,0.7725451606101076,0.7716431564035265,0.7618114522098846,0.7654780135637717,0.7636403317328677,0.7130017974835231,0.6692913385826772,0.6904554685233536,0.8422953451043339,0.8436495176848875,0.8429718875502008,0.7920609884332281,0.8341638981173864,0.8125674217907227,0.008458019850845246,0.9041326960922126,0.9046123626465253,0.9041326960922126,0.9034505132044186,0.8678260869565217,0.924074074074074,0.895067264573991,0.9011124845488258,0.8127090301003345,0.854630715123095,0.933933933933934,0.97339593114241,0.9532567049808429,0.9302575107296137,0.9213602550478215,0.9257875066737854,,,,,,,,,,,,,,,,,,,,,,,,
brain_mri_nd5,classification,2,0.010410527614839314,0.879595136008997,0.8792589122577814,0.879595136008997,0.8793912302398457,0.876431718061674,0.8704878582367097,0.8734496762155636,0.834333047700657,0.8214285714285714,0.8278305228850786,0.9212410501193318,0.9308681672025724,0.9260295881647341,0.8981481481481481,0.9130675526024363,0.9055464030752334,0.009046499175170114,0.893168400337363,0.9007903368263305,0.893168400337363,0.893130759784568,0.8052959501557633,0.9574074074074074,0.8747884940778342,0.9089820359281438,0.8461538461538461,0.8764434180138568,0.9765625,0.9780907668231612,0.9773260359655981,0.9511278195488722,0.8065887353878852,0.8729154686601495,,,,,,,,,,,,,,,,,,,,,,,,
brain_mri_nd5,classification,3,0.008043753358307596,0.90799184648907,0.9078136604685619,0.90799184648907,0.9078858511619927,0.9036515618125824,0.8987092539925619,0.9011736316770868,0.8764906303236797,0.8681102362204725,0.8722803051709522,0.9396346306592533,0.9509646302250804,0.9452656811825809,0.921999450700357,0.9294019933554817,0.9256859230663174,0.004247005205441215,0.9555805454034298,0.9557315675555472,0.9555805454034298,0.9555560353453525,0.9426229508196722,0.9583333333333334,0.9504132231404959,0.9405162738496072,0.9342251950947603,0.9373601789709173,0.9678899082568807,0.9906103286384976,0.9791183294663574,0.9770240700218819,0.9489904357066951,0.9628032345013477,,,,,,,,,,,,,,,,,,,,,,,,
brain_mri_nd5,classification,4,0.0064954029300209595,0.9257046460954523,0.9256384657426865,0.9257046460954523,0.9256569968346099,0.9216417910447762,0.918617370378473,0.9201270954311384,0.900481996030621,0.8931383577052868,0.8967951433008612,0.9609657947686117,0.9598070739549839,0.9603860848582345,0.9311287236949987,0.9432447397563677,0.9371475725484802,0.010198232872552473,0.8796738824852404,0.905139554114067,0.8796738824852404,0.8821282550603258,0.9557344064386318,0.8796296296296297,0.9161041465766635,0.916030534351145,0.9364548494983278,0.9261300992282249,0.679144385026738,0.9937402190923318,0.806861499364676,0.9901547116736991,0.7481402763018066,0.8523002421307506,,,,,,,,,,,,,,,,,,,,,,,,
brain_mri_nd5,classification,5,0.0060496064686026115,0.9359668236451817,0.9358747896360979,0.9359668236451817,0.9359110547053451,0.9331872946330778,0.9319623714723255,0.9325744308231173,0.9148211243611585,0.90607424071991,0.9104266742017519,0.9552894211576847,0.9618167202572347,0.9585419587422391,0.9466299862448418,0.9526578073089701,0.9496343314474955,0.0025935230678743883,0.9710430137756536,0.9714421768422064,0.9710430137756536,0.9709927956058774,0.989310009718173,0.9425925925925925,0.9653864390706496,0.9452954048140044,0.9632107023411371,0.9541689674213142,0.9876160990712074,0.9984350547730829,0.9929961089494164,0.9648760330578512,0.9925611052072264,0.9785227867993714,,,,,,,,,,,,,,,,,,,,,,,,
brain_mri_nd5,classification,6,0.005427650912497446,0.9424334012792578,0.9423546168780982,0.9424334012792578,0.9423835627860715,0.9407244785949506,0.9374316342157077,0.9390751698444006,0.9228806351006521,0.9153543307086615,0.9191020753917831,0.961246504194966,0.9670418006430869,0.9641354437988379,0.9505766062602965,0.9584717607973422,0.9545078577336642,0.002682145664534912,0.9761034579701996,0.9762576624533664,0.9761034579701996,0.9761345141697971,0.9693877551020408,0.9675925925925926,0.9684893419833179,0.9584699453551913,0.9777034559643255,0.9679911699779249,0.990625,0.9921752738654147,0.9913995308835027,0.9913419913419913,0.973432518597237,0.9823056300268097,,,,,,,,,,,,,,,,,,,,,,,,
brain_mri_nd5,classification,7,0.004866853205472338,0.9467913122935264,0.9467292077432461,0.9467913122935264,0.9467337427293873,0.9475547687541491,0.9367753226865019,0.9421342134213422,0.929641141565414,0.9251968503937008,0.9274136715997181,0.9564348521183054,0.9618167202572347,0.9591182364729459,0.9558221979820016,0.9703765227021041,0.963044374227229,0.0019934269361222036,0.9772280011245431,0.9775693727032636,0.9772280011245431,0.9771904220626035,0.991321118611379,0.9518518518518518,0.971185640056684,0.962800875273523,0.9810479375696767,0.9718387631143015,0.9623493975903614,1.0,0.9808135072908672,0.9861995753715499,0.9872476089266737,0.9867233138608603,,,,,,,,,,,,,,,,,,,,,,,,
brain_mri_nd5,classification,8,0.004943698893326785,0.9466507345188726,0.9466174343030082,0.9466507345188726,0.9466212072228405,0.9396177237185056,0.9464012251148545,0.9429972752043597,0.9336749217193282,0.922384701912261,0.9279954731928137,0.9635270541082165,0.9662379421221865,0.9648805940196669,0.956569847856155,0.9573643410852714,0.9569669295696693,0.0026351789151058376,0.9704807421984819,0.9708359483285162,0.9704807421984819,0.9704598154852065,0.957542908762421,0.9814814814814815,0.9693644261545497,0.9849710982658959,0.9498327759197325,0.9670828603859251,0.9855072463768116,0.9577464788732394,0.9714285714285714,0.9626556016597511,0.9861849096705633,0.9742782152230971,,,,,,,,,,,,,,,,,,,,,,,,
brain_mri_nd5,classification,9,0.007059570042653555,0.9239474239122795,0.9239121956367954,0.9239474239122795,0.9239234932108717,0.925317564607972,0.9243054036315904,0.9248112071795994,0.9110985277463194,0.904949381327334,0.9080135440180587,0.9311031461569096,0.9397106109324759,0.9353870774154831,0.9297954671088999,0.9313399778516057,0.930567081604426,0.002015388157561166,0.9786336800674726,0.9787601098950809,0.9786336800674726,0.9786399790350006,0.9794584500466853,0.9712962962962963,0.9753602975360297,0.9669603524229075,0.9788182831661093,0.9728531855955679,0.9967897271268058,0.971830985915493,0.9841521394611727,0.9769633507853404,0.9914984059511158,0.9841772151898734,,,,,,,,,,,,,,,,,,,,,,,,
brain_mri_nd5,classification,10,0.004286273931696253,0.9550854009981022,0.9550599401136209,0.9550854009981022,0.9550672736542853,0.9525899912203687,0.9494640122511485,0.951024433000986,0.9435347261434218,0.9398200224971879,0.9416737109044802,0.9682603455202893,0.9686495176848875,0.9684548925055254,0.9604395604395605,0.9678848283499446,0.9641478212906784,0.0014607304257512489,0.9848186674163621,0.9849125810735989,0.9848186674163621,0.9847900760135765,0.9814643188137164,0.9805555555555555,0.9810097267253358,0.9942726231386025,0.967670011148272,0.9807909604519774,0.9875968992248062,0.9968701095461658,0.9922118380062306,0.978125,0.997874601487779,0.9879011046817464,,,,,,,,,,,,,,,,,,,,,,,,
brain_mri_nd5,classification,11,0.0036277707143349386,0.9607788008715822,0.9607860508968669,0.9607788008715822,0.9607749008390833,0.961133069828722,0.9575585211113542,0.9593424657534246,0.9468204839617332,0.9462879640044994,0.9465541490857946,0.9761519805982215,0.9706591639871383,0.973397823458283,0.9635116598079561,0.9723145071982281,0.9678930687611961,0.0013991416298095643,0.9856620747821198,0.985754589581472,0.9856620747821198,0.985645006035719,0.9924314096499527,0.9712962962962963,0.9817501169864296,0.980110497237569,0.9888517279821628,0.9844617092119867,0.9770642201834863,1.0,0.988399071925754,0.9893730074388948,0.9893730074388948,0.9893730074388948,,,,,,,,,,,,,,,,,,,,,,,,
brain_mri_nd5,classification,12,0.0036925962573495894,0.961762845294159,0.9617403492326904,0.961762845294159,0.9617472271798978,0.9615722441809398,0.9579960621308248,0.9597808219178082,0.9514535704205476,0.9479752530933633,0.9497112269333708,0.9684,0.9730707395498392,0.970729751403368,0.9674931129476584,0.9723145071982281,0.9698978182822425,0.001250718376313336,0.9870677537250492,0.9871287857406545,0.9870677537250492,0.9870670581139076,0.9781021897810219,0.9925925925925926,0.9852941176470589,0.9898190045248869,0.9754738015607581,0.982594048287479,0.9968503937007874,0.9906103286384976,0.9937205651491365,0.9883227176220807,0.9893730074388948,0.9888475836431226,,,,,,,,,,,,,,,,,,,,,,,,
brain_mri_nd5,classification,13,0.0029614042893997103,0.9667533562943699,0.966732709858902,0.9667533562943699,0.9667356455683944,0.9658364558078025,0.9586523736600306,0.9622310057092666,0.9530503233061569,0.9533183352080989,0.9531843104175454,0.9788,0.9835209003215434,0.9811547714514836,0.9730250481695568,0.9786821705426356,0.9758454106280193,0.0013753918792512021,0.9856620747821198,0.9858169778403552,0.9856620747821198,0.9856907812687894,0.9842592592592593,0.9842592592592593,0.9842592592592593,0.9683060109289617,0.987736900780379,0.977924944812362,0.9937402190923318,0.9937402190923318,0.9937402190923318,0.9989165763813651,0.9798087141339001,0.9892703862660944,,,,,,,,,,,,,,,,,,,,,,,,
brain_mri_nd5,classification,14,0.0031757946833148583,0.9667533562943699,0.9667165790253708,0.9667533562943699,0.9667287024135716,0.9630520332313074,0.9636840953839423,0.9633679606342264,0.9571874113977885,0.9493813273340832,0.9532683891006636,0.979632587859425,0.9859324758842444,0.9827724358974359,0.9718387631143015,0.9745293466223699,0.9731821951893834,0.0011854480409320253,0.9881922968793927,0.9882666346260967,0.9881922968793927,0.9882049309362777,0.9852670349907919,0.9907407407407407,0.9879963065558633,0.9779735682819384,0.9899665551839465,0.9839335180055402,0.9968404423380727,0.9874804381846636,0.9921383647798742,0.9956989247311828,0.9840595111583422,0.9898450026723677,,,,,,,,,,,,,,,,,,,,,,,,
brain_mri_nd5,classification,15,0.0030667612317440505,0.9664722007450622,0.966466601561465,0.9664722007450622,0.9664691717715599,0.9630115999124534,0.9625902428352658,0.962800875273523,0.9566563467492261,0.9558492688413949,0.9562526375017584,0.9751303650220617,0.9770900321543409,0.9761092150170648,0.9745293466223699,0.9745293466223699,0.9745293466223699,0.001586463642510586,0.982569581107675,0.9827269226322146,0.982569581107675,0.9825540204870626,0.9886578449905482,0.9685185185185186,0.9784845650140318,0.9809203142536476,0.9743589743589743,0.9776286353467561,0.9968652037617555,0.9953051643192489,0.9960845732184808,0.9680412371134021,0.997874601487779,0.9827315541601256,,,,,,,,,,,,,,,,,,,,,,,,
brain_mri_nd5,classification,16,0.0029059151560130317,0.9673156673929851,0.9672977647205514,0.9673156673929851,0.9673028818366894,0.9645824223874071,0.9652154889520893,0.964898851831602,0.9575671852899575,0.9519122609673791,0.954731349598082,0.9806996381182147,0.9803054662379421,0.9805025125628141,0.97108234646103,0.9761904761904762,0.9736297114455336,0.0008592281591629996,0.992690469496767,0.9926948264450809,0.992690469496767,0.9926875888322075,0.9934762348555451,0.987037037037037,0.9902461681374826,0.9866666666666667,0.9899665551839465,0.988313856427379,0.9968701095461658,0.9968701095461658,0.9968701095461658,0.9947089947089947,0.9989373007438895,0.9968186638388123,,,,,,,,,,,,,,,,,,,,,,,,
brain_mri_nd5,classification,17,0.002527803228089577,0.9757503338722148,0.9757545210410354,0.9757503338722148,0.9757484746970759,0.9757975797579758,0.9702472106760008,0.9730144800351032,0.9680582796301485,0.9715973003374578,0.9698245614035088,0.983132530120482,0.9839228295819936,0.9835275210928084,0.978194866133039,0.9811738648947951,0.9796821008984105,0.0010002034694445471,0.9895979758223222,0.9896586700958034,0.9895979758223222,0.9895959484886407,0.9825688073394495,0.9916666666666667,0.9870967741935484,0.994343891402715,0.979933110367893,0.987085906793936,0.9984177215189873,0.9874804381846636,0.992918961447679,0.9873817034700315,0.997874601487779,0.992600422832981,,,,,,,,,,,,,,,,,,,,,,,,
brain_mri_nd5,classification,18,0.002803208452214815,0.9724467561678498,0.9724320725555786,0.9724467561678498,0.9724342979864021,0.9693654266958425,0.9691533581273244,0.9692593808117274,0.9671574178935447,0.9606299212598425,0.963882618510158,0.9823364110798876,0.9835209003215434,0.9829282988551918,0.9746835443037974,0.9806201550387597,0.9776428374275462,0.001012702826728653,0.9907225189766657,0.9907679096386994,0.9907225189766657,0.9907334270970094,0.9925857275254866,0.9916666666666667,0.9921259842519685,0.9790518191841234,0.9899665551839465,0.9844789356984479,0.9984301412872841,0.9953051643192489,0.9968652037617555,0.9946466809421841,0.9872476089266737,0.9909333333333333,,,,,,,,,,,,,,,,,,,,,,,,
brain_mri_nd5,classification,19,0.002729964215661135,0.9720250228438884,0.9720210294887172,0.9720250228438884,0.9720221261340468,0.9702081051478642,0.9689345876175891,0.9695709281961471,0.9654105736782902,0.9654105736782902,0.9654105736782902,0.978382706164932,0.9823151125401929,0.9803449659045327,0.9764412416851441,0.9753599114064231,0.9759002770083103,0.0007584112439790805,0.9915659263424234,0.9915963928186312,0.9915659263424234,0.9915600004842133,0.9844179651695693,0.9944444444444445,0.9894058037770612,0.994343891402715,0.979933110367893,0.987085906793936,0.99375,0.9953051643192489,0.9945269741985927,0.9957537154989384,0.9968119022316685,0.9962825278810409,,,,,,,,,,,,,,,,,,,,,,,,
brain_mri_nd5,classification,20,0.0023349528765285454,0.977156111618753,0.9771517315324014,0.977156111618753,0.9771527522993788,0.9740288083806198,0.9763727849485889,0.9751993881787392,0.968961625282167,0.9656917885264342,0.9673239436619718,0.9879372738238842,0.987540192926045,0.9877386934673367,0.981737686773658,0.982281284606866,0.9820094104622198,0.0011310140563147329,0.9901602473994939,0.9901781635871441,0.9901602473994939,0.9901596389394236,0.9888372093023255,0.9842592592592593,0.9865429234338747,0.9834254143646409,0.992196209587514,0.9877913429522752,0.9952681388012619,0.9874804381846636,0.9913589945011784,0.9946977730646872,0.9968119022316685,0.9957537154989384,,,,,,,,,,,,,,,,,,,,,,,,
brain_mri_nd5,classification,21,0.0026603173681214653,0.9725873339425037,0.9725869890704233,0.9725873339425037,0.9725863334281813,0.9663828858327876,0.9684970465981185,0.9674388111888111,0.963631237665633,0.9611923509561305,0.9624102491904829,0.9815261044176706,0.9823151125401929,0.9819204499799116,0.9830978110279855,0.982281284606866,0.982689378202465,0.0009229722517755407,0.9907225189766657,0.9907495669395127,0.9907225189766657,0.9907255283780116,0.9843893480257117,0.9925925925925926,0.9884739511295528,0.9876819708846585,0.9832775919732442,0.9854748603351955,0.9937597503900156,0.9968701095461658,0.9953125,0.9989293361884368,0.9914984059511158,0.9952,,,,,,,,,,,,,,,,,,,,,,,,
brain_mri_nd5,classification,22,0.0024016911381733327,0.9758206227595417,0.9758139487759095,0.9758206227595417,0.9758160855170512,0.9715971160148569,0.9728724567928243,0.9722343681679055,0.9700818515382444,0.9665354330708661,0.968305395126074,0.9823576583801122,0.9847266881028939,0.9835407466880771,0.982286188762801,0.9825581395348837,0.9824221453287197,0.0005744002215394194,0.9943772842282823,0.9943807959248968,0.9943772842282823,0.9943747394331915,0.9962756052141527,0.9907407407407407,0.9935004642525533,0.9910813823857302,0.9910813823857302,0.9910813823857302,0.996875,0.9984350547730829,0.9976544175136826,0.9936575052854123,0.9989373007438895,0.9962904080551139,,,,,,,,,,,,,,,,,,,,,,,,
brain_mri_nd5,classification,23,0.002198245582041203,0.9768749560694454,0.9768657902973649,0.9768749560694454,0.9768687892583922,0.9726596675415573,0.9728724567928243,0.9727660505304605,0.9720496894409938,0.96822272215973,0.9701324316708932,0.9811774128954746,0.9847266881028939,0.9829488465396189,0.9839601769911505,0.9850498338870431,0.9845047039291643,0.0005641396115841492,0.9940961484396964,0.994121794882859,0.9940961484396964,0.9940998876842626,0.9898804047838087,0.9962962962962963,0.9930779880018459,0.9911111111111112,0.9944258639910813,0.9927657206455203,0.9968602825745683,0.9937402190923318,0.9952978056426333,1.0,0.9914984059511158,0.9957310565635006,,,,,,,,,,,,,,,,,,,,,,,,
brain_mri_nd5,classification,24,0.0019896403914968176,0.9800379559991566,0.9800385866386533,0.9800379559991566,0.9800375714448366,0.9791666666666666,0.9768103259680595,0.977987076990472,0.9730488489612578,0.9746906636670416,0.9738690643439168,0.9887550200803212,0.9895498392282959,0.9891522699879469,0.9820193637621023,0.9828349944629015,0.9824270098242701,0.0009814242305376314,0.9904413831880798,0.9906221219610013,0.9904413831880798,0.9904656597999988,0.99812734082397,0.987037037037037,0.9925512104283054,0.9706840390879479,0.9966555183946488,0.9834983498349835,0.9968152866242038,0.9796557120500783,0.9881610102604578,0.9968085106382979,0.9957492029755579,0.9962785752259437,,,,,,,,,,,,,,,,,,,,,,,,
brain_mri_nd5,classification,25,0.0025648541931022548,0.9746257116749841,0.9746181367914724,0.9746257116749841,0.9746199125964218,0.9720401922236784,0.9735287683220302,0.9727839108099245,0.9672316384180791,0.9628796400449944,0.9650507328072153,0.9859211584875301,0.985128617363344,0.985524728588661,0.9773668230747999,0.980343300110742,0.978852798894264,0.0005842818401953448,0.9940961484396964,0.9941061128716631,0.9940961484396964,0.9940962151335013,0.9944186046511628,0.9898148148148148,0.9921113689095128,0.9889258028792912,0.9955406911928651,0.9922222222222222,0.9968602825745683,0.9937402190923318,0.9952978056426333,0.9968152866242038,0.997874601487779,0.997344662772172,,,,,,,,,,,,,,,,,,,,,,,,
brain_mri_nd5,classification,26,0.0018647600443281555,0.9817951781823294,0.9817951398859217,0.9817951781823294,0.9817928038724799,0.9781849912739965,0.98096696565303,0.9795740032768979,0.9774011299435028,0.9730033745781778,0.9751972942502819,0.9907370116794201,0.9887459807073955,0.9897404948702474,0.9845303867403314,0.9867109634551495,0.9856194690265486,0.00046252649226777754,0.9971886421141412,0.9971891414011514,0.9971886421141412,0.9971883010749977,0.9962962962962963,0.9962962962962963,0.9962962962962963,0.9955357142857143,0.9944258639910813,0.9949804796430564,0.9968798751950078,1.0,0.9984375,1.0,0.9989373007438895,0.9994683678894205,,,,,,,,,,,,,,,,,,,,,,,,
brain_mri_nd5,classification,27,0.002635908523959746,0.9759612005341955,0.9759582906088802,0.9759612005341955,0.9759543161135295,0.9733972961186219,0.9765915554583242,0.9749918095446107,0.9736394557823129,0.9659730033745781,0.9697910784867306,0.9823151125401929,0.9823151125401929,0.9823151125401929,0.977103448275862,0.9806201550387597,0.9788586430841509,0.0010753986312088952,0.9890357042451504,0.9890706165484405,0.9890357042451504,0.98903550760272,0.9843317972350231,0.9888888888888889,0.9866050808314087,0.987736900780379,0.987736900780379,0.987736900780379,0.9984076433121019,0.9812206572769953,0.98973954222573,0.989440337909187,0.9957492029755579,0.9925847457627118,,,,,,,,,,,,,,,,,,,,,,,,
brain_mri_nd5,classification,28,0.0032227965976117023,0.9706192450973501,0.9706111133866635,0.9706192450973501,0.9706066848170809,0.9686069326357096,0.9719973747538831,0.9702991919633107,0.9673295454545454,0.9575365579302587,0.962408140192199,0.9795345104333868,0.9811093247588425,0.9803212851405623,0.9702315325248071,0.9745293466223699,0.9723756906077348,0.0076135265847300446,0.9749789148158561,0.9766315439238132,0.9749789148158561,0.9750150974932587,0.9916434540389972,0.9888888888888889,0.9902642559109874,0.9951749095295537,0.919732441471572,0.9559675550405562,0.9063829787234042,1.0,0.9508928571428571,0.9894291754756871,0.9946865037194474,0.9920508744038156,,,,,,,,,,,,,,,,,,,,,,,,
brain_mri_nd5,classification,29,0.00228860765368542,0.9794053560132143,0.979396949866841,0.9794053560132143,0.9793993780223027,0.9765915554583242,0.9765915554583242,0.9765915554583242,0.9751482632024852,0.9710348706411699,0.9730872199520925,0.9875601926163724,0.9891479099678456,0.9883534136546185,0.9815070383659951,0.9844961240310077,0.9829993089149965,0.0010545954171175152,0.9879111610908069,0.9881356802147008,0.9879111610908069,0.9879094113456015,0.9888991674375578,0.9898148148148148,0.989356779268857,0.9696969696969697,0.9988851727982163,0.9840746842394289,0.9968701095461658,0.9968701095461658,0.9968701095461658,0.9989047097480832,0.9691817215727949,0.9838187702265372,,,,,,,,,,,,,,,,,,,,,,,,
brain_mri_nd5,classification,30,0.0019733318313324556,0.9808111337597526,0.980811112633065,0.9808111337597526,0.9808050899769682,0.9811775005471657,0.9807481951432947,0.9809628008752735,0.9776267346360804,0.9707536557930259,0.9741780725271624,0.9903614457831326,0.9911575562700965,0.9907593411008437,0.9769040417926863,0.9836655592469546,0.9802731411229135,0.0004098577222163431,0.9969075063255552,0.9969114002548379,0.9969075063255552,0.9969061371284093,0.9981412639405205,0.9944444444444445,0.9962894248608535,0.9966480446927374,0.9944258639910813,0.9955357142857143,0.9984375,1.0,0.9992181391712275,0.9947145877378436,1.0,0.9973502914679385,,,,,,,,,,,,,,,,,,,,,,,,
brain_mri_nd5,classification,31,0.003113837608904036,0.968299711815562,0.9683131177883376,0.968299711815562,0.9682964543879418,0.9603658536585366,0.9647779479326187,0.9625668449197861,0.9673202614379085,0.9572553430821147,0.96226148409894,0.9851106639839035,0.9839228295819936,0.9845163884978886,0.967777471770862,0.9728682170542635,0.9703161673339776,0.0007967593202377309,0.9915659263424234,0.9915755004358032,0.9915659263424234,0.9915600173227911,0.987072945521699,0.9898148148148148,0.9884419787332409,0.9943630214205186,0.9832775919732442,0.9887892376681614,0.9953198127925117,0.9984350547730829,0.996875,0.9915433403805497,0.9968119022316685,0.9941706412294647,,,,,,,,,,,,,,,,,,,,,,,,
brain_mri_nd5,classification,32,0.001973692736379972,0.9798973782245027,0.9798987410086497,0.9798973782245027,0.9798965971825951,0.9763365468886941,0.9748413913804419,0.9755883962780515,0.9741282339707537,0.9741282339707537,0.9741282339707537,0.9911326078194277,0.9883440514469454,0.9897363654658885,0.9823496966354109,0.9861572535991141,0.984249792760431,0.0015638419886485962,0.9895979758223222,0.9896925434160665,0.9895979758223222,0.98958056352666,0.9916820702402958,0.9935185185185185,0.9925994449583718,0.9954285714285714,0.9710144927536232,0.9830699774266366,0.9953125,0.9968701095461658,0.9960906958561376,0.978125,0.997874601487779,0.9879011046817464,,,,,,,,,,,,,,,,,,,,,,,,
brain_mri_nd5,classification,33,0.0018664684811389148,0.9806705559850988,0.9806721465717347,0.9806705559850988,0.9806697118563947,0.9768760907504364,0.9796543425946183,0.9782632441288913,0.9768557719446797,0.9732845894263217,0.9750669108325116,0.9891304347826086,0.987540192926045,0.9883346741753821,0.9834070796460177,0.9844961240310077,0.9839513004980631,0.00044141360275979177,0.9960640989597975,0.99607176321206,0.9960640989597975,0.9960633105859673,0.9990689013035382,0.9935185185185185,0.9962859795728877,0.9944382647385984,0.9966555183946488,0.9955456570155902,0.9952978056426333,0.9937402190923318,0.9945184025058731,0.9947145877378436,1.0,0.9973502914679385,,,,,,,,,,,,,,,,,,,,,,,,
brain_mri_nd5,classification,34,0.0015268600118706912,0.9855204892106558,0.985522259503722,0.9855204892106558,0.9855210945512431,0.984029752789324,0.984029752789324,0.984029752789324,0.9820174206237707,0.9828458942632171,0.9824314827828531,0.9879566439181052,0.9891479099678456,0.9885519180558345,0.9891846921797005,0.9875415282392026,0.9883624272651704,0.0005202130330770769,0.9952206915940399,0.9952302153005229,0.9952206915940399,0.9952181937391662,0.9962859795728877,0.9935185185185185,0.9949003245248029,0.9955156950672646,0.9899665551839465,0.9927333705980995,0.9984350547730829,0.9984350547730829,0.9984350547730829,0.9915700737618546,1.0,0.9957671957671957,,,,,,,,,,,,,,,,,,,,,,,,
brain_mri_nd5,classification,35,0.0014985943652079624,0.9847473114500598,0.9847427634679082,0.9847473114500598,0.9847440768573131,0.9822950819672132,0.9831546707503829,0.9827246883883665,0.9810948081264108,0.9777840269966255,0.9794366197183099,0.9891566265060241,0.989951768488746,0.9895540377661711,0.988391376451078,0.9900332225913622,0.9892116182572614,0.0011334023795656475,0.9893168400337363,0.9894415706714875,0.9893168400337363,0.9893340414395078,0.9934944237918215,0.9898148148148148,0.9916512059369202,0.9726775956284153,0.992196209587514,0.9823399558498896,0.9937597503900156,0.9968701095461658,0.9953125,0.9978378378378379,0.9808714133900106,0.9892818863879957,,,,,,,,,,,,,,,,,,,,,,,,
brain_mri_nd5,classification,36,0.0014817040220661758,0.984466155900752,0.9844747084072638,0.984466155900752,0.9844690413036364,0.9833369875027407,0.9811857361627653,0.9822601839684626,0.9770308123249299,0.9808773903262092,0.9789503227617177,0.993158953722334,0.9919614147909968,0.99255982304444,0.9872611464968153,0.9869878183831672,0.9871244635193133,0.0005725193015505112,0.9943772842282823,0.9943846452032395,0.9943772842282823,0.9943745485157622,0.9917127071823204,0.9972222222222222,0.9944598337950139,0.9932810750279956,0.9888517279821628,0.9910614525139665,0.9953271028037384,1.0,0.9976580796252927,0.9978632478632479,0.9925611052072264,0.9952051145444859,,,,,,,,,,,,,,,,,,,,,,,,
brain_mri_nd5,classification,37,0.0010329016189337796,0.9895269557882899,0.9895267188911067,0.9895269557882899,0.9895254316339722,0.9864658371534599,0.9886239334937651,0.9875437062937062,0.9881422924901185,0.984251968503937,0.9861932938856016,0.9935768767563228,0.9947749196141479,0.9941755372564772,0.9919734292831442,0.9922480620155039,0.9921107266435986,0.00025296238297535105,0.9963452347483834,0.9963572253682065,0.9963452347483834,0.9963465928693358,0.9917127071823204,0.9972222222222222,0.9944598337950139,0.9988801791713325,0.9944258639910813,0.9966480446927374,0.9984276729559748,0.9937402190923318,0.996078431372549,0.9978768577494692,0.9989373007438895,0.9984067976633032,,,,,,,,,,,,,,,,,,,,,,,,
brain_mri_nd5,classification,38,0.0008552131734566683,0.9911436001968089,0.991143763199066,0.9911436001968089,0.9911420969180433,0.9890829694323144,0.9910304091008532,0.9900557316140313,0.9903981926009602,0.9862204724409449,0.9883049175708045,0.9947749196141479,0.9947749196141479,0.9947749196141479,0.9919845218352681,0.9936323366555925,0.992807745504841,0.0002784904338785293,0.9977509136913129,0.9977560165585194,0.9977509136913129,0.9977504409237914,0.9990706319702602,0.9953703703703703,0.9972170686456401,0.9955604883462819,1.0,0.9977753058954394,0.9968798751950078,1.0,0.9984375,0.9989350372736954,0.9968119022316685,0.997872340425532,,,,,,,,,,,,,,,,,,,,,,,,
brain_mri_nd5,classification,39,0.0007655170854306607,0.9921276446193856,0.9921249833601739,0.9921276446193856,0.9921256169294272,0.9910284463894967,0.9908116385911179,0.9909200306312219,0.9904144347335777,0.9879077615298087,0.9891595100661692,0.9959887685519454,0.9979903536977492,0.996988556514756,0.9925352502073541,0.9939091915836102,0.9932217457462996,0.000354131728444558,0.9971886421141412,0.9971910277166316,0.9971886421141412,0.9971884642165055,0.9962962962962963,0.9962962962962963,0.9962962962962963,0.9977653631284916,0.9955406911928651,0.9966517857142857,0.9953271028037384,1.0,0.9976580796252927,0.9989361702127659,0.997874601487779,0.9984051036682615,,,,,,,,,,,,,,,,,,,,,,,,
brain_mri_nd5,classification,40,0.0008125276073965784,0.9921979335067126,0.9921962871694154,0.9921979335067126,0.9921966826266517,0.9916849015317286,0.9914679501203237,0.9915764139590855,0.9904198365736827,0.9884701912260967,0.9894440534834623,0.9955841027699719,0.9967845659163987,0.9961839726852781,0.9922587779928117,0.9936323366555925,0.9929450823073731,0.00019324387542819785,0.9980320494798988,0.9980340732054381,0.9980320494798988,0.9980314092999463,0.9990706319702602,0.9953703703703703,0.9972170686456401,0.996662958843159,0.9988851727982163,0.9977728285077951,0.9984350547730829,0.9984350547730829,0.9984350547730829,0.9978791092258749,1.0,0.9989384288747346,,,,,,,,,,,,,,,,,,,,,,,,
brain_mri_nd5,classification,41,0.0008605147727760053,0.9907921557601743,0.9907955513764297,0.9907921557601743,0.9907923861523575,0.9877782627673505,0.990155327061912,0.9889653665464875,0.990975747320925,0.9881889763779528,0.9895803998873557,0.9939540507859734,0.9911575562700965,0.9925538337693701,0.992260917634052,0.9939091915836102,0.9930843706777317,0.00021410023764887259,0.9977509136913129,0.9977522555160063,0.9977509136913129,0.9977510126688882,0.9953789279112755,0.9972222222222222,0.996299722479186,0.9977653631284916,0.9955406911928651,0.9966517857142857,0.9984350547730829,0.9984350547730829,0.9984350547730829,1.0,1.0,1.0,,,,,,,,,,,,,,,,,,,,,,,,
brain_mri_nd5,classification,42,0.0007276285950816489,0.9924088001686934,0.9924079114195553,0.9924088001686934,0.9924082951094002,0.9910245183887916,0.9903740975716473,0.990699201225517,0.9890326209223848,0.9890326209223848,0.9890326209223848,0.9967858577742065,0.9971864951768489,0.9969861362266426,0.9944659656889873,0.9950166112956811,0.9947412122889565,0.00021298341284316455,0.9983131852684847,0.9983147011618957,0.9983131852684847,0.9983130921974482,0.9990723562152134,0.9972222222222222,0.9981464318813716,0.9988839285714286,0.9977703455964325,0.9983268265476855,0.9968798751950078,1.0,0.9984375,0.9978768577494692,0.9989373007438895,0.9984067976633032,,,,,,,,,,,,,,,,,,,,,,,,
brain_mri_nd5,classification,43,0.0008557165830595349,0.9917059112954242,0.9917050123864624,0.9917059112954242,0.9917045519280026,0.9912510936132983,0.9914679501203237,0.9913595100076561,0.9887228643924443,0.9862204724409449,0.9874700830634943,0.997184231697506,0.9963826366559485,0.9967832730197025,0.9914411927112092,0.9941860465116279,0.9928117224218966,0.00022887986948134193,0.9980320494798988,0.9980339336960928,0.9980320494798988,0.9980319985611565,0.9990714948932219,0.9962962962962963,0.9976819656930923,0.9988851727982163,0.9988851727982163,0.9988851727982163,0.996875,0.9984350547730829,0.9976544175136826,0.9968186638388123,0.9989373007438895,0.9978768577494692,,,,,,,,,,,,,,,,,,,,,,,,
brain_mri_nd5,classification,44,0.0008351172407420482,0.9913544668587896,0.9913530235229974,0.9913544668587896,0.9913536034605853,0.990151017728168,0.9897177860424414,0.9899343544857768,0.9893048128342246,0.9884701912260967,0.9888873259248839,0.9943797671617824,0.9955787781350482,0.9949789114279975,0.9928057553956835,0.9933554817275747,0.9930805424854692,0.00018164990045651814,0.9988754568456565,0.9988755467723649,0.9988754568456565,0.9988750887031589,0.9990723562152134,0.9972222222222222,0.9981464318813716,0.9988864142538976,1.0,0.9994428969359331,0.9984350547730829,0.9984350547730829,0.9984350547730829,0.9989384288747346,1.0,0.9994689325544344,,,,,,,,,,,,,,,,,,,,,,,,
brain_mri_nd5,classification,45,0.0007711435729338206,0.9921276446193856,0.9921281641308108,0.9921276446193856,0.9921278675833841,0.9903762029746281,0.9905928680813826,0.9904845236793175,0.9895950506186727,0.9895950506186727,0.9895950506186727,0.99597747385358,0.9951768488745981,0.9955770004020909,0.9941876556877941,0.9944629014396457,0.9943252595155709,0.00032875170335272693,0.9974697779027271,0.9974763051702071,0.9974697779027271,0.9974695641225302,0.9990723562152134,0.9972222222222222,0.9981464318813716,0.9988801791713325,0.9944258639910813,0.9966480446927374,0.996875,0.9984350547730829,0.9976544175136826,0.9947145877378436,1.0,0.9973502914679385,,,,,,,,,,,,,,,,,,,,,,,,
brain_mri_nd5,classification,46,0.0008040565123182448,0.992619666830674,0.9926204871059645,0.992619666830674,0.9926192389731316,0.9917066783064165,0.9940931962371472,0.992898503222987,0.9912626832018039,0.9890326209223848,0.9901463963963963,0.9967806841046277,0.9955787781350482,0.9961793685903881,0.9922480620155039,0.9922480620155039,0.9922480620155039,0.0002912706553099877,0.9966263705369693,0.9966430327108451,0.9966263705369693,0.9966271235930007,0.9917203311867525,0.9981481481481481,0.9949238578680203,0.9977753058954394,1.0,0.9988864142538976,0.9984301412872841,0.9953051643192489,0.9968652037617555,1.0,0.9925611052072264,0.9962666666666666,,,,,,,,,,,,,,,,,,,,,,,,
brain_mri_nd5,classification,47,0.0007707426502805228,0.9920573557320588,0.9920599917546649,0.9920573557320588,0.9920584189657605,0.9916830816371197,0.9912491796105884,0.9914660831509847,0.9879247402415052,0.9893138357705287,0.9886188000562035,0.9967793880837359,0.9951768488745981,0.99597747385358,0.9933573207860503,0.9936323366555925,0.9934948096885813,0.00022692953306252422,0.9974697779027271,0.9974697233379611,0.9974697779027271,0.9974688605206528,0.9981464318813716,0.9972222222222222,0.9976841130152848,0.9966480446927374,0.9944258639910813,0.9955357142857143,0.9968798751950078,1.0,0.9984375,0.9978768577494692,0.9989373007438895,0.9984067976633032,,,,,,,,,,,,,,,,,,,,,,,,
brain_mri_nd5,classification,48,0.0008094969251789552,0.9914950446334434,0.9914931809306854,0.9914950446334434,0.9914939190279356,0.9908116385911179,0.9908116385911179,0.9908116385911179,0.9884539566319347,0.9870641169853769,0.9877585479105108,0.9951807228915662,0.9959807073954984,0.995580554439534,0.992807745504841,0.9936323366555925,0.9932198699321987,0.0003072014027582256,0.9971886421141412,0.9971922942171849,0.9971886421141412,0.9971880507940366,0.9990706319702602,0.9953703703703703,0.9972170686456401,0.9966517857142857,0.9955406911928651,0.9960959286112661,0.996875,0.9984350547730829,0.9976544175136826,0.9957671957671957,1.0,0.9978791092258749,,,,,,,,,,,,,,,,,,,,,,,,
brain_mri_nd5,classification,49,0.000800510578490361,0.9919870668447318,0.9919866239196621,0.9919870668447318,0.9919867578755268,0.9908116385911179,0.9908116385911179,0.9908116385911179,0.9904306220095693,0.9895950506186727,0.99001266000844,0.9955787781350482,0.9955787781350482,0.9955787781350482,0.9925311203319502,0.9933554817275747,0.9929431299294313,0.00043308284036078335,0.9952206915940399,0.9952294870703579,0.9952206915940399,0.9952221478926337,0.9944598337950139,0.9972222222222222,0.9958391123439667,0.9988801791713325,0.9944258639910813,0.9966480446927374,0.9968602825745683,0.9937402190923318,0.9952978056426333,0.9915254237288136,0.9946865037194474,0.993103448275862,,,,,,,,,,,,,,,,,,,,,,,,
brain_mri_nd5,classification,50,0.0007177462728814453,0.9921276446193856,0.9921282724805086,0.9921276446193856,0.9921278272132291,0.9914604773374206,0.9905928680813826,0.9910264828189976,0.9890418656926103,0.9898762654668166,0.9894588896697118,0.9963811821471653,0.9959807073954984,0.9961809045226131,0.9930824571112341,0.9936323366555925,0.9933573207860503,0.0005129988819601232,0.9957829631712117,0.9957903787890044,0.9957829631712117,0.995782675109961,0.9953746530989824,0.9962962962962963,0.995835261453031,0.9988776655443322,0.992196209587514,0.9955257270693513,0.9968798751950078,1.0,0.9984375,0.9925847457627118,0.9957492029755579,0.9941644562334218,,,,,,,,,,,,,,,,,,,,,,,,
brain_mri_nd5,classification,51,0.0006177570700169933,0.9940957334645393,0.9940948957457835,0.9940957334645393,0.9940937677621978,0.9932151455460714,0.9927805731787355,0.9929978118161925,0.9937923250564334,0.9904386951631046,0.992112676056338,0.995580554439534,0.9959807073954984,0.9957805907172996,0.9944827586206897,0.998062015503876,0.9962691723089678,0.00021852716692969927,0.9980320494798988,0.9980332100184005,0.9980320494798988,0.9980320188359273,0.9981481481481481,0.9981481481481481,0.9981481481481481,0.9988826815642458,0.9966555183946488,0.9977678571428571,0.9984350547730829,0.9984350547730829,0.9984350547730829,0.9968186638388123,0.9989373007438895,0.9978768577494692,,,,,,,,,,,,,,,,,,,,,,,,
brain_mri_nd5,classification,52,0.0004682895915459109,0.9952203556617699,0.9952202476929294,0.9952203556617699,0.9952200057728032,0.9934411893310013,0.9940931962371472,0.9937670858392564,0.9940845070422535,0.9924071991001124,0.9932451449479314,0.9987937273823885,0.9983922829581994,0.9985929648241206,0.9961283185840708,0.9972314507198228,0.9966795794133924,0.00027756133778459436,0.9977509136913129,0.9977531149348133,0.9977509136913129,0.9977500253666315,0.9972247918593895,0.9981481481481481,0.997686256362795,0.9988801791713325,0.9944258639910813,0.9966480446927374,0.9984350547730829,0.9984350547730829,0.9984350547730829,0.996822033898305,1.0,0.9984084880636604,,,,,,,,,,,,,,,,,,,,,,,,
brain_mri_nd5,classification,53,0.00040507360162334385,0.9956420889857314,0.9956432187349689,0.9956420889857314,0.995642440723753,0.9943169398907103,0.9951870487858236,0.9947518040673519,0.9949352841868317,0.9943757030371203,0.9946554149085794,0.998792270531401,0.9971864951768489,0.99798873692679,0.9958494742667404,0.9964008859357697,0.9961251037918627,0.00021980964204687726,0.9980320494798988,0.9980322021549856,0.9980320494798988,0.9980319827271882,0.9972247918593895,0.9981481481481481,0.997686256362795,0.9977678571428571,0.9966555183946488,0.9972113775794758,0.9984350547730829,0.9984350547730829,0.9984350547730829,0.9989373007438895,0.9989373007438895,0.9989373007438895,,,,,,,,,,,,,,,,,,,,,,,,
brain_mri_nd5,classification,54,0.00042688249588008586,0.9950094889997891,0.99500912686873,0.9950094889997891,0.9950092154412102,0.9938771047452438,0.9943119667468825,0.9940944881889764,0.9935265972417675,0.9926884139482565,0.9931073287382192,0.9971887550200803,0.9979903536977492,0.9975893933306549,0.9963998892273609,0.9961240310077519,0.9962619410217362,0.0002443444224650023,0.9980320494798988,0.9980320188359273,0.9980320494798988,0.9980318814422149,0.9981481481481481,0.9981481481481481,0.9981481481481481,0.9977678571428571,0.9966555183946488,0.9972113775794758,0.9984350547730829,0.9984350547730829,0.9984350547730829,0.9978768577494692,0.9989373007438895,0.9984067976633032,,,,,,,,,,,,,,,,,,,,,,,,
brain_mri_nd5,classification,55,0.00035512608598234395,0.9962746889716736,0.9962751558942383,0.9962746889716736,0.9962746584540482,0.9967141292442497,0.9954058192955589,0.9960595446584939,0.9943772842282823,0.9946569178852643,0.9945170814002531,0.9987942122186495,0.9987942122186495,0.9987942122186495,0.9958529167818634,0.9972314507198228,0.9965417070134182,0.0002853425188210239,0.9977509136913129,0.997751735856508,0.9977509136913129,0.9977507525987785,0.9963031423290203,0.9981481481481481,0.9972247918593895,0.9977653631284916,0.9955406911928651,0.9966517857142857,0.9984350547730829,0.9984350547730829,0.9984350547730829,0.9989373007438895,0.9989373007438895,0.9989373007438895,,,,,,,,,,,,,,,,,,,,,,,,
brain_mri_nd5,classification,56,0.00043922533587383364,0.9950797778871161,0.9950798966867382,0.9950797778871161,0.9950798166718673,0.9945295404814004,0.9943119667468825,0.9944207417131605,0.9935338768625246,0.9938132733408324,0.9936735554618304,0.9959823222177582,0.9963826366559485,0.9961824392204139,0.9966768208252562,0.9964008859357697,0.9965388342793853,0.00022898404849456926,0.9980320494798988,0.9980337863912305,0.9980320494798988,0.9980315433407969,0.9981481481481481,0.9981481481481481,0.9981481481481481,0.9988814317673378,0.9955406911928651,0.9972082635399219,0.9984350547730829,0.9984350547730829,0.9984350547730829,0.996822033898305,1.0,0.9984084880636604,,,,,,,,,,,,,,,,,,,,,,,,
brain_mri_nd5,classification,57,0.0003602293918400539,0.9961341111970198,0.9961349420837926,0.9961341111970198,0.9961342544728229,0.9949737762237763,0.9960621308247648,0.9955176560620969,0.9954967632986209,0.9946569178852643,0.9950766633844422,0.998389694041868,0.9967845659163987,0.997586484312148,0.9966795794133924,0.9972314507198228,0.9969554386936064,0.0002027516744672243,0.9974697779027271,0.9974705666146182,0.9974697779027271,0.9974691338663881,0.9963031423290203,0.9981481481481481,0.9972247918593895,0.9977628635346756,0.9944258639910813,0.9960915689558906,0.9984350547730829,0.9984350547730829,0.9984350547730829,0.9978768577494692,0.9989373007438895,0.9984067976633032,,,,,,,,,,,,,,,,,,,,,,,,
brain_mri_nd5,classification,58,0.00038267036408197246,0.9964152667463274,0.9964151044478561,0.9964152667463274,0.9964146448741261,0.9956274595540009,0.9962809013345001,0.9959540732640787,0.9963349309275444,0.9938132733408324,0.9950725045755314,0.9971898835808912,0.9983922829581994,0.9977907210283189,0.996957123098202,0.9977851605758582,0.9973709699737097,0.0002192999914403263,0.9985943210570706,0.9985946866425169,0.9985943210570706,0.9985943606658703,0.9990732159406858,0.9981481481481481,0.998610467809171,0.9977728285077951,0.9988851727982163,0.9983286908077994,0.9984350547730829,0.9984350547730829,0.9984350547730829,0.9989373007438895,0.9989373007438895,0.9989373007438895,,,,,,,,,,,,,,,,,,,,,,,,
brain_mri_nd5,classification,59,0.00033119595892425755,0.9966261334083082,0.9966260523633135,0.9966261334083082,0.9966258572480674,0.9962784588441331,0.9956245898052942,0.9959514170040485,0.996060776589758,0.9955005624296963,0.9957805907172996,0.997989545637314,0.997588424437299,0.9977889447236181,0.9966832504145937,0.9983388704318937,0.9975103734439834,0.00019962238141614814,0.9980320494798988,0.9980320188359273,0.9980320494798988,0.9980318814422149,0.9981481481481481,0.9981481481481481,0.9981481481481481,0.9977678571428571,0.9966555183946488,0.9972113775794758,0.9984350547730829,0.9984350547730829,0.9984350547730829,0.9978768577494692,0.9989373007438895,0.9984067976633032,,,,,,,,,,,,,,,,,,,,,,,,
brain_mri_nd5,classification,60,0.00036315744208747765,0.9963449778590004,0.996345477001164,0.9963449778590004,0.996345075550065,0.9947540983606558,0.9956245898052942,0.9951891537284059,0.9963400900900901,0.9952193475815523,0.9957794034890265,0.997989545637314,0.997588424437299,0.9977889447236181,0.9972322169941876,0.9975083056478405,0.9973702422145329,0.0001685044400965075,0.9985943210570706,0.9985946866425169,0.9985943210570706,0.9985943606658703,0.9990732159406858,0.9981481481481481,0.998610467809171,0.9977728285077951,0.9988851727982163,0.9983286908077994,0.9984350547730829,0.9984350547730829,0.9984350547730829,0.9989373007438895,0.9989373007438895,0.9989373007438895,,,,,,,,,,,,,,,,,,,,,,,,
brain_mri_nd5,classification,61,0.0002995396914882549,0.9964855556336544,0.9964851499283679,0.9964855556336544,0.9964852057585928,0.9956245898052942,0.9956245898052942,0.9956245898052942,0.9960585585585585,0.9949381327334084,0.9954980303882949,0.997591328783621,0.9987942122186495,0.9981924081140792,0.9972322169941876,0.9975083056478405,0.9973702422145329,0.00021209630761660233,0.9980320494798988,0.9980320188359273,0.9980320494798988,0.9980318814422149,0.9981481481481481,0.9981481481481481,0.9981481481481481,0.9977678571428571,0.9966555183946488,0.9972113775794758,0.9984350547730829,0.9984350547730829,0.9984350547730829,0.9978768577494692,0.9989373007438895,0.9984067976633032,,,,,,,,,,,,,,,,,,,,,,,,
brain_mri_nd5,classification,62,0.0003090823879221401,0.996696422295635,0.996696397860049,0.996696422295635,0.9966963797886004,0.9962800875273523,0.9960621308247648,0.9961710972541298,0.9952193475815523,0.9952193475815523,0.9952193475815523,0.9983916365098512,0.9979903536977492,0.9981909547738693,0.9975096845600443,0.998062015503876,0.9977857735953501,0.0002788886310820732,0.9977509136913129,0.9977514459934156,0.9977509136913129,0.9977505692797203,0.9981481481481481,0.9981481481481481,0.9981481481481481,0.9977653631284916,0.9955406911928651,0.9966517857142857,0.9984350547730829,0.9984350547730829,0.9984350547730829,0.9968186638388123,0.9989373007438895,0.9978768577494692,,,,,,,,,,,,,,,,,,,,,,,,
brain_mri_nd5,classification,63,0.0003313017551885244,0.9966261334083082,0.9966257910134565,0.9966261334083082,0.9966256180184954,0.9962833406209007,0.996937212863706,0.9966101694915255,0.9963369963369964,0.9943757030371203,0.9953553835327235,0.9979927739863509,0.9991961414790996,0.9985940951998393,0.996401882092444,0.9966777408637874,0.9965397923875432,0.00015861934818228496,0.9983131852684847,0.9983135216075881,0.9983131852684847,0.9983132138979682,0.9990732159406858,0.9981481481481481,0.998610467809171,0.9977703455964325,0.9977703455964325,0.9977703455964325,0.9984350547730829,0.9984350547730829,0.9984350547730829,0.9978768577494692,0.9989373007438895,0.9984067976633032,,,,,,,,,,,,,,,,,,,,,,,,
brain_mri_nd5,classification,64,0.00027111853977714094,0.9969072889576158,0.9969073751248213,0.9969072889576158,0.996907323358145,0.9962817147856518,0.9964996718442354,0.9963906813956032,0.9957817772778402,0.9957817772778402,0.9957817772778402,0.9987942122186495,0.9987942122186495,0.9987942122186495,0.9975076156189421,0.9972314507198228,0.9973695140523329,0.00020402011603768436,0.9983131852684847,0.9983137495486862,0.9983131852684847,0.9983128561788777,0.9981481481481481,0.9981481481481481,0.9981481481481481,0.9988826815642458,0.9966555183946488,0.9977678571428571,0.9984350547730829,0.9984350547730829,0.9984350547730829,0.9978791092258749,1.0,0.9989384288747346,,,,,,,,,,,,,,,,,,,,,,,,
brain_mri_nd5,classification,65,0.00029070720400156273,0.9974696000562311,0.9974699477291914,0.9974696000562311,0.9974697099151866,0.9967198775420949,0.9971559833734412,0.9969378827646544,0.9966263705369693,0.9969066366704162,0.9967664839027134,0.9987942122186495,0.9987942122186495,0.9987942122186495,0.99833748960931,0.9975083056478405,0.9979227253842958,0.00016967582463366332,0.9988754568456565,0.9988770886369266,0.9988754568456565,0.9988751588244942,0.9990740740740741,0.9990740740740741,0.9990740740740741,1.0,0.9966555183946488,0.998324958123953,0.9984375,1.0,0.9992181391712275,0.9978791092258749,1.0,0.9989384288747346,,,,,,,,,,,,,,,,,,,,,,,,
brain_mri_nd5,classification,66,0.0003522047591846355,0.9962746889716736,0.9962745766226947,0.9962746889716736,0.9962746022466376,0.9954068241469817,0.9956245898052942,0.9955156950672646,0.9954980303882949,0.9949381327334084,0.9952180028129395,0.9971876255524307,0.997588424437299,0.9973879847297569,0.9975083056478405,0.9975083056478405,0.9975083056478405,0.00020451891088904884,0.9980320494798988,0.998033499881493,0.9980320494798988,0.9980322021549856,0.9963031423290203,0.9981481481481481,0.9972247918593895,0.9988826815642458,0.9966555183946488,0.9977678571428571,0.9984350547730829,0.9984350547730829,0.9984350547730829,0.9989373007438895,0.9989373007438895,0.9989373007438895,,,,,,,,,,,,,,,,,,,,,,,,
brain_mri_nd5,classification,67,0.0002640503448533481,0.9971181556195965,0.9971176277737539,0.9971181556195965,0.9971176070938801,0.9960621308247648,0.9960621308247648,0.9960621308247648,0.9969014084507042,0.9952193475815523,0.9960596678862933,0.9987956643918106,1.0,0.9993974693713598,0.9975103734439834,0.9983388704318937,0.9979244499792445,0.00020300870529152794,0.9983131852684847,0.9983136517111926,0.9983131852684847,0.9983132753120866,0.9972247918593895,0.9981481481481481,0.997686256362795,0.9988839285714286,0.9977703455964325,0.9983268265476855,0.9984350547730829,0.9984350547730829,0.9984350547730829,0.9989373007438895,0.9989373007438895,0.9989373007438895,,,,,,,,,,,,,,,,,,,,,,,,
brain_mri_nd5,classification,68,0.00023857517042798586,0.9969775778449427,0.9969794506868647,0.9969775778449427,0.9969781605802274,0.9951923076923077,0.9962809013345001,0.995736306985897,0.9957841483979764,0.9963442069741283,0.9960640989597975,0.9987942122186495,0.9987942122186495,0.9987942122186495,0.9991678224687933,0.9972314507198228,0.998198697519745,0.00017138337614280508,0.9985943210570706,0.9985943057350849,0.9985943210570706,0.9985941605136343,0.9981481481481481,0.9981481481481481,0.9981481481481481,0.9988839285714286,0.9977703455964325,0.9983268265476855,0.9984350547730829,0.9984350547730829,0.9984350547730829,0.9989384288747346,1.0,0.9994689325544344,,,,,,,,,,,,,,,,,,,,,,,,
brain_mri_nd5,classification,69,0.00026071994091574107,0.9971884445069235,0.9971883842977604,0.9971884445069235,0.9971882191125303,0.9965019676432006,0.9971559833734412,0.9968288682340076,0.9969048958919527,0.9963442069741283,0.9966244725738397,0.9983942191890807,0.9995980707395499,0.9989957822855995,0.9975055432372506,0.9964008859357697,0.9969529085872576,0.00018867075165951658,0.9983131852684847,0.9983136356880502,0.9983131852684847,0.9983129576223458,0.9972247918593895,0.9981481481481481,0.997686256362795,0.9988826815642458,0.9966555183946488,0.9977678571428571,0.9984350547730829,0.9984350547730829,0.9984350547730829,0.9989384288747346,1.0,0.9994689325544344,,,,,,,,,,,,,,,,,,,,,,,,
brain_mri_nd5,classification,70,0.0001878441233557019,0.9979616222675195,0.9979618817805147,0.9979616222675195,0.9979616373730282,0.9973741794310722,0.9971559833734412,0.9972650694672356,0.9974683544303797,0.9971878515185602,0.9973280832513008,1.0,0.9991961414790996,0.9995979091274628,0.9977876106194691,0.9988925802879292,0.9983397897066962,0.00020748416301441473,0.9988754568456565,0.9988754947391244,0.9988754568456565,0.9988753361730748,0.9990732159406858,0.9981481481481481,0.998610467809171,0.9988851727982163,0.9988851727982163,0.9988851727982163,0.9984350547730829,0.9984350547730829,0.9984350547730829,0.9989384288747346,1.0,0.9994689325544344,,,,,,,,,,,,,,,,,,,,,,,,
brain_mri_nd5,classification,71,0.00022520427576223548,0.9973290222815773,0.997330598611507,0.9973290222815773,0.9973292901282509,0.995414847161572,0.9973747538831765,0.9963938367391542,0.9971830985915493,0.9955005624296963,0.9963411201801294,1.0,0.9991961414790996,0.9995979091274628,0.9980614788147327,0.9977851605758582,0.9979233005676312,0.00021450733847600467,0.9985943210570706,0.9985943057350849,0.9985943210570706,0.9985941605136343,0.9981481481481481,0.9981481481481481,0.9981481481481481,0.9988839285714286,0.9977703455964325,0.9983268265476855,0.9984350547730829,0.9984350547730829,0.9984350547730829,0.9989384288747346,1.0,0.9994689325544344,,,,,,,,,,,,,,,,,,,,,,,,
brain_mri_nd5,classification,72,0.00019374823562156917,0.9978913333801926,0.9978913561764107,0.9978913333801926,0.9978911188177941,0.9980284775465499,0.9967184423539707,0.9973730297723292,0.9971886421141412,0.9974690663667042,0.9973288345283284,0.9979927739863509,0.9991961414790996,0.9985940951998393,0.9983397897066962,0.9988925802879292,0.9986161084970938,0.00021539325514049746,0.9985943210570706,0.9985943057350849,0.9985943210570706,0.9985941605136343,0.9981481481481481,0.9981481481481481,0.9981481481481481,0.9988839285714286,0.9977703455964325,0.9983268265476855,0.9984350547730829,0.9984350547730829,0.9984350547730829,0.9989384288747346,1.0,0.9994689325544344,,,,,,,,,,,,,,,,,,,,,,,,
brain_mri_nd5,classification,73,0.00020457123856502672,0.9980319111548465,0.9980324758867477,0.9980319111548465,0.9980320449311618,0.9969405594405595,0.9980310654123824,0.9974855143762983,0.9971862689926843,0.9966254218222722,0.9969057665260197,0.999597747385358,0.9987942122186495,0.9991958182549256,0.999169205206314,0.9988925802879292,0.9990308735982278,0.00024347201273354244,0.9985943210570706,0.9985943057350849,0.9985943210570706,0.9985941605136343,0.9981481481481481,0.9981481481481481,0.9981481481481481,0.9988839285714286,0.9977703455964325,0.9983268265476855,0.9984350547730829,0.9984350547730829,0.9984350547730829,0.9989384288747346,1.0,0.9994689325544344,,,,,,,,,,,,,,,,,,,,,,,,
brain_mri_nd5,classification,74,0.0001856460622894063,0.9981724889295003,0.998172792993574,0.9981724889295003,0.9981725748111743,0.9975945768642029,0.9980310654123824,0.9978127734033246,0.9980314960629921,0.9980314960629921,0.9980314960629921,0.9979911611088791,0.9983922829581994,0.9981916817359855,0.999168744804655,0.9983388704318937,0.9987536352305775,0.00022192818863315847,0.9985943210570706,0.9985943057350849,0.9985943210570706,0.9985941605136343,0.9981481481481481,0.9981481481481481,0.9981481481481481,0.9988839285714286,0.9977703455964325,0.9983268265476855,0.9984350547730829,0.9984350547730829,0.9984350547730829,0.9989384288747346,1.0,0.9994689325544344,,,,,,,,,,,,,,,,,,,,,,,,
brain_mri_nd5,classification,75,0.00019417642116742928,0.9982427778168271,0.9982427820975962,0.9982427778168271,0.9982427711911577,0.9978118161925602,0.9975935243929118,0.9977026583524778,0.9977509136913129,0.9980314960629921,0.9978911851539435,0.9991961414790996,0.9991961414790996,0.9991961414790996,0.9986157253599114,0.9986157253599114,0.9986157253599114,0.00023230185153663488,0.9985943210570706,0.9985943057350849,0.9985943210570706,0.9985941605136343,0.9981481481481481,0.9981481481481481,0.9981481481481481,0.9988839285714286,0.9977703455964325,0.9983268265476855,0.9984350547730829,0.9984350547730829,0.9984350547730829,0.9989384288747346,1.0,0.9994689325544344,,,,,,,,,,,,,,,,,,,,,,,,
brain_mri_nd5,classification,76,0.0001574100922421349,0.9981724889295003,0.9981722949607486,0.9981724889295003,0.9981723279626382,0.9978113372729263,0.9973747538831765,0.9975929978118162,0.9974683544303797,0.9971878515185602,0.9973280832513008,0.9991961414790996,0.9991961414790996,0.9991961414790996,0.9986168741355463,0.9994462901439646,0.9990314099903141,0.00024310808515967805,0.9980320494798988,0.998033483154841,0.9980320494798988,0.9980317270557137,0.9963031423290203,0.9981481481481481,0.9972247918593895,0.9988814317673378,0.9955406911928651,0.9972082635399219,0.9984350547730829,0.9984350547730829,0.9984350547730829,0.9989384288747346,1.0,0.9994689325544344,,,,,,,,,,,,,,,,,,,,,,,,
brain_mri_nd5,classification,77,0.00026145439653144233,0.9976101778308849,0.9976102352970656,0.9976101778308849,0.9976101814554037,0.996938552372622,0.9973747538831765,0.9971566054243219,0.9971870604781997,0.9969066366704162,0.9970468288567009,0.9995980707395499,0.9995980707395499,0.9995980707395499,0.9975076156189421,0.9972314507198228,0.9973695140523329,0.00020355678630132212,0.9983131852684847,0.9983136356880502,0.9983131852684847,0.9983129576223458,0.9972247918593895,0.9981481481481481,0.997686256362795,0.9988826815642458,0.9966555183946488,0.9977678571428571,0.9984350547730829,0.9984350547730829,0.9984350547730829,0.9989384288747346,1.0,0.9994689325544344,,,,,,,,,,,,,,,,,,,,,,,,
brain_mri_nd5,classification,78,0.0001517743252320411,0.9981724889295003,0.9981737029821905,0.9981724889295003,0.9981725155689536,0.9971584699453552,0.9980310654123824,0.9975945768642029,0.9988726042841037,0.9966254218222722,0.9977477477477478,1.0,0.9991961414790996,0.9995979091274628,0.9975124378109452,0.9991694352159468,0.9983402489626556,0.00021149649315440168,0.9983131852684847,0.9983131852684847,0.9983131852684847,0.9983131852684847,0.9981481481481481,0.9981481481481481,0.9981481481481481,0.9977703455964325,0.9977703455964325,0.9977703455964325,0.9984350547730829,0.9984350547730829,0.9984350547730829,0.9989373007438895,0.9989373007438895,0.9989373007438895,,,,,,,,,,,,,,,,,,,,,,,,
brain_mri_nd5,classification,79,0.00017567302020054848,0.9982427778168271,0.9982436949220845,0.9982427778168271,0.9982426605326873,0.9978113372729263,0.9973747538831765,0.9975929978118162,0.9971941638608305,0.999437570303712,0.998314606741573,0.9991964644435516,0.9995980707395499,0.9993972272453285,0.9991678224687933,0.9972314507198228,0.998198697519745,0.00020985648561614971,0.9985943210570706,0.9985943057350849,0.9985943210570706,0.9985941605136343,0.9981481481481481,0.9981481481481481,0.9981481481481481,0.9988839285714286,0.9977703455964325,0.9983268265476855,0.9984350547730829,0.9984350547730829,0.9984350547730829,0.9989384288747346,1.0,0.9994689325544344,,,,,,,,,,,,,,,,,,,,,,,,
brain_mri_nd5,classification,80,0.0001868235713288345,0.9983130667041541,0.9983131587103762,0.9983130667041541,0.9983130776409389,0.9973759020336759,0.9978122949026471,0.997594050743657,0.998030388294879,0.9974690663667042,0.9977496483825598,0.9991961414790996,0.9991961414790996,0.9991961414790996,0.9991694352159468,0.9991694352159468,0.9991694352159468,0.00021176557651686985,0.9985943210570706,0.9985943057350849,0.9985943210570706,0.9985941605136343,0.9981481481481481,0.9981481481481481,0.9981481481481481,0.9988839285714286,0.9977703455964325,0.9983268265476855,0.9984350547730829,0.9984350547730829,0.9984350547730829,0.9989384288747346,1.0,0.9994689325544344,,,,,,,,,,,,,,,,,,,,,,,,
brain_mri_nd5,classification,81,0.0002492984677489106,0.9971884445069235,0.9971891638046161,0.9971884445069235,0.9971886744954664,0.9962841530054645,0.9971559833734412,0.9967198775420949,0.9963442069741283,0.9963442069741283,0.9963442069741283,0.999195171026157,0.9979903536977492,0.9985923989543535,0.9977845472168374,0.9975083056478405,0.997646407309982,0.00018853339754599415,0.9985943210570706,0.9985943057350849,0.9985943210570706,0.9985941605136343,0.9981481481481481,0.9981481481481481,0.9981481481481481,0.9988839285714286,0.9977703455964325,0.9983268265476855,0.9984350547730829,0.9984350547730829,0.9984350547730829,0.9989384288747346,1.0,0.9994689325544344,,,,,,,,,,,,,,,,,,,,,,,,
brain_mri_nd5,classification,82,0.0002030819620171651,0.9979616222675195,0.9979616333192662,0.9979616222675195,0.997961534986777,0.996938552372622,0.9973747538831765,0.9971566054243219,0.9980298339431466,0.9971878515185602,0.9976086650724434,0.9991967871485944,1.0,0.9995982322217758,0.998338410412628,0.998062015503876,0.9982001938252804,0.00019738454289863367,0.9985943210570706,0.9985943057350849,0.9985943210570706,0.9985941605136343,0.9981481481481481,0.9981481481481481,0.9981481481481481,0.9988839285714286,0.9977703455964325,0.9983268265476855,0.9984350547730829,0.9984350547730829,0.9984350547730829,0.9989384288747346,1.0,0.9994689325544344,,,,,,,,,,,,,,,,,,,,,,,,
brain_mri_nd5,classification,83,0.0002385227077708511,0.9973993111689042,0.9973992417890125,0.9973993111689042,0.9973992264736314,0.9969365426695842,0.9967184423539707,0.9968274805819932,0.9974676420934159,0.9969066366704162,0.9971870604781997,0.9983929288871033,0.9987942122186495,0.9985935302390999,0.9972329828444937,0.9977851605758582,0.9975089952947689,0.00020889244344279298,0.9985943210570706,0.9985943057350849,0.9985943210570706,0.9985941605136343,0.9981481481481481,0.9981481481481481,0.9981481481481481,0.9988839285714286,0.9977703455964325,0.9983268265476855,0.9984350547730829,0.9984350547730829,0.9984350547730829,0.9989384288747346,1.0,0.9994689325544344,,,,,,,,,,,,,,,,,,,,,,,,
brain_mri_nd5,classification,84,0.00017779497991738714,0.998383355591481,0.9983837593269385,0.998383355591481,0.9983832675742869,0.9975956284153006,0.998468606431853,0.998031926525257,0.9985915492957746,0.9969066366704162,0.9977483816493105,0.9995979091274628,0.9991961414790996,0.9993969849246231,0.9983402489626556,0.9991694352159468,0.9987546699875467,0.00018740727717816494,0.9985943210570706,0.9985943057350849,0.9985943210570706,0.9985941605136343,0.9981481481481481,0.9981481481481481,0.9981481481481481,0.9988839285714286,0.9977703455964325,0.9983268265476855,0.9984350547730829,0.9984350547730829,0.9984350547730829,0.9989384288747346,1.0,0.9994689325544344,,,,,,,,,,,,,,,,,,,,,,,,
brain_mri_nd5,classification,85,0.00014415511103930612,0.9985942222534617,0.9985946104069685,0.9985942222534617,0.9985943454768518,0.998468606431853,0.998468606431853,0.998468606431853,0.9974711997752178,0.9983127109111362,0.9978917779339423,0.9995979091274628,0.9991961414790996,0.9993969849246231,0.9991689750692521,0.9986157253599114,0.9988922736084187,0.00023027141989547407,0.9985943210570706,0.9985943057350849,0.9985943210570706,0.9985941605136343,0.9981481481481481,0.9981481481481481,0.9981481481481481,0.9988839285714286,0.9977703455964325,0.9983268265476855,0.9984350547730829,0.9984350547730829,0.9984350547730829,0.9989384288747346,1.0,0.9994689325544344,,,,,,,,,,,,,,,,,,,,,,,,
brain_mri_nd5,classification,86,0.0001910037395823804,0.9978210444928657,0.9978214791065592,0.9978210444928657,0.9978212138375634,0.9973747538831765,0.9973747538831765,0.9973747538831765,0.9969083754918494,0.9974690663667042,0.9971886421141412,1.0,0.9991961414790996,0.9995979091274628,0.9977851605758582,0.9977851605758582,0.9977851605758582,0.00020305558940373963,0.9985943210570706,0.9985943057350849,0.9985943210570706,0.9985941605136343,0.9981481481481481,0.9981481481481481,0.9981481481481481,0.9988839285714286,0.9977703455964325,0.9983268265476855,0.9984350547730829,0.9984350547730829,0.9984350547730829,0.9989384288747346,1.0,0.9994689325544344,,,,,,,,,,,,,,,,,,,,,,,,
brain_mri_nd5,classification,87,0.00012905340416332982,0.9986645111407887,0.9986655213898731,0.9986645111407887,0.9986643874783785,0.9993423936869794,0.9973747538831765,0.9983576042921275,0.9983127109111362,0.9983127109111362,0.9983127109111362,0.9995982322217758,1.0,0.9997990757484428,0.9975138121546961,0.9997231450719822,0.9986172566371682,0.00021508808992337904,0.9985943210570706,0.9985943057350849,0.9985943210570706,0.9985941605136343,0.9981481481481481,0.9981481481481481,0.9981481481481481,0.9988839285714286,0.9977703455964325,0.9983268265476855,0.9984350547730829,0.9984350547730829,0.9984350547730829,0.9989384288747346,1.0,0.9994689325544344,,,,,,,,,,,,,,,,,,,,,,,,
brain_mri_nd5,classification,88,0.00024646239202008287,0.9977507556055387,0.9977512262022845,0.9977507556055387,0.997750887656195,0.9967198775420949,0.9971559833734412,0.9969378827646544,0.9974683544303797,0.9971878515185602,0.9973280832513008,0.9995975855130784,0.9983922829581994,0.9989945706816811,0.9980630879911455,0.9986157253599114,0.9983393301965126,0.00021508534177410867,0.9985943210570706,0.9985943057350849,0.9985943210570706,0.9985941605136343,0.9981481481481481,0.9981481481481481,0.9981481481481481,0.9988839285714286,0.9977703455964325,0.9983268265476855,0.9984350547730829,0.9984350547730829,0.9984350547730829,0.9989384288747346,1.0,0.9994689325544344,,,,,,,,,,,,,,,,,,,,,,,,
brain_mri_nd5,classification,89,0.0002309469727377068,0.9973290222815773,0.9973304880695362,0.9973290222815773,0.9973292946168614,0.9956331877729258,0.9975935243929118,0.9966123920882963,0.9966216216216216,0.9955005624296963,0.996060776589758,0.999195494770716,0.9983922829581994,0.9987937273823885,0.9988916597395401,0.998062015503876,0.9984766652818169,0.00019259076364217965,0.9985943210570706,0.9985943057350849,0.9985943210570706,0.9985941605136343,0.9981481481481481,0.9981481481481481,0.9981481481481481,0.9988839285714286,0.9977703455964325,0.9983268265476855,0.9984350547730829,0.9984350547730829,0.9984350547730829,0.9989384288747346,1.0,0.9994689325544344,,,,,,,,,,,,,,,,,,,,,,,,
brain_mri_nd5,classification,90,0.00012736961228093646,0.9988050889154425,0.9988052856038112,0.9988050889154425,0.9988051492057114,0.998468606431853,0.998468606431853,0.998468606431853,0.9980320494798988,0.9983127109111362,0.9981723604667511,1.0,0.9991961414790996,0.9995979091274628,0.9991696650982563,0.9994462901439646,0.9993079584775086,0.00021847393569921002,0.9985943210570706,0.9985943057350849,0.9985943210570706,0.9985941605136343,0.9981481481481481,0.9981481481481481,0.9981481481481481,0.9988839285714286,0.9977703455964325,0.9983268265476855,0.9984350547730829,0.9984350547730829,0.9984350547730829,0.9989384288747346,1.0,0.9994689325544344,,,,,,,,,,,,,,,,,,,,,,,,
brain_mri_nd5,classification,91,0.0002069629246632437,0.9978210444928657,0.9978208353590374,0.9978210444928657,0.9978208624864614,0.9975935243929118,0.9975935243929118,0.9975935243929118,0.9974669293554742,0.9966254218222722,0.9970459980306654,0.9987951807228915,0.9995980707395499,0.9991964644435516,0.9977857735953501,0.998062015503876,0.9979238754325259,0.00019102771089937122,0.9985943210570706,0.9985943057350849,0.9985943210570706,0.9985941605136343,0.9981481481481481,0.9981481481481481,0.9981481481481481,0.9988839285714286,0.9977703455964325,0.9983268265476855,0.9984350547730829,0.9984350547730829,0.9984350547730829,0.9989384288747346,1.0,0.9994689325544344,,,,,,,,,,,,,,,,,,,,,,,,
brain_mri_nd5,classification,92,0.0002122357585348105,0.9983130667041541,0.9983135232802314,0.9983130667041541,0.9983131849247795,0.9991241515217867,0.9982498359221177,0.9986868023637557,0.9974697779027271,0.9977502812148481,0.9976100098411359,0.9991961414790996,0.9991961414790996,0.9991961414790996,0.9975103734439834,0.9983388704318937,0.9979244499792445,0.00020645174305123861,0.9988754568456565,0.9988754947391244,0.9988754568456565,0.9988753361730748,0.9990732159406858,0.9981481481481481,0.998610467809171,0.9988851727982163,0.9988851727982163,0.9988851727982163,0.9984350547730829,0.9984350547730829,0.9984350547730829,0.9989384288747346,1.0,0.9994689325544344,,,,,,,,,,,,,,,,,,,,,,,,
brain_mri_nd5,classification,93,0.00016326624812257657,0.998383355591481,0.9983837696860484,0.998383355591481,0.9983834696541014,0.9973770491803279,0.9982498359221177,0.9978132516947299,0.9985931344963421,0.9980314960629921,0.9983122362869198,0.9995979091274628,0.9991961414790996,0.9993969849246231,0.9986153420105234,0.9983388704318937,0.9984770870829295,0.0001987545025286126,0.9985943210570706,0.9985943057350849,0.9985943210570706,0.9985941605136343,0.9981481481481481,0.9981481481481481,0.9981481481481481,0.9988839285714286,0.9977703455964325,0.9983268265476855,0.9984350547730829,0.9984350547730829,0.9984350547730829,0.9989384288747346,1.0,0.9994689325544344,,,,,,,,,,,,,,,,,,,,,,,,
brain_mri_nd5,classification,94,0.00016972864375907593,0.9983130667041541,0.9983140623020813,0.9983130667041541,0.9983132847278638,0.9969418960244648,0.998468606431853,0.9977046671767407,0.998592738530819,0.9977502812148481,0.9981713321142214,0.999597747385358,0.9987942122186495,0.9991958182549256,0.9988919667590028,0.9983388704318937,0.9986153420105234,0.00020755539571519092,0.9985943210570706,0.9985943057350849,0.9985943210570706,0.9985941605136343,0.9981481481481481,0.9981481481481481,0.9981481481481481,0.9988839285714286,0.9977703455964325,0.9983268265476855,0.9984350547730829,0.9984350547730829,0.9984350547730829,0.9989384288747346,1.0,0.9994689325544344,,,,,,,,,,,,,,,,,,,,,,,,
brain_mri_nd5,classification,95,0.00016963616168136293,0.998383355591481,0.998383230026286,0.998383355591481,0.9983832819140579,0.9978118161925602,0.9975935243929118,0.9977026583524778,0.9980314960629921,0.9980314960629921,0.9980314960629921,0.9995982322217758,1.0,0.9997990757484428,0.9986157253599114,0.9986157253599114,0.9986157253599114,0.00018964047686301975,0.9985943210570706,0.9985943057350849,0.9985943210570706,0.9985941605136343,0.9981481481481481,0.9981481481481481,0.9981481481481481,0.9988839285714286,0.9977703455964325,0.9983268265476855,0.9984350547730829,0.9984350547730829,0.9984350547730829,0.9989384288747346,1.0,0.9994689325544344,,,,,,,,,,,,,,,,,,,,,,,,
brain_mri_nd5,classification,96,0.0001622448840070661,0.9978210444928657,0.9978216403295138,0.9978210444928657,0.9978212716336169,0.9975935243929118,0.9975935243929118,0.9975935243929118,0.9960663107614498,0.9969066366704162,0.9964862965565706,1.0,0.9995980707395499,0.9997989949748743,0.9983379501385041,0.9977851605758582,0.9980614788147327,0.00019946208657972217,0.9985943210570706,0.9985943057350849,0.9985943210570706,0.9985941605136343,0.9981481481481481,0.9981481481481481,0.9981481481481481,0.9988839285714286,0.9977703455964325,0.9983268265476855,0.9984350547730829,0.9984350547730829,0.9984350547730829,0.9989384288747346,1.0,0.9994689325544344,,,,,,,,,,,,,,,,,,,,,,,,
brain_mri_nd5,classification,97,0.0001323839620667147,0.9984536444788079,0.9984544246018898,0.9984536444788079,0.9984537783113352,0.9973770491803279,0.9982498359221177,0.9978132516947299,0.9980326025857224,0.9985939257592801,0.9983131852684847,0.9995980707395499,0.9995980707395499,0.9995980707395499,0.9994453688297282,0.9977851605758582,0.998614574674425,0.0001878450554597484,0.9988754568456565,0.9988754947391244,0.9988754568456565,0.9988753361730748,0.9990732159406858,0.9981481481481481,0.998610467809171,0.9988851727982163,0.9988851727982163,0.9988851727982163,0.9984350547730829,0.9984350547730829,0.9984350547730829,0.9989384288747346,1.0,0.9994689325544344,,,,,,,,,,,,,,,,,,,,,,,,
brain_mri_nd5,classification,98,0.00014393650668391103,0.9981724889295003,0.9981725181221918,0.9981724889295003,0.9981723342800394,0.998466929478756,0.9973747538831765,0.9979205428477619,0.9974697779027271,0.9977502812148481,0.9976100098411359,0.9987956643918106,1.0,0.9993974693713598,0.9980625518959314,0.9983388704318937,0.9982006920415225,0.00019356542515341633,0.9985943210570706,0.9985943057350849,0.9985943210570706,0.9985941605136343,0.9981481481481481,0.9981481481481481,0.9981481481481481,0.9988839285714286,0.9977703455964325,0.9983268265476855,0.9984350547730829,0.9984350547730829,0.9984350547730829,0.9989384288747346,1.0,0.9994689325544344,,,,,,,,,,,,,,,,,,,,,,,,
brain_mri_nd5,classification,99,0.0001454673312636278,0.9986645111407887,0.9986645111407887,0.9986645111407887,0.9986645111407887,0.9982498359221177,0.9982498359221177,0.9982498359221177,0.9983127109111362,0.9983127109111362,0.9983127109111362,0.9995980707395499,0.9995980707395499,0.9995980707395499,0.9988925802879292,0.9988925802879292,0.9988925802879292,0.00020419099466814118,0.9985943210570706,0.9985943057350849,0.9985943210570706,0.9985941605136343,0.9981481481481481,0.9981481481481481,0.9981481481481481,0.9988839285714286,0.9977703455964325,0.9983268265476855,0.9984350547730829,0.9984350547730829,0.9984350547730829,0.9989384288747346,1.0,0.9994689325544344,,,,,,,,,,,,,,,,,,,,,,,,
brain_mri_nd5,classification,100,0.00015874743632939762,0.9985942222534617,0.9985941120903994,0.9985942222534617,0.9985941551808636,0.9982498359221177,0.9982498359221177,0.9982498359221177,0.9980309423347398,0.9977502812148481,0.9978905920405007,0.9995982322217758,1.0,0.9997990757484428,0.9988925802879292,0.9988925802879292,0.9988925802879292,0.00019569766983381845,0.9988754568456565,0.9988754947391244,0.9988754568456565,0.9988753361730748,0.9990732159406858,0.9981481481481481,0.998610467809171,0.9988851727982163,0.9988851727982163,0.9988851727982163,0.9984350547730829,0.9984350547730829,0.9984350547730829,0.9989384288747346,1.0,0.9994689325544344,,,,,,,,,,,,,,,,,,,,,,,,
brain_mri_nd5,classification,101,0.00018481419654622978,0.9982427778168271,0.9982431235949719,0.9982427778168271,0.9982427873152565,0.9982490698183409,0.9978122949026471,0.9980306345733042,0.9985931344963421,0.9980314960629921,0.9983122362869198,0.9987937273823885,0.9983922829581994,0.9985929648241206,0.9975117500691181,0.9988925802879292,0.9982016876469775,0.00020578730770225842,0.9985943210570706,0.9985943057350849,0.9985943210570706,0.9985941605136343,0.9981481481481481,0.9981481481481481,0.9981481481481481,0.9988839285714286,0.9977703455964325,0.9983268265476855,0.9984350547730829,0.9984350547730829,0.9984350547730829,0.9989384288747346,1.0,0.9994689325544344,,,,,,,,,,,,,,,,,,,,,,,,
brain_mri_nd5,classification,102,0.0002036293030530419,0.9978210444928657,0.9978212941732397,0.9978210444928657,0.9978209184361935,0.9969398907103825,0.9978122949026471,0.9973759020336759,0.9980281690140845,0.9963442069741283,0.9971854770616381,0.9987946966653274,0.9991961414790996,0.9989953787422142,0.9980625518959314,0.9983388704318937,0.9982006920415225,0.0002097458266218826,0.9985943210570706,0.9985943057350849,0.9985943210570706,0.9985941605136343,0.9981481481481481,0.9981481481481481,0.9981481481481481,0.9988839285714286,0.9977703455964325,0.9983268265476855,0.9984350547730829,0.9984350547730829,0.9984350547730829,0.9989384288747346,1.0,0.9994689325544344,,,,,,,,,,,,,,,,,,,,,,,,
brain_mri_nd5,classification,103,0.000158456266649396,0.9983130667041541,0.9983130248281802,0.9983130667041541,0.9983129046032652,0.9980306345733042,0.9978122949026471,0.997921452795099,0.998030388294879,0.9974690663667042,0.9977496483825598,0.9983948635634029,1.0,0.9991967871485944,0.9988922736084187,0.9986157253599114,0.9987539803405787,0.00020415711088111059,0.9988754568456565,0.9988754947391244,0.9988754568456565,0.9988753361730748,0.9990732159406858,0.9981481481481481,0.998610467809171,0.9988851727982163,0.9988851727982163,0.9988851727982163,0.9984350547730829,0.9984350547730829,0.9984350547730829,0.9989384288747346,1.0,0.9994689325544344,,,,,,,,,,,,,,,,,,,,,,,,
brain_mri_nd5,classification,104,0.00015143428178057464,0.9984536444788079,0.9984538829295007,0.9984536444788079,0.9984534800066452,0.9982498359221177,0.9982498359221177,0.9982498359221177,0.9988732394366198,0.9971878515185602,0.9980298339431466,0.9987951807228915,0.9995980707395499,0.9991964644435516,0.9980641592920354,0.9991694352159468,0.9986164914222468,0.00020272669085721814,0.9985943210570706,0.9985943057350849,0.9985943210570706,0.9985941605136343,0.9981481481481481,0.9981481481481481,0.9981481481481481,0.9988839285714286,0.9977703455964325,0.9983268265476855,0.9984350547730829,0.9984350547730829,0.9984350547730829,0.9989384288747346,1.0,0.9994689325544344,,,,,,,,,,,,,,,,,,,,,,,,
brain_mri_nd5,classification,105,0.0002102475051880974,0.9978913333801926,0.9978918792712566,0.9978913333801926,0.9978914577345684,0.9969405594405595,0.9980310654123824,0.9974855143762983,0.9974676420934159,0.9969066366704162,0.9971870604781997,0.999597747385358,0.9987942122186495,0.9991958182549256,0.998338410412628,0.998062015503876,0.9982001938252804,0.00019519535110523996,0.9988754568456565,0.9988754947391244,0.9988754568456565,0.9988753361730748,0.9990732159406858,0.9981481481481481,0.998610467809171,0.9988851727982163,0.9988851727982163,0.9988851727982163,0.9984350547730829,0.9984350547730829,0.9984350547730829,0.9989384288747346,1.0,0.9994689325544344,,,,,,,,,,,,,,,,,,,,,,,,
brain_mri_nd5,classification,106,0.00011092524048880675,0.9988753778027694,0.9988755486894761,0.9988753778027694,0.998875396441181,0.9986868023637557,0.9982498359221177,0.9984682713347921,0.9983141331834785,0.999156355455568,0.9987350667603654,1.0,0.9995980707395499,0.9997989949748743,0.9988925802879292,0.9988925802879292,0.9988925802879292,0.00022595960941517948,0.9985943210570706,0.9985943057350849,0.9985943210570706,0.9985941605136343,0.9981481481481481,0.9981481481481481,0.9981481481481481,0.9988839285714286,0.9977703455964325,0.9983268265476855,0.9984350547730829,0.9984350547730829,0.9984350547730829,0.9989384288747346,1.0,0.9994689325544344,,,,,,,,,,,,,,,,,,,,,,,,
brain_mri_nd5,classification,107,0.00023418034681778197,0.9977507556055387,0.9977506623784188,0.9977507556055387,0.9977506970093664,0.9971559833734412,0.9971559833734412,0.9971559833734412,0.9974683544303797,0.9971878515185602,0.9973280832513008,0.9987946966653274,0.9991961414790996,0.9989953787422142,0.998062015503876,0.998062015503876,0.998062015503876,0.00020472592351377425,0.9985943210570706,0.9985943057350849,0.9985943210570706,0.9985941605136343,0.9981481481481481,0.9981481481481481,0.9981481481481481,0.9988839285714286,0.9977703455964325,0.9983268265476855,0.9984350547730829,0.9984350547730829,0.9984350547730829,0.9989384288747346,1.0,0.9994689325544344,,,,,,,,,,,,,,,,,,,,,,,,
brain_mri_nd5,classification,108,0.00016953562872572787,0.9981724889295003,0.9981726501134319,0.9981724889295003,0.9981724645541168,0.9982490698183409,0.9978122949026471,0.9980306345733042,0.9977496483825598,0.9974690663667042,0.9976093376459008,0.9991958182549256,0.9987942122186495,0.9989949748743718,0.9977876106194691,0.9988925802879292,0.9983397897066962,0.00020169998721297734,0.9985943210570706,0.9985943057350849,0.9985943210570706,0.9985941605136343,0.9981481481481481,0.9981481481481481,0.9981481481481481,0.9988839285714286,0.9977703455964325,0.9983268265476855,0.9984350547730829,0.9984350547730829,0.9984350547730829,0.9989384288747346,1.0,0.9994689325544344,,,,,,,,,,,,,,,,,,,,,,,,
brain_mri_nd5,classification,109,0.00016486421146616261,0.9981724889295003,0.9981729813738813,0.9981724889295003,0.9981725856643489,0.9973770491803279,0.9982498359221177,0.9978132516947299,0.998030388294879,0.9974690663667042,0.9977496483825598,0.9995975855130784,0.9983922829581994,0.9989945706816811,0.9983393301965126,0.9986157253599114,0.998477508650519,0.00019823943216824914,0.9985943210570706,0.9985943057350849,0.9985943210570706,0.9985941605136343,0.9981481481481481,0.9981481481481481,0.9981481481481481,0.9988839285714286,0.9977703455964325,0.9983268265476855,0.9984350547730829,0.9984350547730829,0.9984350547730829,0.9989384288747346,1.0,0.9994689325544344,,,,,,,,,,,,,,,,,,,,,,,,
brain_mri_nd5,classification,110,0.00011432617626310553,0.9987348000281155,0.9987347884458149,0.9987348000281155,0.9987347302368432,0.9986868023637557,0.9982498359221177,0.9984682713347921,0.9983122362869198,0.9980314960629921,0.9981718464351006,0.9995980707395499,0.9995980707395499,0.9995980707395499,0.9986168741355463,0.9994462901439646,0.9990314099903141,0.00021538626448169124,0.9985943210570706,0.9985943057350849,0.9985943210570706,0.9985941605136343,0.9981481481481481,0.9981481481481481,0.9981481481481481,0.9988839285714286,0.9977703455964325,0.9983268265476855,0.9984350547730829,0.9984350547730829,0.9984350547730829,0.9989384288747346,1.0,0.9994689325544344,,,,,,,,,,,,,,,,,,,,,,,,
brain_mri_nd5,classification,111,0.0001692527506540129,0.9982427778168271,0.9982431773591008,0.9982427778168271,0.9982428387303769,0.9975956284153006,0.998468606431853,0.998031926525257,0.9983112862369828,0.9974690663667042,0.9978899985933324,0.999597747385358,0.9987942122186495,0.9991958182549256,0.9980625518959314,0.9983388704318937,0.9982006920415225,0.00020143322600641036,0.9985943210570706,0.9985943057350849,0.9985943210570706,0.9985941605136343,0.9981481481481481,0.9981481481481481,0.9981481481481481,0.9988839285714286,0.9977703455964325,0.9983268265476855,0.9984350547730829,0.9984350547730829,0.9984350547730829,0.9989384288747346,1.0,0.9994689325544344,,,,,,,,,,,,,,,,,,,,,,,,
brain_mri_nd5,classification,112,0.00020893005212405994,0.9979616222675195,0.9979618919794824,0.9979616222675195,0.9979616305952411,0.9978108581436077,0.9971559833734412,0.9974833132727869,0.9974711997752178,0.9983127109111362,0.9978917779339423,0.999195494770716,0.9983922829581994,0.9987937273823885,0.9977863862755949,0.9983388704318937,0.9980625518959314,0.00020292434579365299,0.9985943210570706,0.9985943057350849,0.9985943210570706,0.9985941605136343,0.9981481481481481,0.9981481481481481,0.9981481481481481,0.9988839285714286,0.9977703455964325,0.9983268265476855,0.9984350547730829,0.9984350547730829,0.9984350547730829,0.9989384288747346,1.0,0.9994689325544344,,,,,,,,,,,,,,,,,,,,,,,,
brain_mri_nd5,classification,113,0.00015175130056950133,0.9982427778168271,0.9982431467066797,0.9982427778168271,0.9982429186658034,0.9973759020336759,0.9978122949026471,0.997594050743657,0.9974690663667042,0.9974690663667042,0.9974690663667042,1.0,0.9991961414790996,0.9995979091274628,0.9988925802879292,0.9988925802879292,0.9988925802879292,0.00021284916002619085,0.9985943210570706,0.9985943057350849,0.9985943210570706,0.9985941605136343,0.9981481481481481,0.9981481481481481,0.9981481481481481,0.9988839285714286,0.9977703455964325,0.9983268265476855,0.9984350547730829,0.9984350547730829,0.9984350547730829,0.9989384288747346,1.0,0.9994689325544344,,,,,,,,,,,,,,,,,,,,,,,,
brain_mri_nd5,classification,114,0.00017586892815731398,0.9978210444928657,0.9978235745184986,0.9978210444928657,0.9978213328492463,0.9960707269155207,0.9982498359221177,0.9971590909090909,0.9971886421141412,0.9974690663667042,0.9973288345283284,0.9995980707395499,0.9995980707395499,0.9995980707395499,0.9994445987225771,0.9964008859357697,0.9979204214612505,0.00020402250715694122,0.9985943210570706,0.9985943057350849,0.9985943210570706,0.9985941605136343,0.9981481481481481,0.9981481481481481,0.9981481481481481,0.9988839285714286,0.9977703455964325,0.9983268265476855,0.9984350547730829,0.9984350547730829,0.9984350547730829,0.9989384288747346,1.0,0.9994689325544344,,,,,,,,,,,,,,,,,,,,,,,,
brain_mri_nd5,classification,115,0.0001966890877590269,0.9976804667182119,0.9976810327625277,0.9976804667182119,0.9976800938669277,0.9967234600262124,0.9982498359221177,0.9974860640507159,0.9980265012686778,0.9955005624296963,0.9967619315782064,0.9983942191890807,0.9995980707395499,0.9989957822855995,0.9980614788147327,0.9977851605758582,0.9979233005676312,0.00020393256997417673,0.9985943210570706,0.9985943057350849,0.9985943210570706,0.9985941605136343,0.9981481481481481,0.9981481481481481,0.9981481481481481,0.9988839285714286,0.9977703455964325,0.9983268265476855,0.9984350547730829,0.9984350547730829,0.9984350547730829,0.9989384288747346,1.0,0.9994689325544344,,,,,,,,,,,,,,,,,,,,,,,,
brain_mri_nd5,classification,116,0.00014937331459620164,0.9985942222534617,0.9985946609270493,0.9985942222534617,0.9985943322554588,0.9975956284153006,0.998468606431853,0.998031926525257,0.9983117613956106,0.9977502812148481,0.9980309423347398,1.0,0.9991961414790996,0.9995979091274628,0.9991694352159468,0.9991694352159468,0.9991694352159468,0.0002089126359531272,0.9988754568456565,0.9988754947391244,0.9988754568456565,0.9988753361730748,0.9990732159406858,0.9981481481481481,0.998610467809171,0.9988851727982163,0.9988851727982163,0.9988851727982163,0.9984350547730829,0.9984350547730829,0.9984350547730829,0.9989384288747346,1.0,0.9994689325544344,,,,,,,,,,,,,,,,,,,,,,,,
brain_mri_nd5,classification,117,0.00012201445511994542,0.9985942222534617,0.9985943456446078,0.9985942222534617,0.9985941966071464,0.9984676007005254,0.9978122949026471,0.9981398402451034,0.9977515458122541,0.9983127109111362,0.9980320494798988,0.9987951807228915,0.9995980707395499,0.9991964644435516,0.9994461368042094,0.9991694352159468,0.9993077668558771,0.0001924159727518929,0.9985943210570706,0.9985943057350849,0.9985943210570706,0.9985941605136343,0.9981481481481481,0.9981481481481481,0.9981481481481481,0.9988839285714286,0.9977703455964325,0.9983268265476855,0.9984350547730829,0.9984350547730829,0.9984350547730829,0.9989384288747346,1.0,0.9994689325544344,,,,,,,,,,,,,,,,,,,,,,,,
brain_mri_nd5,classification,118,0.000150837298313321,0.9981724889295003,0.9981733309366995,0.9981724889295003,0.9981727011601297,0.9967227441555604,0.9980310654123824,0.9973764757324005,0.9983112862369828,0.9974690663667042,0.9978899985933324,0.9995979091274628,0.9991961414790996,0.9993969849246231,0.9988919667590028,0.9983388704318937,0.9986153420105234,0.0001940309640353596,0.9985943210570706,0.9985943057350849,0.9985943210570706,0.9985941605136343,0.9981481481481481,0.9981481481481481,0.9981481481481481,0.9988839285714286,0.9977703455964325,0.9983268265476855,0.9984350547730829,0.9984350547730829,0.9984350547730829,0.9989384288747346,1.0,0.9994689325544344,,,,,,,,,,,,,,,,,,,,,,,,
brain_mri_nd5,classification,119,0.00017305114778473185,0.9980319111548465,0.9980322588286055,0.9980319111548465,0.9980317096599132,0.9982467674775367,0.9964996718442354,0.9973724545653602,0.9969101123595505,0.9980314960629921,0.9974704890387859,0.9991964644435516,0.9995980707395499,0.9993972272453285,0.9980636237897649,0.9988925802879292,0.9984779299847792,0.00020010358319500193,0.9988754568456565,0.9988754947391244,0.9988754568456565,0.9988753361730748,0.9990732159406858,0.9981481481481481,0.998610467809171,0.9988851727982163,0.9988851727982163,0.9988851727982163,0.9984350547730829,0.9984350547730829,0.9984350547730829,0.9989384288747346,1.0,0.9994689325544344,,,,,,,,,,,,,,,,,,,,,,,,
brain_mri_nd5,classification,120,0.00018796023727804984,0.9977507556055387,0.9977521167529813,0.9977507556055387,0.9977507836710079,0.9984655852696186,0.9964996718442354,0.9974816599145955,0.9966329966329966,0.9988751406074241,0.9977528089887641,0.9995979091274628,0.9991961414790996,0.9993969849246231,0.9966795794133924,0.9972314507198228,0.9969554386936064,0.00020253445394470397,0.9985943210570706,0.9985943057350849,0.9985943210570706,0.9985941605136343,0.9981481481481481,0.9981481481481481,0.9981481481481481,0.9988839285714286,0.9977703455964325,0.9983268265476855,0.9984350547730829,0.9984350547730829,0.9984350547730829,0.9989384288747346,1.0,0.9994689325544344,,,,,,,,,,,,,,,,,,,,,,,,
brain_mri_nd5,classification,121,0.00017684834248118053,0.9981724889295003,0.9981726428383605,0.9981724889295003,0.998172378015644,0.9980293409240202,0.9971559833734412,0.9975924710002189,0.9971910112359551,0.9983127109111362,0.9977515458122541,0.9991967871485944,1.0,0.9995982322217758,0.9986149584487535,0.998062015503876,0.998338410412628,0.00020772079915356163,0.9985943210570706,0.9985943057350849,0.9985943210570706,0.9985941605136343,0.9981481481481481,0.9981481481481481,0.9981481481481481,0.9988839285714286,0.9977703455964325,0.9983268265476855,0.9984350547730829,0.9984350547730829,0.9984350547730829,0.9989384288747346,1.0,0.9994689325544344,,,,,,,,,,,,,,,,,,,,,,,,
brain_mri_nd5,classification,122,0.00011255023182647784,0.9986645111407887,0.9986650912673296,0.9986645111407887,0.998664566799441,0.9982502187226596,0.998468606431853,0.9983594006343651,0.9980342600393148,0.999437570303712,0.998735422228467,1.0,0.9987942122186495,0.9993967424090087,0.9988916597395401,0.998062015503876,0.9984766652818169,0.0002018593437421935,0.9985943210570706,0.9985943057350849,0.9985943210570706,0.9985941605136343,0.9981481481481481,0.9981481481481481,0.9981481481481481,0.9988839285714286,0.9977703455964325,0.9983268265476855,0.9984350547730829,0.9984350547730829,0.9984350547730829,0.9989384288747346,1.0,0.9994689325544344,,,,,,,,,,,,,,,,,,,,,,,,
brain_mri_nd5,classification,123,0.00015022559873763578,0.9981724889295003,0.9981725556354699,0.9981724889295003,0.9981722222765824,0.9980280455740579,0.9964996718442354,0.9972632731253421,0.9971910112359551,0.9983127109111362,0.9977515458122541,0.9987951807228915,0.9995980707395499,0.9991964644435516,0.9988928867976751,0.9991694352159468,0.9990311418685122,0.0001919435963179545,0.9988754568456565,0.9988754947391244,0.9988754568456565,0.9988753361730748,0.9990732159406858,0.9981481481481481,0.998610467809171,0.9988851727982163,0.9988851727982163,0.9988851727982163,0.9984350547730829,0.9984350547730829,0.9984350547730829,0.9989384288747346,1.0,0.9994689325544344,,,,,,,,,,,,,,,,,,,,,,,,
brain_mri_nd5,classification,124,0.00018925833060847447,0.9977507556055387,0.9977510919186691,0.9977507556055387,0.9977506132370079,0.9978089395267309,0.9962809013345001,0.9970443349753695,0.996629213483146,0.9977502812148481,0.9971894322653176,0.9991961414790996,0.9991961414790996,0.9991961414790996,0.9977869986168741,0.9986157253599114,0.9982011899820119,0.00020881003310067818,0.9985943210570706,0.9985943057350849,0.9985943210570706,0.9985941605136343,0.9981481481481481,0.9981481481481481,0.9981481481481481,0.9988839285714286,0.9977703455964325,0.9983268265476855,0.9984350547730829,0.9984350547730829,0.9984350547730829,0.9989384288747346,1.0,0.9994689325544344,,,,,,,,,,,,,,,,,,,,,,,,
brain_mri_nd5,classification,125,0.00017869613028146452,0.9983130667041541,0.9983131978321457,0.9983130667041541,0.9983129424773791,0.9982483030435735,0.9973747538831765,0.9978113372729263,0.9980314960629921,0.9980314960629921,0.9980314960629921,0.9991958182549256,0.9987942122186495,0.9989949748743718,0.9980646944982029,0.9994462901439646,0.9987550145248305,0.0002087744912444673,0.9985943210570706,0.9985943057350849,0.9985943210570706,0.9985941605136343,0.9981481481481481,0.9981481481481481,0.9981481481481481,0.9988839285714286,0.9977703455964325,0.9983268265476855,0.9984350547730829,0.9984350547730829,0.9984350547730829,0.9989384288747346,1.0,0.9994689325544344,,,,,,,,,,,,,,,,,,,,,,,,
brain_mri_nd5,classification,126,0.0002118593921630733,0.9981724889295003,0.9981725181697586,0.9981724889295003,0.9981724173442744,0.9973759020336759,0.9978122949026471,0.997594050743657,0.9974669293554742,0.9966254218222722,0.9970459980306654,1.0,0.9995980707395499,0.9997989949748743,0.9986164914222468,0.9991694352159468,0.9988928867976751,0.0002078957231557392,0.9985943210570706,0.9985943057350849,0.9985943210570706,0.9985941605136343,0.9981481481481481,0.9981481481481481,0.9981481481481481,0.9988839285714286,0.9977703455964325,0.9983268265476855,0.9984350547730829,0.9984350547730829,0.9984350547730829,0.9989384288747346,1.0,0.9994689325544344,,,,,,,,,,,,,,,,,,,,,,,,
brain_mri_nd5,classification,127,0.000161563677322781,0.998383355591481,0.9983834404818352,0.998383355591481,0.9983833698525454,0.9984682713347921,0.9982498359221177,0.9983590416803413,0.9983122362869198,0.9980314960629921,0.9981718464351006,0.9991961414790996,0.9991961414790996,0.9991961414790996,0.9977863862755949,0.9983388704318937,0.9980625518959314,0.00021707991999907525,0.9988754568456565,0.9988754947391244,0.9988754568456565,0.9988753361730748,0.9990732159406858,0.9981481481481481,0.998610467809171,0.9988851727982163,0.9988851727982163,0.9988851727982163,0.9984350547730829,0.9984350547730829,0.9984350547730829,0.9989384288747346,1.0,0.9994689325544344,,,,,,,,,,,,,,,,,,,,,,,,
brain_mri_nd5,classification,128,0.00019802594118577952,0.9978210444928657,0.9978221245782455,0.9978210444928657,0.9978212860119753,0.9965050240279598,0.9980310654123824,0.9972674609246912,0.9977496483825598,0.9974690663667042,0.9976093376459008,0.998793242156074,0.9979903536977492,0.9983916365098512,0.9988913525498891,0.9977851605758582,0.9983379501385041,0.00020066294448591493,0.9985943210570706,0.9985943057350849,0.9985943210570706,0.9985941605136343,0.9981481481481481,0.9981481481481481,0.9981481481481481,0.9988839285714286,0.9977703455964325,0.9983268265476855,0.9984350547730829,0.9984350547730829,0.9984350547730829,0.9989384288747346,1.0,0.9994689325544344,,,,,,,,,,,,,,,,,,,,,,,,
brain_mri_nd5,classification,129,0.0001164543965178555,0.9984536444788079,0.9984539825646586,0.9984536444788079,0.9984536869323257,0.9982486865148862,0.9975935243929118,0.997920997920998,0.9977521775779713,0.9985939257592801,0.9981728742094167,1.0,0.9991961414790996,0.9995979091274628,0.9983397897066962,0.9988925802879292,0.9986161084970938,0.00021541630059419213,0.9985943210570706,0.9985943057350849,0.9985943210570706,0.9985941605136343,0.9981481481481481,0.9981481481481481,0.9981481481481481,0.9988839285714286,0.9977703455964325,0.9983268265476855,0.9984350547730829,0.9984350547730829,0.9984350547730829,0.9989384288747346,1.0,0.9994689325544344,,,,,,,,,,,,,,,,,,,,,,,,
brain_mri_nd5,classification,130,0.00023966827999778178,0.9981022000421733,0.9981028054574602,0.9981022000421733,0.9981021634483666,0.9971603320227174,0.9986873769415883,0.9979232703027653,0.997747113489158,0.9963442069741283,0.9970451667370198,1.0,0.9991961414790996,0.9995979091274628,0.9983388704318937,0.9983388704318937,0.9983388704318937,0.00019841604244008826,0.9985943210570706,0.9985943057350849,0.9985943210570706,0.9985941605136343,0.9981481481481481,0.9981481481481481,0.9981481481481481,0.9988839285714286,0.9977703455964325,0.9983268265476855,0.9984350547730829,0.9984350547730829,0.9984350547730829,0.9989384288747346,1.0,0.9994689325544344,,,,,,,,,,,,,,,,,,,,,,,,
brain_mri_nd5,classification,131,0.00011782034430990643,0.9988753778027694,0.9988754577321801,0.9988753778027694,0.9988754079747358,0.9989061474513236,0.9989061474513236,0.9989061474513236,0.9980320494798988,0.9983127109111362,0.9981723604667511,0.9995980707395499,0.9995980707395499,0.9995980707395499,0.999169205206314,0.9988925802879292,0.9990308735982278,0.00022506657200151885,0.9988754568456565,0.9988754947391244,0.9988754568456565,0.9988753361730748,0.9990732159406858,0.9981481481481481,0.998610467809171,0.9988851727982163,0.9988851727982163,0.9988851727982163,0.9984350547730829,0.9984350547730829,0.9984350547730829,0.9989384288747346,1.0,0.9994689325544344,,,,,,,,,,,,,,,,,,,,,,,,
brain_mri_nd5,classification,132,0.0001485324816502202,0.9982427778168271,0.9982427098588138,0.9982427778168271,0.998242695893575,0.9975935243929118,0.9975935243929118,0.9975935243929118,0.9983117613956106,0.9977502812148481,0.9980309423347398,0.9987951807228915,0.9995980707395499,0.9991964644435516,0.9986157253599114,0.9986157253599114,0.9986157253599114,0.00020258460101755935,0.9985943210570706,0.9985943057350849,0.9985943210570706,0.9985941605136343,0.9981481481481481,0.9981481481481481,0.9981481481481481,0.9988839285714286,0.9977703455964325,0.9983268265476855,0.9984350547730829,0.9984350547730829,0.9984350547730829,0.9989384288747346,1.0,0.9994689325544344,,,,,,,,,,,,,,,,,,,,,,,,
brain_mri_nd5,classification,133,0.0002038278640170892,0.9977507556055387,0.9977504946711887,0.9977507556055387,0.997750470519231,0.9973741794310722,0.9971559833734412,0.9972650694672356,0.9974662162162162,0.9963442069741283,0.9969048958919527,0.9987951807228915,0.9995980707395499,0.9991964644435516,0.9977869986168741,0.9986157253599114,0.9982011899820119,0.00020737762540858396,0.9988754568456565,0.9988754947391244,0.9988754568456565,0.9988753361730748,0.9990732159406858,0.9981481481481481,0.998610467809171,0.9988851727982163,0.9988851727982163,0.9988851727982163,0.9984350547730829,0.9984350547730829,0.9984350547730829,0.9989384288747346,1.0,0.9994689325544344,,,,,,,,,,,,,,,,,,,,,,,,
brain_mri_nd5,classification,134,0.00015070117738491263,0.998383355591481,0.9983836821943521,0.998383355591481,0.9983834512699369,0.9978137297770004,0.998468606431853,0.9981410606889011,0.9977502812148481,0.9977502812148481,0.9977502812148481,0.999597747385358,0.9987942122186495,0.9991958182549256,0.9988922736084187,0.9986157253599114,0.9987539803405787,0.00019770605151750933,0.9988754568456565,0.9988754947391244,0.9988754568456565,0.9988753361730748,0.9990732159406858,0.9981481481481481,0.998610467809171,0.9988851727982163,0.9988851727982163,0.9988851727982163,0.9984350547730829,0.9984350547730829,0.9984350547730829,0.9989384288747346,1.0,0.9994689325544344,,,,,,,,,,,,,,,,,,,,,,,,
brain_mri_nd5,classification,135,0.00014777082507692776,0.9986645111407887,0.998664482092238,0.9986645111407887,0.9986644692712802,0.9984679360910483,0.9980310654123824,0.9982494529540481,0.9977509136913129,0.9980314960629921,0.9978911851539435,0.9995982322217758,1.0,0.9997990757484428,0.9991694352159468,0.9991694352159468,0.9991694352159468,0.0001994075372256948,0.9985943210570706,0.9985943057350849,0.9985943210570706,0.9985941605136343,0.9981481481481481,0.9981481481481481,0.9981481481481481,0.9988839285714286,0.9977703455964325,0.9983268265476855,0.9984350547730829,0.9984350547730829,0.9984350547730829,0.9989384288747346,1.0,0.9994689325544344,,,,,,,,,,,,,,,,,,,,,,,,
brain_mri_nd5,classification,136,0.00020847346036378817,0.997539888943558,0.997542202925111,0.997539888943558,0.9975402767989082,0.9960698689956332,0.9980310654123824,0.9970495027865807,0.9969092441697106,0.9977502812148481,0.9973295853829937,0.999597261377366,0.997588424437299,0.9985918326292497,0.9986130374479889,0.9966777408637874,0.9976444506027435,0.00020684661735154226,0.9985943210570706,0.9985943057350849,0.9985943210570706,0.9985941605136343,0.9981481481481481,0.9981481481481481,0.9981481481481481,0.9988839285714286,0.9977703455964325,0.9983268265476855,0.9984350547730829,0.9984350547730829,0.9984350547730829,0.9989384288747346,1.0,0.9994689325544344,,,,,,,,,,,,,,,,,,,,,,,,
brain_mri_nd5,classification,137,0.00016883141008902476,0.9978913333801926,0.9978913877729944,0.9978913333801926,0.9978912413354556,0.9978108581436077,0.9971559833734412,0.9974833132727869,0.9966254218222722,0.9966254218222722,0.9966254218222722,0.9995979091274628,0.9991961414790996,0.9993969849246231,0.9980641592920354,0.9991694352159468,0.9986164914222468,0.0001803369090799199,0.9988754568456565,0.9988754947391244,0.9988754568456565,0.9988753361730748,0.9990732159406858,0.9981481481481481,0.998610467809171,0.9988851727982163,0.9988851727982163,0.9988851727982163,0.9984350547730829,0.9984350547730829,0.9984350547730829,0.9989384288747346,1.0,0.9994689325544344,,,,,,,,,,,,,,,,,,,,,,,,
brain_mri_nd5,classification,138,0.00018684166176102988,0.9979616222675195,0.9979618397685541,0.9979616222675195,0.9979613787646234,0.9975935243929118,0.9975935243929118,0.9975935243929118,0.9980281690140845,0.9963442069741283,0.9971854770616381,0.9991961414790996,0.9991961414790996,0.9991961414790996,0.9975124378109452,0.9991694352159468,0.9983402489626556,0.0002201756573156071,0.9985943210570706,0.9985943057350849,0.9985943210570706,0.9985941605136343,0.9981481481481481,0.9981481481481481,0.9981481481481481,0.9988839285714286,0.9977703455964325,0.9983268265476855,0.9984350547730829,0.9984350547730829,0.9984350547730829,0.9989384288747346,1.0,0.9994689325544344,,,,,,,,,,,,,,,,,,,,,,,,
brain_mri_nd5,classification,139,0.00020973359516654843,0.9981724889295003,0.9981724889295003,0.9981724889295003,0.9981724889295003,0.9975935243929118,0.9975935243929118,0.9975935243929118,0.9971878515185602,0.9971878515185602,0.9971878515185602,0.9995980707395499,0.9995980707395499,0.9995980707395499,0.9988925802879292,0.9988925802879292,0.9988925802879292,0.00020663247774040184,0.9985943210570706,0.9985943057350849,0.9985943210570706,0.9985941605136343,0.9981481481481481,0.9981481481481481,0.9981481481481481,0.9988839285714286,0.9977703455964325,0.9983268265476855,0.9984350547730829,0.9984350547730829,0.9984350547730829,0.9989384288747346,1.0,0.9994689325544344,,,,,,,,,,,,,,,,,,,,,,,,
brain_mri_nd5,classification,140,0.00015325002367399577,0.9982427778168271,0.998242764041142,0.9982427778168271,0.9982427107647079,0.997594050743657,0.9978122949026471,0.9977031608881112,0.9983112862369828,0.9974690663667042,0.9978899985933324,0.9991964644435516,0.9995980707395499,0.9993972272453285,0.9983393301965126,0.9986157253599114,0.998477508650519,0.0002118867232535019,0.9985943210570706,0.9985943057350849,0.9985943210570706,0.9985941605136343,0.9981481481481481,0.9981481481481481,0.9981481481481481,0.9988839285714286,0.9977703455964325,0.9983268265476855,0.9984350547730829,0.9984350547730829,0.9984350547730829,0.9989384288747346,1.0,0.9994689325544344,,,,,,,,,,,,,,,,,,,,,,,,
brain_mri_nd5,classification,141,0.0001534762786914885,0.9980319111548465,0.9980343036429749,0.9980319111548465,0.9980319253006025,0.9962906393192232,0.9989061474513236,0.997596679047411,0.9988716502115655,0.9957817772778402,0.9973243205182368,1.0,0.9991961414790996,0.9995979091274628,0.9980625518959314,0.9983388704318937,0.9982006920415225,0.00019391101536071116,0.9985943210570706,0.9985943057350849,0.9985943210570706,0.9985941605136343,0.9981481481481481,0.9981481481481481,0.9981481481481481,0.9988839285714286,0.9977703455964325,0.9983268265476855,0.9984350547730829,0.9984350547730829,0.9984350547730829,0.9989384288747346,1.0,0.9994689325544344,,,,,,,,,,,,,,,,,,,,,,,,
brain_mri_nd5,classification,142,0.00016060595693749433,0.9981022000421733,0.998102274928972,0.9981022000421733,0.9981019807165454,0.9982479194042926,0.9971559833734412,0.9977016526212105,0.998030388294879,0.9974690663667042,0.9977496483825598,0.9979927739863509,0.9991961414790996,0.9985940951998393,0.9980641592920354,0.9991694352159468,0.9986164914222468,0.000197824368251306,0.9988754568456565,0.9988754947391244,0.9988754568456565,0.9988753361730748,0.9990732159406858,0.9981481481481481,0.998610467809171,0.9988851727982163,0.9988851727982163,0.9988851727982163,0.9984350547730829,0.9984350547730829,0.9984350547730829,0.9989384288747346,1.0,0.9994689325544344,,,,,,,,,,,,,,,,,,,,,,,,
brain_mri_nd5,classification,143,0.0001962157565483407,0.9981724889295003,0.9981726556596986,0.9981724889295003,0.9981723825509049,0.9980293409240202,0.9971559833734412,0.9975924710002189,0.9980314960629921,0.9980314960629921,0.9980314960629921,0.9991958182549256,0.9987942122186495,0.9989949748743718,0.9977882222836605,0.9991694352159468,0.998478351085904,0.000219807892401982,0.9985943210570706,0.9985943057350849,0.9985943210570706,0.9985941605136343,0.9981481481481481,0.9981481481481481,0.9981481481481481,0.9988839285714286,0.9977703455964325,0.9983268265476855,0.9984350547730829,0.9984350547730829,0.9984350547730829,0.9989384288747346,1.0,0.9994689325544344,,,,,,,,,,,,,,,,,,,,,,,,
brain_mri_nd5,classification,144,0.00018908569086636395,0.9979616222675195,0.9979615552363462,0.9979616222675195,0.9979615680757083,0.9973741794310722,0.9971559833734412,0.9972650694672356,0.9974697779027271,0.9977502812148481,0.9976100098411359,0.9991964644435516,0.9995980707395499,0.9993972272453285,0.998338410412628,0.998062015503876,0.9982001938252804,0.00020682319719351756,0.9985943210570706,0.9985943057350849,0.9985943210570706,0.9985941605136343,0.9981481481481481,0.9981481481481481,0.9981481481481481,0.9988839285714286,0.9977703455964325,0.9983268265476855,0.9984350547730829,0.9984350547730829,0.9984350547730829,0.9989384288747346,1.0,0.9994689325544344,,,,,,,,,,,,,,,,,,,,,,,,
brain_mri_nd5,classification,145,0.00012386579476832062,0.9985239333661348,0.998524062827795,0.9985239333661348,0.9985239707628488,0.9978132516947299,0.9982498359221177,0.9980314960629921,0.9974683544303797,0.9971878515185602,0.9973280832513008,1.0,0.9995980707395499,0.9997989949748743,0.9994462901439646,0.9994462901439646,0.9994462901439646,0.00019741460683939566,0.9988754568456565,0.9988754947391244,0.9988754568456565,0.9988753361730748,0.9990732159406858,0.9981481481481481,0.998610467809171,0.9988851727982163,0.9988851727982163,0.9988851727982163,0.9984350547730829,0.9984350547730829,0.9984350547730829,0.9989384288747346,1.0,0.9994689325544344,,,,,,,,,,,,,,,,,,,,,,,,
brain_mri_nd5,classification,146,0.00019146943901277288,0.9974696000562311,0.9974730808028088,0.9974696000562311,0.9974696843006062,0.9952017448200654,0.9982498359221177,0.9967234600262124,0.9985887665819927,0.9949381327334084,0.996760107057332,0.9979919678714859,0.9987942122186495,0.9983929288871033,0.9988916597395401,0.998062015503876,0.9984766652818169,0.0001647359767012206,0.9988754568456565,0.9988754947391244,0.9988754568456565,0.9988753361730748,0.9990732159406858,0.9981481481481481,0.998610467809171,0.9988851727982163,0.9988851727982163,0.9988851727982163,0.9984350547730829,0.9984350547730829,0.9984350547730829,0.9989384288747346,1.0,0.9994689325544344,,,,,,,,,,,,,,,,,,,,,,,,
brain_mri_nd5,classification,147,0.00019115816746457538,0.9979616222675195,0.9979617341423134,0.9979616222675195,0.997961525995091,0.9980289093298291,0.996937212863706,0.997482762394659,0.9971902219724642,0.9980314960629921,0.997610681658468,0.9991964644435516,0.9995980707395499,0.9993972272453285,0.9977857735953501,0.998062015503876,0.9979238754325259,0.00020925374230801,0.9988754568456565,0.9988754947391244,0.9988754568456565,0.9988753361730748,0.9990732159406858,0.9981481481481481,0.998610467809171,0.9988851727982163,0.9988851727982163,0.9988851727982163,0.9984350547730829,0.9984350547730829,0.9984350547730829,0.9989384288747346,1.0,0.9994689325544344,,,,,,,,,,,,,,,,,,,,,,,,
brain_mri_nd5,classification,148,0.00016278616778341829,0.9982427778168271,0.9982435040427249,0.9982427778168271,0.9982428934283476,0.9982483030435735,0.9973747538831765,0.9978113372729263,0.9969101123595505,0.9980314960629921,0.9974704890387859,1.0,0.9987942122186495,0.9993967424090087,0.9983402489626556,0.9991694352159468,0.9987546699875467,0.0002081181204434888,0.9985943210570706,0.9985943057350849,0.9985943210570706,0.9985941605136343,0.9981481481481481,0.9981481481481481,0.9981481481481481,0.9988839285714286,0.9977703455964325,0.9983268265476855,0.9984350547730829,0.9984350547730829,0.9984350547730829,0.9989384288747346,1.0,0.9994689325544344,,,,,,,,,,,,,,,,,,,,,,,,
brain_mri_nd5,classification,149,0.0001752901182295596,0.9978913333801926,0.9978914896029412,0.9978913333801926,0.997891400596423,0.9973753280839895,0.9975935243929118,0.9974844143060265,0.9969066366704162,0.9969066366704162,0.9969066366704162,0.9995979091274628,0.9991961414790996,0.9993969849246231,0.9983388704318937,0.9983388704318937,0.9983388704318937,0.00019871119984736185,0.9988754568456565,0.9988754947391244,0.9988754568456565,0.9988753361730748,0.9990732159406858,0.9981481481481481,0.998610467809171,0.9988851727982163,0.9988851727982163,0.9988851727982163,0.9984350547730829,0.9984350547730829,0.9984350547730829,0.9989384288747346,1.0,0.9994689325544344,,,,,,,,,,,,,,,,,,,,,,,,
brain_mri_nd5,classification,150,0.0001596856060311856,0.9978913333801926,0.9978916779452957,0.9978913333801926,0.9978914446925634,0.9969392216878006,0.9975935243929118,0.9972662657189721,0.9977502812148481,0.9977502812148481,0.9977502812148481,0.9995979091274628,0.9991961414790996,0.9993969849246231,0.9980609418282549,0.9975083056478405,0.9977845472168374,0.0002096853884382762,0.9985943210570706,0.9985943057350849,0.9985943210570706,0.9985941605136343,0.9981481481481481,0.9981481481481481,0.9981481481481481,0.9988839285714286,0.9977703455964325,0.9983268265476855,0.9984350547730829,0.9984350547730829,0.9984350547730829,0.9989384288747346,1.0,0.9994689325544344,,,,,,,,,,,,,,,,,,,,,,,,
brain_mri_nd5,classification,151,0.00013309708800472023,0.9984536444788079,0.9984539506508693,0.9984536444788079,0.9984536178335522,0.9986859395532195,0.9975935243929118,0.9981394330743132,0.9977528089887641,0.9988751406074241,0.9983136593591906,0.9995980707395499,0.9995980707395499,0.9995980707395499,0.9980625518959314,0.9983388704318937,0.9982006920415225,0.000177911254243806,0.9988754568456565,0.9988754947391244,0.9988754568456565,0.9988753361730748,0.9990732159406858,0.9981481481481481,0.998610467809171,0.9988851727982163,0.9988851727982163,0.9988851727982163,0.9984350547730829,0.9984350547730829,0.9984350547730829,0.9989384288747346,1.0,0.9994689325544344,,,,,,,,,,,,,,,,,,,,,,,,
brain_mri_nd5,classification,152,0.00016081984685435542,0.9983130667041541,0.9983130480185836,0.9983130667041541,0.998312917082679,0.9978142076502732,0.9986873769415883,0.9982506013557839,0.9977477477477478,0.9966254218222722,0.9971862689926843,0.9987942122186495,0.9987942122186495,0.9987942122186495,0.9991694352159468,0.9991694352159468,0.9991694352159468,0.00019583848162899956,0.9988754568456565,0.9988754947391244,0.9988754568456565,0.9988753361730748,0.9990732159406858,0.9981481481481481,0.998610467809171,0.9988851727982163,0.9988851727982163,0.9988851727982163,0.9984350547730829,0.9984350547730829,0.9984350547730829,0.9989384288747346,1.0,0.9994689325544344,,,,,,,,,,,,,,,,,,,,,,,,
brain_mri_nd5,classification,153,0.00017558745997774304,0.9979616222675195,0.9979617752140484,0.9979616222675195,0.99796158870722,0.9982483030435735,0.9973747538831765,0.9978113372729263,0.9966263705369693,0.9969066366704162,0.9967664839027134,0.9991961414790996,0.9991961414790996,0.9991961414790996,0.9980636237897649,0.9988925802879292,0.9984779299847792,0.0001953831053400949,0.9985943210570706,0.9985943057350849,0.9985943210570706,0.9985941605136343,0.9981481481481481,0.9981481481481481,0.9981481481481481,0.9988839285714286,0.9977703455964325,0.9983268265476855,0.9984350547730829,0.9984350547730829,0.9984350547730829,0.9989384288747346,1.0,0.9994689325544344,,,,,,,,,,,,,,,,,,,,,,,,
brain_mri_nd5,classification,154,0.0001878236278373727,0.9977507556055387,0.9977519103099938,0.9977507556055387,0.9977507690195047,0.9982463831652784,0.9962809013345001,0.9972626738202124,0.9957900645523435,0.9977502812148481,0.9967692091585897,0.9991964644435516,0.9995980707395499,0.9993972272453285,0.9980625518959314,0.9983388704318937,0.9982006920415225,0.00021476860070168685,0.9985943210570706,0.9985943057350849,0.9985943210570706,0.9985941605136343,0.9981481481481481,0.9981481481481481,0.9981481481481481,0.9988839285714286,0.9977703455964325,0.9983268265476855,0.9984350547730829,0.9984350547730829,0.9984350547730829,0.9989384288747346,1.0,0.9994689325544344,,,,,,,,,,,,,,,,,,,,,,,,
brain_mri_nd5,classification,155,0.00018859223936835832,0.9980319111548465,0.9980320881398522,0.9980319111548465,0.9980318265787835,0.9978118161925602,0.9975935243929118,0.9977026583524778,0.998030388294879,0.9974690663667042,0.9977496483825598,0.998793242156074,0.9979903536977492,0.9983916365098512,0.9977882222836605,0.9991694352159468,0.998478351085904,0.00020047454130540422,0.9985943210570706,0.9985943057350849,0.9985943210570706,0.9985941605136343,0.9981481481481481,0.9981481481481481,0.9981481481481481,0.9988839285714286,0.9977703455964325,0.9983268265476855,0.9984350547730829,0.9984350547730829,0.9984350547730829,0.9989384288747346,1.0,0.9994689325544344,,,,,,,,,,,,,,,,,,,,,,,,
brain_mri_nd5,classification,156,0.00015180388867593722,0.9984536444788079,0.9984537795760001,0.9984536444788079,0.9984536337464442,0.9982509838216004,0.9989061474513236,0.9985784581738655,0.9977502812148481,0.9977502812148481,0.9977502812148481,0.9991961414790996,0.9991961414790996,0.9991961414790996,0.9988916597395401,0.998062015503876,0.9984766652818169,0.0001965922790405106,0.9985943210570706,0.9985943057350849,0.9985943210570706,0.9985941605136343,0.9981481481481481,0.9981481481481481,0.9981481481481481,0.9988839285714286,0.9977703455964325,0.9983268265476855,0.9984350547730829,0.9984350547730829,0.9984350547730829,0.9989384288747346,1.0,0.9994689325544344,,,,,,,,,,,,,,,,,,,,,,,,
brain_mri_nd5,classification,157,0.00022356889350531907,0.9976101778308849,0.9976105814781476,0.9976101778308849,0.9976101287517286,0.9975929978118162,0.9973747538831765,0.9974838639098567,0.9969040247678018,0.9960629921259843,0.9964833309888873,0.999597747385358,0.9987942122186495,0.9991958182549256,0.9969596462133775,0.9986157253599114,0.9977869986168741,0.00020744137863077167,0.9985943210570706,0.9985943057350849,0.9985943210570706,0.9985941605136343,0.9981481481481481,0.9981481481481481,0.9981481481481481,0.9988839285714286,0.9977703455964325,0.9983268265476855,0.9984350547730829,0.9984350547730829,0.9984350547730829,0.9989384288747346,1.0,0.9994689325544344,,,,,,,,,,,,,,,,,,,,,,,,
brain_mri_nd5,classification,158,0.000269758053654948,0.9973993111689042,0.9973992514774073,0.9973993111689042,0.9973992726367171,0.9969365426695842,0.9967184423539707,0.9968274805819932,0.9960629921259843,0.9960629921259843,0.9960629921259843,0.9995980707395499,0.9995980707395499,0.9995980707395499,0.9977857735953501,0.998062015503876,0.9979238754325259,0.00021235829182953455,0.9988754568456565,0.9988754947391244,0.9988754568456565,0.9988753361730748,0.9990732159406858,0.9981481481481481,0.998610467809171,0.9988851727982163,0.9988851727982163,0.9988851727982163,0.9984350547730829,0.9984350547730829,0.9984350547730829,0.9989384288747346,1.0,0.9994689325544344,,,,,,,,,,,,,,,,,,,,,,,,
brain_mri_nd5,classification,159,0.0001667258733301265,0.9985239333661348,0.9985242661817443,0.9985239333661348,0.9985240118118074,0.9980310654123824,0.9980310654123824,0.9980310654123824,0.9980320494798988,0.9983127109111362,0.9981723604667511,1.0,0.9987942122186495,0.9993967424090087,0.9986164914222468,0.9991694352159468,0.9988928867976751,0.0002037896098257306,0.9985943210570706,0.9985943057350849,0.9985943210570706,0.9985941605136343,0.9981481481481481,0.9981481481481481,0.9981481481481481,0.9988839285714286,0.9977703455964325,0.9983268265476855,0.9984350547730829,0.9984350547730829,0.9984350547730829,0.9989384288747346,1.0,0.9994689325544344,,,,,,,,,,,,,,,,,,,,,,,,
brain_mri_nd5,classification,160,0.0002578647717411769,0.9974696000562311,0.9974715795692229,0.9974696000562311,0.9974694973559451,0.9960698689956332,0.9980310654123824,0.9970495027865807,0.9983074753173484,0.9952193475815523,0.9967610195747078,0.999195171026157,0.9979903536977492,0.9985923989543535,0.9972352778545757,0.9986157253599114,0.997925024208051,0.00019393856245208453,0.9985943210570706,0.9985943057350849,0.9985943210570706,0.9985941605136343,0.9981481481481481,0.9981481481481481,0.9981481481481481,0.9988839285714286,0.9977703455964325,0.9983268265476855,0.9984350547730829,0.9984350547730829,0.9984350547730829,0.9989384288747346,1.0,0.9994689325544344,,,,,,,,,,,,,,,,,,,,,,,,
brain_mri_nd5,classification,161,0.00019859866110545017,0.997539888943558,0.9975399323193173,0.997539888943558,0.9975398756039898,0.9969358721820968,0.9964996718442354,0.9967177242888403,0.9966273187183811,0.9971878515185602,0.9969075063255552,0.9995980707395499,0.9995980707395499,0.9995980707395499,0.9977851605758582,0.9977851605758582,0.9977851605758582,0.0002049466078353983,0.9985943210570706,0.9985943057350849,0.9985943210570706,0.9985941605136343,0.9981481481481481,0.9981481481481481,0.9981481481481481,0.9988839285714286,0.9977703455964325,0.9983268265476855,0.9984350547730829,0.9984350547730829,0.9984350547730829,0.9989384288747346,1.0,0.9994689325544344,,,,,,,,,,,,,,,,,,,,,,,,
brain_mri_nd5,classification,162,0.0001806398581501363,0.9980319111548465,0.9980327266772114,0.9980319111548465,0.9980321494965617,0.9975919439579685,0.996937212863706,0.9972644709486814,0.9960685200786296,0.9974690663667042,0.996768301250527,1.0,0.9995980707395499,0.9997989949748743,0.999169205206314,0.9988925802879292,0.9990308735982278,0.00019226465726351536,0.9985943210570706,0.9985943057350849,0.9985943210570706,0.9985941605136343,0.9981481481481481,0.9981481481481481,0.9981481481481481,0.9988839285714286,0.9977703455964325,0.9983268265476855,0.9984350547730829,0.9984350547730829,0.9984350547730829,0.9989384288747346,1.0,0.9994689325544344,,,,,,,,,,,,,,,,,,,,,,,,
brain_mri_nd5,classification,163,0.00020917988162226912,0.9979616222675195,0.9979624403257075,0.9979616222675195,0.9979611681797377,0.9969418960244648,0.998468606431853,0.9977046671767407,0.9983074753173484,0.9952193475815523,0.9967610195747078,0.9995980707395499,0.9995980707395499,0.9995980707395499,0.9977876106194691,0.9988925802879292,0.9983397897066962,0.00020729876812487812,0.9985943210570706,0.9985943057350849,0.9985943210570706,0.9985941605136343,0.9981481481481481,0.9981481481481481,0.9981481481481481,0.9988839285714286,0.9977703455964325,0.9983268265476855,0.9984350547730829,0.9984350547730829,0.9984350547730829,0.9989384288747346,1.0,0.9994689325544344,,,,,,,,,,,,,,,,,,,,,,,,
brain_mri_nd5,classification,164,0.0002588905356553471,0.9978210444928657,0.9978226746265597,0.9978210444928657,0.9978210439581332,0.9960707269155207,0.9982498359221177,0.9971590909090909,0.9980265012686778,0.9955005624296963,0.9967619315782064,1.0,0.9991961414790996,0.9995979091274628,0.9983393301965126,0.9986157253599114,0.998477508650519,0.00018516197129686646,0.9985943210570706,0.9985943057350849,0.9985943210570706,0.9985941605136343,0.9981481481481481,0.9981481481481481,0.9981481481481481,0.9988839285714286,0.9977703455964325,0.9983268265476855,0.9984350547730829,0.9984350547730829,0.9984350547730829,0.9989384288747346,1.0,0.9994689325544344,,,,,,,,,,,,,,,,,,,,,,,,
brain_mri_nd5,classification,165,0.0001988155954578368,0.9976101778308849,0.9976100892794117,0.9976101778308849,0.9976101216390694,0.996937212863706,0.996937212863706,0.996937212863706,0.9963442069741283,0.9963442069741283,0.9963442069741283,0.9995982322217758,1.0,0.9997990757484428,0.998338410412628,0.998062015503876,0.9982001938252804,0.00018346149883800443,0.9988754568456565,0.9988754947391244,0.9988754568456565,0.9988753361730748,0.9990732159406858,0.9981481481481481,0.998610467809171,0.9988851727982163,0.9988851727982163,0.9988851727982163,0.9984350547730829,0.9984350547730829,0.9984350547730829,0.9989384288747346,1.0,0.9994689325544344,,,,,,,,,,,,,,,,,,,,,,,,
brain_mri_nd5,classification,166,0.00018101824260033833,0.9977507556055387,0.9977511070194236,0.9977507556055387,0.9977508943630095,0.9969378827646544,0.9971559833734412,0.9970469211418571,0.9969066366704162,0.9969066366704162,0.9969066366704162,1.0,0.9991961414790996,0.9995979091274628,0.9980625518959314,0.9983388704318937,0.9982006920415225,0.00022153684041130976,0.9985943210570706,0.9985943057350849,0.9985943210570706,0.9985941605136343,0.9981481481481481,0.9981481481481481,0.9981481481481481,0.9988839285714286,0.9977703455964325,0.9983268265476855,0.9984350547730829,0.9984350547730829,0.9984350547730829,0.9989384288747346,1.0,0.9994689325544344,,,,,,,,,,,,,,,,,,,,,,,,
brain_mri_nd5,classification,167,0.00018470059775126072,0.9981724889295003,0.9981723949579518,0.9981724889295003,0.9981724137549928,0.9975929978118162,0.9973747538831765,0.9974838639098567,0.9977496483825598,0.9974690663667042,0.9976093376459008,0.9995980707395499,0.9995980707395499,0.9995980707395499,0.9983397897066962,0.9988925802879292,0.9986161084970938,0.00019711528995056926,0.9985943210570706,0.9985943057350849,0.9985943210570706,0.9985941605136343,0.9981481481481481,0.9981481481481481,0.9981481481481481,0.9988839285714286,0.9977703455964325,0.9983268265476855,0.9984350547730829,0.9984350547730829,0.9984350547730829,0.9989384288747346,1.0,0.9994689325544344,,,,,,,,,,,,,,,,,,,,,,,,
brain_mri_nd5,classification,168,0.00020035252374067452,0.9980319111548465,0.9980322989253811,0.9980319111548465,0.9980319139907176,0.9982479194042926,0.9971559833734412,0.9977016526212105,0.9969092441697106,0.9977502812148481,0.9973295853829937,0.9991958182549256,0.9987942122186495,0.9989949748743718,0.9980636237897649,0.9988925802879292,0.9984779299847792,0.0002136438125773242,0.9985943210570706,0.9985943057350849,0.9985943210570706,0.9985941605136343,0.9981481481481481,0.9981481481481481,0.9981481481481481,0.9988839285714286,0.9977703455964325,0.9983268265476855,0.9984350547730829,0.9984350547730829,0.9984350547730829,0.9989384288747346,1.0,0.9994689325544344,,,,,,,,,,,,,,,,,,,,,,,,
brain_mri_nd5,classification,169,0.00020877694748847248,0.9972587333942504,0.9972586737370206,0.9972587333942504,0.9972584386490014,0.9971528690319754,0.9960621308247648,0.9966072014884535,0.9969048958919527,0.9963442069741283,0.9966244725738397,0.9991967871485944,1.0,0.9995982322217758,0.9964058612109483,0.9977851605758582,0.9970950338912713,0.00020352254997647943,0.9985943210570706,0.9985943057350849,0.9985943210570706,0.9985941605136343,0.9981481481481481,0.9981481481481481,0.9981481481481481,0.9988839285714286,0.9977703455964325,0.9983268265476855,0.9984350547730829,0.9984350547730829,0.9984350547730829,0.9989384288747346,1.0,0.9994689325544344,,,,,,,,,,,,,,,,,,,,,,,,
brain_mri_nd5,classification,170,0.00016282063193553305,0.9985942222534617,0.9985944572284241,0.9985942222534617,0.9985942784239625,0.9978137297770004,0.998468606431853,0.9981410606889011,0.9985931344963421,0.9980314960629921,0.9983122362869198,0.9995979091274628,0.9991961414790996,0.9993969849246231,0.9988925802879292,0.9988925802879292,0.9988925802879292,0.00020358141745058814,0.9985943210570706,0.9985943057350849,0.9985943210570706,0.9985941605136343,0.9981481481481481,0.9981481481481481,0.9981481481481481,0.9988839285714286,0.9977703455964325,0.9983268265476855,0.9984350547730829,0.9984350547730829,0.9984350547730829,0.9989384288747346,1.0,0.9994689325544344,,,,,,,,,,,,,,,,,,,,,,,,
brain_mri_nd5,classification,171,0.0002482408217315766,0.9974696000562311,0.9974705877881606,0.9974696000562311,0.9974698631966211,0.9978098992553658,0.9967184423539707,0.9972638721681077,0.9952260600954788,0.9966254218222722,0.9959252494028382,0.9991958182549256,0.9987942122186495,0.9989949748743718,0.9980625518959314,0.9983388704318937,0.9982006920415225,0.00020306707075838076,0.9988754568456565,0.9988754947391244,0.9988754568456565,0.9988753361730748,0.9990732159406858,0.9981481481481481,0.998610467809171,0.9988851727982163,0.9988851727982163,0.9988851727982163,0.9984350547730829,0.9984350547730829,0.9984350547730829,0.9989384288747346,1.0,0.9994689325544344,,,,,,,,,,,,,,,,,,,,,,,,
brain_mri_nd5,classification,172,0.0001929056667101577,0.9973290222815773,0.9973314368747973,0.9973290222815773,0.9973296015710713,0.9951965065502183,0.9971559833734412,0.996175281390012,0.9966254218222722,0.9966254218222722,0.9966254218222722,1.0,0.9995980707395499,0.9997989949748743,0.9988901220865705,0.9966777408637874,0.9977827050997783,0.00021187072787486164,0.9985943210570706,0.9985943057350849,0.9985943210570706,0.9985941605136343,0.9981481481481481,0.9981481481481481,0.9981481481481481,0.9988839285714286,0.9977703455964325,0.9983268265476855,0.9984350547730829,0.9984350547730829,0.9984350547730829,0.9989384288747346,1.0,0.9994689325544344,,,,,,,,,,,,,,,,,,,,,,,,
brain_mri_nd5,classification,173,0.00018581612579678743,0.9978913333801926,0.997892343917826,0.9978913333801926,0.9978913976036079,0.9982471516213848,0.9967184423539707,0.9974822112753148,0.9960707269155207,0.9980314960629921,0.9970501474926253,0.9991964644435516,0.9995980707395499,0.9993972272453285,0.998338410412628,0.998062015503876,0.9982001938252804,0.0002181249525291276,0.9985943210570706,0.9985943057350849,0.9985943210570706,0.9985941605136343,0.9981481481481481,0.9981481481481481,0.9981481481481481,0.9988839285714286,0.9977703455964325,0.9983268265476855,0.9984350547730829,0.9984350547730829,0.9984350547730829,0.9989384288747346,1.0,0.9994689325544344,,,,,,,,,,,,,,,,,,,,,,,,
brain_mri_nd5,classification,174,0.00018167448077957668,0.9981724889295003,0.9981727433686239,0.9981724889295003,0.998172195741755,0.9978127734033246,0.9980310654123824,0.9979219074701958,0.9983093829247676,0.9963442069741283,0.9973258268824772,0.9991961414790996,0.9991961414790996,0.9991961414790996,0.9977888336097291,0.9994462901439646,0.9986168741355463,0.0001969233481629629,0.9988754568456565,0.9988754947391244,0.9988754568456565,0.9988753361730748,0.9990732159406858,0.9981481481481481,0.998610467809171,0.9988851727982163,0.9988851727982163,0.9988851727982163,0.9984350547730829,0.9984350547730829,0.9984350547730829,0.9989384288747346,1.0,0.9994689325544344,,,,,,,,,,,,,,,,,,,,,,,,
brain_mri_nd5,classification,175,0.00020523148484797457,0.9976804667182119,0.9976810032615808,0.9976804667182119,0.9976805304720368,0.9973747538831765,0.9973747538831765,0.9973747538831765,0.9969048958919527,0.9963442069741283,0.9966244725738397,1.0,0.9987942122186495,0.9993967424090087,0.9972352778545757,0.9986157253599114,0.997925024208051,0.00020311125578510044,0.9985943210570706,0.9985943057350849,0.9985943210570706,0.9985941605136343,0.9981481481481481,0.9981481481481481,0.9981481481481481,0.9988839285714286,0.9977703455964325,0.9983268265476855,0.9984350547730829,0.9984350547730829,0.9984350547730829,0.9989384288747346,1.0,0.9994689325544344,,,,,,,,,,,,,,,,,,,,,,,,
brain_mri_nd5,classification,176,0.00020679685362216937,0.9978913333801926,0.9978912540121632,0.9978913333801926,0.9978911800348074,0.9971572272031489,0.9975935243929118,0.9973753280839895,0.9974662162162162,0.9963442069741283,0.9969048958919527,0.9991961414790996,0.9991961414790996,0.9991961414790996,0.9983397897066962,0.9988925802879292,0.9986161084970938,0.00020346260319388084,0.9985943210570706,0.9985943057350849,0.9985943210570706,0.9985941605136343,0.9981481481481481,0.9981481481481481,0.9981481481481481,0.9988839285714286,0.9977703455964325,0.9983268265476855,0.9984350547730829,0.9984350547730829,0.9984350547730829,0.9989384288747346,1.0,0.9994689325544344,,,,,,,,,,,,,,,,,,,,,,,,
brain_mri_nd5,classification,177,0.0002154538244719373,0.9972587333942504,0.9972611195478408,0.9972587333942504,0.9972589105636145,0.9952006980802792,0.9980310654123824,0.9966138722009831,0.9971823048746126,0.9952193475815523,0.9961998592540464,0.9995979091274628,0.9991961414790996,0.9993969849246231,0.9983365677848628,0.9969545957918051,0.9976451031998892,0.00021947642056346697,0.9985943210570706,0.9985943057350849,0.9985943210570706,0.9985941605136343,0.9981481481481481,0.9981481481481481,0.9981481481481481,0.9988839285714286,0.9977703455964325,0.9983268265476855,0.9984350547730829,0.9984350547730829,0.9984350547730829,0.9989384288747346,1.0,0.9994689325544344,,,,,,,,,,,,,,,,,,,,,,,,
brain_mri_nd5,classification,178,0.00017715581429430326,0.9981022000421733,0.9981027037225646,0.9981022000421733,0.9981023127443247,0.9973770491803279,0.9982498359221177,0.9978132516947299,0.9971878515185602,0.9971878515185602,0.9971878515185602,0.9991961414790996,0.9991961414790996,0.9991961414790996,0.9991685144124168,0.998062015503876,0.9986149584487535,0.0001927790449976477,0.9988754568456565,0.9988754947391244,0.9988754568456565,0.9988753361730748,0.9990732159406858,0.9981481481481481,0.998610467809171,0.9988851727982163,0.9988851727982163,0.9988851727982163,0.9984350547730829,0.9984350547730829,0.9984350547730829,0.9989384288747346,1.0,0.9994689325544344,,,,,,,,,,,,,,,,,,,,,,,,
brain_mri_nd5,classification,179,0.0001543608031823837,0.998383355591481,0.9983835993514304,0.998383355591481,0.9983833180335989,0.9986859395532195,0.9975935243929118,0.9981394330743132,0.9974704890387859,0.9980314960629921,0.9977509136913129,0.9991961414790996,0.9991961414790996,0.9991961414790996,0.9983402489626556,0.9991694352159468,0.9987546699875467,0.0002068561545799421,0.9985943210570706,0.9985943057350849,0.9985943210570706,0.9985941605136343,0.9981481481481481,0.9981481481481481,0.9981481481481481,0.9988839285714286,0.9977703455964325,0.9983268265476855,0.9984350547730829,0.9984350547730829,0.9984350547730829,0.9989384288747346,1.0,0.9994689325544344,,,,,,,,,,,,,,,,,,,,,,,,
brain_mri_nd5,classification,180,0.00017309512894655508,0.9980319111548465,0.9980318446807884,0.9980319111548465,0.998031789843421,0.9973747538831765,0.9973747538831765,0.9973747538831765,0.9977483816493105,0.9969066366704162,0.9973273315515544,0.9995980707395499,0.9995980707395499,0.9995980707395499,0.9980636237897649,0.9988925802879292,0.9984779299847792,0.0001808095160869963,0.9988754568456565,0.9988754947391244,0.9988754568456565,0.9988753361730748,0.9990732159406858,0.9981481481481481,0.998610467809171,0.9988851727982163,0.9988851727982163,0.9988851727982163,0.9984350547730829,0.9984350547730829,0.9984350547730829,0.9989384288747346,1.0,0.9994689325544344,,,,,,,,,,,,,,,,,,,,,,,,
brain_mri_nd5,classification,181,0.00017861251969574375,0.9981022000421733,0.9981030418268405,0.9981022000421733,0.9981022595232258,0.9984676007005254,0.9978122949026471,0.9981398402451034,0.9963503649635036,0.9980314960629921,0.9971902219724642,0.9991967871485944,1.0,0.9995982322217758,0.9986138064873856,0.9972314507198228,0.9979221498822551,0.00020099993276262288,0.9985943210570706,0.9985943057350849,0.9985943210570706,0.9985941605136343,0.9981481481481481,0.9981481481481481,0.9981481481481481,0.9988839285714286,0.9977703455964325,0.9983268265476855,0.9984350547730829,0.9984350547730829,0.9984350547730829,0.9989384288747346,1.0,0.9994689325544344,,,,,,,,,,,,,,,,,,,,,,,,
brain_mri_nd5,classification,182,0.00014655785923315523,0.9985239333661348,0.9985240306383288,0.9985239333661348,0.9985239700804707,0.9982498359221177,0.9982498359221177,0.9982498359221177,0.9977502812148481,0.9977502812148481,0.9977502812148481,1.0,0.9995980707395499,0.9997989949748743,0.9986161084970938,0.9988925802879292,0.9987543252595156,0.0002101798215141802,0.9985943210570706,0.9985943057350849,0.9985943210570706,0.9985941605136343,0.9981481481481481,0.9981481481481481,0.9981481481481481,0.9988839285714286,0.9977703455964325,0.9983268265476855,0.9984350547730829,0.9984350547730829,0.9984350547730829,0.9989384288747346,1.0,0.9994689325544344,,,,,,,,,,,,,,,,,,,,,,,,
brain_mri_nd5,classification,183,0.00017422021823181692,0.9982427778168271,0.9982432298828775,0.9982427778168271,0.9982429164975495,0.9973764757324005,0.9980310654123824,0.9977036632039366,0.9983117613956106,0.9977502812148481,0.9980309423347398,1.0,0.9991961414790996,0.9995979091274628,0.9980625518959314,0.9983388704318937,0.9982006920415225,0.00020470533816247907,0.9988754568456565,0.9988754947391244,0.9988754568456565,0.9988753361730748,0.9990732159406858,0.9981481481481481,0.998610467809171,0.9988851727982163,0.9988851727982163,0.9988851727982163,0.9984350547730829,0.9984350547730829,0.9984350547730829,0.9989384288747346,1.0,0.9994689325544344,,,,,,,,,,,,,,,,,,,,,,,,
brain_mri_nd5,classification,184,0.0001535408874549305,0.998383355591481,0.9983835420709121,0.998383355591481,0.9983831518453097,0.9978137297770004,0.998468606431853,0.9981410606889011,0.9983098591549295,0.9966254218222722,0.9974669293554742,0.9995979091274628,0.9991961414790996,0.9993969849246231,0.9983407079646017,0.9994462901439646,0.9988931931377975,0.0002032676713333181,0.9985943210570706,0.9985943057350849,0.9985943210570706,0.9985941605136343,0.9981481481481481,0.9981481481481481,0.9981481481481481,0.9988839285714286,0.9977703455964325,0.9983268265476855,0.9984350547730829,0.9984350547730829,0.9984350547730829,0.9989384288747346,1.0,0.9994689325544344,,,,,,,,,,,,,,,,,,,,,,,,
brain_mri_nd5,classification,185,0.00015651534287345478,0.9978210444928657,0.9978209494022442,0.9978210444928657,0.9978209696308539,0.9971547384548041,0.9967184423539707,0.9969365426695842,0.9960640989597975,0.9963442069741283,0.9962041332770982,0.9995982322217758,1.0,0.9997990757484428,0.9991694352159468,0.9991694352159468,0.9991694352159468,0.0002004070613931136,0.9988754568456565,0.9988754947391244,0.9988754568456565,0.9988753361730748,0.9990732159406858,0.9981481481481481,0.998610467809171,0.9988851727982163,0.9988851727982163,0.9988851727982163,0.9984350547730829,0.9984350547730829,0.9984350547730829,0.9989384288747346,1.0,0.9994689325544344,,,,,,,,,,,,,,,,,,,,,,,,
brain_mri_nd5,classification,186,0.00020746085603449545,0.9978913333801926,0.997892683016071,0.9978913333801926,0.997891530969391,0.9962865880297073,0.9978122949026471,0.9970488577986665,0.9985911524373062,0.9966254218222722,0.9976073187895848,0.999597747385358,0.9987942122186495,0.9991958182549256,0.9980630879911455,0.9986157253599114,0.9983393301965126,0.00019591464868374517,0.9988754568456565,0.9988754947391244,0.9988754568456565,0.9988753361730748,0.9990732159406858,0.9981481481481481,0.998610467809171,0.9988851727982163,0.9988851727982163,0.9988851727982163,0.9984350547730829,0.9984350547730829,0.9984350547730829,0.9989384288747346,1.0,0.9994689325544344,,,,,,,,,,,,,,,,,,,,,,,,
brain_mri_nd5,classification,187,0.00018193284518903334,0.9981022000421733,0.9981029817371203,0.9981022000421733,0.9981023369196059,0.9971578487101006,0.9978122949026471,0.9974849644614543,0.9974711997752178,0.9983127109111362,0.9978917779339423,0.9991961414790996,0.9991961414790996,0.9991961414790996,0.9991680532445923,0.9975083056478405,0.99833748960931,0.00020501414415452962,0.9988754568456565,0.9988754947391244,0.9988754568456565,0.9988753361730748,0.9990732159406858,0.9981481481481481,0.998610467809171,0.9988851727982163,0.9988851727982163,0.9988851727982163,0.9984350547730829,0.9984350547730829,0.9984350547730829,0.9989384288747346,1.0,0.9994689325544344,,,,,,,,,,,,,,,,,,,,,,,,
brain_mri_nd5,classification,188,0.0002005565045451562,0.9976101778308849,0.9976099967037506,0.9976101778308849,0.9976099557042637,0.9975924710002189,0.9971559833734412,0.9973741794310722,0.9971854770616381,0.9963442069741283,0.9967646645097763,0.9983935742971888,0.9991961414790996,0.9987946966653274,0.9975103734439834,0.9983388704318937,0.9979244499792445,0.00021289649713940464,0.9985943210570706,0.9985943057350849,0.9985943210570706,0.9985941605136343,0.9981481481481481,0.9981481481481481,0.9981481481481481,0.9988839285714286,0.9977703455964325,0.9983268265476855,0.9984350547730829,0.9984350547730829,0.9984350547730829,0.9989384288747346,1.0,0.9994689325544344,,,,,,,,,,,,,,,,,,,,,,,,
brain_mri_nd5,classification,189,0.0001320365681355084,0.9985239333661348,0.998524652704538,0.9985239333661348,0.9985240696594601,0.9982490698183409,0.9978122949026471,0.9980306345733042,0.997191800056164,0.9985939257592801,0.9978923703807784,0.9991964644435516,0.9995980707395499,0.9993972272453285,0.9997228381374723,0.9986157253599114,0.9991689750692521,0.00020451227201579418,0.9985943210570706,0.9985943057350849,0.9985943210570706,0.9985941605136343,0.9981481481481481,0.9981481481481481,0.9981481481481481,0.9988839285714286,0.9977703455964325,0.9983268265476855,0.9984350547730829,0.9984350547730829,0.9984350547730829,0.9989384288747346,1.0,0.9994689325544344,,,,,,,,,,,,,,,,,,,,,,,,
brain_mri_nd5,classification,190,0.00017945606275405161,0.9981022000421733,0.9981030189965913,0.9981022000421733,0.9981019536962215,0.9971597116014856,0.998468606431853,0.9978137297770004,0.9988722864392444,0.9963442069741283,0.9976066450795439,0.9983948635634029,1.0,0.9991967871485944,0.998338410412628,0.998062015503876,0.9982001938252804,0.00021781500960622776,0.9985943210570706,0.9985943057350849,0.9985943210570706,0.9985941605136343,0.9981481481481481,0.9981481481481481,0.9981481481481481,0.9988839285714286,0.9977703455964325,0.9983268265476855,0.9984350547730829,0.9984350547730829,0.9984350547730829,0.9989384288747346,1.0,0.9994689325544344,,,,,,,,,,,,,,,,,,,,,,,,
brain_mri_nd5,classification,191,0.00020528742330094433,0.9980319111548465,0.9980325259689454,0.9980319111548465,0.9980318461746338,0.9982471516213848,0.9967184423539707,0.9974822112753148,0.9966311061201573,0.9983127109111362,0.9974711997752178,0.9991964644435516,0.9995980707395499,0.9993972272453285,0.9983388704318937,0.9983388704318937,0.9983388704318937,0.0001959230763036512,0.9985943210570706,0.9985943057350849,0.9985943210570706,0.9985941605136343,0.9981481481481481,0.9981481481481481,0.9981481481481481,0.9988839285714286,0.9977703455964325,0.9983268265476855,0.9984350547730829,0.9984350547730829,0.9984350547730829,0.9989384288747346,1.0,0.9994689325544344,,,,,,,,,,,,,,,,,,,,,,,,
brain_mri_nd5,classification,192,0.00021070613485410926,0.9978210444928657,0.9978218669950063,0.9978210444928657,0.9978210437062064,0.9965057872898012,0.9982498359221177,0.9973770491803279,0.997747113489158,0.9963442069741283,0.9970451667370198,0.9995980707395499,0.9995980707395499,0.9995980707395499,0.99833748960931,0.9975083056478405,0.9979227253842958,0.00021154173861796276,0.9985943210570706,0.9985943057350849,0.9985943210570706,0.9985941605136343,0.9981481481481481,0.9981481481481481,0.9981481481481481,0.9988839285714286,0.9977703455964325,0.9983268265476855,0.9984350547730829,0.9984350547730829,0.9984350547730829,0.9989384288747346,1.0,0.9994689325544344,,,,,,,,,,,,,,,,,,,,,,,,
brain_mri_nd5,classification,193,0.00020142694546633472,0.998383355591481,0.998383767626477,0.998383355591481,0.998383305991048,0.9982494529540481,0.9980310654123824,0.9981402472377202,0.998873556744579,0.9974690663667042,0.9981708175038694,0.9991964644435516,0.9995980707395499,0.9993972272453285,0.9975117500691181,0.9988925802879292,0.9982016876469775,0.00019783729272039648,0.9988754568456565,0.9988754947391244,0.9988754568456565,0.9988753361730748,0.9990732159406858,0.9981481481481481,0.998610467809171,0.9988851727982163,0.9988851727982163,0.9988851727982163,0.9984350547730829,0.9984350547730829,0.9984350547730829,0.9989384288747346,1.0,0.9994689325544344,,,,,,,,,,,,,,,,,,,,,,,,
brain_mri_nd5,classification,194,0.0001800816035090799,0.9973993111689042,0.9974000688694256,0.9973993111689042,0.9973992549378679,0.9962865880297073,0.9978122949026471,0.9970488577986665,0.9971854770616381,0.9963442069741283,0.9967646645097763,0.9983935742971888,0.9991961414790996,0.9987946966653274,0.9983361064891847,0.9966777408637874,0.9975062344139651,0.00023423113140388582,0.9985943210570706,0.9985943057350849,0.9985943210570706,0.9985941605136343,0.9981481481481481,0.9981481481481481,0.9981481481481481,0.9988839285714286,0.9977703455964325,0.9983268265476855,0.9984350547730829,0.9984350547730829,0.9984350547730829,0.9989384288747346,1.0,0.9994689325544344,,,,,,,,,,,,,,,,,,,,,,,,
brain_mri_nd5,classification,195,0.00014598223252487117,0.9982427778168271,0.9982427852429491,0.9982427778168271,0.9982427147349994,0.9975945768642029,0.9980310654123824,0.9978127734033246,0.9980298339431466,0.9971878515185602,0.9976086650724434,0.9987946966653274,0.9991961414790996,0.9989953787422142,0.9988925802879292,0.9988925802879292,0.9988925802879292,0.00020446658307887768,0.9985943210570706,0.9985943057350849,0.9985943210570706,0.9985941605136343,0.9981481481481481,0.9981481481481481,0.9981481481481481,0.9988839285714286,0.9977703455964325,0.9983268265476855,0.9984350547730829,0.9984350547730829,0.9984350547730829,0.9989384288747346,1.0,0.9994689325544344,,,,,,,,,,,,,,,,,,,,,,,,
brain_mri_nd5,classification,196,0.0001695428975840877,0.9981022000421733,0.9981043165068512,0.9981022000421733,0.9981022679956608,0.99628982976866,0.9986873769415883,0.9974871626789031,0.9988719684151156,0.9960629921259843,0.9974655026753028,0.999597747385358,0.9987942122186495,0.9991958182549256,0.9986161084970938,0.9988925802879292,0.9987543252595156,0.00021023624351834973,0.9985943210570706,0.9985943057350849,0.9985943210570706,0.9985941605136343,0.9981481481481481,0.9981481481481481,0.9981481481481481,0.9988839285714286,0.9977703455964325,0.9983268265476855,0.9984350547730829,0.9984350547730829,0.9984350547730829,0.9989384288747346,1.0,0.9994689325544344,,,,,,,,,,,,,,,,,,,,,,,,
brain_mri_nd5,classification,197,0.00019513442039722115,0.9978913333801926,0.9978917958273849,0.9978913333801926,0.9978911800971378,0.9965042604325978,0.9978122949026471,0.9971578487101006,0.99774584389969,0.9957817772778402,0.9967628430682618,0.9995980707395499,0.9995980707395499,0.9995980707395499,0.9986161084970938,0.9988925802879292,0.9987543252595156,0.00020273605440856583,0.9988754568456565,0.9988754947391244,0.9988754568456565,0.9988753361730748,0.9990732159406858,0.9981481481481481,0.998610467809171,0.9988851727982163,0.9988851727982163,0.9988851727982163,0.9984350547730829,0.9984350547730829,0.9984350547730829,0.9989384288747346,1.0,0.9994689325544344,,,,,,,,,,,,,,,,,,,,,,,,
brain_mri_nd5,classification,198,0.00018930492637774893,0.998383355591481,0.9983833136949618,0.998383355591481,0.9983832163128143,0.9980323567993004,0.9986873769415883,0.9983597594313832,0.9980292792792793,0.9969066366704162,0.9974676420934159,0.9991961414790996,0.9991961414790996,0.9991961414790996,0.9986161084970938,0.9988925802879292,0.9987543252595156,0.00018238195744917665,0.9985943210570706,0.9985943057350849,0.9985943210570706,0.9985941605136343,0.9981481481481481,0.9981481481481481,0.9981481481481481,0.9988839285714286,0.9977703455964325,0.9983268265476855,0.9984350547730829,0.9984350547730829,0.9984350547730829,0.9989384288747346,1.0,0.9994689325544344,,,,,,,,,,,,,,,,,,,,,,,,
brain_mri_nd5,classification,199,0.00016526310758584764,0.9977507556055387,0.9977506821419407,0.9977507556055387,0.9977505924516431,0.9967191601049868,0.996937212863706,0.9968281745597725,0.9974662162162162,0.9963442069741283,0.9969048958919527,0.9995980707395499,0.9995980707395499,0.9995980707395499,0.9980636237897649,0.9988925802879292,0.9984779299847792,0.00021270760935829838,0.9985943210570706,0.9985943057350849,0.9985943210570706,0.9985941605136343,0.9981481481481481,0.9981481481481481,0.9981481481481481,0.9988839285714286,0.9977703455964325,0.9983268265476855,0.9984350547730829,0.9984350547730829,0.9984350547730829,0.9989384288747346,1.0,0.9994689325544344,,,,,,,,,,,,,,,,,,,,,,,,
brain_mri_nd5,classification,200,0.0001410166045820483,0.9983130667041541,0.9983133783242919,0.9983130667041541,0.9983131691342627,0.9978132516947299,0.9982498359221177,0.9980314960629921,0.9977509136913129,0.9980314960629921,0.9978911851539435,0.999597747385358,0.9987942122186495,0.9991958182549256,0.9986153420105234,0.9983388704318937,0.9984770870829295,0.00019407062289760526,0.9988754568456565,0.9988754947391244,0.9988754568456565,0.9988753361730748,0.9990732159406858,0.9981481481481481,0.998610467809171,0.9988851727982163,0.9988851727982163,0.9988851727982163,0.9984350547730829,0.9984350547730829,0.9984350547730829,0.9989384288747346,1.0,0.9994689325544344,,,,,,,,,,,,,,,,,,,,,,,,
hf_brain_tumor,classification,1,0.0023380500173310415,0.9852260590957637,0.9853083699461563,0.9852260590957637,0.9852494098864677,0.9787395596051632,0.985474006116208,0.9820952380952381,0.9723926380368099,0.9829457364341085,0.9776407093292213,0.997513983840895,0.9876923076923076,0.9925788497217068,0.989193083573487,0.9842293906810036,0.986704994610133,0.0006091591398301286,0.99644128113879,0.9964576411358863,0.99644128113879,0.9964390193698806,1.0,0.996875,0.9984350547730829,0.9904153354632588,1.0,0.9951845906902087,0.9975490196078431,1.0,0.9987730061349693,0.9972602739726028,0.9891304347826086,0.9931787175989086,,,,,,,,,,,,,,,,,,,,,,,,
hf_brain_tumor,classification,2,0.0018587200984901244,0.9855820576717693,0.9855827755827284,0.9855820576717693,0.9855819717909131,0.983969465648855,0.985474006116208,0.9847211611917495,0.9775193798449613,0.9775193798449613,0.9775193798449613,0.991389913899139,0.992,0.9916948631190403,0.9877873563218391,0.985663082437276,0.986724076067456,0.00039147277892106526,0.997864768683274,0.9978687304236225,0.997864768683274,0.997863457140341,0.9968847352024922,1.0,0.9984399375975039,1.0,0.9935483870967742,0.9967637540453075,0.9975490196078431,1.0,0.9987730061349693,0.9972826086956522,0.9972826086956522,0.9972826086956522,,,,,,,,,,,,,,,,,,,,,,,,
hf_brain_tumor,classification,3,0.0015955575922993394,0.9857600569597722,0.9858143450238729,0.9857600569597722,0.985772420897792,0.971342383107089,0.9847094801223242,0.9779802581624905,0.9843871975019516,0.9775193798449613,0.9809412679891093,0.9938347718865598,0.992,0.9929165383430859,0.9913606911447084,0.9870967741935484,0.9892241379310345,0.0006206501528846093,0.9950177935943061,0.9950448564917556,0.9950177935943061,0.9950124735009951,0.9968354430379747,0.984375,0.9905660377358491,0.9872611464968153,1.0,0.9935897435897436,0.9975490196078431,1.0,0.9987730061349693,0.997275204359673,0.9945652173913043,0.9959183673469387,,,,,,,,,,,,,,,,,,,,,,,,
hf_brain_tumor,classification,4,0.0011359060246949294,0.991812032751869,0.9918121742788922,0.991812032751869,0.9918115081024689,0.9870229007633587,0.9885321100917431,0.9877769289533995,0.9883449883449883,0.986046511627907,0.9871944121071012,0.9969211822660099,0.9963076923076923,0.9966143428747307,0.9935576234788833,0.9949820788530466,0.994269340974212,0.00033311556564441806,0.999288256227758,0.999290000697788,0.999288256227758,0.9992882087009421,1.0,1.0,1.0,1.0,1.0,1.0,0.9975490196078431,1.0,0.9987730061349693,1.0,0.9972826086956522,0.998639455782313,,,,,,,,,,,,,,,,,,,,,,,,
hf_brain_tumor,classification,5,0.0010881502719598474,0.9907440370238519,0.9907407875289955,0.9907440370238519,0.9907411541784396,0.9885233358837031,0.9877675840978594,0.9881453154875717,0.9883359253499222,0.9852713178294573,0.9868012422360248,0.9920245398773007,0.9950769230769231,0.9935483870967742,0.9935483870967742,0.9935483870967742,0.9935483870967742,0.0011597657764860383,0.9928825622775801,0.9930532442373504,0.9928825622775801,0.9928767324471418,1.0,1.0,1.0,1.0,1.0,1.0,0.9760191846522782,1.0,0.9878640776699029,1.0,0.9728260869565217,0.9862258953168044,,,,,,,,,,,,,,,,,,,,,,,,
hf_brain_tumor,classification,6,0.0011045371052656827,0.9902100391598434,0.9902065558113166,0.9902100391598434,0.9902047022329581,0.987062404870624,0.9915902140672783,0.9893211289092296,0.9844115354637568,0.9790697674418605,0.9817333851535173,0.9932473910374463,0.9956923076923077,0.9944683466502766,0.9949712643678161,0.992831541218638,0.9939002511661285,0.0002190641207898904,0.999288256227758,0.9992905447929421,0.999288256227758,0.999288272370367,1.0,0.996875,0.9984350547730829,0.9967845659163987,1.0,0.998389694041868,1.0,1.0,1.0,1.0,1.0,1.0,,,,,,,,,,,,,,,,,,,,,,,,
hf_brain_tumor,classification,7,0.0011884756384959042,0.9905660377358491,0.9906046448727949,0.9905660377358491,0.9905760956077937,0.98923904688701,0.9839449541284404,0.9865848984285167,0.977760736196319,0.9883720930232558,0.9830377794911334,0.9975293390982087,0.9938461538461538,0.9956843403205918,0.9956958393113343,0.9949820788530466,0.9953388311222661,0.0002810711359836781,0.997864768683274,0.9978644663564853,0.997864768683274,0.9978635807887624,0.9968652037617555,0.99375,0.9953051643192489,0.9967741935483871,0.9967741935483871,0.9967741935483871,1.0,1.0,1.0,0.997289972899729,1.0,0.9986431478968792,,,,,,,,,,,,,,,,,,,,,,,,
hf_brain_tumor,classification,8,0.0012650859548617392,0.9889640441438234,0.98896952974709,0.9889640441438234,0.988961886548609,0.9892141756548536,0.981651376146789,0.985418265541059,0.9814671814671815,0.9852713178294573,0.9833655705996132,0.99079754601227,0.9938461538461538,0.9923195084485407,0.9935483870967742,0.9935483870967742,0.9935483870967742,0.00015840066851757208,0.998576512455516,0.9985782569255459,0.998576512455516,0.9985763921881274,1.0,0.996875,0.9984350547730829,1.0,1.0,1.0,0.9975490196078431,1.0,0.9987730061349693,0.9972826086956522,0.9972826086956522,0.9972826086956522,,,,,,,,,,,,,,,,,,,,,,,,
hf_brain_tumor,classification,9,0.0011860091933209235,0.991812032751869,0.991811842430069,0.991812032751869,0.9918111007923479,0.9900839054157132,0.9923547400611621,0.9912180221458572,0.9883720930232558,0.9883720930232558,0.9883720930232558,0.996309963099631,0.9969230769230769,0.9966164257151645,0.99137311286844,0.9885304659498207,0.9899497487437185,0.0004481299203618353,0.998576512455516,0.998585637375673,0.998576512455516,0.9985777599212535,1.0,0.996875,0.9984350547730829,0.9935897435897436,1.0,0.9967845659163987,1.0,1.0,1.0,1.0,0.9972826086956522,0.998639455782313,,,,,,,,,,,,,,,,,,,,,,,,
hf_brain_tumor,classification,10,0.0010484310222082865,0.9927020291918832,0.9927024672315702,0.9927020291918832,0.9927021892472436,0.9931192660550459,0.9931192660550459,0.9931192660550459,0.9883720930232558,0.9883720930232558,0.9883720930232558,0.9932349323493235,0.9938461538461538,0.9935404490925869,0.9956958393113343,0.9949820788530466,0.9953388311222661,0.00012968065924743634,1.0,1.0,1.0,1.0,1.0,1.0,1.0,1.0,1.0,1.0,1.0,1.0,1.0,1.0,1.0,1.0,,,,,,,,,,,,,,,,,,,,,,,,
hf_brain_tumor,classification,11,0.0009843413597534281,0.9923460306158776,0.9923492979685687,0.9923460306158776,0.992346122218773,0.9907904834996163,0.9870030581039755,0.9888931443891229,0.9868624420401855,0.9899224806201551,0.9883900928792569,0.9975369458128078,0.9969230769230769,0.997229916897507,0.9928418038654259,0.9942652329749104,0.9935530085959885,0.00020422543742067554,0.998576512455516,0.9985784413004272,0.998576512455516,0.998576557594236,0.996875,0.996875,0.996875,1.0,1.0,1.0,1.0,0.9975429975429976,0.998769987699877,0.997289972899729,1.0,0.9986431478968792,,,,,,,,,,,,,,,,,,,,,,,,
hf_brain_tumor,classification,12,0.001528933604989609,0.9884300462798149,0.9884573061401647,0.9884300462798149,0.9884240323536071,0.9750378214826021,0.985474006116208,0.9802281368821293,0.987411487018096,0.9728682170542635,0.9800859039437719,0.9975384615384615,0.9975384615384615,0.9975384615384615,0.9914285714285714,0.9949820788530466,0.9932021466905188,0.00043385106087513134,0.995729537366548,0.9957658619499415,0.995729537366548,0.9957297956190053,0.9968354430379747,0.984375,0.9905660377358491,0.9840764331210191,0.9967741935483871,0.9903846153846154,1.0,1.0,1.0,1.0,1.0,1.0,,,,,,,,,,,,,,,,,,,,,,,,
hf_brain_tumor,classification,13,0.0010234555947116208,0.9916340334638661,0.9916343847135566,0.9916340334638661,0.9916325958004478,0.9878048780487805,0.9908256880733946,0.9893129770992366,0.9867807153965785,0.9837209302325581,0.985248447204969,0.9963008631319359,0.9944615384615385,0.9953803510933169,0.994277539341917,0.996415770609319,0.9953455066237021,3.670080557581917e-05,0.999288256227758,0.9992905447929421,0.999288256227758,0.9992883451109396,1.0,1.0,1.0,0.9967845659163987,1.0,0.998389694041868,1.0,1.0,1.0,1.0,0.9972826086956522,0.998639455782313,,,,,,,,,,,,,,,,,,,,,,,,
hf_brain_tumor,classification,14,0.0010776668312721636,0.9911000355998576,0.9910987326624153,0.9911000355998576,0.9910989114544319,0.9877862595419847,0.9892966360856269,0.988540870893812,0.9867909867909868,0.9844961240310077,0.9856422196352348,0.9963076923076923,0.9963076923076923,0.9963076923076923,0.9921203438395415,0.992831541218638,0.9924758151200287,0.0018697975943005043,0.9836298932384342,0.9843180325388861,0.9836298932384342,0.9837343858782003,0.984472049689441,0.990625,0.9875389408099688,0.944954128440367,0.9967741935483871,0.9701726844583988,1.0,0.9778869778869779,0.9888198757763975,1.0,0.9728260869565217,0.9862258953168044,,,,,,,,,,,,,,,,,,,,,,,,
hf_brain_tumor,classification,15,0.001338262273052961,0.988252046991812,0.988269091369529,0.988252046991812,0.9882587933209865,0.9862385321100917,0.9862385321100917,0.9862385321100917,0.9783950617283951,0.9829457364341085,0.9806651198762568,0.9969154842689698,0.9944615384615385,0.9956869993838571,0.9892318736539842,0.9878136200716846,0.9885222381635581,0.0008671557489176466,0.9879003558718861,0.9880653601937094,0.9879003558718861,0.9878857184926799,1.0,0.96875,0.9841269841269841,0.9808917197452229,0.9935483870967742,0.9871794871794872,0.9925925925925926,0.9877149877149877,0.9901477832512315,0.9787234042553191,1.0,0.989247311827957,,,,,,,,,,,,,,,,,,,,,,,,
hf_brain_tumor,classification,16,0.0009370657140958988,0.9914560341758633,0.9914557279088888,0.9914560341758633,0.9914553184294068,0.9869831546707504,0.985474006116208,0.9862280030604438,0.9876065065840434,0.9883720930232558,0.9879891514916699,0.9963031423290203,0.9950769230769231,0.9956896551724138,0.9935622317596566,0.9956989247311828,0.9946294307196563,0.00017895827879419487,0.998576512455516,0.998585637375673,0.998576512455516,0.9985770479572216,1.0,1.0,1.0,0.9935897435897436,1.0,0.9967845659163987,1.0,0.995085995085995,0.9975369458128078,1.0,1.0,1.0,,,,,,,,,,,,,,,,,,,,,,,,
hf_brain_tumor,classification,17,0.0007474271851091509,0.9934140263438946,0.9934193359233107,0.9934140263438946,0.9934158347416211,0.9893211289092296,0.9915902140672783,0.9904543718976708,0.9907048799380326,0.9914728682170543,0.9910887253002713,0.9956923076923077,0.9956923076923077,0.9956923076923077,0.9971243709561467,0.9942652329749104,0.9956927494615937,0.00031277923712829417,0.9971530249110321,0.9971717373234328,0.9971530249110321,0.9971558116375745,1.0,0.996875,0.9984350547730829,0.9904153354632588,1.0,0.9951845906902087,0.9975369458128078,0.995085995085995,0.996309963099631,1.0,0.9972826086956522,0.998639455782313,,,,,,,,,,,,,,,,,,,,,,,,
hf_brain_tumor,classification,18,0.001106392558823051,0.9905660377358491,0.990574198653732,0.9905660377358491,0.990569340557689,0.9885321100917431,0.9885321100917431,0.9885321100917431,0.9829984544049459,0.986046511627907,0.9845201238390093,0.9975354282193469,0.9963076923076923,0.9969211822660099,0.9913854989231874,0.9899641577060931,0.990674318507891,0.0001487969063357363,0.998576512455516,0.998585637375673,0.998576512455516,0.9985777599212535,1.0,0.996875,0.9984350547730829,0.9935897435897436,1.0,0.9967845659163987,1.0,1.0,1.0,1.0,0.9972826086956522,0.998639455782313,,,,,,,,,,,,,,,,,,,,,,,,
hf_brain_tumor,classification,19,0.000614065617679928,0.9953720185119259,0.9953744562788086,0.9953720185119259,0.995373059987682,0.9923605805958747,0.9931192660550459,0.9927397783721819,0.9914794732765299,0.9922480620155039,0.9918636187524216,0.9987677141096735,0.9975384615384615,0.9981527093596059,0.9978494623655914,0.9978494623655914,0.9978494623655914,0.0003001584392983476,0.998576512455516,0.9985787297258345,0.998576512455516,0.9985765834584287,0.9968847352024922,1.0,0.9984399375975039,0.9967741935483871,0.9967741935483871,0.9967741935483871,1.0,1.0,1.0,1.0,0.9972826086956522,0.998639455782313,,,,,,,,,,,,,,,,,,,,,,,,
hf_brain_tumor,classification,20,0.0005553577892255605,0.9962620149519402,0.9962602576989407,0.9962620149519402,0.9962604116496734,0.9946524064171123,0.9954128440366973,0.9950324799388612,0.994556765163297,0.9914728682170543,0.9930124223602484,0.9981561155500922,0.9993846153846154,0.998769987699877,0.997134670487106,0.9978494623655914,0.9974919383733429,8.807684472972093e-05,0.998576512455516,0.998585637375673,0.998576512455516,0.9985777599212535,1.0,0.996875,0.9984350547730829,0.9935897435897436,1.0,0.9967845659163987,1.0,1.0,1.0,1.0,0.9972826086956522,0.998639455782313,,,,,,,,,,,,,,,,,,,,,,,,
hf_brain_tumor,classification,21,0.000435191272352079,0.9969740121039515,0.9969757695279743,0.9969740121039515,0.9969740073558438,0.9969325153374233,0.9938837920489296,0.9954058192955589,0.9938128383604021,0.9961240310077519,0.9949670925280681,1.0,1.0,1.0,0.9964183381088825,0.9971326164874552,0.9967753493371552,0.00011396709708207961,0.997864768683274,0.9978663229951928,0.997864768683274,0.9978644925372432,1.0,1.0,1.0,0.9967637540453075,0.9935483870967742,0.9951534733441034,1.0,1.0,1.0,0.994579945799458,0.9972826086956522,0.9959294436906377,,,,,,,,,,,,,,,,,,,,,,,,
hf_brain_tumor,classification,22,0.00044368865840939533,0.9962620149519402,0.9962600135130888,0.9962620149519402,0.9962603579535341,0.9946442234123948,0.9938837920489296,0.994263862332696,0.9945609945609946,0.9922480620155039,0.9934031819945673,0.9981549815498155,0.9987692307692307,0.9984620116887112,0.9971387696709585,0.9992831541218637,0.9982098102398854,0.0001237406730406389,0.999288256227758,0.9992905447929421,0.999288256227758,0.9992883451109396,1.0,1.0,1.0,0.9967845659163987,1.0,0.998389694041868,1.0,1.0,1.0,1.0,0.9972826086956522,0.998639455782313,,,,,,,,,,,,,,,,,,,,,,,,
hf_brain_tumor,classification,23,0.00034754184692231563,0.996440014239943,0.9964382720588173,0.996440014239943,0.9964386857850535,0.9946442234123948,0.9938837920489296,0.994263862332696,0.9945652173913043,0.9930232558139535,0.9937936384794415,0.9981538461538462,0.9981538461538462,0.9981538461538462,0.9978540772532188,1.0,0.9989258861439313,0.0002252526768675659,0.999288256227758,0.9992905447929421,0.999288256227758,0.9992883451109396,1.0,1.0,1.0,0.9967845659163987,1.0,0.998389694041868,1.0,1.0,1.0,1.0,0.9972826086956522,0.998639455782313,,,,,,,,,,,,,,,,,,,,,,,,
hf_brain_tumor,classification,24,0.00046758420575681084,0.9946600213599146,0.9946690554486082,0.9946600213599146,0.9946618967025629,0.9953952417498081,0.9915902140672783,0.9934890846418997,0.9884348496530455,0.993798449612403,0.9911093931194433,0.9975384615384615,0.9975384615384615,0.9975384615384615,0.9964106245513281,0.9949820788530466,0.9956958393113343,0.00024990013170025905,0.998576512455516,0.998585637375673,0.998576512455516,0.9985777599212535,1.0,0.996875,0.9984350547730829,0.9935897435897436,1.0,0.9967845659163987,1.0,1.0,1.0,1.0,0.9972826086956522,0.998639455782313,,,,,,,,,,,,,,,,,,,,,,,,
hf_brain_tumor,classification,25,0.0002596170887384766,0.9982200071199715,0.9982215241749298,0.9982200071199715,0.9982205670095087,0.9992348890589136,0.9984709480122325,0.9988527724665393,0.9953560371517027,0.9968992248062015,0.9961270333075135,1.0,0.9993846153846154,0.9996922129886119,0.9978494623655914,0.9978494623655914,0.9978494623655914,0.0001508761098701797,0.999288256227758,0.9992905447929421,0.999288256227758,0.9992883451109396,1.0,1.0,1.0,0.9967845659163987,1.0,0.998389694041868,1.0,1.0,1.0,1.0,0.9972826086956522,0.998639455782313,,,,,,,,,,,,,,,,,,,,,,,,
hf_brain_tumor,classification,26,0.00018440316174241422,0.9982200071199715,0.9982209743174247,0.9982200071199715,0.9982199804615586,0.9961832061068703,0.9977064220183486,0.9969442322383499,0.9976708074534162,0.9961240310077519,0.9968968192397207,0.9987707437000615,1.0,0.9993849938499385,1.0,0.9985663082437276,0.9992826398852224,0.00019451393088834864,0.999288256227758,0.9992905447929421,0.999288256227758,0.9992883451109396,1.0,1.0,1.0,0.9967845659163987,1.0,0.998389694041868,1.0,1.0,1.0,1.0,0.9972826086956522,0.998639455782313,,,,,,,,,,,,,,,,,,,,,,,,
hf_brain_tumor,classification,27,0.00016940604281982352,0.9973300106799573,0.9973325276491125,0.9973300106799573,0.9973307980715861,0.996937212863706,0.9954128440366973,0.9961744452945677,0.9930394431554525,0.9953488372093023,0.9941927990708479,0.999384236453202,0.9987692307692307,0.9990766389658357,0.9992831541218637,0.9992831541218637,0.9992831541218637,0.00021525281244037588,0.999288256227758,0.9992905447929421,0.999288256227758,0.9992883451109396,1.0,1.0,1.0,0.9967845659163987,1.0,0.998389694041868,1.0,1.0,1.0,1.0,0.9972826086956522,0.998639455782313,,,,,,,,,,,,,,,,,,,,,,,,
hf_brain_tumor,classification,28,0.00016441819261197872,0.9982200071199715,0.9982203896399314,0.9982200071199715,0.9982201391674599,0.9977064220183486,0.9977064220183486,0.9977064220183486,0.9968992248062015,0.9968992248062015,0.9968992248062015,1.0,0.9993846153846154,0.9996922129886119,0.9978510028653295,0.9985663082437276,0.9982085274095306,0.00014513238924712652,0.999288256227758,0.9992905447929421,0.999288256227758,0.9992883451109396,1.0,1.0,1.0,0.9967845659163987,1.0,0.998389694041868,1.0,1.0,1.0,1.0,0.9972826086956522,0.998639455782313,,,,,,,,,,,,,,,,,,,,,,,,
hf_brain_tumor,classification,29,0.0002651444745122098,0.9978640085439658,0.9978641693996828,0.9978640085439658,0.9978640232251983,0.9969442322383499,0.9977064220183486,0.9973251815055407,0.9961240310077519,0.9961240310077519,0.9961240310077519,1.0,1.0,1.0,0.9978479196556671,0.9971326164874552,0.9974901398350663,3.7592532041807226e-05,0.999288256227758,0.9992901850726692,0.999288256227758,0.9992881641790811,1.0,1.0,1.0,1.0,0.9967741935483871,0.9983844911147012,1.0,1.0,1.0,0.997289972899729,1.0,0.9986431478968792,,,,,,,,,,,,,,,,,,,,,,,,
hf_brain_tumor,classification,30,0.00017611465378489935,0.9980420078319687,0.9980462054756909,0.9980420078319687,0.9980423396501396,0.9946686976389947,0.9984709480122325,0.9965661961083556,0.9992217898832685,0.9953488372093023,0.9972815533980582,0.999384236453202,0.9987692307692307,0.9990766389658357,0.998567335243553,0.9992831541218637,0.9989251164457184,4.0362363893675844e-05,0.999288256227758,0.9992905447929421,0.999288256227758,0.9992883451109396,1.0,1.0,1.0,0.9967845659163987,1.0,0.998389694041868,1.0,1.0,1.0,1.0,0.9972826086956522,0.998639455782313,,,,,,,,,,,,,,,,,,,,,,,,
hf_brain_tumor,classification,31,8.656256093878471e-05,0.9991100035599858,0.9991113999630259,0.9991100035599858,0.999110230985341,1.0,0.9992354740061162,0.9996175908221797,0.9969064191802011,0.9992248062015504,0.9980642663569493,1.0,1.0,1.0,0.9992821249102656,0.9978494623655914,0.9985652797704447,1.3229750247110553e-05,1.0,1.0,1.0,1.0,1.0,1.0,1.0,1.0,1.0,1.0,1.0,1.0,1.0,1.0,1.0,1.0,,,,,,,,,,,,,,,,,,,,,,,,
hf_brain_tumor,classification,32,0.00025788396621002164,0.9982200071199715,0.9982222799135537,0.9982200071199715,0.9982202548932676,0.9954233409610984,0.9977064220183486,0.9965635738831615,0.9992223950233281,0.9961240310077519,0.9976708074534162,1.0,1.0,1.0,0.9978510028653295,0.9985663082437276,0.9982085274095306,2.3263351434760552e-05,1.0,1.0,1.0,1.0,1.0,1.0,1.0,1.0,1.0,1.0,1.0,1.0,1.0,1.0,1.0,1.0,,,,,,,,,,,,,,,,,,,,,,,,
hf_brain_tumor,classification,33,0.00029288630283709304,0.9978640085439658,0.9978655048751424,0.9978640085439658,0.9978634802031413,0.9954233409610984,0.9977064220183486,0.9965635738831615,0.998443579766537,0.9945736434108527,0.996504854368932,0.9987707437000615,1.0,0.9993849938499385,0.9985663082437276,0.9985663082437276,0.9985663082437276,2.349555112860245e-05,1.0,1.0,1.0,1.0,1.0,1.0,1.0,1.0,1.0,1.0,1.0,1.0,1.0,1.0,1.0,1.0,,,,,,,,,,,,,,,,,,,,,,,,
hf_brain_tumor,classification,34,0.00012680367534459588,0.9978640085439658,0.9978645714402677,0.9978640085439658,0.9978640169832658,0.996937212863706,0.9954128440366973,0.9961744452945677,0.9953560371517027,0.9968992248062015,0.9961270333075135,0.9993846153846154,0.9993846153846154,0.9993846153846154,0.9992831541218637,0.9992831541218637,0.9992831541218637,4.3815433446556025e-05,0.999288256227758,0.9992905447929421,0.999288256227758,0.9992883451109396,1.0,1.0,1.0,0.9967845659163987,1.0,0.998389694041868,1.0,1.0,1.0,1.0,0.9972826086956522,0.998639455782313,,,,,,,,,,,,,,,,,,,,,,,,
hf_brain_tumor,classification,35,0.00020044660721714488,0.9985760056959773,0.9985770930175137,0.9985760056959773,0.9985761507391573,0.9969488939740656,0.9992354740061162,0.9980908743795341,0.9976726144297905,0.9968992248062015,0.9972857696781698,1.0,0.9993846153846154,0.9996922129886119,0.9992826398852224,0.9985663082437276,0.9989243456435999,3.0561493374769276e-05,0.999288256227758,0.9992905447929421,0.999288256227758,0.9992883451109396,1.0,1.0,1.0,0.9967845659163987,1.0,0.998389694041868,1.0,1.0,1.0,1.0,0.9972826086956522,0.998639455782313,,,,,,,,,,,,,,,,,,,,,,,,
hf_brain_tumor,classification,36,0.0001204914337668125,0.99875400498398,0.998754820860082,0.99875400498398,0.9987538253390914,0.9992343032159265,0.9977064220183486,0.9984697781178271,0.9992236024844721,0.9976744186046511,0.9984484096198604,0.998769987699877,0.9993846153846154,0.9990772070132267,0.9978540772532188,1.0,0.9989258861439313,4.269890923597778e-05,0.999288256227758,0.9992905447929421,0.999288256227758,0.9992883451109396,1.0,1.0,1.0,0.9967845659163987,1.0,0.998389694041868,1.0,1.0,1.0,1.0,0.9972826086956522,0.998639455782313,,,,,,,,,,,,,,,,,,,,,,,,
hf_brain_tumor,classification,37,0.00020863199789589412,0.9983980064079744,0.9983991433192656,0.9983980064079744,0.9983981709688671,0.9977081741787625,0.9984709480122325,0.9980894153611005,1.0,0.9976744186046511,0.9988358556461001,0.998769987699877,0.9993846153846154,0.9990772070132267,0.997134670487106,0.9978494623655914,0.9974919383733429,1.5076741003408918e-05,1.0,1.0,1.0,1.0,1.0,1.0,1.0,1.0,1.0,1.0,1.0,1.0,1.0,1.0,1.0,1.0,,,,,,,,,,,,,,,,,,,,,,,,
hf_brain_tumor,classification,38,0.00015240194497041207,0.9980420078319687,0.9980418534839662,0.9980420078319687,0.9980418031269309,0.9969442322383499,0.9977064220183486,0.9973251815055407,0.9968968192397207,0.9961240310077519,0.9965102753005041,0.9993849938499385,1.0,0.9996924023377423,0.9985652797704447,0.9978494623655914,0.9982072427393331,2.2384581650199265e-05,1.0,1.0,1.0,1.0,1.0,1.0,1.0,1.0,1.0,1.0,1.0,1.0,1.0,1.0,1.0,1.0,,,,,,,,,,,,,,,,,,,,,,,,
hf_brain_tumor,classification,39,0.00020117986958993669,0.9978640085439658,0.9978650686318858,0.9978640085439658,0.9978628468001751,0.9961832061068703,0.9977064220183486,0.9969442322383499,0.9984423676012462,0.993798449612403,0.9961149961149961,0.998769987699877,0.9993846153846154,0.9990772070132267,0.9978540772532188,1.0,0.9989258861439313,2.0192412467845817e-05,1.0,1.0,1.0,1.0,1.0,1.0,1.0,1.0,1.0,1.0,1.0,1.0,1.0,1.0,1.0,1.0,,,,,,,,,,,,,,,,,,,,,,,,
hf_brain_tumor,classification,40,0.00010991962032709814,0.9985760056959773,0.9985762681670718,0.9985760056959773,0.9985758633852457,0.9977099236641221,0.9992354740061162,0.998472116119175,0.9984472049689441,0.9968992248062015,0.9976726144297905,0.9993846153846154,0.9993846153846154,0.9993846153846154,0.9985663082437276,0.9985663082437276,0.9985663082437276,1.7800442210735134e-05,1.0,1.0,1.0,1.0,1.0,1.0,1.0,1.0,1.0,1.0,1.0,1.0,1.0,1.0,1.0,1.0,,,,,,,,,,,,,,,,,,,,,,,,
hf_brain_tumor,classification,41,0.0001515816966184389,0.99875400498398,0.9987546649459254,0.99875400498398,0.9987542073417298,0.9992348890589136,0.9984709480122325,0.9988527724665393,0.9976762199845082,0.9984496124031008,0.9980627663696242,1.0,0.9993846153846154,0.9996922129886119,0.9978510028653295,0.9985663082437276,0.9982085274095306,2.0677054135093034e-05,0.999288256227758,0.9992905447929421,0.999288256227758,0.9992883451109396,1.0,1.0,1.0,0.9967845659163987,1.0,0.998389694041868,1.0,1.0,1.0,1.0,0.9972826086956522,0.998639455782313,,,,,,,,,,,,,,,,,,,,,,,,
hf_brain_tumor,classification,42,0.00021337042666493353,0.9980420078319687,0.9980431499511102,0.9980420078319687,0.9980423141485134,0.9984709480122325,0.9984709480122325,0.9984709480122325,0.9953560371517027,0.9968992248062015,0.9961270333075135,0.9993846153846154,0.9993846153846154,0.9993846153846154,0.9985642498205313,0.9971326164874552,0.9978479196556671,2.3504472772618496e-05,1.0,1.0,1.0,1.0,1.0,1.0,1.0,1.0,1.0,1.0,1.0,1.0,1.0,1.0,1.0,1.0,,,,,,,,,,,,,,,,,,,,,,,,
hf_brain_tumor,classification,43,0.00021064557329619792,0.9982200071199715,0.9982196518853619,0.9982200071199715,0.9982196325485065,0.9977064220183486,0.9977064220183486,0.9977064220183486,0.9976708074534162,0.9961240310077519,0.9968968192397207,0.998769987699877,0.9993846153846154,0.9990772070132267,0.998567335243553,0.9992831541218637,0.9989251164457184,2.3347512715643662e-05,1.0,1.0,1.0,1.0,1.0,1.0,1.0,1.0,1.0,1.0,1.0,1.0,1.0,1.0,1.0,1.0,,,,,,,,,,,,,,,,,,,,,,,,
hf_brain_tumor,classification,44,0.00013238505901432663,0.9983980064079744,0.9983976692093612,0.9983980064079744,0.9983976408605137,0.9984709480122325,0.9984709480122325,0.9984709480122325,0.9976708074534162,0.9961240310077519,0.9968968192397207,0.9993849938499385,1.0,0.9996924023377423,0.9978510028653295,0.9985663082437276,0.9982085274095306,2.3953986659005077e-05,1.0,1.0,1.0,1.0,1.0,1.0,1.0,1.0,1.0,1.0,1.0,1.0,1.0,1.0,1.0,1.0,,,,,,,,,,,,,,,,,,,,,,,,
hf_brain_tumor,classification,45,6.290349767439012e-05,0.9991100035599858,0.9991103702669998,0.9991100035599858,0.9991097150492854,0.998472116119175,0.9992354740061162,0.9988536492166603,0.9992229992229992,0.9968992248062015,0.9980597594101669,1.0,1.0,1.0,0.9985683607730852,1.0,0.9992836676217765,2.3674563330305676e-05,0.999288256227758,0.9992905447929421,0.999288256227758,0.9992883451109396,1.0,1.0,1.0,0.9967845659163987,1.0,0.998389694041868,1.0,1.0,1.0,1.0,0.9972826086956522,0.998639455782313,,,,,,,,,,,,,,,,,,,,,,,,
hf_brain_tumor,classification,46,0.00010087700399762481,0.9983980064079744,0.9983975635146654,0.9983980064079744,0.9983977231998009,0.9984709480122325,0.9984709480122325,0.9984709480122325,0.9968968192397207,0.9961240310077519,0.9965102753005041,0.9993849938499385,1.0,0.9996924023377423,0.9985663082437276,0.9985663082437276,0.9985663082437276,1.771959399812995e-05,1.0,1.0,1.0,1.0,1.0,1.0,1.0,1.0,1.0,1.0,1.0,1.0,1.0,1.0,1.0,1.0,,,,,,,,,,,,,,,,,,,,,,,,
hf_brain_tumor,classification,47,6.797234416787467e-05,0.9989320042719829,0.9989324200916696,0.9989320042719829,0.9989320171273153,0.9984732824427481,1.0,0.9992360580595875,0.9976744186046511,0.9976744186046511,0.9976744186046511,1.0,0.9993846153846154,0.9996922129886119,0.9992826398852224,0.9985663082437276,0.9989243456435999,1.3734623557546526e-05,1.0,1.0,1.0,1.0,1.0,1.0,1.0,1.0,1.0,1.0,1.0,1.0,1.0,1.0,1.0,1.0,,,,,,,,,,,,,,,,,,,,,,,,
hf_brain_tumor,classification,48,0.00018393963867051287,0.99875400498398,0.9987547417083775,0.99875400498398,0.9987537808662726,0.9992337164750957,0.9969418960244648,0.9980864906238041,0.9976744186046511,0.9976744186046511,0.9976744186046511,1.0,1.0,1.0,0.9978540772532188,1.0,0.9989258861439313,1.640185511877983e-05,1.0,1.0,1.0,1.0,1.0,1.0,1.0,1.0,1.0,1.0,1.0,1.0,1.0,1.0,1.0,1.0,,,,,,,,,,,,,,,,,,,,,,,,
hf_brain_tumor,classification,49,0.00012099437905622228,0.9985760056959773,0.9985760056959773,0.9985760056959773,0.9985760056959773,0.9984709480122325,0.9984709480122325,0.9984709480122325,0.9976744186046511,0.9976744186046511,0.9976744186046511,0.9993846153846154,0.9993846153846154,0.9993846153846154,0.9985663082437276,0.9985663082437276,0.9985663082437276,1.8980803995184025e-05,1.0,1.0,1.0,1.0,1.0,1.0,1.0,1.0,1.0,1.0,1.0,1.0,1.0,1.0,1.0,1.0,,,,,,,,,,,,,,,,,,,,,,,,
hf_brain_tumor,classification,50,4.2595685723624694e-05,0.9992880028479886,0.9992882699608551,0.9992880028479886,0.9992878626471271,0.9984732824427481,1.0,0.9992360580595875,0.9992236024844721,0.9976744186046511,0.9984484096198604,1.0,1.0,1.0,0.9992831541218637,0.9992831541218637,0.9992831541218637,1.782237738068917e-05,1.0,1.0,1.0,1.0,1.0,1.0,1.0,1.0,1.0,1.0,1.0,1.0,1.0,1.0,1.0,1.0,,,,,,,,,,,,,,,,,,,,,,,,
hf_brain_tumor,classification,51,4.408088982537042e-05,0.9996440014239943,0.9996441374051157,0.9996440014239943,0.9996440035213133,0.9992360580595875,1.0,0.9996178830722201,0.9992248062015504,0.9992248062015504,0.9992248062015504,1.0,1.0,1.0,1.0,0.9992831541218637,0.9996414485478666,1.6652138829316288e-05,1.0,1.0,1.0,1.0,1.0,1.0,1.0,1.0,1.0,1.0,1.0,1.0,1.0,1.0,1.0,1.0,,,,,,,,,,,,,,,,,,,,,,,,
hf_brain_tumor,classification,52,9.904272830967676e-05,0.9985760056959773,0.9985760056959773,0.9985760056959773,0.9985760056959773,0.9992354740061162,0.9992354740061162,0.9992354740061162,0.9968992248062015,0.9968992248062015,0.9968992248062015,1.0,1.0,1.0,0.9978494623655914,0.9978494623655914,0.9978494623655914,1.6790795014181393e-05,1.0,1.0,1.0,1.0,1.0,1.0,1.0,1.0,1.0,1.0,1.0,1.0,1.0,1.0,1.0,1.0,,,,,,,,,,,,,,,,,,,,,,,,
hf_brain_tumor,classification,53,5.24876740591694e-05,0.9991100035599858,0.9991102628864178,0.9991100035599858,0.9991098080099251,0.9984732824427481,1.0,0.9992360580595875,0.9992242048099301,0.9984496124031008,0.9988367584335014,0.9993849938499385,1.0,0.9996924023377423,0.9992821249102656,0.9978494623655914,0.9985652797704447,1.9163522172317937e-05,1.0,1.0,1.0,1.0,1.0,1.0,1.0,1.0,1.0,1.0,1.0,1.0,1.0,1.0,1.0,1.0,,,,,,,,,,,,,,,,,,,,,,,,
hf_brain_tumor,classification,54,0.00016313192317575197,0.9983980064079744,0.9984006352787345,0.9983980064079744,0.9983980680288265,0.996186117467582,0.9984709480122325,0.9973272241313479,0.9992223950233281,0.9961240310077519,0.9976708074534162,1.0,0.9987692307692307,0.999384236453202,0.9978540772532188,1.0,0.9989258861439313,1.2532427335973028e-05,1.0,1.0,1.0,1.0,1.0,1.0,1.0,1.0,1.0,1.0,1.0,1.0,1.0,1.0,1.0,1.0,,,,,,,,,,,,,,,,,,,,,,,,
hf_brain_tumor,classification,55,5.24266289031647e-05,0.9991100035599858,0.9991099823913094,0.9991100035599858,0.9991099266774306,0.9992354740061162,0.9992354740061162,0.9992354740061162,0.9984484096198604,0.9976744186046511,0.9980612640558356,1.0,1.0,1.0,0.998567335243553,0.9992831541218637,0.9989251164457184,2.25583623277254e-05,0.999288256227758,0.9992905447929421,0.999288256227758,0.9992883451109396,1.0,1.0,1.0,0.9967845659163987,1.0,0.998389694041868,1.0,1.0,1.0,1.0,0.9972826086956522,0.998639455782313,,,,,,,,,,,,,,,,,,,,,,,,
hf_brain_tumor,classification,56,4.314574687315371e-05,0.9991100035599858,0.9991104171911741,0.9991100035599858,0.9991101419388084,1.0,0.9992354740061162,0.9996175908221797,0.9976762199845082,0.9984496124031008,0.9980627663696242,1.0,1.0,1.0,0.9985663082437276,0.9985663082437276,0.9985663082437276,2.3511351356987574e-05,0.999288256227758,0.9992905447929421,0.999288256227758,0.9992883451109396,1.0,1.0,1.0,0.9967845659163987,1.0,0.998389694041868,1.0,1.0,1.0,1.0,0.9972826086956522,0.998639455782313,,,,,,,,,,,,,,,,,,,,,,,,
hf_brain_tumor,classification,57,5.0071020065125047e-05,0.9991100035599858,0.9991102895015843,0.9991100035599858,0.9991100802402344,0.9992354740061162,0.9992354740061162,0.9992354740061162,0.9976762199845082,0.9984496124031008,0.9980627663696242,1.0,1.0,1.0,0.9992826398852224,0.9985663082437276,0.9989243456435999,2.179093329716555e-05,0.999288256227758,0.9992905447929421,0.999288256227758,0.9992883451109396,1.0,1.0,1.0,0.9967845659163987,1.0,0.998389694041868,1.0,1.0,1.0,1.0,0.9972826086956522,0.998639455782313,,,,,,,,,,,,,,,,,,,,,,,,
hf_brain_tumor,classification,58,4.4093954047095726e-05,0.9994660021359915,0.9994665532173784,0.9994660021359915,0.9994660785858391,1.0,0.9992354740061162,0.9996175908221797,0.9984520123839009,1.0,0.9992254066615027,1.0,0.9993846153846154,0.9996922129886119,0.9992831541218637,0.9992831541218637,0.9992831541218637,2.7890854576872502e-05,0.999288256227758,0.9992905447929421,0.999288256227758,0.9992883451109396,1.0,1.0,1.0,0.9967845659163987,1.0,0.998389694041868,1.0,1.0,1.0,1.0,0.9972826086956522,0.998639455782313,,,,,,,,,,,,,,,,,,,,,,,,
hf_brain_tumor,classification,59,6.54049727473204e-05,0.9991100035599858,0.9991102541391255,0.9991100035599858,0.9991099250670682,0.998472116119175,0.9992354740061162,0.9988536492166603,0.9992236024844721,0.9976744186046511,0.9984484096198604,1.0,1.0,1.0,0.998567335243553,0.9992831541218637,0.9989251164457184,2.9723009718871778e-05,0.999288256227758,0.9992905447929421,0.999288256227758,0.9992883451109396,1.0,1.0,1.0,0.9967845659163987,1.0,0.998389694041868,1.0,1.0,1.0,1.0,0.9972826086956522,0.998639455782313,,,,,,,,,,,,,,,,,,,,,,,,
hf_brain_tumor,classification,60,3.8339134386037156e-05,0.9996440014239943,0.9996440014239943,0.9996440014239943,0.9996440014239943,0.9992354740061162,0.9992354740061162,0.9992354740061162,0.9992248062015504,0.9992248062015504,0.9992248062015504,1.0,1.0,1.0,1.0,1.0,1.0,2.569258417276964e-05,0.999288256227758,0.9992905447929421,0.999288256227758,0.9992883451109396,1.0,1.0,1.0,0.9967845659163987,1.0,0.998389694041868,1.0,1.0,1.0,1.0,0.9972826086956522,0.998639455782313,,,,,,,,,,,,,,,,,,,,,,,,
hf_brain_tumor,classification,61,4.737083643792751e-05,0.9994660021359915,0.9994661502005273,0.9994660021359915,0.9994660098509988,1.0,1.0,1.0,0.9984508133230054,0.9992248062015504,0.9988376598217745,1.0,1.0,1.0,0.9992826398852224,0.9985663082437276,0.9989243456435999,2.122185782309478e-05,0.999288256227758,0.9992905447929421,0.999288256227758,0.9992883451109396,1.0,1.0,1.0,0.9967845659163987,1.0,0.998389694041868,1.0,1.0,1.0,1.0,0.9972826086956522,0.998639455782313,,,,,,,,,,,,,,,,,,,,,,,,
hf_brain_tumor,classification,62,3.6496126657391685e-05,0.9994660021359915,0.9994661190583065,0.9994660021359915,0.9994659942721598,1.0,1.0,1.0,0.9992242048099301,0.9984496124031008,0.9988367584335014,1.0,1.0,1.0,0.998567335243553,0.9992831541218637,0.9989251164457184,2.330818343552665e-05,0.999288256227758,0.9992905447929421,0.999288256227758,0.9992883451109396,1.0,1.0,1.0,0.9967845659163987,1.0,0.998389694041868,1.0,1.0,1.0,1.0,0.9972826086956522,0.998639455782313,,,,,,,,,,,,,,,,,,,,,,,,
hf_brain_tumor,classification,63,0.00011350377739921044,0.9989320042719829,0.9989325273738281,0.9989320042719829,0.998932067871966,1.0,0.9984709480122325,0.9992348890589136,0.9976762199845082,0.9984496124031008,0.9980627663696242,0.9993849938499385,1.0,0.9996924023377423,0.9985663082437276,0.9985663082437276,0.9985663082437276,2.137172441022078e-05,0.999288256227758,0.9992905447929421,0.999288256227758,0.9992883451109396,1.0,1.0,1.0,0.9967845659163987,1.0,0.998389694041868,1.0,1.0,1.0,1.0,0.9972826086956522,0.998639455782313,,,,,,,,,,,,,,,,,,,,,,,,
hf_brain_tumor,classification,64,0.00010950330556654319,0.9985760056959773,0.9985762520267345,0.9985760056959773,0.998576063033558,0.9992348890589136,0.9984709480122325,0.9988527724665393,0.9968992248062015,0.9968992248062015,0.9968992248062015,1.0,1.0,1.0,0.9978510028653295,0.9985663082437276,0.9982085274095306,1.7230754548943204e-05,1.0,1.0,1.0,1.0,1.0,1.0,1.0,1.0,1.0,1.0,1.0,1.0,1.0,1.0,1.0,1.0,,,,,,,,,,,,,,,,,,,,,,,,
hf_brain_tumor,classification,65,4.857686638679822e-05,0.9992880028479886,0.9992882699608551,0.9992880028479886,0.9992878626471271,0.9984732824427481,1.0,0.9992360580595875,0.9992236024844721,0.9976744186046511,0.9984484096198604,1.0,1.0,1.0,0.9992831541218637,0.9992831541218637,0.9992831541218637,2.6282873676645038e-05,0.999288256227758,0.9992905447929421,0.999288256227758,0.9992883451109396,1.0,1.0,1.0,0.9967845659163987,1.0,0.998389694041868,1.0,1.0,1.0,1.0,0.9972826086956522,0.998639455782313,,,,,,,,,,,,,,,,,,,,,,,,
hf_brain_tumor,classification,66,0.00010332731414943339,0.9991100035599858,0.9991100035599858,0.9991100035599858,0.9991100035599858,0.9992354740061162,0.9992354740061162,0.9992354740061162,0.9984496124031008,0.9984496124031008,0.9984496124031008,0.9993846153846154,0.9993846153846154,0.9993846153846154,0.9992831541218637,0.9992831541218637,0.9992831541218637,2.158466671180075e-05,0.999288256227758,0.9992905447929421,0.999288256227758,0.9992883451109396,1.0,1.0,1.0,0.9967845659163987,1.0,0.998389694041868,1.0,1.0,1.0,1.0,0.9972826086956522,0.998639455782313,,,,,,,,,,,,,,,,,,,,,,,,
hf_brain_tumor,classification,67,4.19079326237926e-05,0.9991100035599858,0.9991101478326392,0.9991100035599858,0.9991100098519426,0.998472116119175,0.9992354740061162,0.9988536492166603,0.9984496124031008,0.9984496124031008,0.9984496124031008,1.0,1.0,1.0,0.9992826398852224,0.9985663082437276,0.9989243456435999,1.7910508887209186e-05,1.0,1.0,1.0,1.0,1.0,1.0,1.0,1.0,1.0,1.0,1.0,1.0,1.0,1.0,1.0,1.0,,,,,,,,,,,,,,,,,,,,,,,,
hf_brain_tumor,classification,68,8.741896032936656e-05,0.9994660021359915,0.9994662391133016,0.9994660021359915,0.9994659252109558,1.0,0.9984709480122325,0.9992348890589136,0.9992248062015504,0.9992248062015504,0.9992248062015504,0.9993849938499385,1.0,0.9996924023377423,0.9992836676217765,1.0,0.9996417054819061,1.6432208276360562e-05,1.0,1.0,1.0,1.0,1.0,1.0,1.0,1.0,1.0,1.0,1.0,1.0,1.0,1.0,1.0,1.0,,,,,,,,,,,,,,,,,,,,,,,,
hf_brain_tumor,classification,69,5.0357340507236156e-05,0.9992880028479886,0.9992882748102315,0.9992880028479886,0.9992880774798658,0.998472116119175,0.9992354740061162,0.9988536492166603,0.9992248062015504,0.9992248062015504,0.9992248062015504,1.0,0.9993846153846154,0.9996922129886119,0.9992831541218637,0.9992831541218637,0.9992831541218637,1.6032625462539598e-05,1.0,1.0,1.0,1.0,1.0,1.0,1.0,1.0,1.0,1.0,1.0,1.0,1.0,1.0,1.0,1.0,,,,,,,,,,,,,,,,,,,,,,,,
hf_brain_tumor,classification,70,3.8463360650765146e-05,0.9994660021359915,0.9994661502005273,0.9994660021359915,0.9994660098509988,1.0,1.0,1.0,0.9984508133230054,0.9992248062015504,0.9988376598217745,1.0,1.0,1.0,0.9992826398852224,0.9985663082437276,0.9989243456435999,1.7470671144600328e-05,1.0,1.0,1.0,1.0,1.0,1.0,1.0,1.0,1.0,1.0,1.0,1.0,1.0,1.0,1.0,1.0,,,,,,,,,,,,,,,,,,,,,,,,
hf_brain_tumor,classification,71,0.00011860119962548517,0.9991100035599858,0.999110164777068,0.9991100035599858,0.9991098368486597,0.9992354740061162,0.9992354740061162,0.9992354740061162,0.9992236024844721,0.9976744186046511,0.9984484096198604,0.9987707437000615,1.0,0.9993849938499385,0.9992831541218637,0.9992831541218637,0.9992831541218637,1.675924437121073e-05,1.0,1.0,1.0,1.0,1.0,1.0,1.0,1.0,1.0,1.0,1.0,1.0,1.0,1.0,1.0,1.0,,,,,,,,,,,,,,,,,,,,,,,,
hf_brain_tumor,classification,72,0.00012117614604992913,0.9991100035599858,0.9991100757277585,0.9991100035599858,0.9991099119453903,0.9992348890589136,0.9984709480122325,0.9988527724665393,0.9992242048099301,0.9984496124031008,0.9988367584335014,0.998769987699877,0.9993846153846154,0.9990772070132267,0.9992836676217765,1.0,0.9996417054819061,1.7974090576242434e-05,1.0,1.0,1.0,1.0,1.0,1.0,1.0,1.0,1.0,1.0,1.0,1.0,1.0,1.0,1.0,1.0,,,,,,,,,,,,,,,,,,,,,,,,
hf_brain_tumor,classification,73,4.579318639276321e-05,0.9992880028479886,0.9992890974386519,0.9992880028479886,0.9992880394111103,0.9984732824427481,1.0,0.9992360580595875,0.9984520123839009,1.0,0.9992254066615027,1.0,0.9987692307692307,0.999384236453202,1.0,0.9985663082437276,0.9992826398852224,1.8671710124478078e-05,1.0,1.0,1.0,1.0,1.0,1.0,1.0,1.0,1.0,1.0,1.0,1.0,1.0,1.0,1.0,1.0,,,,,,,,,,,,,,,,,,,,,,,,
hf_brain_tumor,classification,74,0.0001278899555582914,0.9989320042719829,0.9989325266125828,0.9989320042719829,0.9989319537650763,0.9984732824427481,1.0,0.9992360580595875,0.9984484096198604,0.9976744186046511,0.9980612640558356,1.0,0.9987692307692307,0.999384236453202,0.998567335243553,0.9992831541218637,0.9989251164457184,1.0206578800956343e-05,1.0,1.0,1.0,1.0,1.0,1.0,1.0,1.0,1.0,1.0,1.0,1.0,1.0,1.0,1.0,1.0,,,,,,,,,,,,,,,,,,,,,,,,
hf_brain_tumor,classification,75,4.137971874034439e-05,0.9994660021359915,0.9994664075542764,0.9994660021359915,0.9994660026780761,0.9984732824427481,1.0,0.9992360580595875,0.9992242048099301,0.9984496124031008,0.9988367584335014,1.0,1.0,1.0,1.0,0.9992831541218637,0.9996414485478666,1.5157004315096209e-05,1.0,1.0,1.0,1.0,1.0,1.0,1.0,1.0,1.0,1.0,1.0,1.0,1.0,1.0,1.0,1.0,,,,,,,,,,,,,,,,,,,,,,,,
hf_brain_tumor,classification,76,5.5678946915175425e-05,0.9989320042719829,0.9989328684998601,0.9989320042719829,0.9989315638948173,0.998472116119175,0.9992354740061162,0.9988536492166603,0.9992223950233281,0.9961240310077519,0.9976708074534162,1.0,1.0,1.0,0.9978540772532188,1.0,0.9989258861439313,1.510409390332014e-05,1.0,1.0,1.0,1.0,1.0,1.0,1.0,1.0,1.0,1.0,1.0,1.0,1.0,1.0,1.0,1.0,,,,,,,,,,,,,,,,,,,,,,,,
hf_brain_tumor,classification,77,4.954051652627607e-05,0.9992880028479886,0.9992885125095148,0.9992880028479886,0.9992879941654391,1.0,0.9984709480122325,0.9992348890589136,0.9992248062015504,0.9992248062015504,0.9992248062015504,0.9993846153846154,0.9993846153846154,0.9993846153846154,0.9985683607730852,1.0,0.9992836676217765,1.4364682934817835e-05,1.0,1.0,1.0,1.0,1.0,1.0,1.0,1.0,1.0,1.0,1.0,1.0,1.0,1.0,1.0,1.0,,,,,,,,,,,,,,,,,,,,,,,,
hf_brain_tumor,classification,78,7.833694953072533e-05,0.9989320042719829,0.9989327643301051,0.9989320042719829,0.9989320577351836,0.998472116119175,0.9992354740061162,0.9988536492166603,0.9992236024844721,0.9976744186046511,0.9984484096198604,1.0,0.9993846153846154,0.9996922129886119,0.9978525411596277,0.9992831541218637,0.998567335243553,1.6873431656652306e-05,1.0,1.0,1.0,1.0,1.0,1.0,1.0,1.0,1.0,1.0,1.0,1.0,1.0,1.0,1.0,1.0,,,,,,,,,,,,,,,,,,,,,,,,
hf_brain_tumor,classification,79,4.2118792749008886e-05,0.9994660021359915,0.9994659839170587,0.9994660021359915,0.9994659337792191,1.0,1.0,1.0,0.9992248062015504,0.9992248062015504,0.9992248062015504,0.9993849938499385,1.0,0.9996924023377423,0.9992826398852224,0.9985663082437276,0.9989243456435999,2.3274538758138238e-05,0.999288256227758,0.9992905447929421,0.999288256227758,0.9992883451109396,1.0,1.0,1.0,0.9967845659163987,1.0,0.998389694041868,1.0,1.0,1.0,1.0,0.9972826086956522,0.998639455782313,,,,,,,,,,,,,,,,,,,,,,,,
hf_brain_tumor,classification,80,9.266454223518196e-05,0.99875400498398,0.998755489666714,0.99875400498398,0.9987544344158374,1.0,0.9992354740061162,0.9996175908221797,0.9969040247678018,0.9984496124031008,0.9976762199845082,1.0,0.9987692307692307,0.999384236453202,0.9978510028653295,0.9985663082437276,0.9982085274095306,1.2110854548699312e-05,1.0,1.0,1.0,1.0,1.0,1.0,1.0,1.0,1.0,1.0,1.0,1.0,1.0,1.0,1.0,1.0,,,,,,,,,,,,,,,,,,,,,,,,
hf_brain_tumor,classification,81,5.357581626186626e-05,0.9989320042719829,0.9989318375606568,0.9989320042719829,0.9989318591012565,0.9992354740061162,0.9992354740061162,0.9992354740061162,0.9984484096198604,0.9976744186046511,0.9980612640558356,0.9993849938499385,1.0,0.9996924023377423,0.9985663082437276,0.9985663082437276,0.9985663082437276,1.1826599523611253e-05,1.0,1.0,1.0,1.0,1.0,1.0,1.0,1.0,1.0,1.0,1.0,1.0,1.0,1.0,1.0,1.0,,,,,,,,,,,,,,,,,,,,,,,,
hf_brain_tumor,classification,82,6.205252637267847e-05,0.9991100035599858,0.9991116555255356,0.9991100035599858,0.9991102138558252,1.0,0.9977064220183486,0.9988518943742825,0.9969064191802011,0.9992248062015504,0.9980642663569493,1.0,1.0,1.0,0.9992831541218637,0.9992831541218637,0.9992831541218637,1.8744188016537132e-05,1.0,1.0,1.0,1.0,1.0,1.0,1.0,1.0,1.0,1.0,1.0,1.0,1.0,1.0,1.0,1.0,,,,,,,,,,,,,,,,,,,,,,,,
hf_brain_tumor,classification,83,5.8591100872355785e-05,0.9992880028479886,0.9992882578612952,0.9992880028479886,0.9992880644779615,1.0,0.9992354740061162,0.9996175908221797,0.9984496124031008,0.9984496124031008,0.9984496124031008,1.0,1.0,1.0,0.998567335243553,0.9992831541218637,0.9989251164457184,1.592459372912974e-05,1.0,1.0,1.0,1.0,1.0,1.0,1.0,1.0,1.0,1.0,1.0,1.0,1.0,1.0,1.0,1.0,,,,,,,,,,,,,,,,,,,,,,,,
hf_brain_tumor,classification,84,6.122030837661244e-05,0.9992880028479886,0.9992885505643571,0.9992880028479886,0.9992880806310728,0.998472116119175,0.9992354740061162,0.9988536492166603,0.9984508133230054,0.9992248062015504,0.9988376598217745,1.0,1.0,1.0,1.0,0.9985663082437276,0.9992826398852224,1.3177702200742986e-05,1.0,1.0,1.0,1.0,1.0,1.0,1.0,1.0,1.0,1.0,1.0,1.0,1.0,1.0,1.0,1.0,,,,,,,,,,,,,,,,,,,,,,,,
hf_brain_tumor,classification,85,6.351361438796796e-05,0.9994660021359915,0.9994665532173784,0.9994660021359915,0.9994660807091683,0.9992354740061162,0.9992354740061162,0.9992354740061162,0.9984520123839009,1.0,0.9992254066615027,1.0,0.9993846153846154,0.9996922129886119,1.0,0.9992831541218637,0.9996414485478666,1.153315426136259e-05,1.0,1.0,1.0,1.0,1.0,1.0,1.0,1.0,1.0,1.0,1.0,1.0,1.0,1.0,1.0,1.0,,,,,,,,,,,,,,,,,,,,,,,,
hf_brain_tumor,classification,86,3.481090460432638e-05,0.9996440014239943,0.9996440014239943,0.9996440014239943,0.9996440014239943,1.0,1.0,1.0,0.9992248062015504,0.9992248062015504,0.9992248062015504,1.0,1.0,1.0,0.9992831541218637,0.9992831541218637,0.9992831541218637,2.2785089918492953e-05,0.999288256227758,0.9992905447929421,0.999288256227758,0.9992883451109396,1.0,1.0,1.0,0.9967845659163987,1.0,0.998389694041868,1.0,1.0,1.0,1.0,0.9972826086956522,0.998639455782313,,,,,,,,,,,,,,,,,,,,,,,,
hf_brain_tumor,classification,87,6.604565214096126e-05,0.9989320042719829,0.9989322817139683,0.9989320042719829,0.9989320745822443,0.9992348890589136,0.9984709480122325,0.9988527724665393,0.9976762199845082,0.9984496124031008,0.9980627663696242,0.9993846153846154,0.9993846153846154,0.9993846153846154,0.9992831541218637,0.9992831541218637,0.9992831541218637,1.5064795826922533e-05,1.0,1.0,1.0,1.0,1.0,1.0,1.0,1.0,1.0,1.0,1.0,1.0,1.0,1.0,1.0,1.0,,,,,,,,,,,,,,,,,,,,,,,,
hf_brain_tumor,classification,88,2.481805039204215e-05,0.9996440014239943,0.9996440014239943,0.9996440014239943,0.9996440014239943,1.0,1.0,1.0,0.9992248062015504,0.9992248062015504,0.9992248062015504,1.0,1.0,1.0,0.9992831541218637,0.9992831541218637,0.9992831541218637,1.6372143686500386e-05,1.0,1.0,1.0,1.0,1.0,1.0,1.0,1.0,1.0,1.0,1.0,1.0,1.0,1.0,1.0,1.0,,,,,,,,,,,,,,,,,,,,,,,,
hf_brain_tumor,classification,89,4.206076607038759e-05,0.9992880028479886,0.9992882292409607,0.9992880028479886,0.9992879883259587,1.0,0.9992354740061162,0.9996175908221797,0.9992242048099301,0.9984496124031008,0.9988367584335014,0.9993849938499385,1.0,0.9996924023377423,0.998567335243553,0.9992831541218637,0.9989251164457184,1.7432413369078454e-05,1.0,1.0,1.0,1.0,1.0,1.0,1.0,1.0,1.0,1.0,1.0,1.0,1.0,1.0,1.0,1.0,,,,,,,,,,,,,,,,,,,,,,,,
hf_brain_tumor,classification,90,0.00010231389241831554,0.9989320042719829,0.9989324355047111,0.9989320042719829,0.9989318021979883,1.0,0.9992354740061162,0.9996175908221797,0.9984472049689441,0.9968992248062015,0.9976726144297905,0.9981572481572482,1.0,0.9990777743621273,0.9992831541218637,0.9992831541218637,0.9992831541218637,2.2783969377558417e-05,0.999288256227758,0.9992905447929421,0.999288256227758,0.9992883451109396,1.0,1.0,1.0,0.9967845659163987,1.0,0.998389694041868,1.0,1.0,1.0,1.0,0.9972826086956522,0.998639455782313,,,,,,,,,,,,,,,,,,,,,,,,
hf_brain_tumor,classification,91,0.00019782023234088058,0.9992880028479886,0.9992886800209116,0.9992880028479886,0.9992881438892118,0.9977099236641221,0.9992354740061162,0.998472116119175,0.9992242048099301,0.9984496124031008,0.9988367584335014,1.0,0.9993846153846154,0.9996922129886119,1.0,1.0,1.0,1.184864746060165e-05,1.0,1.0,1.0,1.0,1.0,1.0,1.0,1.0,1.0,1.0,1.0,1.0,1.0,1.0,1.0,1.0,,,,,,,,,,,,,,,,,,,,,,,,
hf_brain_tumor,classification,92,5.038590825778065e-05,0.9996440014239943,0.9996445525053813,0.9996440014239943,0.9996440778738419,1.0,0.9992354740061162,0.9996175908221797,0.9984520123839009,1.0,0.9992254066615027,1.0,0.9993846153846154,0.9996922129886119,1.0,1.0,1.0,1.8424433521880316e-05,1.0,1.0,1.0,1.0,1.0,1.0,1.0,1.0,1.0,1.0,1.0,1.0,1.0,1.0,1.0,1.0,,,,,,,,,,,,,,,,,,,,,,,,
hf_brain_tumor,classification,93,9.552970936498266e-05,0.9992880028479886,0.9992879825191858,0.9992880028479886,0.9992878649714015,0.9992360580595875,1.0,0.9996178830722201,0.9992242048099301,0.9984496124031008,0.9988367584335014,0.9993849938499385,1.0,0.9996924023377423,0.9992826398852224,0.9985663082437276,0.9989243456435999,1.2359833877055646e-05,1.0,1.0,1.0,1.0,1.0,1.0,1.0,1.0,1.0,1.0,1.0,1.0,1.0,1.0,1.0,1.0,,,,,,,,,,,,,,,,,,,,,,,,
hf_brain_tumor,classification,94,5.994716489032019e-05,0.9992880028479886,0.9992880028479886,0.9992880028479886,0.9992880028479886,0.9992354740061162,0.9992354740061162,0.9992354740061162,0.9984496124031008,0.9984496124031008,0.9984496124031008,1.0,1.0,1.0,0.9992831541218637,0.9992831541218637,0.9992831541218637,2.707874141186171e-05,0.999288256227758,0.9992905447929421,0.999288256227758,0.9992883451109396,1.0,1.0,1.0,0.9967845659163987,1.0,0.998389694041868,1.0,1.0,1.0,1.0,0.9972826086956522,0.998639455782313,,,,,,,,,,,,,,,,,,,,,,,,
hf_brain_tumor,classification,95,0.00017302601558515752,0.9994660021359915,0.9994665532173784,0.9994660021359915,0.9994660123234643,0.9992354740061162,0.9992354740061162,0.9992354740061162,0.9984520123839009,1.0,0.9992254066615027,1.0,1.0,1.0,1.0,0.9985663082437276,0.9992826398852224,1.737106540917759e-05,1.0,1.0,1.0,1.0,1.0,1.0,1.0,1.0,1.0,1.0,1.0,1.0,1.0,1.0,1.0,1.0,,,,,,,,,,,,,,,,,,,,,,,,
hf_brain_tumor,classification,96,3.1655046498890155e-05,0.9992880028479886,0.9992882578612952,0.9992880028479886,0.9992880644779615,1.0,0.9992354740061162,0.9996175908221797,0.9984496124031008,0.9984496124031008,0.9984496124031008,1.0,1.0,1.0,0.998567335243553,0.9992831541218637,0.9989251164457184,1.3600469086884094e-05,1.0,1.0,1.0,1.0,1.0,1.0,1.0,1.0,1.0,1.0,1.0,1.0,1.0,1.0,1.0,1.0,,,,,,,,,,,,,,,,,,,,,,,,
hf_brain_tumor,classification,97,9.124764117324591e-05,0.9989320042719829,0.9989321654890653,0.9989320042719829,0.9989318375606568,0.9992354740061162,0.9992354740061162,0.9992354740061162,0.9992236024844721,0.9976744186046511,0.9984484096198604,0.9987707437000615,1.0,0.9993849938499385,0.9985663082437276,0.9985663082437276,0.9985663082437276,1.7754326683204366e-05,1.0,1.0,1.0,1.0,1.0,1.0,1.0,1.0,1.0,1.0,1.0,1.0,1.0,1.0,1.0,1.0,,,,,,,,,,,,,,,,,,,,,,,,
hf_brain_tumor,classification,98,6.484945704262334e-05,0.9991100035599858,0.9991102895015843,0.9991100035599858,0.9991100802402344,0.9992354740061162,0.9992354740061162,0.9992354740061162,0.9976762199845082,0.9984496124031008,0.9980627663696242,1.0,1.0,1.0,0.9992826398852224,0.9985663082437276,0.9989243456435999,1.270092168793729e-05,1.0,1.0,1.0,1.0,1.0,1.0,1.0,1.0,1.0,1.0,1.0,1.0,1.0,1.0,1.0,1.0,,,,,,,,,,,,,,,,,,,,,,,,
hf_brain_tumor,classification,99,6.16502181453855e-05,0.9991100035599858,0.9991108188239003,0.9991100035599858,0.9991102162183427,0.9977099236641221,0.9992354740061162,0.998472116119175,0.9984496124031008,0.9984496124031008,0.9984496124031008,1.0,0.9993846153846154,0.9996922129886119,1.0,0.9992831541218637,0.9996414485478666,1.7092225724539542e-05,1.0,1.0,1.0,1.0,1.0,1.0,1.0,1.0,1.0,1.0,1.0,1.0,1.0,1.0,1.0,1.0,,,,,,,,,,,,,,,,,,,,,,,,
hf_brain_tumor,classification,100,3.265133932341428e-05,0.9994660021359915,0.999466277890117,0.9994660021359915,0.9994660736729021,0.9992354740061162,0.9992354740061162,0.9992354740061162,0.9984508133230054,0.9992248062015504,0.9988376598217745,1.0,1.0,1.0,1.0,0.9992831541218637,0.9996414485478666,1.2849680309207889e-05,1.0,1.0,1.0,1.0,1.0,1.0,1.0,1.0,1.0,1.0,1.0,1.0,1.0,1.0,1.0,1.0,,,,,,,,,,,,,,,,,,,,,,,,
hf_brain_tumor,classification,101,7.871258026983317e-05,0.9992880028479886,0.9992880111395203,0.9992880028479886,0.9992879411234045,0.9992360580595875,1.0,0.9996178830722201,0.9984496124031008,0.9984496124031008,0.9984496124031008,1.0,1.0,1.0,0.9992826398852224,0.9985663082437276,0.9989243456435999,9.637559702620652e-06,1.0,1.0,1.0,1.0,1.0,1.0,1.0,1.0,1.0,1.0,1.0,1.0,1.0,1.0,1.0,1.0,,,,,,,,,,,,,,,,,,,,,,,,
hf_brain_tumor,classification,102,5.619188943545194e-05,0.9991100035599858,0.9991102810019712,0.9991100035599858,0.9991100738702472,0.9992348890589136,0.9984709480122325,0.9988527724665393,0.9976762199845082,0.9984496124031008,0.9980627663696242,1.0,1.0,1.0,0.9992831541218637,0.9992831541218637,0.9992831541218637,1.5381444071213213e-05,1.0,1.0,1.0,1.0,1.0,1.0,1.0,1.0,1.0,1.0,1.0,1.0,1.0,1.0,1.0,1.0,,,,,,,,,,,,,,,,,,,,,,,,
hf_brain_tumor,classification,103,2.748118674399395e-05,0.9994660021359915,0.9994661502005273,0.9994660021359915,0.9994660098509988,1.0,1.0,1.0,0.9984508133230054,0.9992248062015504,0.9988376598217745,1.0,1.0,1.0,0.9992826398852224,0.9985663082437276,0.9989243456435999,1.4146732214968741e-05,1.0,1.0,1.0,1.0,1.0,1.0,1.0,1.0,1.0,1.0,1.0,1.0,1.0,1.0,1.0,1.0,,,,,,,,,,,,,,,,,,,,,,,,
hf_brain_tumor,classification,104,0.000122740716699666,0.9991100035599858,0.9991105575951015,0.9991100035599858,0.9991100069357056,0.9992343032159265,0.9977064220183486,0.9984697781178271,0.9976780185758514,0.9992248062015504,0.9984508133230054,1.0,1.0,1.0,0.9992831541218637,0.9992831541218637,0.9992831541218637,1.5776563920595674e-05,1.0,1.0,1.0,1.0,1.0,1.0,1.0,1.0,1.0,1.0,1.0,1.0,1.0,1.0,1.0,1.0,,,,,,,,,,,,,,,,,,,,,,,,
hf_brain_tumor,classification,105,3.924973386147024e-05,0.9991100035599858,0.9991101098979629,0.9991100035599858,0.9991099904535997,1.0,1.0,1.0,0.9984484096198604,0.9976744186046511,0.9980612640558356,1.0,1.0,1.0,0.9978510028653295,0.9985663082437276,0.9982085274095306,1.4821672825556494e-05,1.0,1.0,1.0,1.0,1.0,1.0,1.0,1.0,1.0,1.0,1.0,1.0,1.0,1.0,1.0,1.0,,,,,,,,,,,,,,,,,,,,,,,,
hf_brain_tumor,classification,106,6.965773703020789e-05,0.9989320042719829,0.9989334008583534,0.9989320042719829,0.9989322253668376,1.0,0.9984709480122325,0.9992348890589136,0.9969064191802011,0.9992248062015504,0.9980642663569493,1.0,1.0,1.0,0.9985652797704447,0.9978494623655914,0.9982072427393331,1.8468483594154986e-05,1.0,1.0,1.0,1.0,1.0,1.0,1.0,1.0,1.0,1.0,1.0,1.0,1.0,1.0,1.0,1.0,,,,,,,,,,,,,,,,,,,,,,,,
hf_brain_tumor,classification,107,6.821051876861773e-05,0.9989320042719829,0.9989321692985105,0.9989320042719829,0.9989318413642343,0.9992343032159265,0.9977064220183486,0.9984697781178271,0.9984496124031008,0.9984496124031008,0.9984496124031008,0.9987707437000615,1.0,0.9993849938499385,0.9992831541218637,0.9992831541218637,0.9992831541218637,1.3255505386424007e-05,1.0,1.0,1.0,1.0,1.0,1.0,1.0,1.0,1.0,1.0,1.0,1.0,1.0,1.0,1.0,1.0,,,,,,,,,,,,,,,,,,,,,,,,
hf_brain_tumor,classification,108,5.288086300619154e-05,0.9994660021359915,0.9994671480541545,0.9994660021359915,0.9994661167979717,1.0,0.9992354740061162,0.9996175908221797,1.0,0.9984496124031008,0.9992242048099301,1.0,1.0,1.0,0.9978540772532188,1.0,0.9989258861439313,2.469890995931658e-05,0.999288256227758,0.9992905447929421,0.999288256227758,0.9992883451109396,1.0,1.0,1.0,0.9967845659163987,1.0,0.998389694041868,1.0,1.0,1.0,1.0,0.9972826086956522,0.998639455782313,,,,,,,,,,,,,,,,,,,,,,,,
hf_brain_tumor,classification,109,0.0001453235436472453,0.99875400498398,0.9987549841000486,0.99875400498398,0.9987540366093478,0.9984697781178271,0.9977064220183486,0.9980879541108987,0.9992236024844721,0.9976744186046511,0.9984484096198604,1.0,1.0,1.0,0.9971387696709585,0.9992831541218637,0.9982098102398854,1.0802624969176163e-05,1.0,1.0,1.0,1.0,1.0,1.0,1.0,1.0,1.0,1.0,1.0,1.0,1.0,1.0,1.0,1.0,,,,,,,,,,,,,,,,,,,,,,,,
hf_brain_tumor,classification,110,0.0002137262874570366,0.9989320042719829,0.9989332388374278,0.9989320042719829,0.9989322949849371,0.9977081741787625,0.9984709480122325,0.9980894153611005,0.9976780185758514,0.9992248062015504,0.9984508133230054,1.0,0.9993846153846154,0.9996922129886119,1.0,0.9985663082437276,0.9992826398852224,2.088993947678582e-05,0.999288256227758,0.9992905447929421,0.999288256227758,0.9992883451109396,1.0,1.0,1.0,0.9967845659163987,1.0,0.998389694041868,1.0,1.0,1.0,1.0,0.9972826086956522,0.998639455782313,,,,,,,,,,,,,,,,,,,,,,,,
hf_brain_tumor,classification,111,7.94669701758017e-05,0.9996440014239943,0.9996440014239943,0.9996440014239943,0.9996440014239943,0.9992354740061162,0.9992354740061162,0.9992354740061162,0.9992248062015504,0.9992248062015504,0.9992248062015504,1.0,1.0,1.0,1.0,1.0,1.0,1.4469827801031312e-05,1.0,1.0,1.0,1.0,1.0,1.0,1.0,1.0,1.0,1.0,1.0,1.0,1.0,1.0,1.0,1.0,,,,,,,,,,,,,,,,,,,,,,,,
hf_brain_tumor,classification,112,3.158500162515763e-05,0.9996440014239943,0.9996442649117689,0.9996440014239943,0.9996439292293579,0.9992360580595875,1.0,0.9996178830722201,1.0,0.9984496124031008,0.9992242048099301,1.0,1.0,1.0,0.9992836676217765,1.0,0.9996417054819061,1.5404706829177515e-05,1.0,1.0,1.0,1.0,1.0,1.0,1.0,1.0,1.0,1.0,1.0,1.0,1.0,1.0,1.0,1.0,,,,,,,,,,,,,,,,,,,,,,,,
hf_brain_tumor,classification,113,7.893148725190445e-05,0.9991100035599858,0.999109985341053,0.9991100035599858,0.9991099352032135,0.9984709480122325,0.9984709480122325,0.9984709480122325,0.9992248062015504,0.9992248062015504,0.9992248062015504,0.9993849938499385,1.0,0.9996924023377423,0.9992826398852224,0.9985663082437276,0.9989243456435999,1.4295471042652879e-05,1.0,1.0,1.0,1.0,1.0,1.0,1.0,1.0,1.0,1.0,1.0,1.0,1.0,1.0,1.0,1.0,,,,,,,,,,,,,,,,,,,,,,,,
hf_brain_tumor,classification,114,0.00010397011062292787,0.9985760056959773,0.9985758597874547,0.9985760056959773,0.9985758735173016,0.9984709480122325,0.9984709480122325,0.9984709480122325,0.9976744186046511,0.9976744186046511,0.9976744186046511,0.9993849938499385,1.0,0.9996924023377423,0.9985652797704447,0.9978494623655914,0.9982072427393331,2.0791678825828246e-05,0.999288256227758,0.9992905447929421,0.999288256227758,0.9992883451109396,1.0,1.0,1.0,0.9967845659163987,1.0,0.998389694041868,1.0,1.0,1.0,1.0,0.9972826086956522,0.998639455782313,,,,,,,,,,,,,,,,,,,,,,,,
hf_brain_tumor,classification,115,3.0452820652321864e-05,0.9996440014239943,0.9996440014239943,0.9996440014239943,0.9996440014239943,1.0,1.0,1.0,0.9992248062015504,0.9992248062015504,0.9992248062015504,1.0,1.0,1.0,0.9992831541218637,0.9992831541218637,0.9992831541218637,1.4850055864975457e-05,1.0,1.0,1.0,1.0,1.0,1.0,1.0,1.0,1.0,1.0,1.0,1.0,1.0,1.0,1.0,1.0,,,,,,,,,,,,,,,,,,,,,,,,
hf_brain_tumor,classification,116,4.968866120604963e-05,0.99875400498398,0.9987544370941731,0.99875400498398,0.9987540934229031,0.9992360580595875,1.0,0.9996178830722201,0.9969016266460109,0.9976744186046511,0.9972878729174739,1.0,0.9993846153846154,0.9996922129886119,0.9985652797704447,0.9978494623655914,0.9982072427393331,1.3098132770702182e-05,1.0,1.0,1.0,1.0,1.0,1.0,1.0,1.0,1.0,1.0,1.0,1.0,1.0,1.0,1.0,1.0,,,,,,,,,,,,,,,,,,,,,,,,
hf_brain_tumor,classification,117,0.00010380270463352023,0.9989320042719829,0.9989319563847605,0.9989320042719829,0.998931852662668,0.9992348890589136,0.9984709480122325,0.9988527724665393,0.9984484096198604,0.9976744186046511,0.9980612640558356,0.9993849938499385,1.0,0.9996924023377423,0.998567335243553,0.9992831541218637,0.9989251164457184,1.1523791847994645e-05,1.0,1.0,1.0,1.0,1.0,1.0,1.0,1.0,1.0,1.0,1.0,1.0,1.0,1.0,1.0,1.0,,,,,,,,,,,,,,,,,,,,,,,,
hf_brain_tumor,classification,118,6.0697840530820914e-05,0.9991100035599858,0.9991101342337997,0.9991100035599858,0.9991098665175268,0.9992343032159265,0.9977064220183486,0.9984697781178271,0.9984508133230054,0.9992248062015504,0.9988376598217745,0.9993846153846154,0.9993846153846154,0.9993846153846154,0.9992836676217765,1.0,0.9996417054819061,1.542745982687176e-05,1.0,1.0,1.0,1.0,1.0,1.0,1.0,1.0,1.0,1.0,1.0,1.0,1.0,1.0,1.0,1.0,,,,,,,,,,,,,,,,,,,,,,,,
hf_brain_tumor,classification,119,7.265278272524816e-05,0.9991100035599858,0.9991102976097858,0.9991100035599858,0.9991099546021804,0.9992360580595875,1.0,0.9996178830722201,0.9976762199845082,0.9984496124031008,0.9980627663696242,1.0,1.0,1.0,0.9992821249102656,0.9978494623655914,0.9985652797704447,9.70117143974255e-06,1.0,1.0,1.0,1.0,1.0,1.0,1.0,1.0,1.0,1.0,1.0,1.0,1.0,1.0,1.0,1.0,,,,,,,,,,,,,,,,,,,,,,,,
hf_brain_tumor,classification,120,6.973983820373596e-05,0.99875400498398,0.9987542166834494,0.99875400498398,0.9987538457243124,0.9984709480122325,0.9984709480122325,0.9984709480122325,0.9984472049689441,0.9968992248062015,0.9976726144297905,1.0,1.0,1.0,0.9978525411596277,0.9992831541218637,0.998567335243553,1.6853422850356495e-05,1.0,1.0,1.0,1.0,1.0,1.0,1.0,1.0,1.0,1.0,1.0,1.0,1.0,1.0,1.0,1.0,,,,,,,,,,,,,,,,,,,,,,,,
hf_brain_tumor,classification,121,7.28456593427614e-05,0.9996440014239943,0.9996442752821786,0.9996440014239943,0.9996440106109996,0.9992360580595875,1.0,0.9996178830722201,0.9992254066615027,1.0,0.9996125532739248,1.0,0.9993846153846154,0.9996922129886119,1.0,0.9992831541218637,0.9996414485478666,1.774257484883531e-05,1.0,1.0,1.0,1.0,1.0,1.0,1.0,1.0,1.0,1.0,1.0,1.0,1.0,1.0,1.0,1.0,,,,,,,,,,,,,,,,,,,,,,,,
hf_brain_tumor,classification,122,4.163599858154198e-05,0.9991100035599858,0.9991115278359458,0.9991100035599858,0.9991102884767435,1.0,0.9984709480122325,0.9992348890589136,0.9969064191802011,0.9992248062015504,0.9980642663569493,1.0,1.0,1.0,0.9992826398852224,0.9985663082437276,0.9989243456435999,1.9445834388693827e-05,0.999288256227758,0.9992905447929421,0.999288256227758,0.9992883451109396,1.0,1.0,1.0,0.9967845659163987,1.0,0.998389694041868,1.0,1.0,1.0,1.0,0.9972826086956522,0.998639455782313,,,,,,,,,,,,,,,,,,,,,,,,
hf_brain_tumor,classification,123,3.8785287089243466e-05,0.9996440014239943,0.9996445525053813,0.9996440014239943,0.9996440733558248,1.0,0.9992354740061162,0.9996175908221797,0.9984520123839009,1.0,0.9992254066615027,1.0,1.0,1.0,1.0,0.9992831541218637,0.9996414485478666,1.3255680828139098e-05,1.0,1.0,1.0,1.0,1.0,1.0,1.0,1.0,1.0,1.0,1.0,1.0,1.0,1.0,1.0,1.0,,,,,,,,,,,,,,,,,,,,,,,,
hf_brain_tumor,classification,124,0.00011252684084725162,0.9983980064079744,0.9983984345379803,0.9983980064079744,0.9983978941750725,0.9984697781178271,0.9977064220183486,0.9980879541108987,0.9969040247678018,0.9984496124031008,0.9976762199845082,0.9993849938499385,1.0,0.9996924023377423,0.9985642498205313,0.9971326164874552,0.9978479196556671,1.2469922868794399e-05,1.0,1.0,1.0,1.0,1.0,1.0,1.0,1.0,1.0,1.0,1.0,1.0,1.0,1.0,1.0,1.0,,,,,,,,,,,,,,,,,,,,,,,,
hf_brain_tumor,classification,125,0.000284892675931595,0.9991100035599858,0.9991110978334715,0.9991100035599858,0.9991101040623591,0.9977116704805492,1.0,0.9988545246277205,0.9992248062015504,0.9992248062015504,0.9992248062015504,1.0,0.9987692307692307,0.999384236453202,0.9992826398852224,0.9985663082437276,0.9989243456435999,1.2136133374071531e-05,1.0,1.0,1.0,1.0,1.0,1.0,1.0,1.0,1.0,1.0,1.0,1.0,1.0,1.0,1.0,1.0,,,,,,,,,,,,,,,,,,,,,,,,
hf_brain_tumor,classification,126,6.646464927637102e-05,0.9991100035599858,0.9991104171911741,0.9991100035599858,0.9991101485801548,0.9992354740061162,0.9992354740061162,0.9992354740061162,0.9976762199845082,0.9984496124031008,0.9980627663696242,1.0,0.9993846153846154,0.9996922129886119,0.9992831541218637,0.9992831541218637,0.9992831541218637,1.3024552538971312e-05,1.0,1.0,1.0,1.0,1.0,1.0,1.0,1.0,1.0,1.0,1.0,1.0,1.0,1.0,1.0,1.0,,,,,,,,,,,,,,,,,,,,,,,,
hf_brain_tumor,classification,127,3.26233447642394e-05,0.9994660021359915,0.9994664138712385,0.9994660021359915,0.9994660119025344,0.9992360580595875,1.0,0.9996178830722201,0.9984508133230054,0.9992248062015504,0.9988376598217745,1.0,1.0,1.0,1.0,0.9985663082437276,0.9992826398852224,1.2001502574179819e-05,1.0,1.0,1.0,1.0,1.0,1.0,1.0,1.0,1.0,1.0,1.0,1.0,1.0,1.0,1.0,1.0,,,,,,,,,,,,,,,,,,,,,,,,
hf_brain_tumor,classification,128,3.053186530330693e-05,0.9994660021359915,0.9994663737065262,0.9994660021359915,0.9994659920802788,1.0,0.9992354740061162,0.9996175908221797,0.9992242048099301,0.9984496124031008,0.9988367584335014,1.0,1.0,1.0,0.9985683607730852,1.0,0.9992836676217765,1.8336753880142986e-05,1.0,1.0,1.0,1.0,1.0,1.0,1.0,1.0,1.0,1.0,1.0,1.0,1.0,1.0,1.0,1.0,,,,,,,,,,,,,,,,,,,,,,,,
hf_brain_tumor,classification,129,3.5740669655423534e-05,0.9994660021359915,0.999466277890117,0.9994660021359915,0.9994660736729021,0.9992354740061162,0.9992354740061162,0.9992354740061162,0.9984508133230054,0.9992248062015504,0.9988376598217745,1.0,1.0,1.0,1.0,0.9992831541218637,0.9996414485478666,1.519575948742431e-05,1.0,1.0,1.0,1.0,1.0,1.0,1.0,1.0,1.0,1.0,1.0,1.0,1.0,1.0,1.0,1.0,,,,,,,,,,,,,,,,,,,,,,,,
hf_brain_tumor,classification,130,5.8373257141769864e-05,0.9991100035599858,0.9991098368486597,0.9991100035599858,0.9991098583892594,0.9992354740061162,0.9992354740061162,0.9992354740061162,0.9984484096198604,0.9976744186046511,0.9980612640558356,0.9993849938499385,1.0,0.9996924023377423,0.9992831541218637,0.9992831541218637,0.9992831541218637,1.0663415477855443e-05,1.0,1.0,1.0,1.0,1.0,1.0,1.0,1.0,1.0,1.0,1.0,1.0,1.0,1.0,1.0,1.0,,,,,,,,,,,,,,,,,,,,,,,,
hf_brain_tumor,classification,131,6.755440238914003e-05,0.9991100035599858,0.9991099993402457,0.9991100035599858,0.9991099330379886,0.998472116119175,0.9992354740061162,0.9988536492166603,0.9984484096198604,0.9976744186046511,0.9980612640558356,1.0,1.0,1.0,0.9992831541218637,0.9992831541218637,0.9992831541218637,1.2044042553858483e-05,1.0,1.0,1.0,1.0,1.0,1.0,1.0,1.0,1.0,1.0,1.0,1.0,1.0,1.0,1.0,1.0,,,,,,,,,,,,,,,,,,,,,,,,
hf_brain_tumor,classification,132,4.1737940868138056e-05,0.9992880028479886,0.9992881509125245,0.9992880028479886,0.999288010562996,0.9992354740061162,0.9992354740061162,0.9992354740061162,0.9984508133230054,0.9992248062015504,0.9988376598217745,1.0,1.0,1.0,0.9992826398852224,0.9985663082437276,0.9989243456435999,1.275762419884565e-05,1.0,1.0,1.0,1.0,1.0,1.0,1.0,1.0,1.0,1.0,1.0,1.0,1.0,1.0,1.0,1.0,,,,,,,,,,,,,,,,,,,,,,,,
hf_brain_tumor,classification,133,7.227818979254647e-05,0.9991100035599858,0.9991099823913094,0.9991100035599858,0.9991099266774306,0.9992354740061162,0.9992354740061162,0.9992354740061162,0.9984484096198604,0.9976744186046511,0.9980612640558356,1.0,1.0,1.0,0.998567335243553,0.9992831541218637,0.9989251164457184,2.0347497763334857e-05,1.0,1.0,1.0,1.0,1.0,1.0,1.0,1.0,1.0,1.0,1.0,1.0,1.0,1.0,1.0,1.0,,,,,,,,,,,,,,,,,,,,,,,,
hf_brain_tumor,classification,134,7.014680422041811e-05,0.9992880028479886,0.9992885177369303,0.9992880028479886,0.9992879349875176,0.9984732824427481,1.0,0.9992360580595875,0.9992242048099301,0.9984496124031008,0.9988367584335014,0.9993849938499385,1.0,0.9996924023377423,1.0,0.9985663082437276,0.9992826398852224,1.2955144505363056e-05,1.0,1.0,1.0,1.0,1.0,1.0,1.0,1.0,1.0,1.0,1.0,1.0,1.0,1.0,1.0,1.0,,,,,,,,,,,,,,,,,,,,,,,,
hf_brain_tumor,classification,135,6.74630839738892e-05,0.9989320042719829,0.9989323563930863,0.9989320042719829,0.9989319846356387,0.9992348890589136,0.9984709480122325,0.9988527724665393,0.9984484096198604,0.9976744186046511,0.9980612640558356,1.0,1.0,1.0,0.9978525411596277,0.9992831541218637,0.998567335243553,1.6735244811693326e-05,1.0,1.0,1.0,1.0,1.0,1.0,1.0,1.0,1.0,1.0,1.0,1.0,1.0,1.0,1.0,1.0,,,,,,,,,,,,,,,,,,,,,,,,
hf_brain_tumor,classification,136,0.0003169995064943543,0.99875400498398,0.9987556342680808,0.99875400498398,0.9987542680302169,0.9969488939740656,0.9992354740061162,0.9980908743795341,0.9984496124031008,0.9984496124031008,0.9984496124031008,1.0,0.9981538461538462,0.9990760702186634,0.9992831541218637,0.9992831541218637,0.9992831541218637,1.0757189422517004e-05,1.0,1.0,1.0,1.0,1.0,1.0,1.0,1.0,1.0,1.0,1.0,1.0,1.0,1.0,1.0,1.0,,,,,,,,,,,,,,,,,,,,,,,,
hf_brain_tumor,classification,137,7.371005655133121e-05,0.99875400498398,0.9987540920159642,0.99875400498398,0.9987539208573754,0.998472116119175,0.9992354740061162,0.9988536492166603,0.9984484096198604,0.9976744186046511,0.9980612640558356,0.998769987699877,0.9993846153846154,0.9990772070132267,0.9992826398852224,0.9985663082437276,0.9989243456435999,1.3751933552679332e-05,1.0,1.0,1.0,1.0,1.0,1.0,1.0,1.0,1.0,1.0,1.0,1.0,1.0,1.0,1.0,1.0,,,,,,,,,,,,,,,,,,,,,,,,
hf_brain_tumor,classification,138,7.074759298205051e-05,0.9992880028479886,0.9992891487661517,0.9992880028479886,0.999287978809942,0.9992354740061162,0.9992354740061162,0.9992354740061162,1.0,0.9976744186046511,0.9988358556461001,1.0,1.0,1.0,0.9978540772532188,1.0,0.9989258861439313,1.9403743230277802e-05,0.999288256227758,0.9992905447929421,0.999288256227758,0.9992883451109396,1.0,1.0,1.0,0.9967845659163987,1.0,0.998389694041868,1.0,1.0,1.0,1.0,0.9972826086956522,0.998639455782313,,,,,,,,,,,,,,,,,,,,,,,,
hf_brain_tumor,classification,139,7.901390564989542e-05,0.9989320042719829,0.9989332532272331,0.9989320042719829,0.9989319708239078,0.9992360580595875,1.0,0.9996178830722201,0.9992229992229992,0.9968992248062015,0.9980597594101669,1.0,0.9993846153846154,0.9996922129886119,0.9971387696709585,0.9992831541218637,0.9982098102398854,1.1254849803139566e-05,1.0,1.0,1.0,1.0,1.0,1.0,1.0,1.0,1.0,1.0,1.0,1.0,1.0,1.0,1.0,1.0,,,,,,,,,,,,,,,,,,,,,,,,
hf_brain_tumor,classification,140,3.3068886500528126e-05,0.9994660021359915,0.9994662571492979,0.9994660021359915,0.9994660704073106,1.0,1.0,1.0,0.9992248062015504,0.9992248062015504,0.9992248062015504,1.0,0.9993846153846154,0.9996922129886119,0.998567335243553,0.9992831541218637,0.9989251164457184,1.4485564786510861e-05,1.0,1.0,1.0,1.0,1.0,1.0,1.0,1.0,1.0,1.0,1.0,1.0,1.0,1.0,1.0,1.0,,,,,,,,,,,,,,,,,,,,,,,,
hf_brain_tumor,classification,141,5.3279062225536975e-05,0.9996440014239943,0.999644248771714,0.9996440014239943,0.9996439355931078,1.0,1.0,1.0,0.9992254066615027,1.0,0.9996125532739248,0.9993849938499385,1.0,0.9996924023377423,1.0,0.9985663082437276,0.9992826398852224,1.1564028761085257e-05,1.0,1.0,1.0,1.0,1.0,1.0,1.0,1.0,1.0,1.0,1.0,1.0,1.0,1.0,1.0,1.0,,,,,,,,,,,,,,,,,,,,,,,,
hf_brain_tumor,classification,142,0.00010889839942484739,0.9989320042719829,0.9989322200806167,0.9989320042719829,0.9989319845073987,1.0,0.9992354740061162,0.9996175908221797,0.9984484096198604,0.9976744186046511,0.9980612640558356,0.9993849938499385,1.0,0.9996924023377423,0.9978510028653295,0.9985663082437276,0.9982085274095306,1.0936553828046158e-05,1.0,1.0,1.0,1.0,1.0,1.0,1.0,1.0,1.0,1.0,1.0,1.0,1.0,1.0,1.0,1.0,,,,,,,,,,,,,,,,,,,,,,,,
hf_brain_tumor,classification,143,2.9373260121241676e-05,0.9992880028479886,0.9992886292492863,0.9992880028479886,0.9992881269402756,1.0,1.0,1.0,0.9992242048099301,0.9984496124031008,0.9988367584335014,1.0,0.9993846153846154,0.9996922129886119,0.9978525411596277,0.9992831541218637,0.998567335243553,2.293558926856404e-05,0.999288256227758,0.9992905447929421,0.999288256227758,0.9992883451109396,1.0,1.0,1.0,0.9967845659163987,1.0,0.998389694041868,1.0,1.0,1.0,1.0,0.9972826086956522,0.998639455782313,,,,,,,,,,,,,,,,,,,,,,,,
hf_brain_tumor,classification,144,0.00015988954333354198,0.9985760056959773,0.9985770691139441,0.9985760056959773,0.9985754436196137,0.9969512195121951,1.0,0.9984732824427481,0.9984447900466563,0.9953488372093023,0.9968944099378882,1.0,1.0,1.0,0.9985663082437276,0.9985663082437276,0.9985663082437276,1.5325261240535372e-05,1.0,1.0,1.0,1.0,1.0,1.0,1.0,1.0,1.0,1.0,1.0,1.0,1.0,1.0,1.0,1.0,,,,,,,,,,,,,,,,,,,,,,,,
hf_brain_tumor,classification,145,8.098203948995883e-05,0.99875400498398,0.9987542454276908,0.99875400498398,0.9987536473514452,0.9977099236641221,0.9992354740061162,0.998472116119175,0.9984459984459985,0.9961240310077519,0.9972836631742336,1.0,1.0,1.0,0.998567335243553,0.9992831541218637,0.9989251164457184,1.5087152931773558e-05,1.0,1.0,1.0,1.0,1.0,1.0,1.0,1.0,1.0,1.0,1.0,1.0,1.0,1.0,1.0,1.0,,,,,,,,,,,,,,,,,,,,,,,,
hf_brain_tumor,classification,146,6.859418955930123e-05,0.9992880028479886,0.9992881174460067,0.9992880028479886,0.9992878563385298,0.9992360580595875,1.0,0.9996178830722201,0.9992236024844721,0.9976744186046511,0.9984484096198604,1.0,1.0,1.0,0.998567335243553,0.9992831541218637,0.9989251164457184,1.4191855013476442e-05,1.0,1.0,1.0,1.0,1.0,1.0,1.0,1.0,1.0,1.0,1.0,1.0,1.0,1.0,1.0,1.0,,,,,,,,,,,,,,,,,,,,,,,,
hf_brain_tumor,classification,147,8.692737589445862e-05,0.9991100035599858,0.9991098368486597,0.9991100035599858,0.9991098583892594,0.9992354740061162,0.9992354740061162,0.9992354740061162,0.9984484096198604,0.9976744186046511,0.9980612640558356,0.9993849938499385,1.0,0.9996924023377423,0.9992831541218637,0.9992831541218637,0.9992831541218637,1.6691095595099802e-05,1.0,1.0,1.0,1.0,1.0,1.0,1.0,1.0,1.0,1.0,1.0,1.0,1.0,1.0,1.0,1.0,,,,,,,,,,,,,,,,,,,,,,,,
hf_brain_tumor,classification,148,8.20708010654026e-05,0.9996440014239943,0.9996445525053813,0.9996440014239943,0.9996440116114672,1.0,1.0,1.0,0.9984520123839009,1.0,0.9992254066615027,1.0,1.0,1.0,1.0,0.9985663082437276,0.9992826398852224,1.1220617796870801e-05,1.0,1.0,1.0,1.0,1.0,1.0,1.0,1.0,1.0,1.0,1.0,1.0,1.0,1.0,1.0,1.0,,,,,,,,,,,,,,,,,,,,,,,,
hf_brain_tumor,classification,149,5.828373762779933e-05,0.9994660021359915,0.9994660000261214,0.9994660021359915,0.9994659326161768,0.9992360580595875,1.0,0.9996178830722201,0.9992242048099301,0.9984496124031008,0.9988367584335014,1.0,1.0,1.0,0.9992831541218637,0.9992831541218637,0.9992831541218637,2.1046656497214922e-05,0.999288256227758,0.9992905447929421,0.999288256227758,0.9992883451109396,1.0,1.0,1.0,0.9967845659163987,1.0,0.998389694041868,1.0,1.0,1.0,1.0,0.9972826086956522,0.998639455782313,,,,,,,,,,,,,,,,,,,,,,,,
hf_brain_tumor,classification,150,4.890140286097188e-05,0.9994660021359915,0.999466375094423,0.9994660021359915,0.9994657845831298,0.9992360580595875,1.0,0.9996178830722201,1.0,0.9976744186046511,0.9988358556461001,0.9993849938499385,1.0,0.9996924023377423,0.9992836676217765,1.0,0.9996417054819061,1.0455988875763917e-05,1.0,1.0,1.0,1.0,1.0,1.0,1.0,1.0,1.0,1.0,1.0,1.0,1.0,1.0,1.0,1.0,,,,,,,,,,,,,,,,,,,,,,,,
hf_brain_tumor,classification,151,4.680962169577759e-05,0.9991100035599858,0.9991102895015843,0.9991100035599858,0.9991100802402344,0.9992354740061162,0.9992354740061162,0.9992354740061162,0.9976762199845082,0.9984496124031008,0.9980627663696242,1.0,1.0,1.0,0.9992826398852224,0.9985663082437276,0.9989243456435999,1.0790576872602459e-05,1.0,1.0,1.0,1.0,1.0,1.0,1.0,1.0,1.0,1.0,1.0,1.0,1.0,1.0,1.0,1.0,,,,,,,,,,,,,,,,,,,,,,,,
hf_brain_tumor,classification,152,6.490813043486658e-05,0.9992880028479886,0.9992882786021141,0.9992880028479886,0.9992880789029163,0.9992354740061162,0.9992354740061162,0.9992354740061162,0.9984508133230054,0.9992248062015504,0.9988376598217745,1.0,0.9993846153846154,0.9996922129886119,0.9992831541218637,0.9992831541218637,0.9992831541218637,1.0075803798876469e-05,1.0,1.0,1.0,1.0,1.0,1.0,1.0,1.0,1.0,1.0,1.0,1.0,1.0,1.0,1.0,1.0,,,,,,,,,,,,,,,,,,,,,,,,
hf_brain_tumor,classification,153,4.309650509212197e-05,0.9994660021359915,0.9994660000261214,0.9994660021359915,0.9994659326161768,0.9992360580595875,1.0,0.9996178830722201,0.9992242048099301,0.9984496124031008,0.9988367584335014,1.0,1.0,1.0,0.9992831541218637,0.9992831541218637,0.9992831541218637,1.4065292883074018e-05,1.0,1.0,1.0,1.0,1.0,1.0,1.0,1.0,1.0,1.0,1.0,1.0,1.0,1.0,1.0,1.0,,,,,,,,,,,,,,,,,,,,,,,,
hf_brain_tumor,classification,154,0.00010147652629299462,0.9991100035599858,0.9991102915067523,0.9991100035599858,0.9991098841619278,0.9984732824427481,1.0,0.9992360580595875,0.9984496124031008,0.9984496124031008,0.9984496124031008,1.0,1.0,1.0,0.9992821249102656,0.9978494623655914,0.9985652797704447,1.1648014926496067e-05,1.0,1.0,1.0,1.0,1.0,1.0,1.0,1.0,1.0,1.0,1.0,1.0,1.0,1.0,1.0,1.0,,,,,,,,,,,,,,,,,,,,,,,,
hf_brain_tumor,classification,155,3.515085441806149e-05,0.9992880028479886,0.9992881174460067,0.9992880028479886,0.9992878563385298,0.9992360580595875,1.0,0.9996178830722201,0.9992236024844721,0.9976744186046511,0.9984484096198604,1.0,1.0,1.0,0.998567335243553,0.9992831541218637,0.9989251164457184,1.8709272533475927e-05,1.0,1.0,1.0,1.0,1.0,1.0,1.0,1.0,1.0,1.0,1.0,1.0,1.0,1.0,1.0,1.0,,,,,,,,,,,,,,,,,,,,,,,,
hf_brain_tumor,classification,156,7.135131250786659e-05,0.9992880028479886,0.9992890635909016,0.9992880028479886,0.9992877230577751,1.0,0.9969418960244648,0.998468606431853,0.9984520123839009,1.0,0.9992254066615027,1.0,1.0,1.0,0.9985683607730852,1.0,0.9992836676217765,1.848762629205488e-05,1.0,1.0,1.0,1.0,1.0,1.0,1.0,1.0,1.0,1.0,1.0,1.0,1.0,1.0,1.0,1.0,,,,,,,,,,,,,,,,,,,,,,,,
hf_brain_tumor,classification,157,0.00015003137791767782,0.99875400498398,0.9987545571115716,0.99875400498398,0.9987538138799693,0.9977116704805492,1.0,0.9988545246277205,0.9976726144297905,0.9968992248062015,0.9972857696781698,1.0,1.0,1.0,0.9992821249102656,0.9978494623655914,0.9985652797704447,2.2464290284806647e-05,0.999288256227758,0.9992905447929421,0.999288256227758,0.9992883451109396,1.0,1.0,1.0,0.9967845659163987,1.0,0.998389694041868,1.0,1.0,1.0,1.0,0.9972826086956522,0.998639455782313,,,,,,,,,,,,,,,,,,,,,,,,
hf_brain_tumor,classification,158,7.001166207999561e-05,0.9994660021359915,0.9994665532173784,0.9994660021359915,0.9994660304075813,0.9992354740061162,0.9992354740061162,0.9992354740061162,0.9984520123839009,1.0,0.9992254066615027,1.0,0.9987692307692307,0.999384236453202,1.0,1.0,1.0,1.107906946957821e-05,1.0,1.0,1.0,1.0,1.0,1.0,1.0,1.0,1.0,1.0,1.0,1.0,1.0,1.0,1.0,1.0,,,,,,,,,,,,,,,,,,,,,,,,
hf_brain_tumor,classification,159,8.321262944260926e-05,0.99875400498398,0.9987556331006594,0.99875400498398,0.9987539347182363,0.9969512195121951,1.0,0.9984732824427481,0.9992229992229992,0.9968992248062015,0.9980597594101669,0.9993846153846154,0.9993846153846154,0.9993846153846154,0.9992826398852224,0.9985663082437276,0.9989243456435999,1.4390255716605136e-05,1.0,1.0,1.0,1.0,1.0,1.0,1.0,1.0,1.0,1.0,1.0,1.0,1.0,1.0,1.0,1.0,,,,,,,,,,,,,,,,,,,,,,,,
hf_brain_tumor,classification,160,5.4255154448315026e-05,0.9991100035599858,0.9991106299612835,0.9991100035599858,0.9991101276522727,0.9992354740061162,0.9992354740061162,0.9992354740061162,0.9992242048099301,0.9984496124031008,0.9988367584335014,1.0,0.9993846153846154,0.9996922129886119,0.9978525411596277,0.9992831541218637,0.998567335243553,1.7008572759051742e-05,1.0,1.0,1.0,1.0,1.0,1.0,1.0,1.0,1.0,1.0,1.0,1.0,1.0,1.0,1.0,1.0,,,,,,,,,,,,,,,,,,,,,,,,
hf_brain_tumor,classification,161,2.476585869841079e-05,0.9998220007119971,0.9998221385890598,0.9998220007119971,0.9998220032836662,1.0,1.0,1.0,0.9992254066615027,1.0,0.9996125532739248,1.0,1.0,1.0,1.0,0.9992831541218637,0.9996414485478666,1.318445032680567e-05,1.0,1.0,1.0,1.0,1.0,1.0,1.0,1.0,1.0,1.0,1.0,1.0,1.0,1.0,1.0,1.0,,,,,,,,,,,,,,,,,,,,,,,,
hf_brain_tumor,classification,162,6.664527893001055e-05,0.9989320042719829,0.9989326528245713,0.9989320042719829,0.9989320033739099,0.9977099236641221,0.9992354740061162,0.998472116119175,0.9984484096198604,0.9976744186046511,0.9980612640558356,0.9993849938499385,1.0,0.9996924023377423,1.0,0.9985663082437276,0.9992826398852224,1.5410743437599347e-05,1.0,1.0,1.0,1.0,1.0,1.0,1.0,1.0,1.0,1.0,1.0,1.0,1.0,1.0,1.0,1.0,,,,,,,,,,,,,,,,,,,,,,,,
hf_brain_tumor,classification,163,0.0001077695416151235,0.9989320042719829,0.9989323709789969,0.9989320042719829,0.9989317157612825,0.998472116119175,0.9992354740061162,0.9988536492166603,0.9992229992229992,0.9968992248062015,0.9980597594101669,0.9993846153846154,0.9993846153846154,0.9993846153846154,0.9985683607730852,1.0,0.9992836676217765,1.673974961577074e-05,1.0,1.0,1.0,1.0,1.0,1.0,1.0,1.0,1.0,1.0,1.0,1.0,1.0,1.0,1.0,1.0,,,,,,,,,,,,,,,,,,,,,,,,
hf_brain_tumor,classification,164,7.503767916929176e-05,0.9992880028479886,0.9992882603831812,0.9992880028479886,0.9992880039047977,1.0,0.9992354740061162,0.9996175908221797,0.9984508133230054,0.9992248062015504,0.9988376598217745,0.9993849938499385,1.0,0.9996924023377423,0.9992826398852224,0.9985663082437276,0.9989243456435999,1.537216566204088e-05,1.0,1.0,1.0,1.0,1.0,1.0,1.0,1.0,1.0,1.0,1.0,1.0,1.0,1.0,1.0,1.0,,,,,,,,,,,,,,,,,,,,,,,,
hf_brain_tumor,classification,165,4.2391102660717446e-05,0.9994660021359915,0.9994663737065262,0.9994660021359915,0.9994659920802788,1.0,0.9992354740061162,0.9996175908221797,0.9992242048099301,0.9984496124031008,0.9988367584335014,1.0,1.0,1.0,0.9985683607730852,1.0,0.9992836676217765,1.4821695077373016e-05,1.0,1.0,1.0,1.0,1.0,1.0,1.0,1.0,1.0,1.0,1.0,1.0,1.0,1.0,1.0,1.0,,,,,,,,,,,,,,,,,,,,,,,,
hf_brain_tumor,classification,166,3.61168830979763e-05,0.9991100035599858,0.999110768052275,0.9991100035599858,0.9991101223840896,1.0,0.9984709480122325,0.9992348890589136,0.9984496124031008,0.9984496124031008,0.9984496124031008,1.0,1.0,1.0,0.9978525411596277,0.9992831541218637,0.998567335243553,1.4380076810144048e-05,1.0,1.0,1.0,1.0,1.0,1.0,1.0,1.0,1.0,1.0,1.0,1.0,1.0,1.0,1.0,1.0,,,,,,,,,,,,,,,,,,,,,,,,
hf_brain_tumor,classification,167,8.561208341563427e-05,0.99875400498398,0.9987541308543701,0.99875400498398,0.9987538790056948,0.998472116119175,0.9992354740061162,0.9988536492166603,0.9976744186046511,0.9976744186046511,0.9976744186046511,0.9993849938499385,1.0,0.9996924023377423,0.9992821249102656,0.9978494623655914,0.9985652797704447,1.4844407765512595e-05,1.0,1.0,1.0,1.0,1.0,1.0,1.0,1.0,1.0,1.0,1.0,1.0,1.0,1.0,1.0,1.0,,,,,,,,,,,,,,,,,,,,,,,,
hf_brain_tumor,classification,168,5.1580096460969316e-05,0.9991100035599858,0.9991102585732923,0.9991100035599858,0.9991100651899587,1.0,0.9992354740061162,0.9996175908221797,0.9984496124031008,0.9984496124031008,0.9984496124031008,0.9993846153846154,0.9993846153846154,0.9993846153846154,0.998567335243553,0.9992831541218637,0.9989251164457184,1.0772858509938639e-05,1.0,1.0,1.0,1.0,1.0,1.0,1.0,1.0,1.0,1.0,1.0,1.0,1.0,1.0,1.0,1.0,,,,,,,,,,,,,,,,,,,,,,,,
hf_brain_tumor,classification,169,8.607523214084992e-05,0.9989320042719829,0.9989320246469291,0.9989320042719829,0.998931948165087,0.9984709480122325,0.9984709480122325,0.9984709480122325,0.9984508133230054,0.9992248062015504,0.9988376598217745,1.0,1.0,1.0,0.9985652797704447,0.9978494623655914,0.9982072427393331,1.222472248964445e-05,1.0,1.0,1.0,1.0,1.0,1.0,1.0,1.0,1.0,1.0,1.0,1.0,1.0,1.0,1.0,1.0,,,,,,,,,,,,,,,,,,,,,,,,
hf_brain_tumor,classification,170,3.1835161737513196e-05,0.9998220007119971,0.9998221282186505,0.9998220007119971,0.9998219980907201,1.0,1.0,1.0,1.0,0.9992248062015504,0.9996122528111672,1.0,1.0,1.0,0.9992836676217765,1.0,0.9996417054819061,2.2514506127354787e-05,0.999288256227758,0.9992905447929421,0.999288256227758,0.9992883451109396,1.0,1.0,1.0,0.9967845659163987,1.0,0.998389694041868,1.0,1.0,1.0,1.0,0.9972826086956522,0.998639455782313,,,,,,,,,,,,,,,,,,,,,,,,
hf_brain_tumor,classification,171,0.00026025791429315113,0.9985760056959773,0.9985756684973641,0.9985760056959773,0.9985756401485165,0.9992354740061162,0.9992354740061162,0.9992354740061162,0.9976708074534162,0.9961240310077519,0.9968968192397207,0.9993849938499385,1.0,0.9996924023377423,0.9978510028653295,0.9985663082437276,0.9982085274095306,1.0116016423441758e-05,1.0,1.0,1.0,1.0,1.0,1.0,1.0,1.0,1.0,1.0,1.0,1.0,1.0,1.0,1.0,1.0,,,,,,,,,,,,,,,,,,,,,,,,
hf_brain_tumor,classification,172,8.902032807134636e-05,0.9989320042719829,0.9989325457526488,0.9989320042719829,0.9989318001068548,0.9977116704805492,1.0,0.9988545246277205,0.9984472049689441,0.9968992248062015,0.9976726144297905,1.0,1.0,1.0,0.9992826398852224,0.9985663082437276,0.9989243456435999,1.4965826419179629e-05,1.0,1.0,1.0,1.0,1.0,1.0,1.0,1.0,1.0,1.0,1.0,1.0,1.0,1.0,1.0,1.0,,,,,,,,,,,,,,,,,,,,,,,,
hf_brain_tumor,classification,173,8.651699005642238e-05,0.99875400498398,0.9987542454276908,0.99875400498398,0.9987536473514452,0.9977099236641221,0.9992354740061162,0.998472116119175,0.9984459984459985,0.9961240310077519,0.9972836631742336,1.0,1.0,1.0,0.998567335243553,0.9992831541218637,0.9989251164457184,1.6127606851284982e-05,1.0,1.0,1.0,1.0,1.0,1.0,1.0,1.0,1.0,1.0,1.0,1.0,1.0,1.0,1.0,1.0,,,,,,,,,,,,,,,,,,,,,,,,
hf_brain_tumor,classification,174,3.279770859812664e-05,0.9992880028479886,0.9992884909438678,0.9992880028479886,0.9992879816793123,1.0,1.0,1.0,0.9992236024844721,0.9976744186046511,0.9984484096198604,1.0,1.0,1.0,0.9978525411596277,0.9992831541218637,0.998567335243553,1.5784870813707523e-05,1.0,1.0,1.0,1.0,1.0,1.0,1.0,1.0,1.0,1.0,1.0,1.0,1.0,1.0,1.0,1.0,,,,,,,,,,,,,,,,,,,,,,,,
hf_brain_tumor,classification,175,5.8825423359173354e-05,0.9996440014239943,0.9996441289306476,0.9996440014239943,0.9996439992777982,1.0,0.9992354740061162,0.9996175908221797,0.9992248062015504,0.9992248062015504,0.9992248062015504,1.0,1.0,1.0,0.9992836676217765,1.0,0.9996417054819061,2.011630387957239e-05,0.999288256227758,0.9992905447929421,0.999288256227758,0.9992883451109396,1.0,1.0,1.0,0.9967845659163987,1.0,0.998389694041868,1.0,1.0,1.0,1.0,0.9972826086956522,0.998639455782313,,,,,,,,,,,,,,,,,,,,,,,,
hf_brain_tumor,classification,176,8.66475745134617e-05,0.9991100035599858,0.9991103667739527,0.9991100035599858,0.9991100574708282,0.998472116119175,0.9992354740061162,0.9988536492166603,1.0,0.9992248062015504,0.9996122528111672,0.998769987699877,0.9993846153846154,0.9990772070132267,0.9992826398852224,0.9985663082437276,0.9989243456435999,2.0682448530806547e-05,0.999288256227758,0.9992905447929421,0.999288256227758,0.9992883451109396,1.0,1.0,1.0,0.9967845659163987,1.0,0.998389694041868,1.0,1.0,1.0,1.0,0.9972826086956522,0.998639455782313,,,,,,,,,,,,,,,,,,,,,,,,
hf_brain_tumor,classification,177,3.996617860647961e-05,0.9992880028479886,0.9992880007381186,0.9992880028479886,0.9992879333281739,0.9992360580595875,1.0,0.9996178830722201,0.9992242048099301,0.9984496124031008,0.9988367584335014,1.0,1.0,1.0,0.9985663082437276,0.9985663082437276,0.9985663082437276,1.2194874168894656e-05,1.0,1.0,1.0,1.0,1.0,1.0,1.0,1.0,1.0,1.0,1.0,1.0,1.0,1.0,1.0,1.0,,,,,,,,,,,,,,,,,,,,,,,,
hf_brain_tumor,classification,178,2.5145790698271368e-05,0.9994660021359915,0.9994661502005273,0.9994660021359915,0.9994660098509988,1.0,1.0,1.0,0.9984508133230054,0.9992248062015504,0.9988376598217745,1.0,1.0,1.0,0.9992826398852224,0.9985663082437276,0.9989243456435999,1.4097915479379163e-05,1.0,1.0,1.0,1.0,1.0,1.0,1.0,1.0,1.0,1.0,1.0,1.0,1.0,1.0,1.0,1.0,,,,,,,,,,,,,,,,,,,,,,,,
hf_brain_tumor,classification,179,4.771394045993458e-05,0.9994660021359915,0.9994664075542764,0.9994660021359915,0.9994660026780761,0.9984732824427481,1.0,0.9992360580595875,0.9992242048099301,0.9984496124031008,0.9988367584335014,1.0,1.0,1.0,1.0,0.9992831541218637,0.9996414485478666,9.499985266232658e-06,1.0,1.0,1.0,1.0,1.0,1.0,1.0,1.0,1.0,1.0,1.0,1.0,1.0,1.0,1.0,1.0,,,,,,,,,,,,,,,,,,,,,,,,
hf_brain_tumor,classification,180,4.240682151052532e-05,0.9991100035599858,0.9991102585732923,0.9991100035599858,0.999110071831305,0.9992354740061162,0.9992354740061162,0.9992354740061162,0.9984496124031008,0.9984496124031008,0.9984496124031008,1.0,0.9993846153846154,0.9996922129886119,0.998567335243553,0.9992831541218637,0.9989251164457184,1.3722389032072194e-05,1.0,1.0,1.0,1.0,1.0,1.0,1.0,1.0,1.0,1.0,1.0,1.0,1.0,1.0,1.0,1.0,,,,,,,,,,,,,,,,,,,,,,,,
hf_brain_tumor,classification,181,3.22098105995758e-05,0.9992880028479886,0.9992882603831812,0.9992880028479886,0.9992880039047977,1.0,0.9992354740061162,0.9996175908221797,0.9984508133230054,0.9992248062015504,0.9988376598217745,0.9993849938499385,1.0,0.9996924023377423,0.9992826398852224,0.9985663082437276,0.9989243456435999,1.7088701541634687e-05,1.0,1.0,1.0,1.0,1.0,1.0,1.0,1.0,1.0,1.0,1.0,1.0,1.0,1.0,1.0,1.0,,,,,,,,,,,,,,,,,,,,,,,,
hf_brain_tumor,classification,182,4.321703675258787e-05,0.9992880028479886,0.9992882578612952,0.9992880028479886,0.9992880644779615,1.0,0.9992354740061162,0.9996175908221797,0.9984496124031008,0.9984496124031008,0.9984496124031008,1.0,1.0,1.0,0.998567335243553,0.9992831541218637,0.9989251164457184,1.335937902709715e-05,1.0,1.0,1.0,1.0,1.0,1.0,1.0,1.0,1.0,1.0,1.0,1.0,1.0,1.0,1.0,1.0,,,,,,,,,,,,,,,,,,,,,,,,
hf_brain_tumor,classification,183,4.0851403474119e-05,0.9994660021359915,0.9994666891985,0.9994660021359915,0.9994660189388005,0.9992360580595875,1.0,0.9996178830722201,0.9984520123839009,1.0,0.9992254066615027,1.0,0.9993846153846154,0.9996922129886119,1.0,0.9985663082437276,0.9992826398852224,1.6342980336675333e-05,1.0,1.0,1.0,1.0,1.0,1.0,1.0,1.0,1.0,1.0,1.0,1.0,1.0,1.0,1.0,1.0,,,,,,,,,,,,,,,,,,,,,,,,
hf_brain_tumor,classification,184,5.167546413019479e-05,0.9991100035599858,0.9991102585732923,0.9991100035599858,0.999110071831305,0.9992354740061162,0.9992354740061162,0.9992354740061162,0.9984496124031008,0.9984496124031008,0.9984496124031008,1.0,0.9993846153846154,0.9996922129886119,0.998567335243553,0.9992831541218637,0.9989251164457184,1.3725272630857963e-05,1.0,1.0,1.0,1.0,1.0,1.0,1.0,1.0,1.0,1.0,1.0,1.0,1.0,1.0,1.0,1.0,,,,,,,,,,,,,,,,,,,,,,,,
hf_brain_tumor,classification,185,5.250945468872613e-05,0.9992880028479886,0.9992882578612952,0.9992880028479886,0.9992880644779615,1.0,0.9992354740061162,0.9996175908221797,0.9984496124031008,0.9984496124031008,0.9984496124031008,1.0,1.0,1.0,0.998567335243553,0.9992831541218637,0.9989251164457184,1.068670528191844e-05,1.0,1.0,1.0,1.0,1.0,1.0,1.0,1.0,1.0,1.0,1.0,1.0,1.0,1.0,1.0,1.0,,,,,,,,,,,,,,,,,,,,,,,,
hf_brain_tumor,classification,186,8.541385498804976e-05,0.9989320042719829,0.9989331064347569,0.9989320042719829,0.9989322902135814,0.9984709480122325,0.9984709480122325,0.9984709480122325,0.9969040247678018,0.9984496124031008,0.9976762199845082,1.0,1.0,1.0,1.0,0.9985663082437276,0.9992826398852224,1.7099874089253425e-05,1.0,1.0,1.0,1.0,1.0,1.0,1.0,1.0,1.0,1.0,1.0,1.0,1.0,1.0,1.0,1.0,,,,,,,,,,,,,,,,,,,,,,,,
hf_brain_tumor,classification,187,6.181879819484393e-05,0.9992880028479886,0.999288829470069,0.9992880028479886,0.9992882171748989,1.0,0.9992354740061162,0.9996175908221797,0.9976780185758514,0.9992248062015504,0.9984508133230054,1.0,0.9993846153846154,0.9996922129886119,0.9992831541218637,0.9992831541218637,0.9992831541218637,1.761951111777487e-05,1.0,1.0,1.0,1.0,1.0,1.0,1.0,1.0,1.0,1.0,1.0,1.0,1.0,1.0,1.0,1.0,,,,,,,,,,,,,,,,,,,,,,,,
hf_brain_tumor,classification,188,7.060594906812734e-05,0.9985760056959773,0.9985759398153266,0.9985760056959773,0.9985755692782626,0.998472116119175,0.9992354740061162,0.9988536492166603,0.9984459984459985,0.9961240310077519,0.9972836631742336,0.9993849938499385,1.0,0.9996924023377423,0.9978510028653295,0.9985663082437276,0.9982085274095306,1.3355465939251147e-05,1.0,1.0,1.0,1.0,1.0,1.0,1.0,1.0,1.0,1.0,1.0,1.0,1.0,1.0,1.0,1.0,,,,,,,,,,,,,,,,,,,,,,,,
hf_brain_tumor,classification,189,4.089026578482183e-05,0.9992880028479886,0.9992880111395203,0.9992880028479886,0.9992879411234045,0.9992360580595875,1.0,0.9996178830722201,0.9984496124031008,0.9984496124031008,0.9984496124031008,1.0,1.0,1.0,0.9992826398852224,0.9985663082437276,0.9989243456435999,1.8387859578426604e-05,1.0,1.0,1.0,1.0,1.0,1.0,1.0,1.0,1.0,1.0,1.0,1.0,1.0,1.0,1.0,1.0,,,,,,,,,,,,,,,,,,,,,,,,
hf_brain_tumor,classification,190,6.636325009747844e-05,0.9996440014239943,0.9996440014239943,0.9996440014239943,0.9996440014239943,0.9992354740061162,0.9992354740061162,0.9992354740061162,0.9992248062015504,0.9992248062015504,0.9992248062015504,1.0,1.0,1.0,1.0,1.0,1.0,9.07270894650708e-06,1.0,1.0,1.0,1.0,1.0,1.0,1.0,1.0,1.0,1.0,1.0,1.0,1.0,1.0,1.0,1.0,,,,,,,,,,,,,,,,,,,,,,,,
hf_brain_tumor,classification,191,5.156664523617583e-05,0.9991100035599858,0.9991101183724308,0.9991100035599858,0.9991099332927666,0.9992360580595875,1.0,0.9996178830722201,0.9984484096198604,0.9976744186046511,0.9980612640558356,1.0,0.9993846153846154,0.9996922129886119,0.998567335243553,0.9992831541218637,0.9989251164457184,1.3954004273189362e-05,1.0,1.0,1.0,1.0,1.0,1.0,1.0,1.0,1.0,1.0,1.0,1.0,1.0,1.0,1.0,1.0,,,,,,,,,,,,,,,,,,,,,,,,
hf_brain_tumor,classification,192,4.87068275210801e-05,0.9992880028479886,0.9992882699608551,0.9992880028479886,0.9992878626471271,0.9984732824427481,1.0,0.9992360580595875,0.9992236024844721,0.9976744186046511,0.9984484096198604,1.0,1.0,1.0,0.9992831541218637,0.9992831541218637,0.9992831541218637,1.198653734846036e-05,1.0,1.0,1.0,1.0,1.0,1.0,1.0,1.0,1.0,1.0,1.0,1.0,1.0,1.0,1.0,1.0,,,,,,,,,,,,,,,,,,,,,,,,
hf_brain_tumor,classification,193,4.5744759751745824e-05,0.9994660021359915,0.9994663737065262,0.9994660021359915,0.9994659920802788,1.0,0.9992354740061162,0.9996175908221797,0.9992242048099301,0.9984496124031008,0.9988367584335014,1.0,1.0,1.0,0.9985683607730852,1.0,0.9992836676217765,1.6698404445148194e-05,1.0,1.0,1.0,1.0,1.0,1.0,1.0,1.0,1.0,1.0,1.0,1.0,1.0,1.0,1.0,1.0,,,,,,,,,,,,,,,,,,,,,,,,
hf_brain_tumor,classification,194,5.2828206884323796e-05,0.9991100035599858,0.9991101223840896,0.9991100035599858,0.9991099971213974,0.9992348890589136,0.9984709480122325,0.9988527724665393,0.9984496124031008,0.9984496124031008,0.9984496124031008,1.0,1.0,1.0,0.998567335243553,0.9992831541218637,0.9989251164457184,1.4044024965703258e-05,1.0,1.0,1.0,1.0,1.0,1.0,1.0,1.0,1.0,1.0,1.0,1.0,1.0,1.0,1.0,1.0,,,,,,,,,,,,,,,,,,,,,,,,
hf_brain_tumor,classification,195,5.56433759676731e-05,0.99875400498398,0.9987538281304028,0.99875400498398,0.9987534430821525,0.9984732824427481,1.0,0.9992360580595875,0.9984459984459985,0.9961240310077519,0.9972836631742336,0.9993849938499385,1.0,0.9996924023377423,0.9985663082437276,0.9985663082437276,0.9985663082437276,1.1465418795889411e-05,1.0,1.0,1.0,1.0,1.0,1.0,1.0,1.0,1.0,1.0,1.0,1.0,1.0,1.0,1.0,1.0,,,,,,,,,,,,,,,,,,,,,,,,
hf_brain_tumor,classification,196,6.066915178037299e-05,0.9989320042719829,0.9989327092127687,0.9989320042719829,0.9989317897722894,0.9984732824427481,1.0,0.9992360580595875,0.9984484096198604,0.9976744186046511,0.9980612640558356,0.9987707437000615,1.0,0.9993849938499385,1.0,0.9978494623655914,0.9989235737351991,1.8298604873552338e-05,1.0,1.0,1.0,1.0,1.0,1.0,1.0,1.0,1.0,1.0,1.0,1.0,1.0,1.0,1.0,1.0,,,,,,,,,,,,,,,,,,,,,,,,
hf_brain_tumor,classification,197,0.00021481645846942204,0.9985760056959773,0.9985764503341792,0.9985760056959773,0.998576029099896,0.9984697781178271,0.9977064220183486,0.9980879541108987,0.9976780185758514,0.9992248062015504,0.9984508133230054,0.999384236453202,0.9987692307692307,0.9990766389658357,0.9985663082437276,0.9985663082437276,0.9985663082437276,1.785612635442803e-05,1.0,1.0,1.0,1.0,1.0,1.0,1.0,1.0,1.0,1.0,1.0,1.0,1.0,1.0,1.0,1.0,,,,,,,,,,,,,,,,,,,,,,,,
hf_brain_tumor,classification,198,3.681944795300087e-05,0.9996440014239943,0.9996442649117689,0.9996440014239943,0.9996439292293579,0.9992360580595875,1.0,0.9996178830722201,1.0,0.9984496124031008,0.9992242048099301,1.0,1.0,1.0,0.9992836676217765,1.0,0.9996417054819061,1.2183356936564935e-05,1.0,1.0,1.0,1.0,1.0,1.0,1.0,1.0,1.0,1.0,1.0,1.0,1.0,1.0,1.0,1.0,,,,,,,,,,,,,,,,,,,,,,,,
hf_brain_tumor,classification,199,2.625333107145366e-05,0.9998220007119971,0.9998221366931186,0.9998220007119971,0.9998220002109061,0.9992360580595875,1.0,0.9996178830722201,1.0,0.9992248062015504,0.9996122528111672,1.0,1.0,1.0,1.0,1.0,1.0,1.7658569792287997e-05,1.0,1.0,1.0,1.0,1.0,1.0,1.0,1.0,1.0,1.0,1.0,1.0,1.0,1.0,1.0,1.0,,,,,,,,,,,,,,,,,,,,,,,,
hf_brain_tumor,classification,200,4.952640362991161e-05,0.9994660021359915,0.9994664053967702,0.9994660021359915,0.9994660012827352,1.0,0.9984709480122325,0.9992348890589136,0.9984508133230054,0.9992248062015504,0.9988376598217745,1.0,1.0,1.0,0.9992836676217765,1.0,0.9996417054819061,1.1631289217593414e-05,1.0,1.0,1.0,1.0,1.0,1.0,1.0,1.0,1.0,1.0,1.0,1.0,1.0,1.0,1.0,1.0,,,,,,,,,,,,,,,,,,,,,,,,
pancreas,classification,1,0.015071618815206668,0.7698863636363636,0.7479469204855822,0.7698863636363636,0.7531003421711978,,,,,,,,,,,,,0.01042542869055813,0.8806818181818182,0.8776102470437599,0.8806818181818182,0.8787979413198701,,,,,,,,,,,,,0.5391304347826087,0.36257309941520466,0.43356643356643354,0.8149405772495756,0.900562851782364,0.8556149732620321,0.7352941176470589,0.6756756756756757,0.704225352112676,0.9154929577464789,0.935251798561151,0.9252669039145908,,,,,,,,,,,,
pancreas,classification,2,0.008271615105596456,0.9076704545454546,0.9063335732789146,0.9076704545454546,0.9068092537569282,,,,,,,,,,,,,0.005663933274759488,0.9488636363636364,0.9484690656565656,0.9488636363636364,0.947462604226316,,,,,,,,,,,,,0.8271604938271605,0.783625730994152,0.8048048048048048,0.9317343173431735,0.9474671669793621,0.9395348837209302,0.9375,0.8108108108108109,0.8695652173913043,0.9513888888888888,0.9856115107913669,0.9681978798586572,,,,,,,,,,,,
pancreas,classification,3,0.005340211350068619,0.9332386363636364,0.9328793582816437,0.9332386363636364,0.9330369103462082,,,,,,,,,,,,,0.0036711677781898866,0.9715909090909091,0.9749729437229437,0.9715909090909091,0.9722297744449642,,,,,,,,,,,,,0.8690476190476191,0.8538011695906432,0.8613569321533924,0.9533582089552238,0.9587242026266416,0.9560336763330215,0.8809523809523809,1.0,0.9367088607594937,1.0,0.9640287769784173,0.9816849816849816,,,,,,,,,,,,
pancreas,classification,4,0.002680017741195942,0.9701704545454546,0.9699997925972222,0.9701704545454546,0.9700187972410436,,,,,,,,,,,,,0.0011900788231287152,0.9886363636363636,0.9886363636363636,0.9886363636363636,0.9886363636363636,,,,,,,,,,,,,0.9518072289156626,0.9239766081871345,0.9376854599406528,0.9758364312267658,0.9849906191369606,0.9803921568627451,0.972972972972973,0.972972972972973,0.972972972972973,0.9928057553956835,0.9928057553956835,0.9928057553956835,,,,,,,,,,,,
pancreas,classification,5,0.003443754778180102,0.9644886363636364,0.9642375867413976,0.9644886363636364,0.9642334560148508,,,,,,,,,,,,,0.0006054246597076682,0.9943181818181818,0.9944677033492824,0.9943181818181818,0.9943458046165626,,,,,,,,,,,,,0.9451219512195121,0.9064327485380117,0.9253731343283582,0.9703703703703703,0.9831144465290806,0.9767008387698043,0.9736842105263158,1.0,0.9866666666666667,1.0,0.9928057553956835,0.9963898916967509,,,,,,,,,,,,
pancreas,classification,6,0.0021976938422250732,0.9758522727272727,0.9757542189620082,0.9758522727272727,0.9757793079975646,,,,,,,,,,,,,0.0003231299382274632,0.9943181818181818,0.9944677033492824,0.9943181818181818,0.9943458046165626,,,,,,,,,,,,,0.9583333333333334,0.9415204678362573,0.9498525073746312,0.9813432835820896,0.9868667917448405,0.9840972871842844,0.9736842105263158,1.0,0.9866666666666667,1.0,0.9928057553956835,0.9963898916967509,,,,,,,,,,,,
pancreas,classification,7,0.002113260371102528,0.9829545454545454,0.982941895766571,0.9829545454545454,0.9828500557278542,,,,,,,,,,,,,7.90154841855507e-05,1.0,1.0,1.0,1.0,,,,,,,,,,,,,0.9818181818181818,0.9473684210526315,0.9642857142857143,0.9833024118738405,0.9943714821763602,0.9888059701492538,1.0,1.0,1.0,1.0,1.0,1.0,,,,,,,,,,,,
pancreas,classification,8,0.0016883075875904813,0.9857954545454546,0.9858725827393164,0.9857954545454546,0.9858233966920473,,,,,,,,,,,,,0.00016670050006888977,1.0,1.0,1.0,1.0,,,,,,,,,,,,,0.9653179190751445,0.9766081871345029,0.9709302325581395,0.992467043314501,0.9887429643527205,0.9906015037593985,1.0,1.0,1.0,1.0,1.0,1.0,,,,,,,,,,,,
pancreas,classification,9,0.00146731775980284,0.9857954545454546,0.9859905052414504,0.9857954545454546,0.9858508111882022,,,,,,,,,,,,,4.414264681558548e-05,1.0,1.0,1.0,1.0,,,,,,,,,,,,,0.96,0.9824561403508771,0.9710982658959537,0.994328922495274,0.9868667917448405,0.9905838041431262,1.0,1.0,1.0,1.0,1.0,1.0,,,,,,,,,,,,
pancreas,classification,10,0.0009076724195438146,0.9943181818181818,0.994362096026395,0.9943181818181818,0.9943293586768188,,,,,,,,,,,,,2.6982532000891464e-05,1.0,1.0,1.0,1.0,,,,,,,,,,,,,0.9826589595375722,0.9941520467836257,0.9883720930232558,0.9981167608286252,0.9943714821763602,0.9962406015037594,1.0,1.0,1.0,1.0,1.0,1.0,,,,,,,,,,,,
pancreas,classification,11,0.0017307524173950449,0.9857954545454546,0.9857674506243987,0.9857954545454546,0.9857379545328862,,,,,,,,,,,,,0.0014969974846198138,0.9886363636363636,0.9887975499677627,0.9886363636363636,0.9885191197691199,,,,,,,,,,,,,0.9820359281437125,0.9590643274853801,0.9704142011834319,0.9869646182495344,0.9943714821763602,0.9906542056074766,1.0,0.9459459459459459,0.9722222222222222,0.9858156028368794,1.0,0.9928571428571429,,,,,,,,,,,,
pancreas,classification,12,0.00240079988328613,0.9744318181818182,0.9749125972522316,0.9744318181818182,0.9745798707635891,,,,,,,,,,,,,0.0017140226290476594,0.9829545454545454,0.9842329545454546,0.9829545454545454,0.983193624557261,,,,,,,,,,,,,0.9322033898305084,0.9649122807017544,0.9482758620689655,0.9886148007590133,0.9774859287054409,0.9830188679245283,0.925,1.0,0.961038961038961,1.0,0.9784172661870504,0.9890909090909091,,,,,,,,,,,,
pancreas,classification,13,0.001145284962066481,0.9900568181818182,0.9900818419264333,0.9900568181818182,0.9900666444554775,,,,,,,,,,,,,0.001347188708843367,0.9886363636363636,0.9892191142191141,0.9886363636363636,0.9887447125719436,,,,,,,,,,,,,0.9767441860465116,0.9824561403508771,0.9795918367346939,0.9943609022556391,0.9924953095684803,0.9934272300469483,0.9487179487179487,1.0,0.9736842105263158,1.0,0.9856115107913669,0.9927536231884058,,,,,,,,,,,,
pancreas,classification,14,0.00046581333291132154,0.9943181818181818,0.9943181818181818,0.9943181818181818,0.9943181818181818,,,,,,,,,,,,,0.0005966175608178178,0.9943181818181818,0.9944677033492824,0.9943181818181818,0.9943458046165626,,,,,,,,,,,,,0.9883040935672515,0.9883040935672515,0.9883040935672515,0.9962476547842402,0.9962476547842402,0.9962476547842402,0.9736842105263158,1.0,0.9866666666666667,1.0,0.9928057553956835,0.9963898916967509,,,,,,,,,,,,
pancreas,classification,15,0.0013430125123208695,0.9829545454545454,0.9829076656628776,0.9829545454545454,0.982920371928138,,,,,,,,,,,,,0.000896295634447597,0.9943181818181818,0.9944677033492824,0.9943181818181818,0.9943458046165626,,,,,,,,,,,,,0.9704142011834319,0.9590643274853801,0.9647058823529412,0.9869158878504672,0.9906191369606003,0.9887640449438202,0.9736842105263158,1.0,0.9866666666666667,1.0,0.9928057553956835,0.9963898916967509,,,,,,,,,,,,
pancreas,classification,16,0.0005147186949133439,0.9971590909090909,0.9971590909090909,0.9971590909090909,0.9971590909090909,,,,,,,,,,,,,0.0014242344390450771,0.9943181818181818,0.9944677033492824,0.9943181818181818,0.9943458046165626,,,,,,,,,,,,,0.9941520467836257,0.9941520467836257,0.9941520467836257,0.99812382739212,0.99812382739212,0.99812382739212,0.9736842105263158,1.0,0.9866666666666667,1.0,0.9928057553956835,0.9963898916967509,,,,,,,,,,,,
pancreas,classification,17,0.0005724380176430218,0.9957386363636364,0.9958121081504703,0.9957386363636364,0.9957511508185871,,,,,,,,,,,,,0.0009608854468917178,0.9943181818181818,0.9944677033492824,0.9943181818181818,0.9943458046165626,,,,,,,,,,,,,0.9827586206896551,1.0,0.991304347826087,1.0,0.9943714821763602,0.9971777986829727,0.9736842105263158,1.0,0.9866666666666667,1.0,0.9928057553956835,0.9963898916967509,,,,,,,,,,,,
pancreas,classification,18,0.0004730235454685912,0.9943181818181818,0.9943173020365688,0.9943181818181818,0.9943067906427125,,,,,,,,,,,,,0.0009242388281233037,0.9943181818181818,0.9944677033492824,0.9943181818181818,0.9943458046165626,,,,,,,,,,,,,0.9940828402366864,0.9824561403508771,0.9882352941176471,0.994392523364486,0.99812382739212,0.9962546816479401,0.9736842105263158,1.0,0.9866666666666667,1.0,0.9928057553956835,0.9963898916967509,,,,,,,,,,,,
pancreas,classification,19,0.00025536167744245506,0.9985795454545454,0.9985878039112049,0.9985795454545454,0.9985809492079253,,,,,,,,,,,,,0.0009837873355784475,0.9943181818181818,0.9944677033492824,0.9943181818181818,0.9943458046165626,,,,,,,,,,,,,0.9941860465116279,1.0,0.9970845481049563,1.0,0.99812382739212,0.9990610328638497,0.9736842105263158,1.0,0.9866666666666667,1.0,0.9928057553956835,0.9963898916967509,,,,,,,,,,,,
pancreas,classification,20,0.0003682541818389754,0.9943181818181818,0.9943181818181818,0.9943181818181818,0.9943181818181818,,,,,,,,,,,,,0.0006522627541016845,0.9943181818181818,0.9944677033492824,0.9943181818181818,0.9943458046165626,,,,,,,,,,,,,0.9883040935672515,0.9883040935672515,0.9883040935672515,0.9962476547842402,0.9962476547842402,0.9962476547842402,0.9736842105263158,1.0,0.9866666666666667,1.0,0.9928057553956835,0.9963898916967509,,,,,,,,,,,,
pancreas,classification,21,0.0008577972919903749,0.9971590909090909,0.9971697111299914,0.9971590909090909,0.9971533953213563,,,,,,,,,,,,,0.0010539371135316535,0.9943181818181818,0.9944677033492824,0.9943181818181818,0.9943458046165626,,,,,,,,,,,,,1.0,0.9883040935672515,0.9941176470588236,0.9962616822429906,1.0,0.99812734082397,0.9736842105263158,1.0,0.9866666666666667,1.0,0.9928057553956835,0.9963898916967509,,,,,,,,,,,,
pancreas,classification,22,0.00021142177758354757,0.9971590909090909,0.9971590909090909,0.9971590909090909,0.9971590909090909,,,,,,,,,,,,,0.0012194269274914404,0.9943181818181818,0.9944677033492824,0.9943181818181818,0.9943458046165626,,,,,,,,,,,,,0.9941520467836257,0.9941520467836257,0.9941520467836257,0.99812382739212,0.99812382739212,0.99812382739212,0.9736842105263158,1.0,0.9866666666666667,1.0,0.9928057553956835,0.9963898916967509,,,,,,,,,,,,
pancreas,classification,23,0.00019441360795595259,0.9985795454545454,0.9985878039112049,0.9985795454545454,0.9985809492079253,,,,,,,,,,,,,0.0008790429760252168,0.9943181818181818,0.9944677033492824,0.9943181818181818,0.9943458046165626,,,,,,,,,,,,,0.9941860465116279,1.0,0.9970845481049563,1.0,0.99812382739212,0.9990610328638497,0.9736842105263158,1.0,0.9866666666666667,1.0,0.9928057553956835,0.9963898916967509,,,,,,,,,,,,
pancreas,classification,24,0.00043407161536957904,0.9957386363636364,0.9957356008031404,0.9957386363636364,0.9957343849200352,,,,,,,,,,,,,0.0010877076356337056,0.9943181818181818,0.9944677033492824,0.9943181818181818,0.9943458046165626,,,,,,,,,,,,,0.9941176470588236,0.9883040935672515,0.9912023460410557,0.9962546816479401,0.99812382739212,0.9971883786316776,0.9736842105263158,1.0,0.9866666666666667,1.0,0.9928057553956835,0.9963898916967509,,,,,,,,,,,,
pancreas,classification,25,0.0001384548335078183,0.9971590909090909,0.9971590909090909,0.9971590909090909,0.9971590909090909,,,,,,,,,,,,,0.0009560649587828349,0.9943181818181818,0.9944677033492824,0.9943181818181818,0.9943458046165626,,,,,,,,,,,,,0.9941520467836257,0.9941520467836257,0.9941520467836257,0.99812382739212,0.99812382739212,0.99812382739212,0.9736842105263158,1.0,0.9866666666666667,1.0,0.9928057553956835,0.9963898916967509,,,,,,,,,,,,
pancreas,classification,26,0.0003276489817794341,0.9971590909090909,0.9971697111299914,0.9971590909090909,0.9971533953213563,,,,,,,,,,,,,0.0007726074447253433,0.9943181818181818,0.9944677033492824,0.9943181818181818,0.9943458046165626,,,,,,,,,,,,,1.0,0.9883040935672515,0.9941176470588236,0.9962616822429906,1.0,0.99812734082397,0.9736842105263158,1.0,0.9866666666666667,1.0,0.9928057553956835,0.9963898916967509,,,,,,,,,,,,
pancreas,classification,27,7.550302881430649e-05,0.9985795454545454,0.9985822054817841,0.9985795454545454,0.9985781283066785,,,,,,,,,,,,,0.0009986551743746861,0.9943181818181818,0.9944677033492824,0.9943181818181818,0.9943458046165626,,,,,,,,,,,,,1.0,0.9941520467836257,0.9970674486803519,0.99812734082397,1.0,0.9990627928772259,0.9736842105263158,1.0,0.9866666666666667,1.0,0.9928057553956835,0.9963898916967509,,,,,,,,,,,,
pancreas,classification,28,0.0004961549603153385,0.9943181818181818,0.9943181818181818,0.9943181818181818,0.9943181818181818,,,,,,,,,,,,,0.0007990672515502824,0.9943181818181818,0.9944677033492824,0.9943181818181818,0.9943458046165626,,,,,,,,,,,,,0.9883040935672515,0.9883040935672515,0.9883040935672515,0.9962476547842402,0.9962476547842402,0.9962476547842402,0.9736842105263158,1.0,0.9866666666666667,1.0,0.9928057553956835,0.9963898916967509,,,,,,,,,,,,
pancreas,classification,29,7.429154104763505e-05,1.0,1.0,1.0,1.0,,,,,,,,,,,,,0.0007309520271354069,0.9943181818181818,0.9944677033492824,0.9943181818181818,0.9943458046165626,,,,,,,,,,,,,1.0,1.0,1.0,1.0,1.0,1.0,0.9736842105263158,1.0,0.9866666666666667,1.0,0.9928057553956835,0.9963898916967509,,,,,,,,,,,,
pancreas,classification,30,0.00010324743090512294,0.9985795454545454,0.9985878039112049,0.9985795454545454,0.9985809492079253,,,,,,,,,,,,,0.0005569450255610387,0.9943181818181818,0.9944677033492824,0.9943181818181818,0.9943458046165626,,,,,,,,,,,,,0.9941860465116279,1.0,0.9970845481049563,1.0,0.99812382739212,0.9990610328638497,0.9736842105263158,1.0,0.9866666666666667,1.0,0.9928057553956835,0.9963898916967509,,,,,,,,,,,,
pancreas,classification,31,0.0002461097028675464,0.9985795454545454,0.9985878039112049,0.9985795454545454,0.9985809492079253,,,,,,,,,,,,,0.00047738981981059294,0.9943181818181818,0.9944677033492824,0.9943181818181818,0.9943458046165626,,,,,,,,,,,,,0.9941860465116279,1.0,0.9970845481049563,1.0,0.99812382739212,0.9990610328638497,0.9736842105263158,1.0,0.9866666666666667,1.0,0.9928057553956835,0.9963898916967509,,,,,,,,,,,,
pancreas,classification,32,2.8070102747402746e-05,1.0,1.0,1.0,1.0,,,,,,,,,,,,,0.000409306804241086,0.9943181818181818,0.9944677033492824,0.9943181818181818,0.9943458046165626,,,,,,,,,,,,,1.0,1.0,1.0,1.0,1.0,1.0,0.9736842105263158,1.0,0.9866666666666667,1.0,0.9928057553956835,0.9963898916967509,,,,,,,,,,,,
pancreas,classification,33,0.00037560653602626684,0.9971590909090909,0.9971697111299914,0.9971590909090909,0.9971533953213563,,,,,,,,,,,,,0.00039969140334505937,0.9943181818181818,0.9944677033492824,0.9943181818181818,0.9943458046165626,,,,,,,,,,,,,1.0,0.9883040935672515,0.9941176470588236,0.9962616822429906,1.0,0.99812734082397,0.9736842105263158,1.0,0.9866666666666667,1.0,0.9928057553956835,0.9963898916967509,,,,,,,,,,,,
pancreas,classification,34,0.00015983812851449,0.9971590909090909,0.9971697111299914,0.9971590909090909,0.9971533953213563,,,,,,,,,,,,,0.0005435761591301839,0.9943181818181818,0.9944677033492824,0.9943181818181818,0.9943458046165626,,,,,,,,,,,,,1.0,0.9883040935672515,0.9941176470588236,0.9962616822429906,1.0,0.99812734082397,0.9736842105263158,1.0,0.9866666666666667,1.0,0.9928057553956835,0.9963898916967509,,,,,,,,,,,,
pancreas,classification,35,0.00023587937696654328,0.9971590909090909,0.9971919337887546,0.9971590909090909,0.9971646793384094,,,,,,,,,,,,,0.0005974341018538161,0.9943181818181818,0.9944677033492824,0.9943181818181818,0.9943458046165626,,,,,,,,,,,,,0.9884393063583815,1.0,0.9941860465116279,1.0,0.9962476547842402,0.9981203007518797,0.9736842105263158,1.0,0.9866666666666667,1.0,0.9928057553956835,0.9963898916967509,,,,,,,,,,,,
pancreas,classification,36,2.363346553383136e-05,1.0,1.0,1.0,1.0,,,,,,,,,,,,,0.000510587995945984,0.9943181818181818,0.9944677033492824,0.9943181818181818,0.9943458046165626,,,,,,,,,,,,,1.0,1.0,1.0,1.0,1.0,1.0,0.9736842105263158,1.0,0.9866666666666667,1.0,0.9928057553956835,0.9963898916967509,,,,,,,,,,,,
pancreas,classification,37,1.7412800409808618e-05,1.0,1.0,1.0,1.0,,,,,,,,,,,,,0.0006148937270402464,0.9943181818181818,0.9944677033492824,0.9943181818181818,0.9943458046165626,,,,,,,,,,,,,1.0,1.0,1.0,1.0,1.0,1.0,0.9736842105263158,1.0,0.9866666666666667,1.0,0.9928057553956835,0.9963898916967509,,,,,,,,,,,,
pancreas,classification,38,0.00028961590837959443,0.9985795454545454,0.9985822054817841,0.9985795454545454,0.9985781283066785,,,,,,,,,,,,,0.0005766886105530747,0.9943181818181818,0.9944677033492824,0.9943181818181818,0.9943458046165626,,,,,,,,,,,,,1.0,0.9941520467836257,0.9970674486803519,0.99812734082397,1.0,0.9990627928772259,0.9736842105263158,1.0,0.9866666666666667,1.0,0.9928057553956835,0.9963898916967509,,,,,,,,,,,,
pancreas,classification,39,6.701201656059393e-05,1.0,1.0,1.0,1.0,,,,,,,,,,,,,0.0005879819452523159,0.9943181818181818,0.9944677033492824,0.9943181818181818,0.9943458046165626,,,,,,,,,,,,,1.0,1.0,1.0,1.0,1.0,1.0,0.9736842105263158,1.0,0.9866666666666667,1.0,0.9928057553956835,0.9963898916967509,,,,,,,,,,,,
pancreas,classification,40,6.250942192309594e-05,1.0,1.0,1.0,1.0,,,,,,,,,,,,,0.0006359458519579097,0.9943181818181818,0.9944677033492824,0.9943181818181818,0.9943458046165626,,,,,,,,,,,,,1.0,1.0,1.0,1.0,1.0,1.0,0.9736842105263158,1.0,0.9866666666666667,1.0,0.9928057553956835,0.9963898916967509,,,,,,,,,,,,
pancreas,classification,41,2.7948424923868682e-05,1.0,1.0,1.0,1.0,,,,,,,,,,,,,0.0005836403892400002,0.9943181818181818,0.9944677033492824,0.9943181818181818,0.9943458046165626,,,,,,,,,,,,,1.0,1.0,1.0,1.0,1.0,1.0,0.9736842105263158,1.0,0.9866666666666667,1.0,0.9928057553956835,0.9963898916967509,,,,,,,,,,,,
pancreas,classification,42,0.00019917922207407008,0.9985795454545454,0.9985822054817841,0.9985795454545454,0.9985781283066785,,,,,,,,,,,,,0.0006354696805084876,0.9943181818181818,0.9944677033492824,0.9943181818181818,0.9943458046165626,,,,,,,,,,,,,1.0,0.9941520467836257,0.9970674486803519,0.99812734082397,1.0,0.9990627928772259,0.9736842105263158,1.0,0.9866666666666667,1.0,0.9928057553956835,0.9963898916967509,,,,,,,,,,,,
pancreas,classification,43,0.00018760602043502414,0.9985795454545454,0.9985878039112049,0.9985795454545454,0.9985809492079253,,,,,,,,,,,,,0.0005657308812591178,0.9943181818181818,0.9944677033492824,0.9943181818181818,0.9943458046165626,,,,,,,,,,,,,0.9941860465116279,1.0,0.9970845481049563,1.0,0.99812382739212,0.9990610328638497,0.9736842105263158,1.0,0.9866666666666667,1.0,0.9928057553956835,0.9963898916967509,,,,,,,,,,,,
pancreas,classification,44,0.0001259578959475634,0.9985795454545454,0.9985822054817841,0.9985795454545454,0.9985781283066785,,,,,,,,,,,,,0.0006794407075755192,0.9943181818181818,0.9944677033492824,0.9943181818181818,0.9943458046165626,,,,,,,,,,,,,1.0,0.9941520467836257,0.9970674486803519,0.99812734082397,1.0,0.9990627928772259,0.9736842105263158,1.0,0.9866666666666667,1.0,0.9928057553956835,0.9963898916967509,,,,,,,,,,,,
pancreas,classification,45,4.555644814403918e-05,1.0,1.0,1.0,1.0,,,,,,,,,,,,,0.000586764797679445,0.9943181818181818,0.9944677033492824,0.9943181818181818,0.9943458046165626,,,,,,,,,,,,,1.0,1.0,1.0,1.0,1.0,1.0,0.9736842105263158,1.0,0.9866666666666667,1.0,0.9928057553956835,0.9963898916967509,,,,,,,,,,,,
pancreas,classification,46,0.00038293101630932307,0.9957386363636364,0.9957356008031404,0.9957386363636364,0.9957343849200352,,,,,,,,,,,,,0.0006016545237137259,0.9943181818181818,0.9944677033492824,0.9943181818181818,0.9943458046165626,,,,,,,,,,,,,0.9941176470588236,0.9883040935672515,0.9912023460410557,0.9962546816479401,0.99812382739212,0.9971883786316776,0.9736842105263158,1.0,0.9866666666666667,1.0,0.9928057553956835,0.9963898916967509,,,,,,,,,,,,
pancreas,classification,47,6.63869321794085e-05,0.9985795454545454,0.9985878039112049,0.9985795454545454,0.9985809492079253,,,,,,,,,,,,,0.0005931684291598768,0.9943181818181818,0.9944677033492824,0.9943181818181818,0.9943458046165626,,,,,,,,,,,,,0.9941860465116279,1.0,0.9970845481049563,1.0,0.99812382739212,0.9990610328638497,0.9736842105263158,1.0,0.9866666666666667,1.0,0.9928057553956835,0.9963898916967509,,,,,,,,,,,,
pancreas,classification,48,7.721129199208835e-05,1.0,1.0,1.0,1.0,,,,,,,,,,,,,0.0006536489530514121,0.9943181818181818,0.9944677033492824,0.9943181818181818,0.9943458046165626,,,,,,,,,,,,,1.0,1.0,1.0,1.0,1.0,1.0,0.9736842105263158,1.0,0.9866666666666667,1.0,0.9928057553956835,0.9963898916967509,,,,,,,,,,,,
pancreas,classification,49,5.3695576318866436e-05,0.9985795454545454,0.9985878039112049,0.9985795454545454,0.9985809492079253,,,,,,,,,,,,,0.0005561886271772727,0.9943181818181818,0.9944677033492824,0.9943181818181818,0.9943458046165626,,,,,,,,,,,,,0.9941860465116279,1.0,0.9970845481049563,1.0,0.99812382739212,0.9990610328638497,0.9736842105263158,1.0,0.9866666666666667,1.0,0.9928057553956835,0.9963898916967509,,,,,,,,,,,,
pancreas,classification,50,5.983696705284687e-05,1.0,1.0,1.0,1.0,,,,,,,,,,,,,0.0005763592329127608,0.9943181818181818,0.9944677033492824,0.9943181818181818,0.9943458046165626,,,,,,,,,,,,,1.0,1.0,1.0,1.0,1.0,1.0,0.9736842105263158,1.0,0.9866666666666667,1.0,0.9928057553956835,0.9963898916967509,,,,,,,,,,,,
pancreas,classification,51,5.001996447101026e-05,0.9985795454545454,0.9985878039112049,0.9985795454545454,0.9985809492079253,,,,,,,,,,,,,0.0005888017124727247,0.9943181818181818,0.9944677033492824,0.9943181818181818,0.9943458046165626,,,,,,,,,,,,,0.9941860465116279,1.0,0.9970845481049563,1.0,0.99812382739212,0.9990610328638497,0.9736842105263158,1.0,0.9866666666666667,1.0,0.9928057553956835,0.9963898916967509,,,,,,,,,,,,
pancreas,classification,52,0.00011276001689773032,0.9971590909090909,0.9971919337887546,0.9971590909090909,0.9971646793384094,,,,,,,,,,,,,0.0005704163776582308,0.9943181818181818,0.9944677033492824,0.9943181818181818,0.9943458046165626,,,,,,,,,,,,,0.9884393063583815,1.0,0.9941860465116279,1.0,0.9962476547842402,0.9981203007518797,0.9736842105263158,1.0,0.9866666666666667,1.0,0.9928057553956835,0.9963898916967509,,,,,,,,,,,,
pancreas,classification,53,0.00021922288770135557,0.9985795454545454,0.9985878039112049,0.9985795454545454,0.9985809492079253,,,,,,,,,,,,,0.0004200728978751365,0.9943181818181818,0.9944677033492824,0.9943181818181818,0.9943458046165626,,,,,,,,,,,,,0.9941860465116279,1.0,0.9970845481049563,1.0,0.99812382739212,0.9990610328638497,0.9736842105263158,1.0,0.9866666666666667,1.0,0.9928057553956835,0.9963898916967509,,,,,,,,,,,,
pancreas,classification,54,2.56052103395632e-05,1.0,1.0,1.0,1.0,,,,,,,,,,,,,0.0005012807843575666,0.9943181818181818,0.9944677033492824,0.9943181818181818,0.9943458046165626,,,,,,,,,,,,,1.0,1.0,1.0,1.0,1.0,1.0,0.9736842105263158,1.0,0.9866666666666667,1.0,0.9928057553956835,0.9963898916967509,,,,,,,,,,,,
pancreas,classification,55,5.3365308066201e-05,1.0,1.0,1.0,1.0,,,,,,,,,,,,,0.0005041007711538855,0.9943181818181818,0.9944677033492824,0.9943181818181818,0.9943458046165626,,,,,,,,,,,,,1.0,1.0,1.0,1.0,1.0,1.0,0.9736842105263158,1.0,0.9866666666666667,1.0,0.9928057553956835,0.9963898916967509,,,,,,,,,,,,
pancreas,classification,56,0.0001785526293464169,0.9971590909090909,0.9971697111299914,0.9971590909090909,0.9971533953213563,,,,,,,,,,,,,0.0005541743285406978,0.9943181818181818,0.9944677033492824,0.9943181818181818,0.9943458046165626,,,,,,,,,,,,,1.0,0.9883040935672515,0.9941176470588236,0.9962616822429906,1.0,0.99812734082397,0.9736842105263158,1.0,0.9866666666666667,1.0,0.9928057553956835,0.9963898916967509,,,,,,,,,,,,
pancreas,classification,57,0.00016865086104189686,0.9985795454545454,0.9985878039112049,0.9985795454545454,0.9985809492079253,,,,,,,,,,,,,0.0005200617344433505,0.9943181818181818,0.9944677033492824,0.9943181818181818,0.9943458046165626,,,,,,,,,,,,,0.9941860465116279,1.0,0.9970845481049563,1.0,0.99812382739212,0.9990610328638497,0.9736842105263158,1.0,0.9866666666666667,1.0,0.9928057553956835,0.9963898916967509,,,,,,,,,,,,
pancreas,classification,58,6.010113038841651e-05,1.0,1.0,1.0,1.0,,,,,,,,,,,,,0.00039330188267492554,0.9943181818181818,0.9944677033492824,0.9943181818181818,0.9943458046165626,,,,,,,,,,,,,1.0,1.0,1.0,1.0,1.0,1.0,0.9736842105263158,1.0,0.9866666666666667,1.0,0.9928057553956835,0.9963898916967509,,,,,,,,,,,,
pancreas,classification,59,0.00044256421397841967,0.9957386363636364,0.9957356008031404,0.9957386363636364,0.9957343849200352,,,,,,,,,,,,,0.0005326076599720346,0.9943181818181818,0.9944677033492824,0.9943181818181818,0.9943458046165626,,,,,,,,,,,,,0.9941176470588236,0.9883040935672515,0.9912023460410557,0.9962546816479401,0.99812382739212,0.9971883786316776,0.9736842105263158,1.0,0.9866666666666667,1.0,0.9928057553956835,0.9963898916967509,,,,,,,,,,,,
pancreas,classification,60,0.0003181862865114288,0.9971590909090909,0.9971697111299914,0.9971590909090909,0.9971533953213563,,,,,,,,,,,,,0.00043092704841414656,0.9943181818181818,0.9944677033492824,0.9943181818181818,0.9943458046165626,,,,,,,,,,,,,1.0,0.9883040935672515,0.9941176470588236,0.9962616822429906,1.0,0.99812734082397,0.9736842105263158,1.0,0.9866666666666667,1.0,0.9928057553956835,0.9963898916967509,,,,,,,,,,,,
pancreas,classification,61,2.9078144569377233e-05,1.0,1.0,1.0,1.0,,,,,,,,,,,,,0.0004259027669335906,0.9943181818181818,0.9944677033492824,0.9943181818181818,0.9943458046165626,,,,,,,,,,,,,1.0,1.0,1.0,1.0,1.0,1.0,0.9736842105263158,1.0,0.9866666666666667,1.0,0.9928057553956835,0.9963898916967509,,,,,,,,,,,,
pancreas,classification,62,0.00022510274894474688,0.9971590909090909,0.9971590909090909,0.9971590909090909,0.9971590909090909,,,,,,,,,,,,,0.0005625731146417158,0.9943181818181818,0.9944677033492824,0.9943181818181818,0.9943458046165626,,,,,,,,,,,,,0.9941520467836257,0.9941520467836257,0.9941520467836257,0.99812382739212,0.99812382739212,0.99812382739212,0.9736842105263158,1.0,0.9866666666666667,1.0,0.9928057553956835,0.9963898916967509,,,,,,,,,,,,
pancreas,classification,63,3.2248541474059906e-05,1.0,1.0,1.0,1.0,,,,,,,,,,,,,0.0004883674797301038,0.9943181818181818,0.9944677033492824,0.9943181818181818,0.9943458046165626,,,,,,,,,,,,,1.0,1.0,1.0,1.0,1.0,1.0,0.9736842105263158,1.0,0.9866666666666667,1.0,0.9928057553956835,0.9963898916967509,,,,,,,,,,,,
pancreas,classification,64,5.6723403603923956e-05,1.0,1.0,1.0,1.0,,,,,,,,,,,,,0.0005474913963222538,0.9943181818181818,0.9944677033492824,0.9943181818181818,0.9943458046165626,,,,,,,,,,,,,1.0,1.0,1.0,1.0,1.0,1.0,0.9736842105263158,1.0,0.9866666666666667,1.0,0.9928057553956835,0.9963898916967509,,,,,,,,,,,,
pancreas,classification,65,2.1620284738591263e-05,1.0,1.0,1.0,1.0,,,,,,,,,,,,,0.0005280427931624713,0.9943181818181818,0.9944677033492824,0.9943181818181818,0.9943458046165626,,,,,,,,,,,,,1.0,1.0,1.0,1.0,1.0,1.0,0.9736842105263158,1.0,0.9866666666666667,1.0,0.9928057553956835,0.9963898916967509,,,,,,,,,,,,
pancreas,classification,66,4.8216979383720506e-05,1.0,1.0,1.0,1.0,,,,,,,,,,,,,0.0005117373012911809,0.9943181818181818,0.9944677033492824,0.9943181818181818,0.9943458046165626,,,,,,,,,,,,,1.0,1.0,1.0,1.0,1.0,1.0,0.9736842105263158,1.0,0.9866666666666667,1.0,0.9928057553956835,0.9963898916967509,,,,,,,,,,,,
pancreas,classification,67,5.8215762950649975e-05,1.0,1.0,1.0,1.0,,,,,,,,,,,,,0.0004886047241515454,0.9943181818181818,0.9944677033492824,0.9943181818181818,0.9943458046165626,,,,,,,,,,,,,1.0,1.0,1.0,1.0,1.0,1.0,0.9736842105263158,1.0,0.9866666666666667,1.0,0.9928057553956835,0.9963898916967509,,,,,,,,,,,,
pancreas,classification,68,6.36600467280666e-05,0.9985795454545454,0.9985878039112049,0.9985795454545454,0.9985809492079253,,,,,,,,,,,,,0.0004715620651206171,0.9943181818181818,0.9944677033492824,0.9943181818181818,0.9943458046165626,,,,,,,,,,,,,0.9941860465116279,1.0,0.9970845481049563,1.0,0.99812382739212,0.9990610328638497,0.9736842105263158,1.0,0.9866666666666667,1.0,0.9928057553956835,0.9963898916967509,,,,,,,,,,,,
pancreas,classification,69,3.5683356176460535e-05,1.0,1.0,1.0,1.0,,,,,,,,,,,,,0.0005326511013663549,0.9943181818181818,0.9944677033492824,0.9943181818181818,0.9943458046165626,,,,,,,,,,,,,1.0,1.0,1.0,1.0,1.0,1.0,0.9736842105263158,1.0,0.9866666666666667,1.0,0.9928057553956835,0.9963898916967509,,,,,,,,,,,,
pancreas,classification,70,4.742913426980522e-05,1.0,1.0,1.0,1.0,,,,,,,,,,,,,0.0005185403291017627,0.9943181818181818,0.9944677033492824,0.9943181818181818,0.9943458046165626,,,,,,,,,,,,,1.0,1.0,1.0,1.0,1.0,1.0,0.9736842105263158,1.0,0.9866666666666667,1.0,0.9928057553956835,0.9963898916967509,,,,,,,,,,,,
pancreas,classification,71,1.70666041867662e-05,1.0,1.0,1.0,1.0,,,,,,,,,,,,,0.000522877129945052,0.9943181818181818,0.9944677033492824,0.9943181818181818,0.9943458046165626,,,,,,,,,,,,,1.0,1.0,1.0,1.0,1.0,1.0,0.9736842105263158,1.0,0.9866666666666667,1.0,0.9928057553956835,0.9963898916967509,,,,,,,,,,,,
pancreas,classification,72,0.00022320083854248713,0.9971590909090909,0.9971590909090909,0.9971590909090909,0.9971590909090909,,,,,,,,,,,,,0.0005020139721884996,0.9943181818181818,0.9944677033492824,0.9943181818181818,0.9943458046165626,,,,,,,,,,,,,0.9941520467836257,0.9941520467836257,0.9941520467836257,0.99812382739212,0.99812382739212,0.99812382739212,0.9736842105263158,1.0,0.9866666666666667,1.0,0.9928057553956835,0.9963898916967509,,,,,,,,,,,,
pancreas,classification,73,3.586559192957463e-05,1.0,1.0,1.0,1.0,,,,,,,,,,,,,0.0005329189267616708,0.9943181818181818,0.9944677033492824,0.9943181818181818,0.9943458046165626,,,,,,,,,,,,,1.0,1.0,1.0,1.0,1.0,1.0,0.9736842105263158,1.0,0.9866666666666667,1.0,0.9928057553956835,0.9963898916967509,,,,,,,,,,,,
pancreas,classification,74,2.5495539892455614e-05,1.0,1.0,1.0,1.0,,,,,,,,,,,,,0.0005043805784804466,0.9943181818181818,0.9944677033492824,0.9943181818181818,0.9943458046165626,,,,,,,,,,,,,1.0,1.0,1.0,1.0,1.0,1.0,0.9736842105263158,1.0,0.9866666666666667,1.0,0.9928057553956835,0.9963898916967509,,,,,,,,,,,,
pancreas,classification,75,5.059562747853554e-05,1.0,1.0,1.0,1.0,,,,,,,,,,,,,0.00043593881619844154,0.9943181818181818,0.9944677033492824,0.9943181818181818,0.9943458046165626,,,,,,,,,,,,,1.0,1.0,1.0,1.0,1.0,1.0,0.9736842105263158,1.0,0.9866666666666667,1.0,0.9928057553956835,0.9963898916967509,,,,,,,,,,,,
pancreas,classification,76,9.10162445858408e-05,0.9985795454545454,0.9985878039112049,0.9985795454545454,0.9985809492079253,,,,,,,,,,,,,0.0005307670823888409,0.9943181818181818,0.9944677033492824,0.9943181818181818,0.9943458046165626,,,,,,,,,,,,,0.9941860465116279,1.0,0.9970845481049563,1.0,0.99812382739212,0.9990610328638497,0.9736842105263158,1.0,0.9866666666666667,1.0,0.9928057553956835,0.9963898916967509,,,,,,,,,,,,
pancreas,classification,77,0.0002935124740588435,0.9985795454545454,0.9985878039112049,0.9985795454545454,0.9985809492079253,,,,,,,,,,,,,0.0005206668924984115,0.9943181818181818,0.9944677033492824,0.9943181818181818,0.9943458046165626,,,,,,,,,,,,,0.9941860465116279,1.0,0.9970845481049563,1.0,0.99812382739212,0.9990610328638497,0.9736842105263158,1.0,0.9866666666666667,1.0,0.9928057553956835,0.9963898916967509,,,,,,,,,,,,
pancreas,classification,78,0.0002453591317506917,0.9971590909090909,0.9971697111299914,0.9971590909090909,0.9971533953213563,,,,,,,,,,,,,0.0005705716390490455,0.9943181818181818,0.9944677033492824,0.9943181818181818,0.9943458046165626,,,,,,,,,,,,,1.0,0.9883040935672515,0.9941176470588236,0.9962616822429906,1.0,0.99812734082397,0.9736842105263158,1.0,0.9866666666666667,1.0,0.9928057553956835,0.9963898916967509,,,,,,,,,,,,
pancreas,classification,79,7.430981647551313e-05,0.9985795454545454,0.9985822054817841,0.9985795454545454,0.9985781283066785,,,,,,,,,,,,,0.0005260553907646681,0.9943181818181818,0.9944677033492824,0.9943181818181818,0.9943458046165626,,,,,,,,,,,,,1.0,0.9941520467836257,0.9970674486803519,0.99812734082397,1.0,0.9990627928772259,0.9736842105263158,1.0,0.9866666666666667,1.0,0.9928057553956835,0.9963898916967509,,,,,,,,,,,,
pancreas,classification,80,0.00012997038185279632,0.9985795454545454,0.9985822054817841,0.9985795454545454,0.9985781283066785,,,,,,,,,,,,,0.0005108878472128708,0.9943181818181818,0.9944677033492824,0.9943181818181818,0.9943458046165626,,,,,,,,,,,,,1.0,0.9941520467836257,0.9970674486803519,0.99812734082397,1.0,0.9990627928772259,0.9736842105263158,1.0,0.9866666666666667,1.0,0.9928057553956835,0.9963898916967509,,,,,,,,,,,,
pancreas,classification,81,5.896021992736099e-05,0.9985795454545454,0.9985878039112049,0.9985795454545454,0.9985809492079253,,,,,,,,,,,,,0.0005021833553655597,0.9943181818181818,0.9944677033492824,0.9943181818181818,0.9943458046165626,,,,,,,,,,,,,0.9941860465116279,1.0,0.9970845481049563,1.0,0.99812382739212,0.9990610328638497,0.9736842105263158,1.0,0.9866666666666667,1.0,0.9928057553956835,0.9963898916967509,,,,,,,,,,,,
pancreas,classification,82,9.25262951444562e-05,0.9985795454545454,0.9985822054817841,0.9985795454545454,0.9985781283066785,,,,,,,,,,,,,0.0005193241019118101,0.9943181818181818,0.9944677033492824,0.9943181818181818,0.9943458046165626,,,,,,,,,,,,,1.0,0.9941520467836257,0.9970674486803519,0.99812734082397,1.0,0.9990627928772259,0.9736842105263158,1.0,0.9866666666666667,1.0,0.9928057553956835,0.9963898916967509,,,,,,,,,,,,
pancreas,classification,83,0.00018509023277601955,0.9985795454545454,0.9985878039112049,0.9985795454545454,0.9985809492079253,,,,,,,,,,,,,0.000595986882713491,0.9943181818181818,0.9944677033492824,0.9943181818181818,0.9943458046165626,,,,,,,,,,,,,0.9941860465116279,1.0,0.9970845481049563,1.0,0.99812382739212,0.9990610328638497,0.9736842105263158,1.0,0.9866666666666667,1.0,0.9928057553956835,0.9963898916967509,,,,,,,,,,,,
pancreas,classification,84,9.674679624409195e-05,0.9985795454545454,0.9985822054817841,0.9985795454545454,0.9985781283066785,,,,,,,,,,,,,0.0005500022454560332,0.9943181818181818,0.9944677033492824,0.9943181818181818,0.9943458046165626,,,,,,,,,,,,,1.0,0.9941520467836257,0.9970674486803519,0.99812734082397,1.0,0.9990627928772259,0.9736842105263158,1.0,0.9866666666666667,1.0,0.9928057553956835,0.9963898916967509,,,,,,,,,,,,
pancreas,classification,85,7.449838886424749e-05,0.9985795454545454,0.9985822054817841,0.9985795454545454,0.9985781283066785,,,,,,,,,,,,,0.0005322354815937367,0.9943181818181818,0.9944677033492824,0.9943181818181818,0.9943458046165626,,,,,,,,,,,,,1.0,0.9941520467836257,0.9970674486803519,0.99812734082397,1.0,0.9990627928772259,0.9736842105263158,1.0,0.9866666666666667,1.0,0.9928057553956835,0.9963898916967509,,,,,,,,,,,,
pancreas,classification,86,0.000391124311580494,0.9957386363636364,0.9957356008031404,0.9957386363636364,0.9957343849200352,,,,,,,,,,,,,0.0005161685819736952,0.9943181818181818,0.9944677033492824,0.9943181818181818,0.9943458046165626,,,,,,,,,,,,,0.9941176470588236,0.9883040935672515,0.9912023460410557,0.9962546816479401,0.99812382739212,0.9971883786316776,0.9736842105263158,1.0,0.9866666666666667,1.0,0.9928057553956835,0.9963898916967509,,,,,,,,,,,,
pancreas,classification,87,4.262567841289472e-05,1.0,1.0,1.0,1.0,,,,,,,,,,,,,0.00045590540153997693,0.9943181818181818,0.9944677033492824,0.9943181818181818,0.9943458046165626,,,,,,,,,,,,,1.0,1.0,1.0,1.0,1.0,1.0,0.9736842105263158,1.0,0.9866666666666667,1.0,0.9928057553956835,0.9963898916967509,,,,,,,,,,,,
pancreas,classification,88,0.00014223082058089693,0.9985795454545454,0.9985822054817841,0.9985795454545454,0.9985781283066785,,,,,,,,,,,,,0.0005120453148182688,0.9943181818181818,0.9944677033492824,0.9943181818181818,0.9943458046165626,,,,,,,,,,,,,1.0,0.9941520467836257,0.9970674486803519,0.99812734082397,1.0,0.9990627928772259,0.9736842105263158,1.0,0.9866666666666667,1.0,0.9928057553956835,0.9963898916967509,,,,,,,,,,,,
pancreas,classification,89,0.00014406949117073964,0.9985795454545454,0.9985878039112049,0.9985795454545454,0.9985809492079253,,,,,,,,,,,,,0.00047804095085914673,0.9943181818181818,0.9944677033492824,0.9943181818181818,0.9943458046165626,,,,,,,,,,,,,0.9941860465116279,1.0,0.9970845481049563,1.0,0.99812382739212,0.9990610328638497,0.9736842105263158,1.0,0.9866666666666667,1.0,0.9928057553956835,0.9963898916967509,,,,,,,,,,,,
pancreas,classification,90,2.5290915480334e-05,1.0,1.0,1.0,1.0,,,,,,,,,,,,,0.0005662509947796934,0.9943181818181818,0.9944677033492824,0.9943181818181818,0.9943458046165626,,,,,,,,,,,,,1.0,1.0,1.0,1.0,1.0,1.0,0.9736842105263158,1.0,0.9866666666666667,1.0,0.9928057553956835,0.9963898916967509,,,,,,,,,,,,
pancreas,classification,91,4.902158352913168e-05,1.0,1.0,1.0,1.0,,,,,,,,,,,,,0.0004341824946591673,0.9943181818181818,0.9944677033492824,0.9943181818181818,0.9943458046165626,,,,,,,,,,,,,1.0,1.0,1.0,1.0,1.0,1.0,0.9736842105263158,1.0,0.9866666666666667,1.0,0.9928057553956835,0.9963898916967509,,,,,,,,,,,,
pancreas,classification,92,0.00015715312927320403,0.9971590909090909,0.9971590909090909,0.9971590909090909,0.9971590909090909,,,,,,,,,,,,,0.0004886343838486275,0.9943181818181818,0.9944677033492824,0.9943181818181818,0.9943458046165626,,,,,,,,,,,,,0.9941520467836257,0.9941520467836257,0.9941520467836257,0.99812382739212,0.99812382739212,0.99812382739212,0.9736842105263158,1.0,0.9866666666666667,1.0,0.9928057553956835,0.9963898916967509,,,,,,,,,,,,
pancreas,classification,93,0.00013548676964670779,0.9971590909090909,0.9971697111299914,0.9971590909090909,0.9971533953213563,,,,,,,,,,,,,0.0005108987737995366,0.9943181818181818,0.9944677033492824,0.9943181818181818,0.9943458046165626,,,,,,,,,,,,,1.0,0.9883040935672515,0.9941176470588236,0.9962616822429906,1.0,0.99812734082397,0.9736842105263158,1.0,0.9866666666666667,1.0,0.9928057553956835,0.9963898916967509,,,,,,,,,,,,
pancreas,classification,94,7.275703958178134e-05,0.9985795454545454,0.9985878039112049,0.9985795454545454,0.9985809492079253,,,,,,,,,,,,,0.00053484005948948,0.9943181818181818,0.9944677033492824,0.9943181818181818,0.9943458046165626,,,,,,,,,,,,,0.9941860465116279,1.0,0.9970845481049563,1.0,0.99812382739212,0.9990610328638497,0.9736842105263158,1.0,0.9866666666666667,1.0,0.9928057553956835,0.9963898916967509,,,,,,,,,,,,
pancreas,classification,95,3.63042763121319e-05,1.0,1.0,1.0,1.0,,,,,,,,,,,,,0.000391971662752026,0.9943181818181818,0.9944677033492824,0.9943181818181818,0.9943458046165626,,,,,,,,,,,,,1.0,1.0,1.0,1.0,1.0,1.0,0.9736842105263158,1.0,0.9866666666666667,1.0,0.9928057553956835,0.9963898916967509,,,,,,,,,,,,
pancreas,classification,96,3.3381159885886355e-05,1.0,1.0,1.0,1.0,,,,,,,,,,,,,0.0004194651083005076,0.9943181818181818,0.9944677033492824,0.9943181818181818,0.9943458046165626,,,,,,,,,,,,,1.0,1.0,1.0,1.0,1.0,1.0,0.9736842105263158,1.0,0.9866666666666667,1.0,0.9928057553956835,0.9963898916967509,,,,,,,,,,,,
pancreas,classification,97,2.3512064537747143e-05,1.0,1.0,1.0,1.0,,,,,,,,,,,,,0.0005403575839864061,0.9943181818181818,0.9944677033492824,0.9943181818181818,0.9943458046165626,,,,,,,,,,,,,1.0,1.0,1.0,1.0,1.0,1.0,0.9736842105263158,1.0,0.9866666666666667,1.0,0.9928057553956835,0.9963898916967509,,,,,,,,,,,,
pancreas,classification,98,2.527523485117523e-05,1.0,1.0,1.0,1.0,,,,,,,,,,,,,0.0005144440362776302,0.9943181818181818,0.9944677033492824,0.9943181818181818,0.9943458046165626,,,,,,,,,,,,,1.0,1.0,1.0,1.0,1.0,1.0,0.9736842105263158,1.0,0.9866666666666667,1.0,0.9928057553956835,0.9963898916967509,,,,,,,,,,,,
pancreas,classification,99,0.00022807337558622913,0.9971590909090909,0.9971590909090909,0.9971590909090909,0.9971590909090909,,,,,,,,,,,,,0.0004565632789308438,0.9943181818181818,0.9944677033492824,0.9943181818181818,0.9943458046165626,,,,,,,,,,,,,0.9941520467836257,0.9941520467836257,0.9941520467836257,0.99812382739212,0.99812382739212,0.99812382739212,0.9736842105263158,1.0,0.9866666666666667,1.0,0.9928057553956835,0.9963898916967509,,,,,,,,,,,,
pancreas,classification,100,0.0003289841213658788,0.9971590909090909,0.9971697111299914,0.9971590909090909,0.9971533953213563,,,,,,,,,,,,,0.0005552419518360032,0.9943181818181818,0.9944677033492824,0.9943181818181818,0.9943458046165626,,,,,,,,,,,,,1.0,0.9883040935672515,0.9941176470588236,0.9962616822429906,1.0,0.99812734082397,0.9736842105263158,1.0,0.9866666666666667,1.0,0.9928057553956835,0.9963898916967509,,,,,,,,,,,,
pancreas,classification,101,1.8823701700718878e-05,1.0,1.0,1.0,1.0,,,,,,,,,,,,,0.0005160922836776907,0.9943181818181818,0.9944677033492824,0.9943181818181818,0.9943458046165626,,,,,,,,,,,,,1.0,1.0,1.0,1.0,1.0,1.0,0.9736842105263158,1.0,0.9866666666666667,1.0,0.9928057553956835,0.9963898916967509,,,,,,,,,,,,
pancreas,classification,102,4.5982056462889886e-05,1.0,1.0,1.0,1.0,,,,,,,,,,,,,0.0004957157012871572,0.9943181818181818,0.9944677033492824,0.9943181818181818,0.9943458046165626,,,,,,,,,,,,,1.0,1.0,1.0,1.0,1.0,1.0,0.9736842105263158,1.0,0.9866666666666667,1.0,0.9928057553956835,0.9963898916967509,,,,,,,,,,,,
pancreas,classification,103,9.188243097923987e-05,0.9985795454545454,0.9985822054817841,0.9985795454545454,0.9985781283066785,,,,,,,,,,,,,0.000510729724531054,0.9943181818181818,0.9944677033492824,0.9943181818181818,0.9943458046165626,,,,,,,,,,,,,1.0,0.9941520467836257,0.9970674486803519,0.99812734082397,1.0,0.9990627928772259,0.9736842105263158,1.0,0.9866666666666667,1.0,0.9928057553956835,0.9963898916967509,,,,,,,,,,,,
pancreas,classification,104,6.341353919610397e-05,1.0,1.0,1.0,1.0,,,,,,,,,,,,,0.0005652931451178036,0.9943181818181818,0.9944677033492824,0.9943181818181818,0.9943458046165626,,,,,,,,,,,,,1.0,1.0,1.0,1.0,1.0,1.0,0.9736842105263158,1.0,0.9866666666666667,1.0,0.9928057553956835,0.9963898916967509,,,,,,,,,,,,
pancreas,classification,105,0.00017287754599237815,0.9985795454545454,0.9985878039112049,0.9985795454545454,0.9985809492079253,,,,,,,,,,,,,0.0005193767440852588,0.9943181818181818,0.9944677033492824,0.9943181818181818,0.9943458046165626,,,,,,,,,,,,,0.9941860465116279,1.0,0.9970845481049563,1.0,0.99812382739212,0.9990610328638497,0.9736842105263158,1.0,0.9866666666666667,1.0,0.9928057553956835,0.9963898916967509,,,,,,,,,,,,
pancreas,classification,106,0.00038159337321468973,0.9971590909090909,0.9971590909090909,0.9971590909090909,0.9971590909090909,,,,,,,,,,,,,0.0003895604569482781,0.9943181818181818,0.9944677033492824,0.9943181818181818,0.9943458046165626,,,,,,,,,,,,,0.9941520467836257,0.9941520467836257,0.9941520467836257,0.99812382739212,0.99812382739212,0.99812382739212,0.9736842105263158,1.0,0.9866666666666667,1.0,0.9928057553956835,0.9963898916967509,,,,,,,,,,,,
pancreas,classification,107,1.5418878237224735e-05,1.0,1.0,1.0,1.0,,,,,,,,,,,,,0.0004691403016129863,0.9943181818181818,0.9944677033492824,0.9943181818181818,0.9943458046165626,,,,,,,,,,,,,1.0,1.0,1.0,1.0,1.0,1.0,0.9736842105263158,1.0,0.9866666666666667,1.0,0.9928057553956835,0.9963898916967509,,,,,,,,,,,,
pancreas,classification,108,3.756224073599283e-05,1.0,1.0,1.0,1.0,,,,,,,,,,,,,0.00042800807246253083,0.9943181818181818,0.9944677033492824,0.9943181818181818,0.9943458046165626,,,,,,,,,,,,,1.0,1.0,1.0,1.0,1.0,1.0,0.9736842105263158,1.0,0.9866666666666667,1.0,0.9928057553956835,0.9963898916967509,,,,,,,,,,,,
pancreas,classification,109,0.0002174758244150739,0.9985795454545454,0.9985822054817841,0.9985795454545454,0.9985781283066785,,,,,,,,,,,,,0.0005165339253132763,0.9943181818181818,0.9944677033492824,0.9943181818181818,0.9943458046165626,,,,,,,,,,,,,1.0,0.9941520467836257,0.9970674486803519,0.99812734082397,1.0,0.9990627928772259,0.9736842105263158,1.0,0.9866666666666667,1.0,0.9928057553956835,0.9963898916967509,,,,,,,,,,,,
pancreas,classification,110,0.00011145538384095165,1.0,1.0,1.0,1.0,,,,,,,,,,,,,0.0004438497814837981,0.9943181818181818,0.9944677033492824,0.9943181818181818,0.9943458046165626,,,,,,,,,,,,,1.0,1.0,1.0,1.0,1.0,1.0,0.9736842105263158,1.0,0.9866666666666667,1.0,0.9928057553956835,0.9963898916967509,,,,,,,,,,,,
pancreas,classification,111,1.211420282164578e-05,1.0,1.0,1.0,1.0,,,,,,,,,,,,,0.0005416899161073987,0.9943181818181818,0.9944677033492824,0.9943181818181818,0.9943458046165626,,,,,,,,,,,,,1.0,1.0,1.0,1.0,1.0,1.0,0.9736842105263158,1.0,0.9866666666666667,1.0,0.9928057553956835,0.9963898916967509,,,,,,,,,,,,
pancreas,classification,112,4.848292108115195e-05,1.0,1.0,1.0,1.0,,,,,,,,,,,,,0.0005346556143360266,0.9943181818181818,0.9944677033492824,0.9943181818181818,0.9943458046165626,,,,,,,,,,,,,1.0,1.0,1.0,1.0,1.0,1.0,0.9736842105263158,1.0,0.9866666666666667,1.0,0.9928057553956835,0.9963898916967509,,,,,,,,,,,,
pancreas,classification,113,2.8018685032872202e-05,1.0,1.0,1.0,1.0,,,,,,,,,,,,,0.0004947791355582674,0.9943181818181818,0.9944677033492824,0.9943181818181818,0.9943458046165626,,,,,,,,,,,,,1.0,1.0,1.0,1.0,1.0,1.0,0.9736842105263158,1.0,0.9866666666666667,1.0,0.9928057553956835,0.9963898916967509,,,,,,,,,,,,
pancreas,classification,114,0.00013291084915387975,0.9985795454545454,0.9985822054817841,0.9985795454545454,0.9985781283066785,,,,,,,,,,,,,0.00048323946521122707,0.9943181818181818,0.9944677033492824,0.9943181818181818,0.9943458046165626,,,,,,,,,,,,,1.0,0.9941520467836257,0.9970674486803519,0.99812734082397,1.0,0.9990627928772259,0.9736842105263158,1.0,0.9866666666666667,1.0,0.9928057553956835,0.9963898916967509,,,,,,,,,,,,
pancreas,classification,115,4.7647337437824305e-05,0.9985795454545454,0.9985878039112049,0.9985795454545454,0.9985809492079253,,,,,,,,,,,,,0.0004728382586604725,0.9943181818181818,0.9944677033492824,0.9943181818181818,0.9943458046165626,,,,,,,,,,,,,0.9941860465116279,1.0,0.9970845481049563,1.0,0.99812382739212,0.9990610328638497,0.9736842105263158,1.0,0.9866666666666667,1.0,0.9928057553956835,0.9963898916967509,,,,,,,,,,,,
pancreas,classification,116,0.00012189877206351825,0.9985795454545454,0.9985878039112049,0.9985795454545454,0.9985809492079253,,,,,,,,,,,,,0.0004916848902212223,0.9943181818181818,0.9944677033492824,0.9943181818181818,0.9943458046165626,,,,,,,,,,,,,0.9941860465116279,1.0,0.9970845481049563,1.0,0.99812382739212,0.9990610328638497,0.9736842105263158,1.0,0.9866666666666667,1.0,0.9928057553956835,0.9963898916967509,,,,,,,,,,,,
pancreas,classification,117,0.00016651275511363068,0.9985795454545454,0.9985822054817841,0.9985795454545454,0.9985781283066785,,,,,,,,,,,,,0.00047029514931554416,0.9943181818181818,0.9944677033492824,0.9943181818181818,0.9943458046165626,,,,,,,,,,,,,1.0,0.9941520467836257,0.9970674486803519,0.99812734082397,1.0,0.9990627928772259,0.9736842105263158,1.0,0.9866666666666667,1.0,0.9928057553956835,0.9963898916967509,,,,,,,,,,,,
pancreas,classification,118,0.00014881760788202055,0.9985795454545454,0.9985822054817841,0.9985795454545454,0.9985781283066785,,,,,,,,,,,,,0.0005520762866498527,0.9943181818181818,0.9944677033492824,0.9943181818181818,0.9943458046165626,,,,,,,,,,,,,1.0,0.9941520467836257,0.9970674486803519,0.99812734082397,1.0,0.9990627928772259,0.9736842105263158,1.0,0.9866666666666667,1.0,0.9928057553956835,0.9963898916967509,,,,,,,,,,,,
pancreas,classification,119,2.6634187013934767e-05,1.0,1.0,1.0,1.0,,,,,,,,,,,,,0.0004892707144005147,0.9943181818181818,0.9944677033492824,0.9943181818181818,0.9943458046165626,,,,,,,,,,,,,1.0,1.0,1.0,1.0,1.0,1.0,0.9736842105263158,1.0,0.9866666666666667,1.0,0.9928057553956835,0.9963898916967509,,,,,,,,,,,,
pancreas,classification,120,0.00013395003653923513,0.9971590909090909,0.9971919337887546,0.9971590909090909,0.9971646793384094,,,,,,,,,,,,,0.0004510299299909093,0.9943181818181818,0.9944677033492824,0.9943181818181818,0.9943458046165626,,,,,,,,,,,,,0.9884393063583815,1.0,0.9941860465116279,1.0,0.9962476547842402,0.9981203007518797,0.9736842105263158,1.0,0.9866666666666667,1.0,0.9928057553956835,0.9963898916967509,,,,,,,,,,,,
pancreas,classification,121,4.448992493425149e-05,1.0,1.0,1.0,1.0,,,,,,,,,,,,,0.0005185345760930267,0.9943181818181818,0.9944677033492824,0.9943181818181818,0.9943458046165626,,,,,,,,,,,,,1.0,1.0,1.0,1.0,1.0,1.0,0.9736842105263158,1.0,0.9866666666666667,1.0,0.9928057553956835,0.9963898916967509,,,,,,,,,,,,
pancreas,classification,122,0.0002291306485734491,0.9985795454545454,0.9985822054817841,0.9985795454545454,0.9985781283066785,,,,,,,,,,,,,0.0004868977851980493,0.9943181818181818,0.9944677033492824,0.9943181818181818,0.9943458046165626,,,,,,,,,,,,,1.0,0.9941520467836257,0.9970674486803519,0.99812734082397,1.0,0.9990627928772259,0.9736842105263158,1.0,0.9866666666666667,1.0,0.9928057553956835,0.9963898916967509,,,,,,,,,,,,
pancreas,classification,123,0.0002133407343762883,0.9985795454545454,0.9985822054817841,0.9985795454545454,0.9985781283066785,,,,,,,,,,,,,0.0005245182652205668,0.9943181818181818,0.9944677033492824,0.9943181818181818,0.9943458046165626,,,,,,,,,,,,,1.0,0.9941520467836257,0.9970674486803519,0.99812734082397,1.0,0.9990627928772259,0.9736842105263158,1.0,0.9866666666666667,1.0,0.9928057553956835,0.9963898916967509,,,,,,,,,,,,
pancreas,classification,124,0.0004101576191405084,0.9971590909090909,0.9971590909090909,0.9971590909090909,0.9971590909090909,,,,,,,,,,,,,0.0004589190748860843,0.9943181818181818,0.9944677033492824,0.9943181818181818,0.9943458046165626,,,,,,,,,,,,,0.9941520467836257,0.9941520467836257,0.9941520467836257,0.99812382739212,0.99812382739212,0.99812382739212,0.9736842105263158,1.0,0.9866666666666667,1.0,0.9928057553956835,0.9963898916967509,,,,,,,,,,,,
pancreas,classification,125,5.31470717636363e-05,1.0,1.0,1.0,1.0,,,,,,,,,,,,,0.0005716631007172426,0.9943181818181818,0.9944677033492824,0.9943181818181818,0.9943458046165626,,,,,,,,,,,,,1.0,1.0,1.0,1.0,1.0,1.0,0.9736842105263158,1.0,0.9866666666666667,1.0,0.9928057553956835,0.9963898916967509,,,,,,,,,,,,
pancreas,classification,126,0.0001465483283854238,0.9985795454545454,0.9985878039112049,0.9985795454545454,0.9985809492079253,,,,,,,,,,,,,0.00044779553577840983,0.9943181818181818,0.9944677033492824,0.9943181818181818,0.9943458046165626,,,,,,,,,,,,,0.9941860465116279,1.0,0.9970845481049563,1.0,0.99812382739212,0.9990610328638497,0.9736842105263158,1.0,0.9866666666666667,1.0,0.9928057553956835,0.9963898916967509,,,,,,,,,,,,
pancreas,classification,127,0.00020512937149677865,0.9971590909090909,0.9971697111299914,0.9971590909090909,0.9971533953213563,,,,,,,,,,,,,0.000502097120881279,0.9943181818181818,0.9944677033492824,0.9943181818181818,0.9943458046165626,,,,,,,,,,,,,1.0,0.9883040935672515,0.9941176470588236,0.9962616822429906,1.0,0.99812734082397,0.9736842105263158,1.0,0.9866666666666667,1.0,0.9928057553956835,0.9963898916967509,,,,,,,,,,,,
pancreas,classification,128,8.08236998595517e-05,0.9985795454545454,0.9985878039112049,0.9985795454545454,0.9985809492079253,,,,,,,,,,,,,0.00045654841113156925,0.9943181818181818,0.9944677033492824,0.9943181818181818,0.9943458046165626,,,,,,,,,,,,,0.9941860465116279,1.0,0.9970845481049563,1.0,0.99812382739212,0.9990610328638497,0.9736842105263158,1.0,0.9866666666666667,1.0,0.9928057553956835,0.9963898916967509,,,,,,,,,,,,
pancreas,classification,129,0.00010795885616103492,0.9985795454545454,0.9985878039112049,0.9985795454545454,0.9985809492079253,,,,,,,,,,,,,0.0005196557258800153,0.9943181818181818,0.9944677033492824,0.9943181818181818,0.9943458046165626,,,,,,,,,,,,,0.9941860465116279,1.0,0.9970845481049563,1.0,0.99812382739212,0.9990610328638497,0.9736842105263158,1.0,0.9866666666666667,1.0,0.9928057553956835,0.9963898916967509,,,,,,,,,,,,
pancreas,classification,130,1.9311121553238824e-05,1.0,1.0,1.0,1.0,,,,,,,,,,,,,0.0005349850305885246,0.9943181818181818,0.9944677033492824,0.9943181818181818,0.9943458046165626,,,,,,,,,,,,,1.0,1.0,1.0,1.0,1.0,1.0,0.9736842105263158,1.0,0.9866666666666667,1.0,0.9928057553956835,0.9963898916967509,,,,,,,,,,,,
pancreas,classification,131,3.717592796254559e-05,1.0,1.0,1.0,1.0,,,,,,,,,,,,,0.0005430165686613526,0.9943181818181818,0.9944677033492824,0.9943181818181818,0.9943458046165626,,,,,,,,,,,,,1.0,1.0,1.0,1.0,1.0,1.0,0.9736842105263158,1.0,0.9866666666666667,1.0,0.9928057553956835,0.9963898916967509,,,,,,,,,,,,
pancreas,classification,132,0.00022259172295558858,0.9985795454545454,0.9985822054817841,0.9985795454545454,0.9985781283066785,,,,,,,,,,,,,0.0005656529433095288,0.9943181818181818,0.9944677033492824,0.9943181818181818,0.9943458046165626,,,,,,,,,,,,,1.0,0.9941520467836257,0.9970674486803519,0.99812734082397,1.0,0.9990627928772259,0.9736842105263158,1.0,0.9866666666666667,1.0,0.9928057553956835,0.9963898916967509,,,,,,,,,,,,
pancreas,classification,133,0.00010787884710597692,0.9985795454545454,0.9985822054817841,0.9985795454545454,0.9985781283066785,,,,,,,,,,,,,0.0004313427817495804,0.9943181818181818,0.9944677033492824,0.9943181818181818,0.9943458046165626,,,,,,,,,,,,,1.0,0.9941520467836257,0.9970674486803519,0.99812734082397,1.0,0.9990627928772259,0.9736842105263158,1.0,0.9866666666666667,1.0,0.9928057553956835,0.9963898916967509,,,,,,,,,,,,
pancreas,classification,134,2.7773717306445178e-05,1.0,1.0,1.0,1.0,,,,,,,,,,,,,0.00057221289865662,0.9943181818181818,0.9944677033492824,0.9943181818181818,0.9943458046165626,,,,,,,,,,,,,1.0,1.0,1.0,1.0,1.0,1.0,0.9736842105263158,1.0,0.9866666666666667,1.0,0.9928057553956835,0.9963898916967509,,,,,,,,,,,,
pancreas,classification,135,0.0001530491295149907,0.9985795454545454,0.9985878039112049,0.9985795454545454,0.9985809492079253,,,,,,,,,,,,,0.0004355848765375082,0.9943181818181818,0.9944677033492824,0.9943181818181818,0.9943458046165626,,,,,,,,,,,,,0.9941860465116279,1.0,0.9970845481049563,1.0,0.99812382739212,0.9990610328638497,0.9736842105263158,1.0,0.9866666666666667,1.0,0.9928057553956835,0.9963898916967509,,,,,,,,,,,,
pancreas,classification,136,2.4557111766460533e-05,1.0,1.0,1.0,1.0,,,,,,,,,,,,,0.0005309117185457911,0.9943181818181818,0.9944677033492824,0.9943181818181818,0.9943458046165626,,,,,,,,,,,,,1.0,1.0,1.0,1.0,1.0,1.0,0.9736842105263158,1.0,0.9866666666666667,1.0,0.9928057553956835,0.9963898916967509,,,,,,,,,,,,
pancreas,classification,137,5.126978594076222e-05,0.9985795454545454,0.9985878039112049,0.9985795454545454,0.9985809492079253,,,,,,,,,,,,,0.0005297337555599701,0.9943181818181818,0.9944677033492824,0.9943181818181818,0.9943458046165626,,,,,,,,,,,,,0.9941860465116279,1.0,0.9970845481049563,1.0,0.99812382739212,0.9990610328638497,0.9736842105263158,1.0,0.9866666666666667,1.0,0.9928057553956835,0.9963898916967509,,,,,,,,,,,,
pancreas,classification,138,0.000348846840324768,0.9971590909090909,0.9971697111299914,0.9971590909090909,0.9971533953213563,,,,,,,,,,,,,0.0006088666442255172,0.9943181818181818,0.9944677033492824,0.9943181818181818,0.9943458046165626,,,,,,,,,,,,,1.0,0.9883040935672515,0.9941176470588236,0.9962616822429906,1.0,0.99812734082397,0.9736842105263158,1.0,0.9866666666666667,1.0,0.9928057553956835,0.9963898916967509,,,,,,,,,,,,
pancreas,classification,139,0.00016683641716884847,0.9985795454545454,0.9985822054817841,0.9985795454545454,0.9985781283066785,,,,,,,,,,,,,0.0004928373207969179,0.9943181818181818,0.9944677033492824,0.9943181818181818,0.9943458046165626,,,,,,,,,,,,,1.0,0.9941520467836257,0.9970674486803519,0.99812734082397,1.0,0.9990627928772259,0.9736842105263158,1.0,0.9866666666666667,1.0,0.9928057553956835,0.9963898916967509,,,,,,,,,,,,
pancreas,classification,140,0.00019816971938656604,0.9985795454545454,0.9985822054817841,0.9985795454545454,0.9985781283066785,,,,,,,,,,,,,0.0005394181035957114,0.9943181818181818,0.9944677033492824,0.9943181818181818,0.9943458046165626,,,,,,,,,,,,,1.0,0.9941520467836257,0.9970674486803519,0.99812734082397,1.0,0.9990627928772259,0.9736842105263158,1.0,0.9866666666666667,1.0,0.9928057553956835,0.9963898916967509,,,,,,,,,,,,
pancreas,classification,141,4.286987950763432e-05,1.0,1.0,1.0,1.0,,,,,,,,,,,,,0.00047113347810326644,0.9943181818181818,0.9944677033492824,0.9943181818181818,0.9943458046165626,,,,,,,,,,,,,1.0,1.0,1.0,1.0,1.0,1.0,0.9736842105263158,1.0,0.9866666666666667,1.0,0.9928057553956835,0.9963898916967509,,,,,,,,,,,,
pancreas,classification,142,0.0002975534906061677,0.9985795454545454,0.9985878039112049,0.9985795454545454,0.9985809492079253,,,,,,,,,,,,,0.0004260129969059728,0.9943181818181818,0.9944677033492824,0.9943181818181818,0.9943458046165626,,,,,,,,,,,,,0.9941860465116279,1.0,0.9970845481049563,1.0,0.99812382739212,0.9990610328638497,0.9736842105263158,1.0,0.9866666666666667,1.0,0.9928057553956835,0.9963898916967509,,,,,,,,,,,,
pancreas,classification,143,0.00018648083433121926,0.9985795454545454,0.9985822054817841,0.9985795454545454,0.9985781283066785,,,,,,,,,,,,,0.00046088464697194553,0.9943181818181818,0.9944677033492824,0.9943181818181818,0.9943458046165626,,,,,,,,,,,,,1.0,0.9941520467836257,0.9970674486803519,0.99812734082397,1.0,0.9990627928772259,0.9736842105263158,1.0,0.9866666666666667,1.0,0.9928057553956835,0.9963898916967509,,,,,,,,,,,,
pancreas,classification,144,2.977137027797157e-05,1.0,1.0,1.0,1.0,,,,,,,,,,,,,0.0004885115015647236,0.9943181818181818,0.9944677033492824,0.9943181818181818,0.9943458046165626,,,,,,,,,,,,,1.0,1.0,1.0,1.0,1.0,1.0,0.9736842105263158,1.0,0.9866666666666667,1.0,0.9928057553956835,0.9963898916967509,,,,,,,,,,,,
pancreas,classification,145,2.528308868932072e-05,1.0,1.0,1.0,1.0,,,,,,,,,,,,,0.0004970170133757082,0.9943181818181818,0.9944677033492824,0.9943181818181818,0.9943458046165626,,,,,,,,,,,,,1.0,1.0,1.0,1.0,1.0,1.0,0.9736842105263158,1.0,0.9866666666666667,1.0,0.9928057553956835,0.9963898916967509,,,,,,,,,,,,
pancreas,classification,146,5.754795894187158e-05,1.0,1.0,1.0,1.0,,,,,,,,,,,,,0.0005325137169000465,0.9943181818181818,0.9944677033492824,0.9943181818181818,0.9943458046165626,,,,,,,,,,,,,1.0,1.0,1.0,1.0,1.0,1.0,0.9736842105263158,1.0,0.9866666666666667,1.0,0.9928057553956835,0.9963898916967509,,,,,,,,,,,,
pancreas,classification,147,0.00020214639776192846,0.9985795454545454,0.9985822054817841,0.9985795454545454,0.9985781283066785,,,,,,,,,,,,,0.0005830498730988024,0.9943181818181818,0.9944677033492824,0.9943181818181818,0.9943458046165626,,,,,,,,,,,,,1.0,0.9941520467836257,0.9970674486803519,0.99812734082397,1.0,0.9990627928772259,0.9736842105263158,1.0,0.9866666666666667,1.0,0.9928057553956835,0.9963898916967509,,,,,,,,,,,,
pancreas,classification,148,0.00022170697809542617,0.9985795454545454,0.9985822054817841,0.9985795454545454,0.9985781283066785,,,,,,,,,,,,,0.0005515445358345129,0.9943181818181818,0.9944677033492824,0.9943181818181818,0.9943458046165626,,,,,,,,,,,,,1.0,0.9941520467836257,0.9970674486803519,0.99812734082397,1.0,0.9990627928772259,0.9736842105263158,1.0,0.9866666666666667,1.0,0.9928057553956835,0.9963898916967509,,,,,,,,,,,,
pancreas,classification,149,0.00015806036664013266,0.9971590909090909,0.9971697111299914,0.9971590909090909,0.9971533953213563,,,,,,,,,,,,,0.0005450557280875563,0.9943181818181818,0.9944677033492824,0.9943181818181818,0.9943458046165626,,,,,,,,,,,,,1.0,0.9883040935672515,0.9941176470588236,0.9962616822429906,1.0,0.99812734082397,0.9736842105263158,1.0,0.9866666666666667,1.0,0.9928057553956835,0.9963898916967509,,,,,,,,,,,,
pancreas,classification,150,0.00011051197931134415,0.9971590909090909,0.9971919337887546,0.9971590909090909,0.9971646793384094,,,,,,,,,,,,,0.0004934064988281699,0.9943181818181818,0.9944677033492824,0.9943181818181818,0.9943458046165626,,,,,,,,,,,,,0.9884393063583815,1.0,0.9941860465116279,1.0,0.9962476547842402,0.9981203007518797,0.9736842105263158,1.0,0.9866666666666667,1.0,0.9928057553956835,0.9963898916967509,,,,,,,,,,,,
pancreas,classification,151,0.00014009428327261213,0.9985795454545454,0.9985878039112049,0.9985795454545454,0.9985809492079253,,,,,,,,,,,,,0.00048478905976232704,0.9943181818181818,0.9944677033492824,0.9943181818181818,0.9943458046165626,,,,,,,,,,,,,0.9941860465116279,1.0,0.9970845481049563,1.0,0.99812382739212,0.9990610328638497,0.9736842105263158,1.0,0.9866666666666667,1.0,0.9928057553956835,0.9963898916967509,,,,,,,,,,,,
pancreas,classification,152,3.664474688362547e-05,1.0,1.0,1.0,1.0,,,,,,,,,,,,,0.0005066462753843966,0.9943181818181818,0.9944677033492824,0.9943181818181818,0.9943458046165626,,,,,,,,,,,,,1.0,1.0,1.0,1.0,1.0,1.0,0.9736842105263158,1.0,0.9866666666666667,1.0,0.9928057553956835,0.9963898916967509,,,,,,,,,,,,
pancreas,classification,153,0.00013992556817108627,0.9985795454545454,0.9985822054817841,0.9985795454545454,0.9985781283066785,,,,,,,,,,,,,0.0005128224265304611,0.9943181818181818,0.9944677033492824,0.9943181818181818,0.9943458046165626,,,,,,,,,,,,,1.0,0.9941520467836257,0.9970674486803519,0.99812734082397,1.0,0.9990627928772259,0.9736842105263158,1.0,0.9866666666666667,1.0,0.9928057553956835,0.9963898916967509,,,,,,,,,,,,
pancreas,classification,154,0.00016894421500265625,0.9957386363636364,0.9957356008031404,0.9957386363636364,0.9957343849200352,,,,,,,,,,,,,0.0005262780449067412,0.9943181818181818,0.9944677033492824,0.9943181818181818,0.9943458046165626,,,,,,,,,,,,,0.9941176470588236,0.9883040935672515,0.9912023460410557,0.9962546816479401,0.99812382739212,0.9971883786316776,0.9736842105263158,1.0,0.9866666666666667,1.0,0.9928057553956835,0.9963898916967509,,,,,,,,,,,,
pancreas,classification,155,0.00014973924768665628,0.9985795454545454,0.9985822054817841,0.9985795454545454,0.9985781283066785,,,,,,,,,,,,,0.0005490328507304101,0.9943181818181818,0.9944677033492824,0.9943181818181818,0.9943458046165626,,,,,,,,,,,,,1.0,0.9941520467836257,0.9970674486803519,0.99812734082397,1.0,0.9990627928772259,0.9736842105263158,1.0,0.9866666666666667,1.0,0.9928057553956835,0.9963898916967509,,,,,,,,,,,,
pancreas,classification,156,3.8164854800015746e-05,1.0,1.0,1.0,1.0,,,,,,,,,,,,,0.000552549829990312,0.9943181818181818,0.9944677033492824,0.9943181818181818,0.9943458046165626,,,,,,,,,,,,,1.0,1.0,1.0,1.0,1.0,1.0,0.9736842105263158,1.0,0.9866666666666667,1.0,0.9928057553956835,0.9963898916967509,,,,,,,,,,,,
pancreas,classification,157,4.513676546222004e-05,1.0,1.0,1.0,1.0,,,,,,,,,,,,,0.000571997937475482,0.9943181818181818,0.9944677033492824,0.9943181818181818,0.9943458046165626,,,,,,,,,,,,,1.0,1.0,1.0,1.0,1.0,1.0,0.9736842105263158,1.0,0.9866666666666667,1.0,0.9928057553956835,0.9963898916967509,,,,,,,,,,,,
pancreas,classification,158,3.011994181179034e-05,1.0,1.0,1.0,1.0,,,,,,,,,,,,,0.0005811352527664646,0.9943181818181818,0.9944677033492824,0.9943181818181818,0.9943458046165626,,,,,,,,,,,,,1.0,1.0,1.0,1.0,1.0,1.0,0.9736842105263158,1.0,0.9866666666666667,1.0,0.9928057553956835,0.9963898916967509,,,,,,,,,,,,
pancreas,classification,159,8.305400919280973e-05,0.9985795454545454,0.9985822054817841,0.9985795454545454,0.9985781283066785,,,,,,,,,,,,,0.0005403083872889428,0.9943181818181818,0.9944677033492824,0.9943181818181818,0.9943458046165626,,,,,,,,,,,,,1.0,0.9941520467836257,0.9970674486803519,0.99812734082397,1.0,0.9990627928772259,0.9736842105263158,1.0,0.9866666666666667,1.0,0.9928057553956835,0.9963898916967509,,,,,,,,,,,,
pancreas,classification,160,1.0761564670825795e-05,1.0,1.0,1.0,1.0,,,,,,,,,,,,,0.0004941398607446569,0.9943181818181818,0.9944677033492824,0.9943181818181818,0.9943458046165626,,,,,,,,,,,,,1.0,1.0,1.0,1.0,1.0,1.0,0.9736842105263158,1.0,0.9866666666666667,1.0,0.9928057553956835,0.9963898916967509,,,,,,,,,,,,
pancreas,classification,161,0.0003834238327313373,0.9971590909090909,0.9971590909090909,0.9971590909090909,0.9971590909090909,,,,,,,,,,,,,0.0004592060061606224,0.9943181818181818,0.9944677033492824,0.9943181818181818,0.9943458046165626,,,,,,,,,,,,,0.9941520467836257,0.9941520467836257,0.9941520467836257,0.99812382739212,0.99812382739212,0.99812382739212,0.9736842105263158,1.0,0.9866666666666667,1.0,0.9928057553956835,0.9963898916967509,,,,,,,,,,,,
pancreas,classification,162,6.297213415316286e-05,1.0,1.0,1.0,1.0,,,,,,,,,,,,,0.00046011276059619956,0.9943181818181818,0.9944677033492824,0.9943181818181818,0.9943458046165626,,,,,,,,,,,,,1.0,1.0,1.0,1.0,1.0,1.0,0.9736842105263158,1.0,0.9866666666666667,1.0,0.9928057553956835,0.9963898916967509,,,,,,,,,,,,
pancreas,classification,163,8.894034933539594e-05,0.9985795454545454,0.9985878039112049,0.9985795454545454,0.9985809492079253,,,,,,,,,,,,,0.0005111767695366739,0.9943181818181818,0.9944677033492824,0.9943181818181818,0.9943458046165626,,,,,,,,,,,,,0.9941860465116279,1.0,0.9970845481049563,1.0,0.99812382739212,0.9990610328638497,0.9736842105263158,1.0,0.9866666666666667,1.0,0.9928057553956835,0.9963898916967509,,,,,,,,,,,,
pancreas,classification,164,9.269411584062419e-05,0.9971590909090909,0.9971919337887546,0.9971590909090909,0.9971646793384094,,,,,,,,,,,,,0.0005018081523386089,0.9943181818181818,0.9944677033492824,0.9943181818181818,0.9943458046165626,,,,,,,,,,,,,0.9884393063583815,1.0,0.9941860465116279,1.0,0.9962476547842402,0.9981203007518797,0.9736842105263158,1.0,0.9866666666666667,1.0,0.9928057553956835,0.9963898916967509,,,,,,,,,,,,
pancreas,classification,165,6.490593328966166e-05,1.0,1.0,1.0,1.0,,,,,,,,,,,,,0.0004336407978578129,0.9943181818181818,0.9944677033492824,0.9943181818181818,0.9943458046165626,,,,,,,,,,,,,1.0,1.0,1.0,1.0,1.0,1.0,0.9736842105263158,1.0,0.9866666666666667,1.0,0.9928057553956835,0.9963898916967509,,,,,,,,,,,,
pancreas,classification,166,0.00010988400487638666,0.9985795454545454,0.9985878039112049,0.9985795454545454,0.9985809492079253,,,,,,,,,,,,,0.0004023643508100411,0.9943181818181818,0.9944677033492824,0.9943181818181818,0.9943458046165626,,,,,,,,,,,,,0.9941860465116279,1.0,0.9970845481049563,1.0,0.99812382739212,0.9990610328638497,0.9736842105263158,1.0,0.9866666666666667,1.0,0.9928057553956835,0.9963898916967509,,,,,,,,,,,,
pancreas,classification,167,4.7242653853242125e-05,1.0,1.0,1.0,1.0,,,,,,,,,,,,,0.00042877159080489946,0.9943181818181818,0.9944677033492824,0.9943181818181818,0.9943458046165626,,,,,,,,,,,,,1.0,1.0,1.0,1.0,1.0,1.0,0.9736842105263158,1.0,0.9866666666666667,1.0,0.9928057553956835,0.9963898916967509,,,,,,,,,,,,
pancreas,classification,168,2.9441607053244795e-05,1.0,1.0,1.0,1.0,,,,,,,,,,,,,0.0004890872119383196,0.9943181818181818,0.9944677033492824,0.9943181818181818,0.9943458046165626,,,,,,,,,,,,,1.0,1.0,1.0,1.0,1.0,1.0,0.9736842105263158,1.0,0.9866666666666667,1.0,0.9928057553956835,0.9963898916967509,,,,,,,,,,,,
pancreas,classification,169,4.455320082673676e-05,1.0,1.0,1.0,1.0,,,,,,,,,,,,,0.00043387147769118945,0.9943181818181818,0.9944677033492824,0.9943181818181818,0.9943458046165626,,,,,,,,,,,,,1.0,1.0,1.0,1.0,1.0,1.0,0.9736842105263158,1.0,0.9866666666666667,1.0,0.9928057553956835,0.9963898916967509,,,,,,,,,,,,
pancreas,classification,170,2.95437625419998e-05,1.0,1.0,1.0,1.0,,,,,,,,,,,,,0.0005315567872747289,0.9943181818181818,0.9944677033492824,0.9943181818181818,0.9943458046165626,,,,,,,,,,,,,1.0,1.0,1.0,1.0,1.0,1.0,0.9736842105263158,1.0,0.9866666666666667,1.0,0.9928057553956835,0.9963898916967509,,,,,,,,,,,,
pancreas,classification,171,4.90104983803328e-05,1.0,1.0,1.0,1.0,,,,,,,,,,,,,0.0005196661347574925,0.9943181818181818,0.9944677033492824,0.9943181818181818,0.9943458046165626,,,,,,,,,,,,,1.0,1.0,1.0,1.0,1.0,1.0,0.9736842105263158,1.0,0.9866666666666667,1.0,0.9928057553956835,0.9963898916967509,,,,,,,,,,,,
pancreas,classification,172,0.00010130701652790528,0.9985795454545454,0.9985878039112049,0.9985795454545454,0.9985809492079253,,,,,,,,,,,,,0.00047558791104827173,0.9943181818181818,0.9944677033492824,0.9943181818181818,0.9943458046165626,,,,,,,,,,,,,0.9941860465116279,1.0,0.9970845481049563,1.0,0.99812382739212,0.9990610328638497,0.9736842105263158,1.0,0.9866666666666667,1.0,0.9928057553956835,0.9963898916967509,,,,,,,,,,,,
pancreas,classification,173,0.00014351082564768478,0.9985795454545454,0.9985878039112049,0.9985795454545454,0.9985809492079253,,,,,,,,,,,,,0.0004648022131732432,0.9943181818181818,0.9944677033492824,0.9943181818181818,0.9943458046165626,,,,,,,,,,,,,0.9941860465116279,1.0,0.9970845481049563,1.0,0.99812382739212,0.9990610328638497,0.9736842105263158,1.0,0.9866666666666667,1.0,0.9928057553956835,0.9963898916967509,,,,,,,,,,,,
pancreas,classification,174,6.153932942900362e-05,1.0,1.0,1.0,1.0,,,,,,,,,,,,,0.0005015006458548173,0.9943181818181818,0.9944677033492824,0.9943181818181818,0.9943458046165626,,,,,,,,,,,,,1.0,1.0,1.0,1.0,1.0,1.0,0.9736842105263158,1.0,0.9866666666666667,1.0,0.9928057553956835,0.9963898916967509,,,,,,,,,,,,
pancreas,classification,175,5.05874328589264e-05,1.0,1.0,1.0,1.0,,,,,,,,,,,,,0.0005238157493129785,0.9943181818181818,0.9944677033492824,0.9943181818181818,0.9943458046165626,,,,,,,,,,,,,1.0,1.0,1.0,1.0,1.0,1.0,0.9736842105263158,1.0,0.9866666666666667,1.0,0.9928057553956835,0.9963898916967509,,,,,,,,,,,,
pancreas,classification,176,0.00011680222486244351,0.9985795454545454,0.9985878039112049,0.9985795454545454,0.9985809492079253,,,,,,,,,,,,,0.0004683975107582228,0.9943181818181818,0.9944677033492824,0.9943181818181818,0.9943458046165626,,,,,,,,,,,,,0.9941860465116279,1.0,0.9970845481049563,1.0,0.99812382739212,0.9990610328638497,0.9736842105263158,1.0,0.9866666666666667,1.0,0.9928057553956835,0.9963898916967509,,,,,,,,,,,,
pancreas,classification,177,6.496494937767817e-05,1.0,1.0,1.0,1.0,,,,,,,,,,,,,0.0005534590551509278,0.9943181818181818,0.9944677033492824,0.9943181818181818,0.9943458046165626,,,,,,,,,,,,,1.0,1.0,1.0,1.0,1.0,1.0,0.9736842105263158,1.0,0.9866666666666667,1.0,0.9928057553956835,0.9963898916967509,,,,,,,,,,,,
pancreas,classification,178,0.00016524434573222442,0.9985795454545454,0.9985822054817841,0.9985795454545454,0.9985781283066785,,,,,,,,,,,,,0.0005289452983147798,0.9943181818181818,0.9944677033492824,0.9943181818181818,0.9943458046165626,,,,,,,,,,,,,1.0,0.9941520467836257,0.9970674486803519,0.99812734082397,1.0,0.9990627928772259,0.9736842105263158,1.0,0.9866666666666667,1.0,0.9928057553956835,0.9963898916967509,,,,,,,,,,,,
pancreas,classification,179,0.00012578519503718283,0.9971590909090909,0.9971697111299914,0.9971590909090909,0.9971533953213563,,,,,,,,,,,,,0.0004905654939400185,0.9943181818181818,0.9944677033492824,0.9943181818181818,0.9943458046165626,,,,,,,,,,,,,1.0,0.9883040935672515,0.9941176470588236,0.9962616822429906,1.0,0.99812734082397,0.9736842105263158,1.0,0.9866666666666667,1.0,0.9928057553956835,0.9963898916967509,,,,,,,,,,,,
pancreas,classification,180,0.00035499230532629804,0.9957386363636364,0.9957524832496145,0.9957386363636364,0.995742847623776,,,,,,,,,,,,,0.0005446719741154415,0.9943181818181818,0.9944677033492824,0.9943181818181818,0.9943458046165626,,,,,,,,,,,,,0.9883720930232558,0.9941520467836257,0.9912536443148688,0.9981203007518797,0.9962476547842402,0.9971830985915493,0.9736842105263158,1.0,0.9866666666666667,1.0,0.9928057553956835,0.9963898916967509,,,,,,,,,,,,
pancreas,classification,181,5.946337277733123e-05,1.0,1.0,1.0,1.0,,,,,,,,,,,,,0.0005182672229321641,0.9943181818181818,0.9944677033492824,0.9943181818181818,0.9943458046165626,,,,,,,,,,,,,1.0,1.0,1.0,1.0,1.0,1.0,0.9736842105263158,1.0,0.9866666666666667,1.0,0.9928057553956835,0.9963898916967509,,,,,,,,,,,,
pancreas,classification,182,1.1265856115146148e-05,1.0,1.0,1.0,1.0,,,,,,,,,,,,,0.0005070096377825063,0.9943181818181818,0.9944677033492824,0.9943181818181818,0.9943458046165626,,,,,,,,,,,,,1.0,1.0,1.0,1.0,1.0,1.0,0.9736842105263158,1.0,0.9866666666666667,1.0,0.9928057553956835,0.9963898916967509,,,,,,,,,,,,
pancreas,classification,183,0.00038109135957917965,0.9971590909090909,0.9971590909090909,0.9971590909090909,0.9971590909090909,,,,,,,,,,,,,0.0005497432069370751,0.9943181818181818,0.9944677033492824,0.9943181818181818,0.9943458046165626,,,,,,,,,,,,,0.9941520467836257,0.9941520467836257,0.9941520467836257,0.99812382739212,0.99812382739212,0.99812382739212,0.9736842105263158,1.0,0.9866666666666667,1.0,0.9928057553956835,0.9963898916967509,,,,,,,,,,,,
pancreas,classification,184,8.38962505130522e-05,0.9985795454545454,0.9985878039112049,0.9985795454545454,0.9985809492079253,,,,,,,,,,,,,0.0005082892835368759,0.9943181818181818,0.9944677033492824,0.9943181818181818,0.9943458046165626,,,,,,,,,,,,,0.9941860465116279,1.0,0.9970845481049563,1.0,0.99812382739212,0.9990610328638497,0.9736842105263158,1.0,0.9866666666666667,1.0,0.9928057553956835,0.9963898916967509,,,,,,,,,,,,
pancreas,classification,185,0.0002665584582721501,0.9985795454545454,0.9985878039112049,0.9985795454545454,0.9985809492079253,,,,,,,,,,,,,0.0005145726549099808,0.9943181818181818,0.9944677033492824,0.9943181818181818,0.9943458046165626,,,,,,,,,,,,,0.9941860465116279,1.0,0.9970845481049563,1.0,0.99812382739212,0.9990610328638497,0.9736842105263158,1.0,0.9866666666666667,1.0,0.9928057553956835,0.9963898916967509,,,,,,,,,,,,
pancreas,classification,186,1.95570966277294e-05,1.0,1.0,1.0,1.0,,,,,,,,,,,,,0.0005246289100052144,0.9943181818181818,0.9944677033492824,0.9943181818181818,0.9943458046165626,,,,,,,,,,,,,1.0,1.0,1.0,1.0,1.0,1.0,0.9736842105263158,1.0,0.9866666666666667,1.0,0.9928057553956835,0.9963898916967509,,,,,,,,,,,,
pancreas,classification,187,6.543121134489576e-05,0.9985795454545454,0.9985878039112049,0.9985795454545454,0.9985809492079253,,,,,,,,,,,,,0.00048142241828166084,0.9943181818181818,0.9944677033492824,0.9943181818181818,0.9943458046165626,,,,,,,,,,,,,0.9941860465116279,1.0,0.9970845481049563,1.0,0.99812382739212,0.9990610328638497,0.9736842105263158,1.0,0.9866666666666667,1.0,0.9928057553956835,0.9963898916967509,,,,,,,,,,,,
pancreas,classification,188,0.00018110663923339004,0.9971590909090909,0.9971919337887546,0.9971590909090909,0.9971646793384094,,,,,,,,,,,,,0.0005412547763460844,0.9943181818181818,0.9944677033492824,0.9943181818181818,0.9943458046165626,,,,,,,,,,,,,0.9884393063583815,1.0,0.9941860465116279,1.0,0.9962476547842402,0.9981203007518797,0.9736842105263158,1.0,0.9866666666666667,1.0,0.9928057553956835,0.9963898916967509,,,,,,,,,,,,
pancreas,classification,189,4.1897801886327876e-05,1.0,1.0,1.0,1.0,,,,,,,,,,,,,0.0005392661334388487,0.9943181818181818,0.9944677033492824,0.9943181818181818,0.9943458046165626,,,,,,,,,,,,,1.0,1.0,1.0,1.0,1.0,1.0,0.9736842105263158,1.0,0.9866666666666667,1.0,0.9928057553956835,0.9963898916967509,,,,,,,,,,,,
pancreas,classification,190,2.4262589094674198e-05,1.0,1.0,1.0,1.0,,,,,,,,,,,,,0.00040527293142324857,0.9943181818181818,0.9944677033492824,0.9943181818181818,0.9943458046165626,,,,,,,,,,,,,1.0,1.0,1.0,1.0,1.0,1.0,0.9736842105263158,1.0,0.9866666666666667,1.0,0.9928057553956835,0.9963898916967509,,,,,,,,,,,,
pancreas,classification,191,0.00014371752756274375,0.9985795454545454,0.9985822054817841,0.9985795454545454,0.9985781283066785,,,,,,,,,,,,,0.0005621644435119709,0.9943181818181818,0.9944677033492824,0.9943181818181818,0.9943458046165626,,,,,,,,,,,,,1.0,0.9941520467836257,0.9970674486803519,0.99812734082397,1.0,0.9990627928772259,0.9736842105263158,1.0,0.9866666666666667,1.0,0.9928057553956835,0.9963898916967509,,,,,,,,,,,,
pancreas,classification,192,3.514080604170224e-05,1.0,1.0,1.0,1.0,,,,,,,,,,,,,0.0005332057862688089,0.9943181818181818,0.9944677033492824,0.9943181818181818,0.9943458046165626,,,,,,,,,,,,,1.0,1.0,1.0,1.0,1.0,1.0,0.9736842105263158,1.0,0.9866666666666667,1.0,0.9928057553956835,0.9963898916967509,,,,,,,,,,,,
pancreas,classification,193,9.870835863652742e-05,0.9985795454545454,0.9985878039112049,0.9985795454545454,0.9985809492079253,,,,,,,,,,,,,0.0005177786447761305,0.9943181818181818,0.9944677033492824,0.9943181818181818,0.9943458046165626,,,,,,,,,,,,,0.9941860465116279,1.0,0.9970845481049563,1.0,0.99812382739212,0.9990610328638497,0.9736842105263158,1.0,0.9866666666666667,1.0,0.9928057553956835,0.9963898916967509,,,,,,,,,,,,
pancreas,classification,194,2.017339632361241e-05,1.0,1.0,1.0,1.0,,,,,,,,,,,,,0.0005314733340872573,0.9943181818181818,0.9944677033492824,0.9943181818181818,0.9943458046165626,,,,,,,,,,,,,1.0,1.0,1.0,1.0,1.0,1.0,0.9736842105263158,1.0,0.9866666666666667,1.0,0.9928057553956835,0.9963898916967509,,,,,,,,,,,,
pancreas,classification,195,0.00016862157791696188,0.9971590909090909,0.9971590909090909,0.9971590909090909,0.9971590909090909,,,,,,,,,,,,,0.0005422275544333388,0.9943181818181818,0.9944677033492824,0.9943181818181818,0.9943458046165626,,,,,,,,,,,,,0.9941520467836257,0.9941520467836257,0.9941520467836257,0.99812382739212,0.99812382739212,0.99812382739212,0.9736842105263158,1.0,0.9866666666666667,1.0,0.9928057553956835,0.9963898916967509,,,,,,,,,,,,
pancreas,classification,196,6.933550215845489e-05,1.0,1.0,1.0,1.0,,,,,,,,,,,,,0.0004938098164447266,0.9943181818181818,0.9944677033492824,0.9943181818181818,0.9943458046165626,,,,,,,,,,,,,1.0,1.0,1.0,1.0,1.0,1.0,0.9736842105263158,1.0,0.9866666666666667,1.0,0.9928057553956835,0.9963898916967509,,,,,,,,,,,,
pancreas,classification,197,4.602157077277463e-05,1.0,1.0,1.0,1.0,,,,,,,,,,,,,0.0005334507644130844,0.9943181818181818,0.9944677033492824,0.9943181818181818,0.9943458046165626,,,,,,,,,,,,,1.0,1.0,1.0,1.0,1.0,1.0,0.9736842105263158,1.0,0.9866666666666667,1.0,0.9928057553956835,0.9963898916967509,,,,,,,,,,,,
pancreas,classification,198,0.000150504771878249,0.9985795454545454,0.9985822054817841,0.9985795454545454,0.9985781283066785,,,,,,,,,,,,,0.000443047261259463,0.9943181818181818,0.9944677033492824,0.9943181818181818,0.9943458046165626,,,,,,,,,,,,,1.0,0.9941520467836257,0.9970674486803519,0.99812734082397,1.0,0.9990627928772259,0.9736842105263158,1.0,0.9866666666666667,1.0,0.9928057553956835,0.9963898916967509,,,,,,,,,,,,
pancreas,classification,199,9.349196995406766e-06,1.0,1.0,1.0,1.0,,,,,,,,,,,,,0.000531273315387311,0.9943181818181818,0.9944677033492824,0.9943181818181818,0.9943458046165626,,,,,,,,,,,,,1.0,1.0,1.0,1.0,1.0,1.0,0.9736842105263158,1.0,0.9866666666666667,1.0,0.9928057553956835,0.9963898916967509,,,,,,,,,,,,
pancreas,classification,200,8.2932111529937e-05,0.9985795454545454,0.9985878039112049,0.9985795454545454,0.9985809492079253,,,,,,,,,,,,,0.0005293850253606665,0.9943181818181818,0.9944677033492824,0.9943181818181818,0.9943458046165626,,,,,,,,,,,,,0.9941860465116279,1.0,0.9970845481049563,1.0,0.99812382739212,0.9990610328638497,0.9736842105263158,1.0,0.9866666666666667,1.0,0.9928057553956835,0.9963898916967509,,,,,,,,,,,,
btcv,segmentation,1,0.05002771891080416,0.8505295973557693,,,,,,,,,,,,,,,,0.16610528528690338,0.7525634765625,,,,,,,,,,,,,,,,,,,,,,,,,,,,0.42934457836226186,0.46783791920286716,0.8503412873002569,0.9191183195624939,0.008347869424266784,0.016557518843240363,0.37972765755265764,0.4365516132836694,0.7521095756343884,0.8585188804325451,0.007345739470926892,0.01458434613479377
btcv,segmentation,2,0.04981368321638841,0.8748121995192307,,,,,,,,,,,,,,,,0.1640986204147339,0.8568115234375,,,,,,,,,,,,,,,,,,,,,,,,,,,,0.44201318499242986,0.4758466686828682,0.874663908995253,0.9331421006168928,0.00936246098960674,0.018551236748843476,0.43213412602673323,0.4689533709079081,0.856654038855819,0.9227933916905061,0.007614213197647453,0.015113350125310104
btcv,segmentation,3,0.049561069561884954,0.9100999098557693,,,,,,,,,,,,,,,,0.16293059289455414,0.90020751953125,,,,,,,,,,,,,,,,,,,,,,,,,,,,0.45670206989380924,0.47977996057319544,0.9100728884864178,0.952919539324574,0.003331251301200682,0.006640381821816967,0.453411671362176,0.48036162375704416,0.9001404751670424,0.9474462408763863,0.0066828675573096675,0.01327700663770205
btcv,segmentation,4,0.04933198140217708,0.9328049879807693,,,,,,,,,,,,,,,,0.16226360201835632,0.91534423828125,,,,,,,,,,,,,,,,,,,,,,,,,,,,0.46985604362349703,0.4894996291362458,0.9327734250212638,0.9652175603676895,0.0069386622257302626,0.013781697904802048,0.46087235066081206,0.4842936510951549,0.9152977099180745,0.9557759142908657,0.0064469914035496425,0.012811387899444028
btcv,segmentation,5,0.04911819329628578,0.9453312800480769,,,,,,,,,,,,,,,,0.161751389503479,0.91986083984375,,,,,,,,,,,,,,,,,,,,,,,,,,,,0.4733496928529723,0.48731798477617644,0.9453271730130243,0.9718953049412785,0.0013722126929203357,0.0027406646110743177,0.4610628992452338,0.4813993827697555,0.9198461632322822,0.9582498648575208,0.0022796352581854378,0.004548900681990227
btcv,segmentation,6,0.048995696581327,0.9546461838942307,,,,,,,,,,,,,,,,0.16138723492622375,0.921875,,,,,,,,,,,,,,,,,,,,,,,,,,,,0.48060710274346263,0.4949335095847848,0.9546325518467188,0.9767897817365119,0.006581653640206432,0.013077237433057736,0.46132543572828816,0.48045353688473014,0.9218702313317348,0.9593470113670859,0.00078064012484148,0.00156006240237441
btcv,segmentation,7,0.04879834560247568,0.967529296875,,,,,,,,,,,,,,,,0.16107147932052612,0.92205810546875,,,,,,,,,,,,,,,,,,,,,,,,,,,,0.4849174968321869,0.494050546687464,0.9675268574844723,0.9834954514638518,0.0023081361799014346,0.004605641911076244,0.461417910295217,0.480504938727407,0.9220533479770368,0.9594461557973913,0.0007824726133973026,0.0015637216574226956
btcv,segmentation,8,0.048666339654188887,0.9587590144230769,,,,,,,,,,,,,,,,0.1607559621334076,0.922607421875,,,,,,,,,,,,,,,,,,,,,,,,,,,,0.48073958124581934,0.49218885494290854,0.9587543668514354,0.9789429272773675,0.0027247956402032337,0.005434782608449512,0.46169535998874917,0.48065913946133754,0.9226026979129426,0.9597434757731927,0.0007880220645557113,0.0015748031494822988
btcv,segmentation,9,0.048480519881615274,0.9713604266826923,,,,,,,,,,,,,,,,0.16039729118347168,0.9248046875,,,,,,,,,,,,,,,,,,,,,,,,,,,,0.48600759840645885,0.49339082946089174,0.9713598888182031,0.9854719012270428,0.0006553079947145932,0.0013097576947406838,0.4624023437471777,0.48046676813647743,0.9248046874943554,0.9609335362729549,0.0,0.0
btcv,segmentation,10,0.04833053625546969,0.9735201322115384,,,,,,,,,,,,,,,,0.160074383020401,0.926025390625,,,,,,,,,,,,,,,,,,,,,,,,,,,,0.488173498600657,0.4961115728087948,0.9735181428875113,0.9865813966758155,0.002828854313802768,0.005641748941774207,0.463012695309674,0.48079604512460133,0.926025390619348,0.9615920902492027,0.0,0.0
btcv,segmentation,11,0.04828007404620831,0.9710411658653846,,,,,,,,,,,,,,,,0.15975768864154816,0.9278564453125,,,,,,,,,,,,,,,,,,,,,,,,,,,,0.4868131562141901,0.4952340097481565,0.9710389903069434,0.9853067291740654,0.0025873221214367838,0.005161290322247658,0.4639282226534184,0.48128917874855537,0.9278564453068368,0.9625783574971107,0.0,0.0
btcv,segmentation,12,0.04809768383319561,0.9751915564903846,,,,,,,,,,,,,,,,0.15943296253681183,0.92987060546875,,,,,,,,,,,,,,,,,,,,,,,,,,,,0.4875957782442766,0.4937199904915677,0.9751915564885532,0.9874399809831353,0.0,0.0,0.4649353027315372,0.4818305449239956,0.9298706054630744,0.9636610898479911,0.0,0.0
btcv,segmentation,13,0.0479965851857112,0.9756234975961539,,,,,,,,,,,,,,,,0.15917867422103882,0.93115234375,,,,,,,,,,,,,,,,,,,,,,,,,,,,0.4889640213326573,0.4961309427988952,0.9756221241412797,0.9876606586042782,0.0023059185240349024,0.004601226993512175,0.46557617187215833,0.48217446270391223,0.9311523437443167,0.9643489254078245,0.0,0.0
btcv,segmentation,14,0.047877761033865124,0.9679612379807693,,,,,,,,,,,,,,,,0.15883088111877441,0.934326171875,,,,,,,,,,,,,,,,,,,,,,,,,,,,0.4842732296797777,0.49244523502694415,0.9679606362781603,0.9837195098666033,0.0005858230813950894,0.0011709601872850726,0.4671630859346486,0.48302410702864124,0.9343261718692972,0.9660482140572825,0.0,0.0
btcv,segmentation,15,0.04767515109135555,0.9779710036057693,,,,,,,,,,,,,,,,0.158513143658638,0.93585205078125,,,,,,,,,,,,,,,,,,,,,,,,,,,,0.4889855018019663,0.4944314157396823,0.9779710036039326,0.9888628314793646,0.0,0.0,0.467926025387769,0.4834315981950265,0.935852050775538,0.966863196390053,0.0,0.0
btcv,segmentation,16,0.04762359765859751,0.9779334435096154,,,,,,,,,,,,,,,,0.1582372933626175,0.93695068359375,,,,,,,,,,,,,,,,,,,,,,,,,,,,0.4889667217538894,0.49442181521207124,0.9779334435077788,0.9888436304241425,0.0,0.0,0.4684753417940156,0.48372459429499376,0.9369506835880312,0.9674491885899875,0.0,0.0
btcv,segmentation,17,0.04746846510813786,0.9734262319711539,,,,,,,,,,,,,,,,0.15794654190540314,0.9378662109375,,,,,,,,,,,,,,,,,,,,,,,,,,,,0.4867131159846629,0.4932670987138557,0.9734262319693258,0.9865341974277114,0.0,0.0,0.46893310546588785,0.4839685039354836,0.9378662109317757,0.9679370078709671,0.0,0.0
btcv,segmentation,18,0.047276240128737226,0.9800368088942307,,,,,,,,,,,,,,,,0.15765123069286346,0.93939208984375,,,,,,,,,,,,,,,,,,,,,,,,,,,,0.4900184044461951,0.4949588838404532,0.9800368088923902,0.9899177676809064,0.0,0.0,0.47019721330807823,0.48537854981477785,0.9393883903989538,0.9687470493785014,0.001006036217202612,0.0020100502510542666
btcv,segmentation,19,0.04721766710281372,0.974365234375,,,,,,,,,,,,,,,,0.15737920999526978,0.93939208984375,,,,,,,,,,,,,,,,,,,,,,,,,,,,0.48718261718658507,0.4935080994183509,0.9743652343731701,0.9870161988367018,0.0,0.0,0.47069737037964937,0.48637855904894295,0.9393846905082445,0.9687450819899633,0.0020100502510542666,0.004012036107922564
btcv,segmentation,20,0.04707103509169359,0.9772198016826923,,,,,,,,,,,,,,,,0.15708258748054504,0.94122314453125,,,,,,,,,,,,,,,,,,,,,,,,,,,,0.48860990084042855,0.4942393358847162,0.9772198016808571,0.9884786717694324,0.0,0.0,0.4716442538001641,0.4869272190242057,0.9412159687404393,0.9697179333952715,0.002072538859888856,0.004136504653139968
btcv,segmentation,21,0.04683010853253878,0.9779334435096154,,,,,,,,,,,,,,,,0.15671268105506897,0.9444580078125,,,,,,,,,,,,,,,,,,,,,,,,,,,,0.4889667217538894,0.49442181521207124,0.9779334435077788,0.9888436304241425,0.0,0.0,0.4733221047032751,0.48790426341891097,0.9444512269506503,0.9714321592234211,0.0021929824558998925,0.004376367614400835
btcv,segmentation,22,0.04673268703313974,0.9767127403846154,,,,,,,,,,,,,,,,0.15633918344974518,0.94793701171875,,,,,,,,,,,,,,,,,,,,,,,,,,,,0.48835637019139055,0.4941095994522933,0.9767127403827811,0.9882191989045866,0.0,0.0,0.47513491843904837,0.48896842505232146,0.9479306555918207,0.9732694055310919,0.002339181286276119,0.004667444573551057
btcv,segmentation,23,0.04671431963260357,0.976318359375,,,,,,,,,,,,,,,,0.1560303270816803,0.95245361328125,,,,,,,,,,,,,,,,,,,,,,,,,,,,0.4893452213961372,0.4963761036424502,0.9763170250709431,0.9880166113894573,0.0023734177213312166,0.0047355958954431255,0.47750431401323407,0.4903766951723513,0.9524478085645681,0.9756448335126602,0.002560819461900023,0.00510855683204233
btcv,segmentation,24,0.046499160619882435,0.9754732572115384,,,,,,,,,,,,,,,,0.1557016372680664,0.9593505859375,,,,,,,,,,,,,,,,,,,,,,,,,,,,0.4888818505563426,0.4960784168224658,0.9754718752916227,0.9875836629135728,0.0022918258210625035,0.004573170731358752,0.48042367755572657,0.49112317421057355,0.9593481047368653,0.9792523364455474,0.0014992503745878186,0.002994011975599699
btcv,segmentation,25,0.04634532561668983,0.9761681189903846,,,,,,,,,,,,,,,,0.1553892195224762,0.967041015625,,,,,,,,,,,,,,,,,,,,,,,,,,,,0.4880840594942757,0.4939701787559334,0.9761681189885514,0.9879403575118668,0.0,0.0,0.4835205078095488,0.49162219188130934,0.9670410156190976,0.9832443837626187,0.0,0.0
btcv,segmentation,26,0.04630388204868023,0.9752854567307693,,,,,,,,,,,,,,,,0.1552909016609192,0.969970703125,,,,,,,,,,,,,,,,,,,,,,,,,,,,0.49028660630509935,0.49900638289054355,0.9752822073195934,0.9874864499924049,0.005291005290605366,0.010526315788682232,0.48498535155953987,0.49237823769831335,0.9699707031190797,0.9847564753966267,0.0,0.0
btcv,segmentation,27,0.04612492139522846,0.9766376201923077,,,,,,,,,,,,,,,,0.15517792105674744,0.97357177734375,,,,,,,,,,,,,,,,,,,,,,,,,,,,0.4919082160877673,0.5012208999949204,0.9766336708034024,0.9881787255060264,0.007182761372132261,0.014263074483814335,0.4867858886689039,0.49330446884028667,0.9735717773378078,0.9866089376805733,0.0,0.0
btcv,segmentation,28,0.04597293413602389,0.9789851262019231,,,,,,,,,,,,,,,,0.15518958866596222,0.9766845703125,,,,,,,,,,,,,,,,,,,,,,,,,,,,0.48949256310004224,0.4946904922321809,0.9789851262000845,0.9893809844643618,0.0,0.0,0.4883422851532694,0.49410238992004535,0.9766845703065388,0.9882047798400907,0.0,0.0
btcv,segmentation,29,0.045875026629521296,0.9821213942307693,,,,,,,,,,,,,,,,0.15524771809577942,0.9771728515625,,,,,,,,,,,,,,,,,,,,,,,,,,,,0.49158518820238495,0.4965381651588232,0.9821210584615432,0.990979894259166,0.0010493179432267243,0.0020964360584804576,0.4885864257782679,0.4942273260465079,0.9771728515565358,0.9884546520930158,0.0,0.0
btcv,segmentation,30,0.045710939627427324,0.9798114483173077,,,,,,,,,,,,,,,,0.15524500608444214,0.97906494140625,,,,,,,,,,,,,,,,,,,,,,,,,,,,0.49587752383844136,0.5067075853508922,0.9798065182662162,0.9898002751544288,0.011948529410666495,0.023614895547355595,0.4895324707001371,0.4947108712398004,0.9790649414002742,0.9894217424796008,0.0,0.0
btcv,segmentation,31,0.045684319276076094,0.9794546274038461,,,,,,,,,,,,,,,,0.15504705905914307,0.97955322265625,,,,,,,,,,,,,,,,,,,,,,,,,,,,0.48972731370100336,0.49481034515427147,0.9794546274020067,0.9896206903085429,0.0,0.0,0.4897766113251356,0.49483550704376766,0.9795532226502712,0.9896710140875353,0.0,0.0
btcv,segmentation,32,0.045486972882197454,0.9829664963942307,,,,,,,,,,,,,,,,0.15466633439064026,0.98046875,,,,,,,,,,,,,,,,,,,,,,,,,,,,0.4914832481961924,0.4957050450326306,0.9829664963923848,0.9914100900652612,0.0,0.0,0.49023437499700784,0.49506903352904624,0.9804687499940157,0.9901380670580925,0.0,0.0
btcv,segmentation,33,0.04535465515576876,0.9835111177884616,,,,,,,,,,,,,,,,0.15411628782749176,0.98175048828125,,,,,,,,,,,,,,,,,,,,,,,,,,,,0.5007016267129947,0.5134246693937032,0.9835061617053962,0.9916845036264356,0.01789709172059317,0.0351648351609709,0.4908752441376289,0.4953956081169873,0.9817504882752578,0.9907912162339746,0.0,0.0
btcv,segmentation,34,0.0452196506353525,0.9863469050480769,,,,,,,,,,,,,,,,0.15350288152694702,0.9827880859375,,,,,,,,,,,,,,,,,,,,,,,,,,,,0.49658811199444763,0.5033472007840726,0.9863456228969323,0.9931258805387786,0.006830601091963033,0.013568521029366551,0.49139404296575073,0.4956596687788719,0.9827880859315015,0.9913193375577438,0.0,0.0
btcv,segmentation,35,0.04508390334936289,0.9834735576923077,,,,,,,,,,,,,,,,0.15274637937545776,0.98406982421875,,,,,,,,,,,,,,,,,,,,,,,,,,,,0.5023011262981388,0.5165296328501622,0.9834676586053026,0.9916649301928511,0.021134593990975017,0.04139433550747339,0.49203491210637185,0.4959854800489249,0.9840698242127437,0.9919709600978498,0.0,0.0
btcv,segmentation,36,0.04502693964884831,0.9869854266826923,,,,,,,,,,,,,,,,0.1520911604166031,0.98541259765625,,,,,,,,,,,,,,,,,,,,,,,,,,,,0.501303868782831,0.512108979870891,0.9869827375678814,0.9934487289768545,0.015624999997780541,0.030769230764927383,0.49270629882511774,0.49632635494329264,0.9854125976502355,0.9926527098865853,0.0,0.0
btcv,segmentation,37,0.044871073502760664,0.9867225060096154,,,,,,,,,,,,,,,,0.1513725221157074,0.9864501953125,,,,,,,,,,,,,,,,,,,,,,,,,,,,0.4996450469305437,0.5090716671877363,0.9867202614606083,0.9933157481720005,0.012569832400479075,0.024827586203472057,0.4932250976532396,0.4965894426335138,0.9864501953064791,0.9931788852670276,0.0,0.0
btcv,segmentation,38,0.04480874538421631,0.9842623197115384,,,,,,,,,,,,,,,,0.15073645114898682,0.98724365234375,,,,,,,,,,,,,,,,,,,,,,,,,,,,0.5060487252903433,0.5231206087868968,0.9842552232057262,0.9920651453451452,0.0278422273749603,0.0541760722286483,0.49362182616886213,0.49679044196536504,0.9872436523377243,0.9935808839307301,0.0,0.0
btcv,segmentation,39,0.04464276020343487,0.9874737079326923,,,,,,,,,,,,,,,,0.1501224935054779,0.98785400390625,,,,,,,,,,,,,,,,,,,,,,,,,,,,0.4944852393349262,0.4983433986219541,0.9874734726820525,0.9936972606225314,0.0014970059877998495,0.002989536621376751,0.4939270019501103,0.4969449476480796,0.9878540039002206,0.9938898952961592,0.0,0.0
btcv,segmentation,40,0.04452214791224553,0.9860652043269231,,,,,,,,,,,,,,,,0.1496189534664154,0.98797607421875,,,,,,,,,,,,,,,,,,,,,,,,,,,,0.5080622710931155,0.5256781491122794,0.9860591827130369,0.9929806637142005,0.03006535947319407,0.058375634510358425,0.4939880371063599,0.49697583739984347,0.9879760742127198,0.9939516747996869,0.0,0.0
btcv,segmentation,41,0.044441667886880726,0.9876802884615384,,,,,,,,,,,,,,,,0.149105042219162,0.98828125,,,,,,,,,,,,,,,,,,,,,,,,,,,,0.4938401442298418,0.49690098261479887,0.9876802884596836,0.9938019652295977,0.0,0.0,0.49414062499698397,0.4970530451851146,0.9882812499939679,0.9941060903702292,0.0,0.0
btcv,segmentation,42,0.04421416612771841,0.9867788461538461,,,,,,,,,,,,,,,,0.14865580201148987,0.98834228515625,,,,,,,,,,,,,,,,,,,,,,,,,,,,0.5144740076498882,0.5371407390411171,0.9867711445572153,0.993341530312122,0.04217687074256097,0.08093994777011228,0.4941711425751088,0.497068483898158,0.9883422851502176,0.994136967796316,0.0,0.0
btcv,segmentation,43,0.04411858320236206,0.9870793269230769,,,,,,,,,,,,,,,,0.14823079109191895,0.98876953125,,,,,,,,,,,,,,,,,,,,,,,,,,,,0.501406712008856,0.512241109673194,0.9870766572102352,0.9934963038577945,0.01573676680747686,0.030985915488593533,0.49438476562198247,0.4971765283559502,0.9887695312439649,0.9943530567119004,0.0,0.0
btcv,segmentation,44,0.044054934611687295,0.9862717848557693,,,,,,,,,,,,,,,,0.14790460467338562,0.989013671875,,,,,,,,,,,,,,,,,,,,,,,,,,,,0.5141016207113082,0.5367937053193068,0.9862635297636307,0.9930842659946518,0.04193971165898562,0.08050314464396187,0.49450683593448175,0.4972382472060352,0.9890136718689635,0.9944764944120704,0.0,0.0
btcv,segmentation,45,0.043912094372969404,0.9883939302884616,,,,,,,,,,,,,,,,0.14763140678405762,0.98907470703125,,,,,,,,,,,,,,,,,,,,,,,,,,,,0.502939804256007,0.5142684401419477,0.9883915322031888,0.9941618802892664,0.017488076308825425,0.03437499999462891,0.4945373535126066,0.49725367455123737,0.9890747070252132,0.9945073491024747,0.0,0.0
btcv,segmentation,46,0.043739914894104004,0.98828125,,,,,,,,,,,,,,,,0.1473400592803955,0.98919677734375,,,,,,,,,,,,,,,,,,,,,,,,,,,,0.4989018694497516,0.5064866733901029,0.9882799293772054,0.9941054222548705,0.009523809522297809,0.01886792452533523,0.4945983886688562,0.49728452640146886,0.9891967773377124,0.9945690528029377,0.0,0.0
btcv,segmentation,47,0.04365027867830717,0.9854830228365384,,,,,,,,,,,,,,,,0.14712020754814148,0.9893798828125,,,,,,,,,,,,,,,,,,,,,,,,,,,,0.5003831873723836,0.5113998519220406,0.9854797505428929,0.9926867803848733,0.015286624201874316,0.030112923459207915,0.49468994140323064,0.4973307970776912,0.9893798828064613,0.9946615941553824,0.0,0.0
btcv,segmentation,48,0.04354018889940702,0.9870042067307693,,,,,,,,,,,,,,,,0.1469413936138153,0.9893798828125,,,,,,,,,,,,,,,,,,,,,,,,,,,,0.5221073282440937,0.550850915267684,0.9869939480491167,0.9934544078689052,0.057220708439070754,0.10824742266646296,0.49468994140323064,0.4973307970776912,0.9893798828064613,0.9946615941553824,0.0,0.0
btcv,segmentation,49,0.043469566565293535,0.9875112680288461,,,,,,,,,,,,,,,,0.14680343866348267,0.9893798828125,,,,,,,,,,,,,,,,,,,,,,,,,,,,0.5201045683746792,0.546923659067047,0.9875025840503139,0.9937120001503505,0.05270655269904465,0.10013531798374353,0.49468994140323064,0.4973307970776912,0.9893798828064613,0.9946615941553824,0.0,0.0
btcv,segmentation,50,0.04328976686184223,0.988525390625,,,,,,,,,,,,,,,,0.14667966961860657,0.98944091796875,,,,,,,,,,,,,,,,,,,,,,,,,,,,0.5093400124675025,0.5263895674701128,0.988521294781062,0.9942275170755956,0.03015873015394306,0.05855161786462995,0.4947204589813554,0.49734621874368046,0.9894409179627108,0.9946924374873609,0.0,0.0
btcv,segmentation,51,0.04313938434307392,0.9883000300480769,,,,,,,,,,,,,,,,0.1464618295431137,0.98944091796875,,,,,,,,,,,,,,,,,,,,,,,,,,,,0.531291619230709,0.5662113072521479,0.9882890334204514,0.9941100280780595,0.07429420504096669,0.13831258642623617,0.4947204589813554,0.49734621874368046,0.9894409179627108,0.9946924374873609,0.0,0.0
btcv,segmentation,52,0.04301351767319899,0.9886568509615384,,,,,,,,,,,,,,,,0.14625656604766846,0.989501953125,,,,,,,,,,,,,,,,,,,,,,,,,,,,0.5149605754351206,0.5367807827673027,0.9886513096069508,0.994293272863762,0.0412698412632905,0.07926829267084325,0.49475097655948025,0.4973616394634392,0.9895019531189605,0.9947232789268784,0.0,0.0
btcv,segmentation,53,0.042987704277038574,0.9884502704326923,,,,,,,,,,,,,,,,0.14595237374305725,0.9896240234375,,,,,,,,,,,,,,,,,,,,,,,,,,,,0.5045740434617169,0.5173758941252307,0.9884474499840548,0.9941901657918906,0.02070063693937888,0.04056162245857073,0.49481201171572986,0.4973924780646132,0.9896240234314597,0.9947849561292263,0.0,0.0
btcv,segmentation,54,0.04279744625091553,0.9887319711538461,,,,,,,,,,,,,,,,0.14559346437454224,0.9896240234375,,,,,,,,,,,,,,,,,,,,,,,,,,,,0.4984976878952804,0.50536348556556,0.9887309129820094,0.9943335285108567,0.008264462808551329,0.01639344262026337,0.49481201171572986,0.4973924780646132,0.9896240234314597,0.9947849561292263,0.0,0.0
btcv,segmentation,55,0.04263878327149611,0.9889197716346154,,,,,,,,,,,,,,,,0.14518579840660095,0.98968505859375,,,,,,,,,,,,,,,,,,,,,,,,,,,,0.520941201447662,0.5475176520391306,0.9889129004961216,0.994425547996037,0.05296950239920233,0.10060975608222412,0.4948425292938547,0.4974078959462026,0.9896850585877094,0.9948157918924052,0.0,0.0
btcv,segmentation,56,0.04255876632837149,0.9884878305288461,,,,,,,,,,,,,,,,0.14472077786922455,0.98974609375,,,,,,,,,,,,,,,,,,,,,,,,,,,,0.5046258962060075,0.5174488724328872,0.9884850192523932,0.9942091689722983,0.020766773159621922,0.04068857589347597,0.4948730468719795,0.4974233128819097,0.989746093743959,0.9948466257638194,0.0,0.0
btcv,segmentation,57,0.04243772304975069,0.9881310096153846,,,,,,,,,,,,,,,,0.14424359798431396,0.98980712890625,,,,,,,,,,,,,,,,,,,,,,,,,,,,0.5313951009018536,0.5664944481951154,0.988119630804391,0.9940243187524876,0.07467057099931618,0.13896457763774325,0.4949035644501043,0.4974387288718216,0.9898071289002086,0.9948774577436432,0.0,0.0
btcv,segmentation,58,0.042336615232320934,0.988037109375,,,,,,,,,,,,,,,,0.14378593862056732,0.98980712890625,,,,,,,,,,,,,,,,,,,,,,,,,,,,0.5377079696514674,0.5773567158208976,0.9880233891721887,0.993975618751247,0.08739255013074605,0.1607378128905484,0.4949035644501043,0.4974387288718216,0.9898071289002086,0.9948774577436432,0.0,0.0
btcv,segmentation,59,0.0421911753140963,0.9889573317307693,,,,,,,,,,,,,,,,0.14335471391677856,0.98980712890625,,,,,,,,,,,,,,,,,,,,,,,,,,,,0.5322095332602673,0.5673969257516787,0.9889473684191937,0.994442974330894,0.07547169810134093,0.14035087717246333,0.4949035644501043,0.4974387288718216,0.9898071289002086,0.9948774577436432,0.0,0.0
btcv,segmentation,60,0.04215737489553598,0.9879619891826923,,,,,,,,,,,,,,,,0.14297974109649658,0.98980712890625,,,,,,,,,,,,,,,,,,,,,,,,,,,,0.5112976707169217,0.5304498508375074,0.9879567872221926,0.9939419142029563,0.034638554211650824,0.06695778747205855,0.4949035644501043,0.4974387288718216,0.9898071289002086,0.9948774577436432,0.0,0.0
btcv,segmentation,61,0.041873615521651045,0.9895582932692307,,,,,,,,,,,,,,,,0.14262975752353668,0.98980712890625,,,,,,,,,,,,,,,,,,,,,,,,,,,,0.5314414956198541,0.5656966729247416,0.9895496579185972,0.9947473831377822,0.07333333332111111,0.13664596271170096,0.4949035644501043,0.4974387288718216,0.9898071289002086,0.9948774577436432,0.0,0.0
btcv,segmentation,62,0.04178984807087825,0.9888446514423077,,,,,,,,,,,,,,,,0.14229850471019745,0.98980712890625,,,,,,,,,,,,,,,,,,,,,,,,,,,,0.538894771254433,0.5788825859581586,0.9888324873077856,0.9943848902491876,0.08895705520108022,0.16338028166712953,0.4949035644501043,0.4974387288718216,0.9898071289002086,0.9948774577436432,0.0,0.0
btcv,segmentation,63,0.04183904482768132,0.9874361478365384,,,,,,,,,,,,,,,,0.1421428918838501,0.98980712890625,,,,,,,,,,,,,,,,,,,,,,,,,,,,0.5010806641962882,0.511352371554679,0.987433787894009,0.9936771669161836,0.014727540498567374,0.029027576193174517,0.4949035644501043,0.4974387288718216,0.9898071289002086,0.9948774577436432,0.0,0.0
btcv,segmentation,64,0.04167001064007099,0.9878117487980769,,,,,,,,,,,,,,,,0.142048180103302,0.98980712890625,,,,,,,,,,,,,,,,,,,,,,,,,,,,0.5059341178663271,0.5204281875283755,0.9878080853603325,0.9938666540651194,0.024060150372321783,0.04698972099163147,0.4949035644501043,0.4974387288718216,0.9898071289002086,0.9948774577436432,0.0,0.0
btcv,segmentation,65,0.04157597285050612,0.9890700120192307,,,,,,,,,,,,,,,,0.14190031588077545,0.98980712890625,,,,,,,,,,,,,,,,,,,,,,,,,,,,0.5029799254319257,0.5138632646279164,0.9890679589748129,0.9945039378992252,0.016891891889038533,0.033222591356607545,0.4949035644501043,0.4974387288718216,0.9898071289002086,0.9948774577436432,0.0,0.0
btcv,segmentation,66,0.041397956701425404,0.9887507512019231,,,,,,,,,,,,,,,,0.14182907342910767,0.98980712890625,,,,,,,,,,,,,,,,,,,,,,,,,,,,0.5089601834883648,0.5255172750252333,0.9887469472083623,0.9943416366735678,0.029173419768367355,0.05669291337689876,0.4949035644501043,0.4974387288718216,0.9898071289002086,0.9948774577436432,0.0,0.0
btcv,segmentation,67,0.04125027473156269,0.9886944110576923,,,,,,,,,,,,,,,,0.1416824758052826,0.98980712890625,,,,,,,,,,,,,,,,,,,,,,,,,,,,0.5041179182928315,0.5163262195960675,0.9886918626474779,0.9943137810512946,0.019543973938185022,0.03833865814084047,0.4949035644501043,0.4974387288718216,0.9898071289002086,0.9948774577436432,0.0,0.0
btcv,segmentation,68,0.04113552662042471,0.9886380709134616,,,,,,,,,,,,,,,,0.1415589153766632,0.98980712890625,,,,,,,,,,,,,,,,,,,,,,,,,,,,0.5032464330637764,0.5146865548635299,0.9886357232733087,0.9942853904344102,0.01785714285424397,0.03508771929264949,0.4949035644501043,0.4974387288718216,0.9898071289002086,0.9948774577436432,0.0,0.0
btcv,segmentation,69,0.04096718934866098,0.9886756310096154,,,,,,,,,,,,,,,,0.14128437638282776,0.98980712890625,,,,,,,,,,,,,,,,,,,,,,,,,,,,0.4968127440019582,0.5020787333412322,0.9886749929552283,0.9943052499353138,0.004950495048688037,0.009852216747150705,0.4949035644501043,0.4974387288718216,0.9898071289002086,0.9948774577436432,0.0,0.0
btcv,segmentation,70,0.040784707436194785,0.9895207331730769,,,,,,,,,,,,,,,,0.14097097516059875,0.98980712890625,,,,,,,,,,,,,,,,,,,,,,,,,,,,0.5343595994863186,0.5707584907905057,0.9895112781936287,0.9947279907777681,0.0792079207790086,0.14678899080324329,0.4949035644501043,0.4974387288718216,0.9898071289002086,0.9948774577436432,0.0,0.0
btcv,segmentation,71,0.04074631287501408,0.9892014723557693,,,,,,,,,,,,,,,,0.1406518816947937,0.98980712890625,,,,,,,,,,,,,,,,,,,,,,,,,,,,0.5039852860911244,0.5157106096900804,0.9891992411274316,0.9945702981133018,0.01877133105481718,0.03685092126685915,0.4949035644501043,0.4974387288718216,0.9898071289002086,0.9948774577436432,0.0,0.0
btcv,segmentation,72,0.0405724598811223,0.9891451322115384,,,,,,,,,,,,,,,,0.14029191434383392,0.98980712890625,,,,,,,,,,,,,,,,,,,,,,,,,,,,0.5088565470677913,0.5250483757856891,0.9891416655689558,0.9945411960249003,0.02857142856662665,0.055555555546477856,0.4949035644501043,0.4974387288718216,0.9898071289002086,0.9948774577436432,0.0,0.0
btcv,segmentation,73,0.04049124626012949,0.9896897536057693,,,,,,,,,,,,,,,,0.13992640376091003,0.98980712890625,,,,,,,,,,,,,,,,,,,,,,,,,,,,0.5191055961371006,0.5436887034309619,0.9896843291976894,0.9948154234061489,0.048526863076511814,0.09256198345577489,0.4949035644501043,0.4974387288718216,0.9898071289002086,0.9948774577436432,0.0,0.0
btcv,segmentation,74,0.04037522811156053,0.9886192908653846,,,,,,,,,,,,,,,,0.13955596089363098,0.98980712890625,,,,,,,,,,,,,,,,,,,,,,,,,,,,0.5259899591891514,0.5567293456419643,0.9886105211701681,0.9942726447896243,0.06336939720813456,0.11918604649430437,0.4949035644501043,0.4974387288718216,0.9898071289002086,0.9948774577436432,0.0,0.0
btcv,segmentation,75,0.0401688814163208,0.9891451322115384,,,,,,,,,,,,,,,,0.13923311233520508,0.98980712890625,,,,,,,,,,,,,,,,,,,,,,,,,,,,0.5120996401394898,0.531141359515065,0.9891408495669695,0.9945407835571852,0.03505843071201028,0.06774193547294485,0.4949035644501043,0.4974387288718216,0.9898071289002086,0.9948774577436432,0.0,0.0
btcv,segmentation,76,0.04005041489234337,0.9892578125,,,,,,,,,,,,,,,,0.13889671862125397,0.98980712890625,,,,,,,,,,,,,,,,,,,,,,,,,,,,0.512333363881478,0.5315008342765093,0.9892535743119295,0.994597759769371,0.035413153451026455,0.06840390878364758,0.4949035644501043,0.4974387288718216,0.9898071289002086,0.9948774577436432,0.0,0.0
btcv,segmentation,77,0.03987644268916203,0.9899526742788461,,,,,,,,,,,,,,,,0.138486847281456,0.98980712890625,,,,,,,,,,,,,,,,,,,,,,,,,,,,0.538486879303848,0.5775358481145535,0.9899430418989982,0.9949461075572271,0.08703071670869783,0.16012558867187981,0.4949035644501043,0.4974387288718216,0.9898071289002086,0.9948774577436432,0.0,0.0
btcv,segmentation,78,0.0397637440608098,0.9889009915865384,,,,,,,,,,,,,,,,0.13810668885707855,0.98980712890625,,,,,,,,,,,,,,,,,,,,,,,,,,,,0.5084289866428594,0.5244088673904046,0.9888974469745282,0.9944177347895132,0.027960526311190705,0.054399999991296,0.4949035644501043,0.4974387288718216,0.9898071289002086,0.9948774577436432,0.0,0.0
btcv,segmentation,79,0.03967920633462759,0.9894080528846154,,,,,,,,,,,,,,,,0.13778112828731537,0.98980712890625,,,,,,,,,,,,,,,,,,,,,,,,,,,,0.505967897806104,0.5193711596458469,0.9894054663266847,0.9946745226889934,0.022530329285523343,0.044067796602700375,0.4949035644501043,0.4974387288718216,0.9898071289002086,0.9948774577436432,0.0,0.0
btcv,segmentation,80,0.039557223136608415,0.9893892728365384,,,,,,,,,,,,,,,,0.1374756097793579,0.98980712890625,,,,,,,,,,,,,,,,,,,,,,,,,,,,0.5214921161929311,0.5482059613273073,0.9893828923613398,0.9946631150396302,0.05360134002452239,0.1017488076149843,0.4949035644501043,0.4974387288718216,0.9898071289002086,0.9948774577436432,0.0,0.0
btcv,segmentation,81,0.039474083827092096,0.9890887920673077,,,,,,,,,,,,,,,,0.13712462782859802,0.98980712890625,,,,,,,,,,,,,,,,,,,,,,,,,,,,0.4945443960327251,0.4972572345744255,0.9890887920654502,0.994514469148851,0.0,0.0,0.4949035644501043,0.4974387288718216,0.9898071289002086,0.9948774577436432,0.0,0.0
btcv,segmentation,82,0.03931519618401161,0.9886568509615384,,,,,,,,,,,,,,,,0.13677746057510376,0.98980712890625,,,,,,,,,,,,,,,,,,,,,,,,,,,,0.5103519354536463,0.5282028605221103,0.988652588861147,0.9942939198116292,0.03205128204614563,0.062111801232591336,0.4949035644501043,0.4974387288718216,0.9898071289002086,0.9948774577436432,0.0,0.0
btcv,segmentation,83,0.03906136751174927,0.9893704927884616,,,,,,,,,,,,,,,,0.13648748397827148,0.98980712890625,,,,,,,,,,,,,,,,,,,,,,,,,,,,0.5292205246868846,0.5619416888583231,0.9893621020167098,0.9946526085057587,0.06907894735705938,0.12923076921088758,0.4949035644501043,0.4974387288718216,0.9898071289002086,0.9948774577436432,0.0,0.0
btcv,segmentation,84,0.03896106664951031,0.9897836538461539,,,,,,,,,,,,,,,,0.13618357479572296,0.98980712890625,,,,,,,,,,,,,,,,,,,,,,,,,,,,0.5299306257268892,0.5629260190292372,0.9897757813802888,0.9948616227439361,0.07008547007348967,0.13099041531453828,0.4949035644501043,0.4974387288718216,0.9898071289002086,0.9948774577436432,0.0,0.0
btcv,segmentation,85,0.038888174753922686,0.9894831730769231,,,,,,,,,,,,,,,,0.13585153222084045,0.98980712890625,,,,,,,,,,,,,,,,,,,,,,,,,,,,0.5233577553962065,0.5514953244172649,0.989476453562992,0.9947103940747017,0.05723905722942104,0.10828025475982798,0.4949035644501043,0.4974387288718216,0.9898071289002086,0.9948774577436432,0.0,0.0
btcv,segmentation,86,0.03883784550886888,0.9892578125,,,,,,,,,,,,,,,,0.1355394870042801,0.98980712890625,,,,,,,,,,,,,,,,,,,,,,,,,,,,0.4946289062490711,0.4972999509077288,0.9892578124981422,0.9945999018154577,0.0,0.0,0.4949035644501043,0.4974387288718216,0.9898071289002086,0.9948774577436432,0.0,0.0
btcv,segmentation,87,0.0386964174417349,0.9892765925480769,,,,,,,,,,,,,,,,0.13518717885017395,0.98980712890625,,,,,,,,,,,,,,,,,,,,,,,,,,,,0.4946382962731095,0.4973046967189074,0.989276592546219,0.9946093934378148,0.0,0.0,0.4949035644501043,0.4974387288718216,0.9898071289002086,0.9948774577436432,0.0,0.0
btcv,segmentation,88,0.03846089656536396,0.9892014723557693,,,,,,,,,,,,,,,,0.13472606241703033,0.98980712890625,,,,,,,,,,,,,,,,,,,,,,,,,,,,0.49460073617695577,0.49728571293653073,0.9892014723539115,0.9945714258730615,0.0,0.0,0.4949035644501043,0.4974387288718216,0.9898071289002086,0.9948774577436432,0.0,0.0
btcv,segmentation,89,0.03838738799095154,0.9893517127403846,,,,,,,,,,,,,,,,0.13418631255626678,0.98980712890625,,,,,,,,,,,,,,,,,,,,,,,,,,,,0.4946758563692633,0.4973236790675855,0.9893517127385266,0.994647358135171,0.0,0.0,0.4949035644501043,0.4974387288718216,0.9898071289002086,0.9948774577436432,0.0,0.0
btcv,segmentation,90,0.03828280705672044,0.9894268329326923,,,,,,,,,,,,,,,,0.13369855284690857,0.98980712890625,,,,,,,,,,,,,,,,,,,,,,,,,,,,0.5034384269448786,0.5144948168451169,0.9894248469120001,0.9946843163719329,0.01745200697775707,0.03430531731830098,0.4949035644501043,0.4974387288718216,0.9898071289002086,0.9948774577436432,0.0,0.0
btcv,segmentation,91,0.03813018248631404,0.989501953125,,,,,,,,,,,,,,,,0.1333300769329071,0.98980712890625,,,,,,,,,,,,,,,,,,,,,,,,,,,,0.5018048615478671,0.5112742844002118,0.9895003756555418,0.9947224818487413,0.014109347440192356,0.02782608695168242,0.4949035644501043,0.4974387288718216,0.9898071289002086,0.9948774577436432,0.0,0.0
btcv,segmentation,92,0.03800547122955322,0.9895582932692307,,,,,,,,,,,,,,,,0.1330116093158722,0.98980712890625,,,,,,,,,,,,,,,,,,,,,,,,,,,,0.5053413500737767,0.5180649336909798,0.9895559395878925,0.9947505570442664,0.021126760559660784,0.04137931033769322,0.4949035644501043,0.4974387288718216,0.9898071289002086,0.9948774577436432,0.0,0.0
btcv,segmentation,93,0.03787060196583088,0.9892765925480769,,,,,,,,,,,,,,,,0.13272711634635925,0.98980712890625,,,,,,,,,,,,,,,,,,,,,,,,,,,,0.4946382962731095,0.4973046967189074,0.989276592546219,0.9946093934378148,0.0,0.0,0.4949035644501043,0.4974387288718216,0.9898071289002086,0.9948774577436432,0.0,0.0
btcv,segmentation,94,0.03766082571103023,0.989501953125,,,,,,,,,,,,,,,,0.13240069150924683,0.98980712890625,,,,,,,,,,,,,,,,,,,,,,,,,,,,0.505257674280819,0.517944232000134,0.9894995867439524,0.9947220832183068,0.021015761817685507,0.04116638078196117,0.4949035644501043,0.4974387288718216,0.9898071289002086,0.9948774577436432,0.0,0.0
btcv,segmentation,95,0.03774765133857727,0.9892578125,,,,,,,,,,,,,,,,0.13205105066299438,0.98980712890625,,,,,,,,,,,,,,,,,,,,,,,,,,,,0.4946289062490711,0.4972999509077288,0.9892578124981422,0.9945999018154577,0.0,0.0,0.4949035644501043,0.4974387288718216,0.9898071289002086,0.9948774577436432,0.0,0.0
btcv,segmentation,96,0.03762658742757944,0.9892953725961539,,,,,,,,,,,,,,,,0.13162082433700562,0.98980712890625,,,,,,,,,,,,,,,,,,,,,,,,,,,,0.49464768629714795,0.49730944244047987,0.9892953725942959,0.9946188848809597,0.0,0.0,0.4949035644501043,0.4974387288718216,0.9898071289002086,0.9948774577436432,0.0,0.0
btcv,segmentation,97,0.037310925813821644,0.9893141526442307,,,,,,,,,,,,,,,,0.1312236487865448,0.98980712890625,,,,,,,,,,,,,,,,,,,,,,,,,,,,0.49987386551459956,0.5076409061476932,0.9893129484223182,0.9946277675485109,0.010434782606880908,0.02065404474687538,0.4949035644501043,0.4974387288718216,0.9898071289002086,0.9948774577436432,0.0,0.0
btcv,segmentation,98,0.03726675647955675,0.9892014723557693,,,,,,,,,,,,,,,,0.13074007630348206,0.98980712890625,,,,,,,,,,,,,,,,,,,,,,,,,,,,0.49460073617695577,0.49728571293653073,0.9892014723539115,0.9945714258730615,0.0,0.0,0.4949035644501043,0.4974387288718216,0.9898071289002086,0.9948774577436432,0.0,0.0
btcv,segmentation,99,0.037133751007226795,0.9893329326923077,,,,,,,,,,,,,,,,0.1302066445350647,0.98980712890625,,,,,,,,,,,,,,,,,,,,,,,,,,,,0.4946664663452249,0.4973189336148164,0.9893329326904498,0.9946378672296328,0.0,0.0,0.4949035644501043,0.4974387288718216,0.9898071289002086,0.9948774577436432,0.0,0.0
btcv,segmentation,100,0.03704697810686552,0.9893704927884616,,,,,,,,,,,,,,,,0.12956394255161285,0.98980712890625,,,,,,,,,,,,,,,,,,,,,,,,,,,,0.49468524639330175,0.4973284244307587,0.9893704927866035,0.9946568488615174,0.0,0.0,0.4949035644501043,0.4974387288718216,0.9898071289002086,0.9948774577436432,0.0,0.0
btcv,segmentation,101,0.03688706342990582,0.9893517127403846,,,,,,,,,,,,,,,,0.12885041534900665,0.98980712890625,,,,,,,,,,,,,,,,,,,,,,,,,,,,0.4946758563692633,0.4973236790675855,0.9893517127385266,0.994647358135171,0.0,0.0,0.4949035644501043,0.4974387288718216,0.9898071289002086,0.9948774577436432,0.0,0.0
btcv,segmentation,102,0.03675280626003559,0.9893329326923077,,,,,,,,,,,,,,,,0.12804187834262848,0.98980712890625,,,,,,,,,,,,,,,,,,,,,,,,,,,,0.4946664663452249,0.4973189336148164,0.9893329326904498,0.9946378672296328,0.0,0.0,0.4949035644501043,0.4974387288718216,0.9898071289002086,0.9948774577436432,0.0,0.0
btcv,segmentation,103,0.03669257576649006,0.9892765925480769,,,,,,,,,,,,,,,,0.12717686593532562,0.98980712890625,,,,,,,,,,,,,,,,,,,,,,,,,,,,0.4946382962731095,0.4973046967189074,0.989276592546219,0.9946093934378148,0.0,0.0,0.4949035644501043,0.4974387288718216,0.9898071289002086,0.9948774577436432,0.0,0.0
btcv,segmentation,104,0.03652880741999699,0.9892765925480769,,,,,,,,,,,,,,,,0.12636896967887878,0.98980712890625,,,,,,,,,,,,,,,,,,,,,,,,,,,,0.4946382962731095,0.4973046967189074,0.989276592546219,0.9946093934378148,0.0,0.0,0.4949035644501043,0.4974387288718216,0.9898071289002086,0.9948774577436432,0.0,0.0
btcv,segmentation,105,0.0364042933170612,0.9892953725961539,,,,,,,,,,,,,,,,0.12566745281219482,0.98980712890625,,,,,,,,,,,,,,,,,,,,,,,,,,,,0.49464768629714795,0.49730944244047987,0.9892953725942959,0.9946188848809597,0.0,0.0,0.4949035644501043,0.4974387288718216,0.9898071289002086,0.9948774577436432,0.0,0.0
btcv,segmentation,106,0.03627915565784161,0.9893329326923077,,,,,,,,,,,,,,,,0.12491703033447266,0.98980712890625,,,,,,,,,,,,,,,,,,,,,,,,,,,,0.4946664663452249,0.4973189336148164,0.9893329326904498,0.9946378672296328,0.0,0.0,0.4949035644501043,0.4974387288718216,0.9898071289002086,0.9948774577436432,0.0,0.0
btcv,segmentation,107,0.03620417072222783,0.9892202524038461,,,,,,,,,,,,,,,,0.12425209581851959,0.98980712890625,,,,,,,,,,,,,,,,,,,,,,,,,,,,0.4946101262009942,0.497290459016543,0.9892202524019884,0.994580918033086,0.0,0.0,0.4949035644501043,0.4974387288718216,0.9898071289002086,0.9948774577436432,0.0,0.0
btcv,segmentation,108,0.035995497153355524,0.9892953725961539,,,,,,,,,,,,,,,,0.12360469251871109,0.98980712890625,,,,,,,,,,,,,,,,,,,,,,,,,,,,0.49464768629714795,0.49730944244047987,0.9892953725942959,0.9946188848809597,0.0,0.0,0.4949035644501043,0.4974387288718216,0.9898071289002086,0.9948774577436432,0.0,0.0
btcv,segmentation,109,0.03593877645639273,0.9892578125,,,,,,,,,,,,,,,,0.12299294769763947,0.98980712890625,,,,,,,,,,,,,,,,,,,,,,,,,,,,0.4946289062490711,0.4972999509077288,0.9892578124981422,0.9945999018154577,0.0,0.0,0.4949035644501043,0.4974387288718216,0.9898071289002086,0.9948774577436432,0.0,0.0
btcv,segmentation,110,0.03583859021847065,0.9892953725961539,,,,,,,,,,,,,,,,0.12248541414737701,0.98980712890625,,,,,,,,,,,,,,,,,,,,,,,,,,,,0.49464768629714795,0.49730944244047987,0.9892953725942959,0.9946188848809597,0.0,0.0,0.4949035644501043,0.4974387288718216,0.9898071289002086,0.9948774577436432,0.0,0.0
btcv,segmentation,111,0.03564678705655611,0.9892765925480769,,,,,,,,,,,,,,,,0.12190689891576767,0.98980712890625,,,,,,,,,,,,,,,,,,,,,,,,,,,,0.4946382962731095,0.4973046967189074,0.989276592546219,0.9946093934378148,0.0,0.0,0.4949035644501043,0.4974387288718216,0.9898071289002086,0.9948774577436432,0.0,0.0
btcv,segmentation,112,0.035598647135954634,0.9893704927884616,,,,,,,,,,,,,,,,0.12143081426620483,0.98980712890625,,,,,,,,,,,,,,,,,,,,,,,,,,,,0.49468524639330175,0.4973284244307587,0.9893704927866035,0.9946568488615174,0.0,0.0,0.4949035644501043,0.4974387288718216,0.9898071289002086,0.9948774577436432,0.0,0.0
btcv,segmentation,113,0.03541211898510273,0.9893704927884616,,,,,,,,,,,,,,,,0.12099044024944305,0.98980712890625,,,,,,,,,,,,,,,,,,,,,,,,,,,,0.49468524639330175,0.4973284244307587,0.9893704927866035,0.9946568488615174,0.0,0.0,0.4949035644501043,0.4974387288718216,0.9898071289002086,0.9948774577436432,0.0,0.0
btcv,segmentation,114,0.03534250305249141,0.9893329326923077,,,,,,,,,,,,,,,,0.12057454884052277,0.98980712890625,,,,,,,,,,,,,,,,,,,,,,,,,,,,0.4946664663452249,0.4973189336148164,0.9893329326904498,0.9946378672296328,0.0,0.0,0.4949035644501043,0.4974387288718216,0.9898071289002086,0.9948774577436432,0.0,0.0
btcv,segmentation,115,0.03515982627868652,0.9892765925480769,,,,,,,,,,,,,,,,0.12012915313243866,0.98980712890625,,,,,,,,,,,,,,,,,,,,,,,,,,,,0.4946382962731095,0.4973046967189074,0.989276592546219,0.9946093934378148,0.0,0.0,0.4949035644501043,0.4974387288718216,0.9898071289002086,0.9948774577436432,0.0,0.0
btcv,segmentation,116,0.03502957637493427,0.9892765925480769,,,,,,,,,,,,,,,,0.11956238001585007,0.98980712890625,,,,,,,,,,,,,,,,,,,,,,,,,,,,0.4946382962731095,0.4973046967189074,0.989276592546219,0.9946093934378148,0.0,0.0,0.4949035644501043,0.4974387288718216,0.9898071289002086,0.9948774577436432,0.0,0.0
btcv,segmentation,117,0.034979558908022367,0.9892578125,,,,,,,,,,,,,,,,0.11910448968410492,0.98980712890625,,,,,,,,,,,,,,,,,,,,,,,,,,,,0.4946289062490711,0.4972999509077288,0.9892578124981422,0.9945999018154577,0.0,0.0,0.4949035644501043,0.4974387288718216,0.9898071289002086,0.9948774577436432,0.0,0.0
btcv,segmentation,118,0.03486724770986117,0.9893141526442307,,,,,,,,,,,,,,,,0.11861486732959747,0.98980712890625,,,,,,,,,,,,,,,,,,,,,,,,,,,,0.4946570763211864,0.49731418807244865,0.9893141526423728,0.9946283761448973,0.0,0.0,0.4949035644501043,0.4974387288718216,0.9898071289002086,0.9948774577436432,0.0,0.0
btcv,segmentation,119,0.03474926490050096,0.9892014723557693,,,,,,,,,,,,,,,,0.11802905052900314,0.98980712890625,,,,,,,,,,,,,,,,,,,,,,,,,,,,0.49460073617695577,0.49728571293653073,0.9892014723539115,0.9945714258730615,0.0,0.0,0.4949035644501043,0.4974387288718216,0.9898071289002086,0.9948774577436432,0.0,0.0
btcv,segmentation,120,0.03469543044383709,0.9892953725961539,,,,,,,,,,,,,,,,0.11752767115831375,0.98980712890625,,,,,,,,,,,,,,,,,,,,,,,,,,,,0.49464768629714795,0.49730944244047987,0.9892953725942959,0.9946188848809597,0.0,0.0,0.4949035644501043,0.4974387288718216,0.9898071289002086,0.9948774577436432,0.0,0.0
btcv,segmentation,121,0.03455387170498188,0.9894080528846154,,,,,,,,,,,,,,,,0.11713063716888428,0.98980712890625,,,,,,,,,,,,,,,,,,,,,,,,,,,,0.4947040264413786,0.49733791488832707,0.9894080528827572,0.9946758297766541,0.0,0.0,0.4949035644501043,0.4974387288718216,0.9898071289002086,0.9948774577436432,0.0,0.0
btcv,segmentation,122,0.03444418998864981,0.9892765925480769,,,,,,,,,,,,,,,,0.11687516421079636,0.98980712890625,,,,,,,,,,,,,,,,,,,,,,,,,,,,0.4946382962731095,0.4973046967189074,0.989276592546219,0.9946093934378148,0.0,0.0,0.4949035644501043,0.4974387288718216,0.9898071289002086,0.9948774577436432,0.0,0.0
btcv,segmentation,123,0.034318240789266735,0.9893517127403846,,,,,,,,,,,,,,,,0.1161300465464592,0.98980712890625,,,,,,,,,,,,,,,,,,,,,,,,,,,,0.4946758563692633,0.4973236790675855,0.9893517127385266,0.994647358135171,0.0,0.0,0.4949035644501043,0.4974387288718216,0.9898071289002086,0.9948774577436432,0.0,0.0
btcv,segmentation,124,0.03403338102193979,0.9893329326923077,,,,,,,,,,,,,,,,0.11551177501678467,0.98980712890625,,,,,,,,,,,,,,,,,,,,,,,,,,,,0.4946664663452249,0.4973189336148164,0.9893329326904498,0.9946378672296328,0.0,0.0,0.4949035644501043,0.4974387288718216,0.9898071289002086,0.9948774577436432,0.0,0.0
btcv,segmentation,125,0.03403728971114525,0.9893141526442307,,,,,,,,,,,,,,,,0.11483197659254074,0.98980712890625,,,,,,,,,,,,,,,,,,,,,,,,,,,,0.4946570763211864,0.49731418807244865,0.9893141526423728,0.9946283761448973,0.0,0.0,0.4949035644501043,0.4974387288718216,0.9898071289002086,0.9948774577436432,0.0,0.0
btcv,segmentation,126,0.03398983065898602,0.9893329326923077,,,,,,,,,,,,,,,,0.11401436477899551,0.98980712890625,,,,,,,,,,,,,,,,,,,,,,,,,,,,0.4946664663452249,0.4973189336148164,0.9893329326904498,0.9946378672296328,0.0,0.0,0.4949035644501043,0.4974387288718216,0.9898071289002086,0.9948774577436432,0.0,0.0
btcv,segmentation,127,0.03398020909382747,0.9892765925480769,,,,,,,,,,,,,,,,0.1134696900844574,0.98980712890625,,,,,,,,,,,,,,,,,,,,,,,,,,,,0.4946382962731095,0.4973046967189074,0.989276592546219,0.9946093934378148,0.0,0.0,0.4949035644501043,0.4974387288718216,0.9898071289002086,0.9948774577436432,0.0,0.0
btcv,segmentation,128,0.03384111707027142,0.9892953725961539,,,,,,,,,,,,,,,,0.11281853914260864,0.98980712890625,,,,,,,,,,,,,,,,,,,,,,,,,,,,0.49464768629714795,0.49730944244047987,0.9892953725942959,0.9946188848809597,0.0,0.0,0.4949035644501043,0.4974387288718216,0.9898071289002086,0.9948774577436432,0.0,0.0
btcv,segmentation,129,0.03368834119576674,0.9893141526442307,,,,,,,,,,,,,,,,0.11219911277294159,0.98980712890625,,,,,,,,,,,,,,,,,,,,,,,,,,,,0.4946570763211864,0.49731418807244865,0.9893141526423728,0.9946283761448973,0.0,0.0,0.4949035644501043,0.4974387288718216,0.9898071289002086,0.9948774577436432,0.0,0.0
btcv,segmentation,130,0.03354118649776165,0.9893704927884616,,,,,,,,,,,,,,,,0.11157221347093582,0.98980712890625,,,,,,,,,,,,,,,,,,,,,,,,,,,,0.49468524639330175,0.4973284244307587,0.9893704927866035,0.9946568488615174,0.0,0.0,0.4949035644501043,0.4974387288718216,0.9898071289002086,0.9948774577436432,0.0,0.0
btcv,segmentation,131,0.03341497824742244,0.9893329326923077,,,,,,,,,,,,,,,,0.11081128567457199,0.98980712890625,,,,,,,,,,,,,,,,,,,,,,,,,,,,0.4946664663452249,0.4973189336148164,0.9893329326904498,0.9946378672296328,0.0,0.0,0.4949035644501043,0.4974387288718216,0.9898071289002086,0.9948774577436432,0.0,0.0
btcv,segmentation,132,0.03335702419281006,0.9893141526442307,,,,,,,,,,,,,,,,0.11033299565315247,0.98980712890625,,,,,,,,,,,,,,,,,,,,,,,,,,,,0.4946570763211864,0.49731418807244865,0.9893141526423728,0.9946283761448973,0.0,0.0,0.4949035644501043,0.4974387288718216,0.9898071289002086,0.9948774577436432,0.0,0.0
btcv,segmentation,133,0.0332306669308589,0.9892578125,,,,,,,,,,,,,,,,0.10958510637283325,0.98980712890625,,,,,,,,,,,,,,,,,,,,,,,,,,,,0.4946289062490711,0.4972999509077288,0.9892578124981422,0.9945999018154577,0.0,0.0,0.4949035644501043,0.4974387288718216,0.9898071289002086,0.9948774577436432,0.0,0.0
btcv,segmentation,134,0.03319099774727455,0.9892578125,,,,,,,,,,,,,,,,0.10893435031175613,0.98980712890625,,,,,,,,,,,,,,,,,,,,,,,,,,,,0.4946289062490711,0.4972999509077288,0.9892578124981422,0.9945999018154577,0.0,0.0,0.4949035644501043,0.4974387288718216,0.9898071289002086,0.9948774577436432,0.0,0.0
btcv,segmentation,135,0.03301893060023968,0.9893517127403846,,,,,,,,,,,,,,,,0.10812126100063324,0.98980712890625,,,,,,,,,,,,,,,,,,,,,,,,,,,,0.4946758563692633,0.4973236790675855,0.9893517127385266,0.994647358135171,0.0,0.0,0.4949035644501043,0.4974387288718216,0.9898071289002086,0.9948774577436432,0.0,0.0
btcv,segmentation,136,0.03288718370290903,0.9892953725961539,,,,,,,,,,,,,,,,0.10740292072296143,0.98980712890625,,,,,,,,,,,,,,,,,,,,,,,,,,,,0.49464768629714795,0.49730944244047987,0.9892953725942959,0.9946188848809597,0.0,0.0,0.4949035644501043,0.4974387288718216,0.9898071289002086,0.9948774577436432,0.0,0.0
btcv,segmentation,137,0.03287242467586811,0.9892953725961539,,,,,,,,,,,,,,,,0.1067584678530693,0.98980712890625,,,,,,,,,,,,,,,,,,,,,,,,,,,,0.49464768629714795,0.49730944244047987,0.9892953725942959,0.9946188848809597,0.0,0.0,0.4949035644501043,0.4974387288718216,0.9898071289002086,0.9948774577436432,0.0,0.0
btcv,segmentation,138,0.03277669961635883,0.9892578125,,,,,,,,,,,,,,,,0.10634416341781616,0.98980712890625,,,,,,,,,,,,,,,,,,,,,,,,,,,,0.4946289062490711,0.4972999509077288,0.9892578124981422,0.9945999018154577,0.0,0.0,0.4949035644501043,0.4974387288718216,0.9898071289002086,0.9948774577436432,0.0,0.0
btcv,segmentation,139,0.03260407539514395,0.9893517127403846,,,,,,,,,,,,,,,,0.10596165060997009,0.98980712890625,,,,,,,,,,,,,,,,,,,,,,,,,,,,0.4946758563692633,0.4973236790675855,0.9893517127385266,0.994647358135171,0.0,0.0,0.4949035644501043,0.4974387288718216,0.9898071289002086,0.9948774577436432,0.0,0.0
btcv,segmentation,140,0.03250593864000761,0.9893329326923077,,,,,,,,,,,,,,,,0.10558269917964935,0.98980712890625,,,,,,,,,,,,,,,,,,,,,,,,,,,,0.4946664663452249,0.4973189336148164,0.9893329326904498,0.9946378672296328,0.0,0.0,0.4949035644501043,0.4974387288718216,0.9898071289002086,0.9948774577436432,0.0,0.0
btcv,segmentation,141,0.03248298855928274,0.9892765925480769,,,,,,,,,,,,,,,,0.10515563935041428,0.98980712890625,,,,,,,,,,,,,,,,,,,,,,,,,,,,0.4946382962731095,0.4973046967189074,0.989276592546219,0.9946093934378148,0.0,0.0,0.4949035644501043,0.4974387288718216,0.9898071289002086,0.9948774577436432,0.0,0.0
btcv,segmentation,142,0.032446593046188354,0.9892953725961539,,,,,,,,,,,,,,,,0.10501721501350403,0.98980712890625,,,,,,,,,,,,,,,,,,,,,,,,,,,,0.49464768629714795,0.49730944244047987,0.9892953725942959,0.9946188848809597,0.0,0.0,0.4949035644501043,0.4974387288718216,0.9898071289002086,0.9948774577436432,0.0,0.0
btcv,segmentation,143,0.03225288482812735,0.9893892728365384,,,,,,,,,,,,,,,,0.1048501580953598,0.98980712890625,,,,,,,,,,,,,,,,,,,,,,,,,,,,0.4946946364173402,0.49733316970433833,0.9893892728346804,0.9946663394086767,0.0,0.0,0.4949035644501043,0.4974387288718216,0.9898071289002086,0.9948774577436432,0.0,0.0
btcv,segmentation,144,0.032090961933135986,0.9893517127403846,,,,,,,,,,,,,,,,0.10476484149694443,0.98980712890625,,,,,,,,,,,,,,,,,,,,,,,,,,,,0.4946758563692633,0.4973236790675855,0.9893517127385266,0.994647358135171,0.0,0.0,0.4949035644501043,0.4974387288718216,0.9898071289002086,0.9948774577436432,0.0,0.0
btcv,segmentation,145,0.03209162675417387,0.9892765925480769,,,,,,,,,,,,,,,,0.10456487536430359,0.98980712890625,,,,,,,,,,,,,,,,,,,,,,,,,,,,0.4946382962731095,0.4973046967189074,0.989276592546219,0.9946093934378148,0.0,0.0,0.4949035644501043,0.4974387288718216,0.9898071289002086,0.9948774577436432,0.0,0.0
btcv,segmentation,146,0.031872680554023154,0.9892014723557693,,,,,,,,,,,,,,,,0.10426148772239685,0.98980712890625,,,,,,,,,,,,,,,,,,,,,,,,,,,,0.49460073617695577,0.49728571293653073,0.9892014723539115,0.9945714258730615,0.0,0.0,0.4949035644501043,0.4974387288718216,0.9898071289002086,0.9948774577436432,0.0,0.0
btcv,segmentation,147,0.03182197992618267,0.9893141526442307,,,,,,,,,,,,,,,,0.1040848046541214,0.98980712890625,,,,,,,,,,,,,,,,,,,,,,,,,,,,0.4946570763211864,0.49731418807244865,0.9893141526423728,0.9946283761448973,0.0,0.0,0.4949035644501043,0.4974387288718216,0.9898071289002086,0.9948774577436432,0.0,0.0
btcv,segmentation,148,0.03175986730135404,0.9892765925480769,,,,,,,,,,,,,,,,0.10367190092802048,0.98980712890625,,,,,,,,,,,,,,,,,,,,,,,,,,,,0.4946382962731095,0.4973046967189074,0.989276592546219,0.9946093934378148,0.0,0.0,0.4949035644501043,0.4974387288718216,0.9898071289002086,0.9948774577436432,0.0,0.0
btcv,segmentation,149,0.03160582138941838,0.9893704927884616,,,,,,,,,,,,,,,,0.1033506989479065,0.98980712890625,,,,,,,,,,,,,,,,,,,,,,,,,,,,0.49468524639330175,0.4973284244307587,0.9893704927866035,0.9946568488615174,0.0,0.0,0.4949035644501043,0.4974387288718216,0.9898071289002086,0.9948774577436432,0.0,0.0
btcv,segmentation,150,0.031559185339854315,0.9893141526442307,,,,,,,,,,,,,,,,0.10288596153259277,0.98980712890625,,,,,,,,,,,,,,,,,,,,,,,,,,,,0.4946570763211864,0.49731418807244865,0.9893141526423728,0.9946283761448973,0.0,0.0,0.4949035644501043,0.4974387288718216,0.9898071289002086,0.9948774577436432,0.0,0.0
btcv,segmentation,151,0.031518665643838734,0.9893329326923077,,,,,,,,,,,,,,,,0.10237953066825867,0.98980712890625,,,,,,,,,,,,,,,,,,,,,,,,,,,,0.4946664663452249,0.4973189336148164,0.9893329326904498,0.9946378672296328,0.0,0.0,0.4949035644501043,0.4974387288718216,0.9898071289002086,0.9948774577436432,0.0,0.0
btcv,segmentation,152,0.03136201088245098,0.9892390324519231,,,,,,,,,,,,,,,,0.10173558443784714,0.98980712890625,,,,,,,,,,,,,,,,,,,,,,,,,,,,0.49461951622503264,0.4972952050069416,0.9892390324500653,0.9945904100138832,0.0,0.0,0.4949035644501043,0.4974387288718216,0.9898071289002086,0.9948774577436432,0.0,0.0
btcv,segmentation,153,0.031248979843579806,0.9893517127403846,,,,,,,,,,,,,,,,0.10122454166412354,0.98980712890625,,,,,,,,,,,,,,,,,,,,,,,,,,,,0.4946758563692633,0.4973236790675855,0.9893517127385266,0.994647358135171,0.0,0.0,0.4949035644501043,0.4974387288718216,0.9898071289002086,0.9948774577436432,0.0,0.0
btcv,segmentation,154,0.031138901527111348,0.9893517127403846,,,,,,,,,,,,,,,,0.1006665974855423,0.98980712890625,,,,,,,,,,,,,,,,,,,,,,,,,,,,0.4946758563692633,0.4973236790675855,0.9893517127385266,0.994647358135171,0.0,0.0,0.4949035644501043,0.4974387288718216,0.9898071289002086,0.9948774577436432,0.0,0.0
btcv,segmentation,155,0.031065523624420166,0.9893141526442307,,,,,,,,,,,,,,,,0.10061922669410706,0.98980712890625,,,,,,,,,,,,,,,,,,,,,,,,,,,,0.4946570763211864,0.49731418807244865,0.9893141526423728,0.9946283761448973,0.0,0.0,0.4949035644501043,0.4974387288718216,0.9898071289002086,0.9948774577436432,0.0,0.0
btcv,segmentation,156,0.030829509863486655,0.9893141526442307,,,,,,,,,,,,,,,,0.10031410306692123,0.98980712890625,,,,,,,,,,,,,,,,,,,,,,,,,,,,0.4946570763211864,0.49731418807244865,0.9893141526423728,0.9946283761448973,0.0,0.0,0.4949035644501043,0.4974387288718216,0.9898071289002086,0.9948774577436432,0.0,0.0
btcv,segmentation,157,0.0309395996423868,0.9893329326923077,,,,,,,,,,,,,,,,0.1002064198255539,0.98980712890625,,,,,,,,,,,,,,,,,,,,,,,,,,,,0.4946664663452249,0.4973189336148164,0.9893329326904498,0.9946378672296328,0.0,0.0,0.4949035644501043,0.4974387288718216,0.9898071289002086,0.9948774577436432,0.0,0.0
btcv,segmentation,158,0.030716318350571852,0.9892765925480769,,,,,,,,,,,,,,,,0.10002283751964569,0.98980712890625,,,,,,,,,,,,,,,,,,,,,,,,,,,,0.4946382962731095,0.4973046967189074,0.989276592546219,0.9946093934378148,0.0,0.0,0.4949035644501043,0.4974387288718216,0.9898071289002086,0.9948774577436432,0.0,0.0
btcv,segmentation,159,0.030587437061163094,0.9893517127403846,,,,,,,,,,,,,,,,0.0996718481183052,0.98980712890625,,,,,,,,,,,,,,,,,,,,,,,,,,,,0.4946758563692633,0.4973236790675855,0.9893517127385266,0.994647358135171,0.0,0.0,0.4949035644501043,0.4974387288718216,0.9898071289002086,0.9948774577436432,0.0,0.0
btcv,segmentation,160,0.030595261317033034,0.9893704927884616,,,,,,,,,,,,,,,,0.09920073300600052,0.98980712890625,,,,,,,,,,,,,,,,,,,,,,,,,,,,0.49468524639330175,0.4973284244307587,0.9893704927866035,0.9946568488615174,0.0,0.0,0.4949035644501043,0.4974387288718216,0.9898071289002086,0.9948774577436432,0.0,0.0
btcv,segmentation,161,0.030494501957526572,0.9894080528846154,,,,,,,,,,,,,,,,0.09841907024383545,0.98980712890625,,,,,,,,,,,,,,,,,,,,,,,,,,,,0.4947040264413786,0.49733791488832707,0.9894080528827572,0.9946758297766541,0.0,0.0,0.4949035644501043,0.4974387288718216,0.9898071289002086,0.9948774577436432,0.0,0.0
btcv,segmentation,162,0.03034752607345581,0.9893704927884616,,,,,,,,,,,,,,,,0.09790971875190735,0.98980712890625,,,,,,,,,,,,,,,,,,,,,,,,,,,,0.49468524639330175,0.4973284244307587,0.9893704927866035,0.9946568488615174,0.0,0.0,0.4949035644501043,0.4974387288718216,0.9898071289002086,0.9948774577436432,0.0,0.0
btcv,segmentation,163,0.030258213098232564,0.9892953725961539,,,,,,,,,,,,,,,,0.09733223915100098,0.98980712890625,,,,,,,,,,,,,,,,,,,,,,,,,,,,0.49464768629714795,0.49730944244047987,0.9892953725942959,0.9946188848809597,0.0,0.0,0.4949035644501043,0.4974387288718216,0.9898071289002086,0.9948774577436432,0.0,0.0
btcv,segmentation,164,0.030263497279240534,0.9893517127403846,,,,,,,,,,,,,,,,0.09713929891586304,0.98980712890625,,,,,,,,,,,,,,,,,,,,,,,,,,,,0.4946758563692633,0.4973236790675855,0.9893517127385266,0.994647358135171,0.0,0.0,0.4949035644501043,0.4974387288718216,0.9898071289002086,0.9948774577436432,0.0,0.0
btcv,segmentation,165,0.030118621312654935,0.9893517127403846,,,,,,,,,,,,,,,,0.0973435640335083,0.98980712890625,,,,,,,,,,,,,,,,,,,,,,,,,,,,0.4946758563692633,0.4973236790675855,0.9893517127385266,0.994647358135171,0.0,0.0,0.4949035644501043,0.4974387288718216,0.9898071289002086,0.9948774577436432,0.0,0.0
btcv,segmentation,166,0.030049101664469793,0.9892953725961539,,,,,,,,,,,,,,,,0.09748121351003647,0.98980712890625,,,,,,,,,,,,,,,,,,,,,,,,,,,,0.49464768629714795,0.49730944244047987,0.9892953725942959,0.9946188848809597,0.0,0.0,0.4949035644501043,0.4974387288718216,0.9898071289002086,0.9948774577436432,0.0,0.0
btcv,segmentation,167,0.029893263028218195,0.9893329326923077,,,,,,,,,,,,,,,,0.0973421037197113,0.98980712890625,,,,,,,,,,,,,,,,,,,,,,,,,,,,0.4946664663452249,0.4973189336148164,0.9893329326904498,0.9946378672296328,0.0,0.0,0.4949035644501043,0.4974387288718216,0.9898071289002086,0.9948774577436432,0.0,0.0
btcv,segmentation,168,0.029944401520949144,0.9892014723557693,,,,,,,,,,,,,,,,0.09727555513381958,0.98980712890625,,,,,,,,,,,,,,,,,,,,,,,,,,,,0.49460073617695577,0.49728571293653073,0.9892014723539115,0.9945714258730615,0.0,0.0,0.4949035644501043,0.4974387288718216,0.9898071289002086,0.9948774577436432,0.0,0.0
btcv,segmentation,169,0.029665692494465754,0.9892202524038461,,,,,,,,,,,,,,,,0.09670007973909378,0.98980712890625,,,,,,,,,,,,,,,,,,,,,,,,,,,,0.4946101262009942,0.497290459016543,0.9892202524019884,0.994580918033086,0.0,0.0,0.4949035644501043,0.4974387288718216,0.9898071289002086,0.9948774577436432,0.0,0.0
btcv,segmentation,170,0.02959465980529785,0.9892578125,,,,,,,,,,,,,,,,0.09641314297914505,0.98980712890625,,,,,,,,,,,,,,,,,,,,,,,,,,,,0.4946289062490711,0.4972999509077288,0.9892578124981422,0.9945999018154577,0.0,0.0,0.4949035644501043,0.4974387288718216,0.9898071289002086,0.9948774577436432,0.0,0.0
btcv,segmentation,171,0.02938759556183448,0.9892014723557693,,,,,,,,,,,,,,,,0.09555128216743469,0.98980712890625,,,,,,,,,,,,,,,,,,,,,,,,,,,,0.49460073617695577,0.49728571293653073,0.9892014723539115,0.9945714258730615,0.0,0.0,0.4949035644501043,0.4974387288718216,0.9898071289002086,0.9948774577436432,0.0,0.0
btcv,segmentation,172,0.029388324572489813,0.9892765925480769,,,,,,,,,,,,,,,,0.09492949396371841,0.98980712890625,,,,,,,,,,,,,,,,,,,,,,,,,,,,0.4946382962731095,0.4973046967189074,0.989276592546219,0.9946093934378148,0.0,0.0,0.4949035644501043,0.4974387288718216,0.9898071289002086,0.9948774577436432,0.0,0.0
btcv,segmentation,173,0.029500502806443434,0.9892953725961539,,,,,,,,,,,,,,,,0.09432151913642883,0.98980712890625,,,,,,,,,,,,,,,,,,,,,,,,,,,,0.49464768629714795,0.49730944244047987,0.9892953725942959,0.9946188848809597,0.0,0.0,0.4949035644501043,0.4974387288718216,0.9898071289002086,0.9948774577436432,0.0,0.0
btcv,segmentation,174,0.02928420901298523,0.9892578125,,,,,,,,,,,,,,,,0.09383685886859894,0.98980712890625,,,,,,,,,,,,,,,,,,,,,,,,,,,,0.4946289062490711,0.4972999509077288,0.9892578124981422,0.9945999018154577,0.0,0.0,0.4949035644501043,0.4974387288718216,0.9898071289002086,0.9948774577436432,0.0,0.0
btcv,segmentation,175,0.029282402533751268,0.9893329326923077,,,,,,,,,,,,,,,,0.09336254745721817,0.98980712890625,,,,,,,,,,,,,,,,,,,,,,,,,,,,0.4946664663452249,0.4973189336148164,0.9893329326904498,0.9946378672296328,0.0,0.0,0.4949035644501043,0.4974387288718216,0.9898071289002086,0.9948774577436432,0.0,0.0
btcv,segmentation,176,0.02916008921769949,0.9893517127403846,,,,,,,,,,,,,,,,0.09259740263223648,0.98980712890625,,,,,,,,,,,,,,,,,,,,,,,,,,,,0.4946758563692633,0.4973236790675855,0.9893517127385266,0.994647358135171,0.0,0.0,0.4949035644501043,0.4974387288718216,0.9898071289002086,0.9948774577436432,0.0,0.0
btcv,segmentation,177,0.029022203041956976,0.9892765925480769,,,,,,,,,,,,,,,,0.09183898568153381,0.98980712890625,,,,,,,,,,,,,,,,,,,,,,,,,,,,0.4946382962731095,0.4973046967189074,0.989276592546219,0.9946093934378148,0.0,0.0,0.4949035644501043,0.4974387288718216,0.9898071289002086,0.9948774577436432,0.0,0.0
btcv,segmentation,178,0.02898334081356342,0.9893329326923077,,,,,,,,,,,,,,,,0.09114798903465271,0.98980712890625,,,,,,,,,,,,,,,,,,,,,,,,,,,,0.4946664663452249,0.4973189336148164,0.9893329326904498,0.9946378672296328,0.0,0.0,0.4949035644501043,0.4974387288718216,0.9898071289002086,0.9948774577436432,0.0,0.0
btcv,segmentation,179,0.028819973652179424,0.9893517127403846,,,,,,,,,,,,,,,,0.09089507907629013,0.98980712890625,,,,,,,,,,,,,,,,,,,,,,,,,,,,0.4946758563692633,0.4973236790675855,0.9893517127385266,0.994647358135171,0.0,0.0,0.4949035644501043,0.4974387288718216,0.9898071289002086,0.9948774577436432,0.0,0.0
btcv,segmentation,180,0.028750254557682917,0.9893329326923077,,,,,,,,,,,,,,,,0.09129607677459717,0.98980712890625,,,,,,,,,,,,,,,,,,,,,,,,,,,,0.4946664663452249,0.4973189336148164,0.9893329326904498,0.9946378672296328,0.0,0.0,0.4949035644501043,0.4974387288718216,0.9898071289002086,0.9948774577436432,0.0,0.0
btcv,segmentation,181,0.02860769170981187,0.9893329326923077,,,,,,,,,,,,,,,,0.09151258319616318,0.98980712890625,,,,,,,,,,,,,,,,,,,,,,,,,,,,0.4946664663452249,0.4973189336148164,0.9893329326904498,0.9946378672296328,0.0,0.0,0.4949035644501043,0.4974387288718216,0.9898071289002086,0.9948774577436432,0.0,0.0
btcv,segmentation,182,0.028567790985107422,0.9892390324519231,,,,,,,,,,,,,,,,0.09134374558925629,0.98980712890625,,,,,,,,,,,,,,,,,,,,,,,,,,,,0.49461951622503264,0.4972952050069416,0.9892390324500653,0.9945904100138832,0.0,0.0,0.4949035644501043,0.4974387288718216,0.9898071289002086,0.9948774577436432,0.0,0.0
btcv,segmentation,183,0.028339358476492073,0.9892953725961539,,,,,,,,,,,,,,,,0.09117050468921661,0.98980712890625,,,,,,,,,,,,,,,,,,,,,,,,,,,,0.49464768629714795,0.49730944244047987,0.9892953725942959,0.9946188848809597,0.0,0.0,0.4949035644501043,0.4974387288718216,0.9898071289002086,0.9948774577436432,0.0,0.0
btcv,segmentation,184,0.02846622237792382,0.9893141526442307,,,,,,,,,,,,,,,,0.09120503813028336,0.98980712890625,,,,,,,,,,,,,,,,,,,,,,,,,,,,0.4946570763211864,0.49731418807244865,0.9893141526423728,0.9946283761448973,0.0,0.0,0.4949035644501043,0.4974387288718216,0.9898071289002086,0.9948774577436432,0.0,0.0
btcv,segmentation,185,0.028377182208574735,0.9893517127403846,,,,,,,,,,,,,,,,0.09092448651790619,0.98980712890625,,,,,,,,,,,,,,,,,,,,,,,,,,,,0.4946758563692633,0.4973236790675855,0.9893517127385266,0.994647358135171,0.0,0.0,0.4949035644501043,0.4974387288718216,0.9898071289002086,0.9948774577436432,0.0,0.0
btcv,segmentation,186,0.028174439301857583,0.9893704927884616,,,,,,,,,,,,,,,,0.09084326773881912,0.98980712890625,,,,,,,,,,,,,,,,,,,,,,,,,,,,0.49468524639330175,0.4973284244307587,0.9893704927866035,0.9946568488615174,0.0,0.0,0.4949035644501043,0.4974387288718216,0.9898071289002086,0.9948774577436432,0.0,0.0
btcv,segmentation,187,0.028567699285653923,0.9893329326923077,,,,,,,,,,,,,,,,0.09082036465406418,0.98980712890625,,,,,,,,,,,,,,,,,,,,,,,,,,,,0.4946664663452249,0.4973189336148164,0.9893329326904498,0.9946378672296328,0.0,0.0,0.4949035644501043,0.4974387288718216,0.9898071289002086,0.9948774577436432,0.0,0.0
btcv,segmentation,188,0.028137839757479154,0.9894080528846154,,,,,,,,,,,,,,,,0.09093780815601349,0.98980712890625,,,,,,,,,,,,,,,,,,,,,,,,,,,,0.4947040264413786,0.49733791488832707,0.9894080528827572,0.9946758297766541,0.0,0.0,0.4949035644501043,0.4974387288718216,0.9898071289002086,0.9948774577436432,0.0,0.0
btcv,segmentation,189,0.028007768667661227,0.9894080528846154,,,,,,,,,,,,,,,,0.09102574735879898,0.98980712890625,,,,,,,,,,,,,,,,,,,,,,,,,,,,0.4947040264413786,0.49733791488832707,0.9894080528827572,0.9946758297766541,0.0,0.0,0.4949035644501043,0.4974387288718216,0.9898071289002086,0.9948774577436432,0.0,0.0
btcv,segmentation,190,0.02791084234531109,0.9892202524038461,,,,,,,,,,,,,,,,0.09095416963100433,0.98980712890625,,,,,,,,,,,,,,,,,,,,,,,,,,,,0.4946101262009942,0.497290459016543,0.9892202524019884,0.994580918033086,0.0,0.0,0.4949035644501043,0.4974387288718216,0.9898071289002086,0.9948774577436432,0.0,0.0
btcv,segmentation,191,0.027859121561050415,0.9892953725961539,,,,,,,,,,,,,,,,0.09084305167198181,0.98980712890625,,,,,,,,,,,,,,,,,,,,,,,,,,,,0.49464768629714795,0.49730944244047987,0.9892953725942959,0.9946188848809597,0.0,0.0,0.4949035644501043,0.4974387288718216,0.9898071289002086,0.9948774577436432,0.0,0.0
btcv,segmentation,192,0.027919730314841636,0.9891826923076923,,,,,,,,,,,,,,,,0.0910685658454895,0.98980712890625,,,,,,,,,,,,,,,,,,,,,,,,,,,,0.4945913461529173,0.4972809667669021,0.9891826923058346,0.9945619335338042,0.0,0.0,0.4949035644501043,0.4974387288718216,0.9898071289002086,0.9948774577436432,0.0,0.0
btcv,segmentation,193,0.027932258752676156,0.9893704927884616,,,,,,,,,,,,,,,,0.09125573188066483,0.98980712890625,,,,,,,,,,,,,,,,,,,,,,,,,,,,0.49468524639330175,0.4973284244307587,0.9893704927866035,0.9946568488615174,0.0,0.0,0.4949035644501043,0.4974387288718216,0.9898071289002086,0.9948774577436432,0.0,0.0
btcv,segmentation,194,0.02796914944281945,0.9892953725961539,,,,,,,,,,,,,,,,0.09139414131641388,0.98980712890625,,,,,,,,,,,,,,,,,,,,,,,,,,,,0.49464768629714795,0.49730944244047987,0.9892953725942959,0.9946188848809597,0.0,0.0,0.4949035644501043,0.4974387288718216,0.9898071289002086,0.9948774577436432,0.0,0.0
btcv,segmentation,195,0.027759075164794922,0.9893517127403846,,,,,,,,,,,,,,,,0.09151077270507812,0.98980712890625,,,,,,,,,,,,,,,,,,,,,,,,,,,,0.4946758563692633,0.4973236790675855,0.9893517127385266,0.994647358135171,0.0,0.0,0.4949035644501043,0.4974387288718216,0.9898071289002086,0.9948774577436432,0.0,0.0
btcv,segmentation,196,0.027680452053363506,0.9892578125,,,,,,,,,,,,,,,,0.09163948893547058,0.98980712890625,,,,,,,,,,,,,,,,,,,,,,,,,,,,0.4946289062490711,0.4972999509077288,0.9892578124981422,0.9945999018154577,0.0,0.0,0.4949035644501043,0.4974387288718216,0.9898071289002086,0.9948774577436432,0.0,0.0
btcv,segmentation,197,0.02773815393447876,0.9892953725961539,,,,,,,,,,,,,,,,0.09158965945243835,0.98980712890625,,,,,,,,,,,,,,,,,,,,,,,,,,,,0.49464768629714795,0.49730944244047987,0.9892953725942959,0.9946188848809597,0.0,0.0,0.4949035644501043,0.4974387288718216,0.9898071289002086,0.9948774577436432,0.0,0.0
btcv,segmentation,198,0.02778310959155743,0.9893517127403846,,,,,,,,,,,,,,,,0.09159264713525772,0.98980712890625,,,,,,,,,,,,,,,,,,,,,,,,,,,,0.4946758563692633,0.4973236790675855,0.9893517127385266,0.994647358135171,0.0,0.0,0.4949035644501043,0.4974387288718216,0.9898071289002086,0.9948774577436432,0.0,0.0
btcv,segmentation,199,0.027675041785606973,0.9892765925480769,,,,,,,,,,,,,,,,0.09144119918346405,0.98980712890625,,,,,,,,,,,,,,,,,,,,,,,,,,,,0.4946382962731095,0.4973046967189074,0.989276592546219,0.9946093934378148,0.0,0.0,0.4949035644501043,0.4974387288718216,0.9898071289002086,0.9948774577436432,0.0,0.0
btcv,segmentation,200,0.027714238717005804,0.9892765925480769,,,,,,,,,,,,,,,,0.09170041233301163,0.98980712890625,,,,,,,,,,,,,,,,,,,,,,,,,,,,0.4946382962731095,0.4973046967189074,0.989276592546219,0.9946093934378148,0.0,0.0,0.4949035644501043,0.4974387288718216,0.9898071289002086,0.9948774577436432,0.0,0.0
medseg_covid,segmentation,1,0.023552728444337846,0.9113800048828125,,,,,,,,,,,,,,,,0.03315253853797913,0.81044921875,,,,,,,,,,,,,,,,,,,,,,,,,,,,0.46286123795648476,0.4910380010933567,0.9112646445877174,0.9535724392414406,0.014457831325252137,0.02850356294527281,0.4135164720672578,0.4643820203913437,0.8098177542612068,0.8949163553672683,0.017215189873308764,0.03384768541541906
medseg_covid,segmentation,2,0.023005295544862747,0.944140625,,,,,,,,,,,,,,,,0.03311769962310791,0.8340576171875,,,,,,,,,,,,,,,,,,,,,,,,,,,,0.482624754036049,0.5063533607848725,0.944073037483976,0.971232067192082,0.02117647058812205,0.04147465437766299,0.4258384507380086,0.4724156696209377,0.8335476129243243,0.9092183994010383,0.018129288551692817,0.03561293984083702
medseg_covid,segmentation,3,0.022598548978567123,0.95654296875,,,,,,,,,,,,,,,,0.03293208181858063,0.9223876953125,,,,,,,,,,,,,,,,,,,,,,,,,,,,0.49024276779261455,0.5123093374923519,0.9564965020007465,0.9777645919863561,0.023989033584482598,0.046854082998347694,0.4639146297893098,0.48524951766850216,0.9223545215840235,0.959609178461007,0.0054747379945960465,0.010889856875997358
medseg_covid,segmentation,4,0.022272264957427977,0.9572418212890625,,,,,,,,,,,,,,,,0.03261321485042572,0.97315673828125,,,,,,,,,,,,,,,,,,,,,,,,,,,,0.4870257023765556,0.5056307528417601,0.9572104813092606,0.9781374976787802,0.01684092344385067,0.03312400800474002,0.4877118511690578,0.4954609359394463,0.9731550997973837,0.9863949366142718,0.0022686025407319147,0.004526935264620782
medseg_covid,segmentation,5,0.022011078894138336,0.9529022216796875,,,,,,,,,,,,,,,,0.032278281450271604,0.9840576171875,,,,,,,,,,,,,,,,,,,,,,,,,,,,0.4877609257439494,0.5100966416722357,0.9528507096984153,0.9758561726877392,0.022671141789483432,0.04433711065673207,0.49355513691294856,0.499026321342433,0.9840568387116264,0.9919643626244465,0.0030534351142707298,0.006088280060419461
medseg_covid,segmentation,6,0.02167820930480957,0.952337646484375,,,,,,,,,,,,,,,,0.031983256340026855,0.9870849609375,,,,,,,,,,,,,,,,,,,,,,,,,,,,0.5013969141672149,0.5359042603985632,0.9522163207359531,0.9755233686162231,0.05057750759847673,0.09628515218090333,0.4935424804681475,0.49675025494188746,0.987084960936295,0.9935005098837749,0.0,0.0
medseg_covid,segmentation,7,0.021439040452241896,0.95052490234375,,,,,,,,,,,,,,,,0.03171338737010956,0.9879150390625,,,,,,,,,,,,,,,,,,,,,,,,,,,,0.4940605053901264,0.5236153159987625,0.95042884006759,0.974584481671891,0.037692170712662836,0.0726461503256341,0.49395751953064704,0.4969603929993878,0.9879150390612941,0.9939207859987756,0.0,0.0
medseg_covid,segmentation,8,0.021159297972917556,0.95595703125,,,,,,,,,,,,,,,,0.03146072924137115,0.98802490234375,,,,,,,,,,,,,,,,,,,,,,,,,,,,0.4932946607918322,0.5185049938003445,0.9558955207913392,0.977450493270307,0.030693800792325247,0.05955949433038212,0.49401245117127196,0.4969881922396079,0.9880249023425439,0.9939763844792158,0.0,0.0
medseg_covid,segmentation,9,0.020921830832958222,0.9622039794921875,,,,,,,,,,,,,,,,0.031201356649398805,0.988037109375,,,,,,,,,,,,,,,,,,,,,,,,,,,,0.4934470415239395,0.5144892884441774,0.9621677266420574,0.9807191440139083,0.02472635640582151,0.04825943287444663,0.4940185546868969,0.4969912808544167,0.9880371093737939,0.9939825617088334,0.0,0.0
medseg_covid,segmentation,10,0.020710419863462448,0.96658935546875,,,,,,,,,,,,,,,,0.03094041347503662,0.988037109375,,,,,,,,,,,,,,,,,,,,,,,,,,,,0.4927820707357933,0.5101421208941634,0.9665677257011475,0.9829996832237584,0.0189964157704391,0.037284558564568374,0.4940185546868969,0.4969912808544167,0.9880371093737939,0.9939825617088334,0.0,0.0
medseg_covid,segmentation,11,0.020440395921468735,0.97227783203125,,,,,,,,,,,,,,,,0.03068116307258606,0.988037109375,,,,,,,,,,,,,,,,,,,,,,,,,,,,0.49810970647613895,0.5163669796441643,0.9722589530836194,0.9859343790159971,0.023960459868658423,0.04679958027233159,0.4940185546868969,0.4969912808544167,0.9880371093737939,0.9939825617088334,0.0,0.0
medseg_covid,segmentation,12,0.02021435871720314,0.97293701171875,,,,,,,,,,,,,,,,0.030447179079055788,0.988037109375,,,,,,,,,,,,,,,,,,,,,,,,,,,,0.4912672765545173,0.5026528955763542,0.9729299071408595,0.9862792424803524,0.009604645968175065,0.0190265486723559,0.4940185546868969,0.4969912808544167,0.9880371093737939,0.9939825617088334,0.0,0.0
medseg_covid,segmentation,13,0.0200812391936779,0.97369384765625,,,,,,,,,,,,,,,,0.030198854207992554,0.988037109375,,,,,,,,,,,,,,,,,,,,,,,,,,,,0.49064349118504547,0.5008755802914617,0.9736885481081475,0.9866688936726754,0.007598434261943374,0.015082266910248145,0.4940185546868969,0.4969912808544167,0.9880371093737939,0.9939825617088334,0.0,0.0
medseg_covid,segmentation,14,0.019841547310352325,0.9752044677734375,,,,,,,,,,,,,,,,0.02989798188209534,0.988037109375,,,,,,,,,,,,,,,,,,,,,,,,,,,,0.4951136031260117,0.5085304006759439,0.9751950811461322,0.9874417878564813,0.015032125105891232,0.029619013495406434,0.4940185546868969,0.4969912808544167,0.9880371093737939,0.9939825617088334,0.0,0.0
medseg_covid,segmentation,15,0.01960852965712547,0.9762908935546875,,,,,,,,,,,,,,,,0.02956395149230957,0.988037109375,,,,,,,,,,,,,,,,,,,,,,,,,,,,0.4946838941479966,0.5069150670129103,0.9762834387026634,0.9879994130230098,0.01308434959332972,0.025830721002810902,0.4940185546868969,0.4969912808544167,0.9880371093737939,0.9939825617088334,0.0,0.0
medseg_covid,segmentation,16,0.0194057859480381,0.977117919921875,,,,,,,,,,,,,,,,0.02932121157646179,0.988037109375,,,,,,,,,,,,,,,,,,,,,,,,,,,,0.4929849083275333,0.5029909026697753,0.9771132403167831,0.9884241533481665,0.008856576338283456,0.017557651991384204,0.4940185546868969,0.4969912808544167,0.9880371093737939,0.9939825617088334,0.0,0.0
medseg_covid,segmentation,17,0.019224953651428223,0.97694091796875,,,,,,,,,,,,,,,,0.029091885685920714,0.988037109375,,,,,,,,,,,,,,,,,,,,,,,,,,,,0.49377073776587693,0.5046614771516589,0.9769352165296668,0.9883330605487309,0.010606259002087125,0.020989893754586812,0.4940185546868969,0.4969912808544167,0.9880371093737939,0.9939825617088334,0.0,0.0
medseg_covid,segmentation,18,0.01898804008960724,0.9780181884765625,,,,,,,,,,,,,,,,0.02883318066596985,0.988037109375,,,,,,,,,,,,,,,,,,,,,,,,,,,,0.4908754084577633,0.4981635585960624,0.9780163770815533,0.9888860258321611,0.003734439833973244,0.007441091359963606,0.4940185546868969,0.4969912808544167,0.9880371093737939,0.9939825617088334,0.0,0.0
medseg_covid,segmentation,19,0.01881239712238312,0.9783843994140625,,,,,,,,,,,,,,,,0.02847599983215332,0.988037109375,,,,,,,,,,,,,,,,,,,,,,,,,,,,0.4908798842122153,0.4979022398161807,0.9783828161239293,0.9890733058840334,0.003376952300501239,0.006731173748327988,0.4940185546868969,0.4969912808544167,0.9880371093737939,0.9939825617088334,0.0,0.0
medseg_covid,segmentation,20,0.01867528781294823,0.978656005859375,,,,,,,,,,,,,,,,0.028111612796783446,0.988037109375,,,,,,,,,,,,,,,,,,,,,,,,,,,,0.4906109306430488,0.4971665971258131,0.978654833334052,0.9892122838676308,0.002567027952045536,0.0051209103839954355,0.4940185546868969,0.4969912808544167,0.9880371093737939,0.9939825617088334,0.0,0.0
medseg_covid,segmentation,21,0.0184747826308012,0.9785400390625,,,,,,,,,,,,,,,,0.027766403555870057,0.988037109375,,,,,,,,,,,,,,,,,,,,,,,,,,,,0.4906167239546093,0.4972639128553418,0.9785387946685817,0.9891530025141543,0.002694653240636865,0.005374823196529352,0.4940185546868969,0.4969912808544167,0.9880371093737939,0.9939825617088334,0.0,0.0
medseg_covid,segmentation,22,0.018282806128263475,0.978558349609375,,,,,,,,,,,,,,,,0.027326706051826476,0.988037109375,,,,,,,,,,,,,,,,,,,,,,,,,,,,0.48970559965717486,0.4954339112004001,0.9785579569935428,0.9891627925628023,0.0008532423208069789,0.0017050298379979393,0.4940185546868969,0.4969912808544167,0.9880371093737939,0.9939825617088334,0.0,0.0
medseg_covid,segmentation,23,0.01812165603041649,0.97869873046875,,,,,,,,,,,,,,,,0.026740697026252747,0.988037109375,,,,,,,,,,,,,,,,,,,,,,,,,,,,0.48999294163466184,0.49590328632387143,0.9786981453955405,0.9892344091725009,0.0012877378737832631,0.0025721634752418955,0.4940185546868969,0.4969912808544167,0.9880371093737939,0.9939825617088334,0.0,0.0
medseg_covid,segmentation,24,0.01790696382522583,0.978692626953125,,,,,,,,,,,,,,,,0.02630394697189331,0.988037109375,,,,,,,,,,,,,,,,,,,,,,,,,,,,0.4895609618221411,0.49504505266603405,0.9786924318762139,0.9892314905639064,0.00042949176806829646,0.0008586147681617256,0.4940185546868969,0.4969912808544167,0.9880371093737939,0.9939825617088334,0.0,0.0
medseg_covid,segmentation,25,0.017812786623835564,0.978662109375,,,,,,,,,,,,,,,,0.025946328043937684,0.988037109375,,,,,,,,,,,,,,,,,,,,,,,,,,,,0.48933105468735066,0.4946080003947612,0.9786621093747013,0.9892160007895224,0.0,0.0,0.4940185546868969,0.4969912808544167,0.9880371093737939,0.9939825617088334,0.0,0.0
medseg_covid,segmentation,26,0.017560878396034242,0.9786865234375,,,,,,,,,,,,,,,,0.02582755982875824,0.988037109375,,,,,,,,,,,,,,,,,,,,,,,,,,,,0.48934326171860065,0.49461423618386635,0.9786865234372013,0.9892284723677327,0.0,0.0,0.4940185546868969,0.4969912808544167,0.9880371093737939,0.9939825617088334,0.0,0.0
medseg_covid,segmentation,27,0.01743026413023472,0.97867431640625,,,,,,,,,,,,,,,,0.025455111265182497,0.988037109375,,,,,,,,,,,,,,,,,,,,,,,,,,,,0.4893371582029757,0.49461111830854904,0.9786743164059514,0.9892222366170981,0.0,0.0,0.4940185546868969,0.4969912808544167,0.9880371093737939,0.9939825617088334,0.0,0.0
medseg_covid,segmentation,28,0.017320317775011064,0.9786865234375,,,,,,,,,,,,,,,,0.02491052895784378,0.988037109375,,,,,,,,,,,,,,,,,,,,,,,,,,,,0.48934326171860065,0.49461423618386635,0.9786865234372013,0.9892284723677327,0.0,0.0,0.4940185546868969,0.4969912808544167,0.9880371093737939,0.9939825617088334,0.0,0.0
medseg_covid,segmentation,29,0.01709628142416477,0.9786773681640625,,,,,,,,,,,,,,,,0.024172723293304443,0.988037109375,,,,,,,,,,,,,,,,,,,,,,,,,,,,0.4893386840818819,0.4946118977809849,0.9786773681637638,0.9892237955619698,0.0,0.0,0.4940185546868969,0.4969912808544167,0.9880371093737939,0.9939825617088334,0.0,0.0
medseg_covid,segmentation,30,0.016862546652555467,0.97872314453125,,,,,,,,,,,,,,,,0.023631921410560607,0.988037109375,,,,,,,,,,,,,,,,,,,,,,,,,,,,0.48936157226547566,0.49462358957900293,0.9787231445309513,0.9892471791580059,0.0,0.0,0.4940185546868969,0.4969912808544167,0.9880371093737939,0.9939825617088334,0.0,0.0
medseg_covid,segmentation,31,0.016777616739273072,0.9787109375,,,,,,,,,,,,,,,,0.02324577271938324,0.988037109375,,,,,,,,,,,,,,,,,,,,,,,,,,,,0.48935546874985064,0.4946204718190926,0.9787109374997013,0.9892409436381852,0.0,0.0,0.4940185546868969,0.4969912808544167,0.9880371093737939,0.9939825617088334,0.0,0.0
medseg_covid,segmentation,32,0.016570301726460457,0.9787078857421875,,,,,,,,,,,,,,,,0.022948984801769257,0.988037109375,,,,,,,,,,,,,,,,,,,,,,,,,,,,0.4893539428709444,0.4946196923731044,0.9787078857418888,0.9892393847462088,0.0,0.0,0.4940185546868969,0.4969912808544167,0.9880371093737939,0.9939825617088334,0.0,0.0
medseg_covid,segmentation,33,0.016387559473514557,0.9787017822265625,,,,,,,,,,,,,,,,0.02253752648830414,0.988037109375,,,,,,,,,,,,,,,,,,,,,,,,,,,,0.4893508911131319,0.4946181334739151,0.9787017822262638,0.9892362669478302,0.0,0.0,0.4940185546868969,0.4969912808544167,0.9880371093737939,0.9939825617088334,0.0,0.0
medseg_covid,segmentation,34,0.01626722514629364,0.9787445068359375,,,,,,,,,,,,,,,,0.021984314918518065,0.988037109375,,,,,,,,,,,,,,,,,,,,,,,,,,,,0.4893722534178194,0.49462904556628373,0.9787445068356389,0.9892580911325675,0.0,0.0,0.4940185546868969,0.4969912808544167,0.9880371093737939,0.9939825617088334,0.0,0.0
medseg_covid,segmentation,35,0.01603237949311733,0.978662109375,,,,,,,,,,,,,,,,0.0213316947221756,0.988037109375,,,,,,,,,,,,,,,,,,,,,,,,,,,,0.48933105468735066,0.4946080003947612,0.9786621093747013,0.9892160007895224,0.0,0.0,0.4940185546868969,0.4969912808544167,0.9880371093737939,0.9939825617088334,0.0,0.0
medseg_covid,segmentation,36,0.01591882184147835,0.9786956787109375,,,,,,,,,,,,,,,,0.020723918080329896,0.988037109375,,,,,,,,,,,,,,,,,,,,,,,,,,,,0.4893478393553194,0.4946165745651086,0.9786956787106388,0.9892331491302172,0.0,0.0,0.4940185546868969,0.4969912808544167,0.9880371093737939,0.9939825617088334,0.0,0.0
medseg_covid,segmentation,37,0.015744058787822722,0.9787200927734375,,,,,,,,,,,,,,,,0.02018180787563324,0.988037109375,,,,,,,,,,,,,,,,,,,,,,,,,,,,0.4893600463865694,0.4946228101426317,0.9787200927731388,0.9892456202852634,0.0,0.0,0.4940185546868969,0.4969912808544167,0.9880371093737939,0.9939825617088334,0.0,0.0
medseg_covid,segmentation,38,0.0155899778008461,0.978668212890625,,,,,,,,,,,,,,,,0.019504159688949585,0.988037109375,,,,,,,,,,,,,,,,,,,,,,,,,,,,0.4893341064451632,0.49460955935646395,0.9786682128903264,0.9892191187129279,0.0,0.0,0.4940185546868969,0.4969912808544167,0.9880371093737939,0.9939825617088334,0.0,0.0
medseg_covid,segmentation,39,0.015408890321850777,0.978668212890625,,,,,,,,,,,,,,,,0.018946236371994017,0.988037109375,,,,,,,,,,,,,,,,,,,,,,,,,,,,0.4893341064451632,0.49460955935646395,0.9786682128903264,0.9892191187129279,0.0,0.0,0.4940185546868969,0.4969912808544167,0.9880371093737939,0.9939825617088334,0.0,0.0
medseg_covid,segmentation,40,0.01528131365776062,0.97869873046875,,,,,,,,,,,,,,,,0.01840173304080963,0.98800048828125,,,,,,,,,,,,,,,,,,,,,,,,,,,,0.4893493652342257,0.494617354020714,0.9786987304684514,0.989234708041428,0.0,0.0,0.49400024414002197,0.49698201489619914,0.9880004882800439,0.9939640297923983,0.0,0.0
medseg_covid,segmentation,41,0.015112172812223434,0.9787139892578125,,,,,,,,,,,,,,,,0.01788659691810608,0.9879150390625,,,,,,,,,,,,,,,,,,,,,,,,,,,,0.4893569946287569,0.49462125126267653,0.9787139892575139,0.9892425025253531,0.0,0.0,0.49395751953064704,0.4969603929993878,0.9879150390612941,0.9939207859987756,0.0,0.0
medseg_covid,segmentation,42,0.014978862926363945,0.978704833984375,,,,,,,,,,,,,,,,0.017528554797172545,0.98778076171875,,,,,,,,,,,,,,,,,,,,,,,,,,,,0.4893524169920382,0.4946189129247119,0.9787048339840764,0.9892378258494238,0.0,0.0,0.4938903808587721,0.4969264119771695,0.9877807617175443,0.993852823954339,0.0,0.0
medseg_covid,segmentation,43,0.014803153276443482,0.9786865234375,,,,,,,,,,,,,,,,0.017345300316810607,0.9877685546875,,,,,,,,,,,,,,,,,,,,,,,,,,,,0.48934326171860065,0.49461423618386635,0.9786865234372013,0.9892284723677327,0.0,0.0,0.4938842773431471,0.49692332256568067,0.9877685546862942,0.9938466451313613,0.0,0.0
medseg_covid,segmentation,44,0.014682045578956604,0.9787109375,,,,,,,,,,,,,,,,0.017204301059246065,0.98779296875,,,,,,,,,,,,,,,,,,,,,,,,,,,,0.48935546874985064,0.4946204718190926,0.9787109374997013,0.9892409436381852,0.0,0.0,0.4938964843743971,0.49692950135071423,0.9877929687487942,0.9938590027014285,0.0,0.0
medseg_covid,segmentation,45,0.014536675438284874,0.9787506103515625,,,,,,,,,,,,,,,,0.01716422736644745,0.98709716796875,,,,,,,,,,,,,,,,,,,,,,,,,,,,0.4893753051756319,0.49463060439815504,0.9787506103512638,0.9892612087963101,0.0,0.0,0.49402109502219005,0.4976975936527083,0.9870970104603485,0.9935066131790605,0.0009451795840316465,0.0018885741263561307
medseg_covid,segmentation,46,0.014362922310829163,0.9787139892578125,,,,,,,,,,,,,,,,0.01678459495306015,0.9860595703125,,,,,,,,,,,,,,,,,,,,,,,,,,,,0.4893569946287569,0.49462125126267653,0.9787139892575139,0.9892425025253531,0.0,0.0,0.4943395735574166,0.49910354110846167,0.9860590597788175,0.9929806013811416,0.0026200873360157128,0.005226480835781665
medseg_covid,segmentation,47,0.014200110733509064,0.978692626953125,,,,,,,,,,,,,,,,0.016430535912513734,0.986572265625,,,,,,,,,,,,,,,,,,,,,,,,,,,,0.48934631347641316,0.49461579510709885,0.9786926269528263,0.9892315902141977,0.0,0.0,0.49464581440414546,0.4993327288487632,0.9865717738674676,0.9932405029059734,0.0027198549408232226,0.005424954791552897
medseg_covid,segmentation,48,0.01409812569618225,0.9787445068359375,,,,,,,,,,,,,,,,0.016048219799995423,0.9878173828125,,,,,,,,,,,,,,,,,,,,,,,,,,,,0.4893722534178194,0.49462904556628373,0.9787445068356389,0.9892580911325675,0.0,0.0,0.49440911754839545,0.4979356423479122,0.9878172340958901,0.9938712846960244,0.0010010010009008008,0.0019999999998
medseg_covid,segmentation,49,0.013965483382344246,0.97872314453125,,,,,,,,,,,,,,,,0.015788477659225465,0.988037109375,,,,,,,,,,,,,,,,,,,,,,,,,,,,0.48936157226547566,0.49462358957900293,0.9787231445309513,0.9892471791580059,0.0,0.0,0.4940185546868969,0.4969912808544167,0.9880371093737939,0.9939825617088334,0.0,0.0
medseg_covid,segmentation,50,0.013787994533777237,0.978741455078125,,,,,,,,,,,,,,,,0.015608970820903779,0.988037109375,,,,,,,,,,,,,,,,,,,,,,,,,,,,0.48937072753891314,0.4946282661467419,0.9787414550778263,0.9892565322934838,0.0,0.0,0.4940185546868969,0.4969912808544167,0.9880371093737939,0.9939825617088334,0.0,0.0
medseg_covid,segmentation,51,0.013721313327550888,0.9787322998046875,,,,,,,,,,,,,,,,0.015523748099803924,0.98802490234375,,,,,,,,,,,,,,,,,,,,,,,,,,,,0.4893661499021944,0.49462592787369125,0.9787322998043888,0.9892518557473825,0.0,0.0,0.49401245117127196,0.4969881922396079,0.9880249023425439,0.9939763844792158,0.0,0.0
medseg_covid,segmentation,52,0.013542935624718666,0.9787139892578125,,,,,,,,,,,,,,,,0.015523914992809296,0.98802490234375,,,,,,,,,,,,,,,,,,,,,,,,,,,,0.4893569946287569,0.49462125126267653,0.9787139892575139,0.9892425025253531,0.0,0.0,0.49401245117127196,0.4969881922396079,0.9880249023425439,0.9939763844792158,0.0,0.0
medseg_covid,segmentation,53,0.0134466253221035,0.9787017822265625,,,,,,,,,,,,,,,,0.015443651378154755,0.98802490234375,,,,,,,,,,,,,,,,,,,,,,,,,,,,0.4893508911131319,0.4946181334739151,0.9787017822262638,0.9892362669478302,0.0,0.0,0.49401245117127196,0.4969881922396079,0.9880249023425439,0.9939763844792158,0.0,0.0
medseg_covid,segmentation,54,0.01333787590265274,0.9787017822265625,,,,,,,,,,,,,,,,0.015491876006126403,0.988037109375,,,,,,,,,,,,,,,,,,,,,,,,,,,,0.4893508911131319,0.4946181334739151,0.9787017822262638,0.9892362669478302,0.0,0.0,0.4940185546868969,0.4969912808544167,0.9880371093737939,0.9939825617088334,0.0,0.0
medseg_covid,segmentation,55,0.013183050602674485,0.9787353515625,,,,,,,,,,,,,,,,0.015493281185626984,0.988037109375,,,,,,,,,,,,,,,,,,,,,,,,,,,,0.48936767578110063,0.4946267073004456,0.9787353515622013,0.9892534146008912,0.0,0.0,0.4940185546868969,0.4969912808544167,0.9880371093737939,0.9939825617088334,0.0,0.0
medseg_covid,segmentation,56,0.01316569298505783,0.9787322998046875,,,,,,,,,,,,,,,,0.0153413325548172,0.988037109375,,,,,,,,,,,,,,,,,,,,,,,,,,,,0.4893661499021944,0.49462592787369125,0.9787322998043888,0.9892518557473825,0.0,0.0,0.4940185546868969,0.4969912808544167,0.9880371093737939,0.9939825617088334,0.0,0.0
medseg_covid,segmentation,57,0.012979817762970924,0.978729248046875,,,,,,,,,,,,,,,,0.01507599800825119,0.988037109375,,,,,,,,,,,,,,,,,,,,,,,,,,,,0.4893646240232882,0.49462514844453265,0.9787292480465764,0.9892502968890653,0.0,0.0,0.4940185546868969,0.4969912808544167,0.9880371093737939,0.9939825617088334,0.0,0.0
medseg_covid,segmentation,58,0.01289580911397934,0.9787017822265625,,,,,,,,,,,,,,,,0.014967580139636994,0.988037109375,,,,,,,,,,,,,,,,,,,,,,,,,,,,0.4893508911131319,0.4946181334739151,0.9787017822262638,0.9892362669478302,0.0,0.0,0.4940185546868969,0.4969912808544167,0.9880371093737939,0.9939825617088334,0.0,0.0
medseg_covid,segmentation,59,0.01285574994981289,0.9786712646484375,,,,,,,,,,,,,,,,0.01497957706451416,0.988037109375,,,,,,,,,,,,,,,,,,,,,,,,,,,,0.4893356323240694,0.4946103388337087,0.9786712646481388,0.9892206776674174,0.0,0.0,0.4940185546868969,0.4969912808544167,0.9880371093737939,0.9939825617088334,0.0,0.0
medseg_covid,segmentation,60,0.01267293505370617,0.978692626953125,,,,,,,,,,,,,,,,0.014847764372825622,0.988037109375,,,,,,,,,,,,,,,,,,,,,,,,,,,,0.48934631347641316,0.49461579510709885,0.9786926269528263,0.9892315902141977,0.0,0.0,0.4940185546868969,0.4969912808544167,0.9880371093737939,0.9939825617088334,0.0,0.0
medseg_covid,segmentation,61,0.012620460242033005,0.978729248046875,,,,,,,,,,,,,,,,0.014798590540885925,0.988037109375,,,,,,,,,,,,,,,,,,,,,,,,,,,,0.4893646240232882,0.49462514844453265,0.9787292480465764,0.9892502968890653,0.0,0.0,0.4940185546868969,0.4969912808544167,0.9880371093737939,0.9939825617088334,0.0,0.0
medseg_covid,segmentation,62,0.012533007934689522,0.9786712646484375,,,,,,,,,,,,,,,,0.014696718752384185,0.988037109375,,,,,,,,,,,,,,,,,,,,,,,,,,,,0.4893356323240694,0.4946103388337087,0.9786712646481388,0.9892206776674174,0.0,0.0,0.4940185546868969,0.4969912808544167,0.9880371093737939,0.9939825617088334,0.0,0.0
medseg_covid,segmentation,63,0.012409672886133195,0.9787139892578125,,,,,,,,,,,,,,,,0.01454380750656128,0.988037109375,,,,,,,,,,,,,,,,,,,,,,,,,,,,0.4893569946287569,0.49462125126267653,0.9787139892575139,0.9892425025253531,0.0,0.0,0.4940185546868969,0.4969912808544167,0.9880371093737939,0.9939825617088334,0.0,0.0
medseg_covid,segmentation,64,0.012343446165323258,0.9786865234375,,,,,,,,,,,,,,,,0.014383932948112488,0.988037109375,,,,,,,,,,,,,,,,,,,,,,,,,,,,0.48934326171860065,0.49461423618386635,0.9786865234372013,0.9892284723677327,0.0,0.0,0.4940185546868969,0.4969912808544167,0.9880371093737939,0.9939825617088334,0.0,0.0
medseg_covid,segmentation,65,0.012273991480469704,0.9786865234375,,,,,,,,,,,,,,,,0.014270731806755066,0.988037109375,,,,,,,,,,,,,,,,,,,,,,,,,,,,0.48934326171860065,0.49461423618386635,0.9786865234372013,0.9892284723677327,0.0,0.0,0.4940185546868969,0.4969912808544167,0.9880371093737939,0.9939825617088334,0.0,0.0
medseg_covid,segmentation,66,0.01214849203824997,0.978729248046875,,,,,,,,,,,,,,,,0.014246852695941925,0.988037109375,,,,,,,,,,,,,,,,,,,,,,,,,,,,0.4893646240232882,0.49462514844453265,0.9787292480465764,0.9892502968890653,0.0,0.0,0.4940185546868969,0.4969912808544167,0.9880371093737939,0.9939825617088334,0.0,0.0
medseg_covid,segmentation,67,0.012029662355780601,0.978704833984375,,,,,,,,,,,,,,,,0.014298100769519807,0.988037109375,,,,,,,,,,,,,,,,,,,,,,,,,,,,0.4893524169920382,0.4946189129247119,0.9787048339840764,0.9892378258494238,0.0,0.0,0.4940185546868969,0.4969912808544167,0.9880371093737939,0.9939825617088334,0.0,0.0
medseg_covid,segmentation,68,0.012002240121364593,0.9787109375,,,,,,,,,,,,,,,,0.014389233291149139,0.988037109375,,,,,,,,,,,,,,,,,,,,,,,,,,,,0.48935546874985064,0.4946204718190926,0.9787109374997013,0.9892409436381852,0.0,0.0,0.4940185546868969,0.4969912808544167,0.9880371093737939,0.9939825617088334,0.0,0.0
medseg_covid,segmentation,69,0.011961494758725166,0.97872314453125,,,,,,,,,,,,,,,,0.014393630623817443,0.988037109375,,,,,,,,,,,,,,,,,,,,,,,,,,,,0.48936157226547566,0.49462358957900293,0.9787231445309513,0.9892471791580059,0.0,0.0,0.4940185546868969,0.4969912808544167,0.9880371093737939,0.9939825617088334,0.0,0.0
medseg_covid,segmentation,70,0.011837536841630936,0.97869873046875,,,,,,,,,,,,,,,,0.014197024703025817,0.988037109375,,,,,,,,,,,,,,,,,,,,,,,,,,,,0.4893493652342257,0.494617354020714,0.9786987304684514,0.989234708041428,0.0,0.0,0.4940185546868969,0.4969912808544167,0.9880371093737939,0.9939825617088334,0.0,0.0
medseg_covid,segmentation,71,0.011766065284609795,0.97869873046875,,,,,,,,,,,,,,,,0.014063845574855804,0.988037109375,,,,,,,,,,,,,,,,,,,,,,,,,,,,0.4893493652342257,0.494617354020714,0.9786987304684514,0.989234708041428,0.0,0.0,0.4940185546868969,0.4969912808544167,0.9880371093737939,0.9939825617088334,0.0,0.0
medseg_covid,segmentation,72,0.011697402223944664,0.978717041015625,,,,,,,,,,,,,,,,0.013989123702049255,0.988037109375,,,,,,,,,,,,,,,,,,,,,,,,,,,,0.48935852050766315,0.49462203070385624,0.9787170410153263,0.9892440614077125,0.0,0.0,0.4940185546868969,0.4969912808544167,0.9880371093737939,0.9939825617088334,0.0,0.0
medseg_covid,segmentation,73,0.011617936193943024,0.9787353515625,,,,,,,,,,,,,,,,0.01400543600320816,0.988037109375,,,,,,,,,,,,,,,,,,,,,,,,,,,,0.48936767578110063,0.4946267073004456,0.9787353515622013,0.9892534146008912,0.0,0.0,0.4940185546868969,0.4969912808544167,0.9880371093737939,0.9939825617088334,0.0,0.0
medseg_covid,segmentation,74,0.01151287704706192,0.978692626953125,,,,,,,,,,,,,,,,0.013987895846366883,0.988037109375,,,,,,,,,,,,,,,,,,,,,,,,,,,,0.48934631347641316,0.49461579510709885,0.9786926269528263,0.9892315902141977,0.0,0.0,0.4940185546868969,0.4969912808544167,0.9880371093737939,0.9939825617088334,0.0,0.0
medseg_covid,segmentation,75,0.011537877097725868,0.978729248046875,,,,,,,,,,,,,,,,0.013932427763938904,0.988037109375,,,,,,,,,,,,,,,,,,,,,,,,,,,,0.4893646240232882,0.49462514844453265,0.9787292480465764,0.9892502968890653,0.0,0.0,0.4940185546868969,0.4969912808544167,0.9880371093737939,0.9939825617088334,0.0,0.0
medseg_covid,segmentation,76,0.011451686918735503,0.9787139892578125,,,,,,,,,,,,,,,,0.013823798298835755,0.988037109375,,,,,,,,,,,,,,,,,,,,,,,,,,,,0.4893569946287569,0.49462125126267653,0.9787139892575139,0.9892425025253531,0.0,0.0,0.4940185546868969,0.4969912808544167,0.9880371093737939,0.9939825617088334,0.0,0.0
medseg_covid,segmentation,77,0.011398394405841828,0.9787261962890625,,,,,,,,,,,,,,,,0.013761073350906372,0.988037109375,,,,,,,,,,,,,,,,,,,,,,,,,,,,0.4893630981443819,0.4946243690129699,0.9787261962887638,0.9892487380259398,0.0,0.0,0.4940185546868969,0.4969912808544167,0.9880371093737939,0.9939825617088334,0.0,0.0
medseg_covid,segmentation,78,0.011317719519138337,0.9786773681640625,,,,,,,,,,,,,,,,0.013676327466964722,0.988037109375,,,,,,,,,,,,,,,,,,,,,,,,,,,,0.4893386840818819,0.4946118977809849,0.9786773681637638,0.9892237955619698,0.0,0.0,0.4940185546868969,0.4969912808544167,0.9880371093737939,0.9939825617088334,0.0,0.0
medseg_covid,segmentation,79,0.011258330196142197,0.9786865234375,,,,,,,,,,,,,,,,0.01347687393426895,0.988037109375,,,,,,,,,,,,,,,,,,,,,,,,,,,,0.48934326171860065,0.49461423618386635,0.9786865234372013,0.9892284723677327,0.0,0.0,0.4940185546868969,0.4969912808544167,0.9880371093737939,0.9939825617088334,0.0,0.0
medseg_covid,segmentation,80,0.011170100048184394,0.9787139892578125,,,,,,,,,,,,,,,,0.013395510613918304,0.988037109375,,,,,,,,,,,,,,,,,,,,,,,,,,,,0.4893569946287569,0.49462125126267653,0.9787139892575139,0.9892425025253531,0.0,0.0,0.4940185546868969,0.4969912808544167,0.9880371093737939,0.9939825617088334,0.0,0.0
medseg_covid,segmentation,81,0.011170502007007598,0.9786773681640625,,,,,,,,,,,,,,,,0.013463935256004334,0.988037109375,,,,,,,,,,,,,,,,,,,,,,,,,,,,0.4893386840818819,0.4946118977809849,0.9786773681637638,0.9892237955619698,0.0,0.0,0.4940185546868969,0.4969912808544167,0.9880371093737939,0.9939825617088334,0.0,0.0
medseg_covid,segmentation,82,0.011065466329455376,0.978741455078125,,,,,,,,,,,,,,,,0.013450120389461518,0.988037109375,,,,,,,,,,,,,,,,,,,,,,,,,,,,0.48937072753891314,0.4946282661467419,0.9787414550778263,0.9892565322934838,0.0,0.0,0.4940185546868969,0.4969912808544167,0.9880371093737939,0.9939825617088334,0.0,0.0
medseg_covid,segmentation,83,0.011038702726364136,0.978704833984375,,,,,,,,,,,,,,,,0.013380782306194305,0.988037109375,,,,,,,,,,,,,,,,,,,,,,,,,,,,0.4893524169920382,0.4946189129247119,0.9787048339840764,0.9892378258494238,0.0,0.0,0.4940185546868969,0.4969912808544167,0.9880371093737939,0.9939825617088334,0.0,0.0
medseg_covid,segmentation,84,0.011008340865373611,0.9787200927734375,,,,,,,,,,,,,,,,0.013414764404296875,0.988037109375,,,,,,,,,,,,,,,,,,,,,,,,,,,,0.4893600463865694,0.4946228101426317,0.9787200927731388,0.9892456202852634,0.0,0.0,0.4940185546868969,0.4969912808544167,0.9880371093737939,0.9939825617088334,0.0,0.0
medseg_covid,segmentation,85,0.010886108502745628,0.97867431640625,,,,,,,,,,,,,,,,0.013443465530872344,0.988037109375,,,,,,,,,,,,,,,,,,,,,,,,,,,,0.4893371582029757,0.49461111830854904,0.9786743164059514,0.9892222366170981,0.0,0.0,0.4940185546868969,0.4969912808544167,0.9880371093737939,0.9939825617088334,0.0,0.0
medseg_covid,segmentation,86,0.010945921391248703,0.9786956787109375,,,,,,,,,,,,,,,,0.013427890837192535,0.988037109375,,,,,,,,,,,,,,,,,,,,,,,,,,,,0.4893478393553194,0.4946165745651086,0.9786956787106388,0.9892331491302172,0.0,0.0,0.4940185546868969,0.4969912808544167,0.9880371093737939,0.9939825617088334,0.0,0.0
medseg_covid,segmentation,87,0.010804211348295211,0.9787109375,,,,,,,,,,,,,,,,0.013292372226715088,0.988037109375,,,,,,,,,,,,,,,,,,,,,,,,,,,,0.48935546874985064,0.4946204718190926,0.9787109374997013,0.9892409436381852,0.0,0.0,0.4940185546868969,0.4969912808544167,0.9880371093737939,0.9939825617088334,0.0,0.0
medseg_covid,segmentation,88,0.01078355759382248,0.9786956787109375,,,,,,,,,,,,,,,,0.013197319209575653,0.988037109375,,,,,,,,,,,,,,,,,,,,,,,,,,,,0.4893478393553194,0.4946165745651086,0.9786956787106388,0.9892331491302172,0.0,0.0,0.4940185546868969,0.4969912808544167,0.9880371093737939,0.9939825617088334,0.0,0.0
medseg_covid,segmentation,89,0.010651548951864242,0.97869873046875,,,,,,,,,,,,,,,,0.013133206963539123,0.988037109375,,,,,,,,,,,,,,,,,,,,,,,,,,,,0.4893493652342257,0.494617354020714,0.9786987304684514,0.989234708041428,0.0,0.0,0.4940185546868969,0.4969912808544167,0.9880371093737939,0.9939825617088334,0.0,0.0
medseg_covid,segmentation,90,0.010622788220643997,0.97867431640625,,,,,,,,,,,,,,,,0.013077080249786377,0.988037109375,,,,,,,,,,,,,,,,,,,,,,,,,,,,0.4893371582029757,0.49461111830854904,0.9786743164059514,0.9892222366170981,0.0,0.0,0.4940185546868969,0.4969912808544167,0.9880371093737939,0.9939825617088334,0.0,0.0
medseg_covid,segmentation,91,0.010622479021549225,0.978729248046875,,,,,,,,,,,,,,,,0.013034924864768982,0.988037109375,,,,,,,,,,,,,,,,,,,,,,,,,,,,0.4893646240232882,0.49462514844453265,0.9787292480465764,0.9892502968890653,0.0,0.0,0.4940185546868969,0.4969912808544167,0.9880371093737939,0.9939825617088334,0.0,0.0
medseg_covid,segmentation,92,0.010633076727390289,0.9786956787109375,,,,,,,,,,,,,,,,0.01303975135087967,0.988037109375,,,,,,,,,,,,,,,,,,,,,,,,,,,,0.4893478393553194,0.4946165745651086,0.9786956787106388,0.9892331491302172,0.0,0.0,0.4940185546868969,0.4969912808544167,0.9880371093737939,0.9939825617088334,0.0,0.0
medseg_covid,segmentation,93,0.010611485317349434,0.9786773681640625,,,,,,,,,,,,,,,,0.013012699782848358,0.988037109375,,,,,,,,,,,,,,,,,,,,,,,,,,,,0.4893386840818819,0.4946118977809849,0.9786773681637638,0.9892237955619698,0.0,0.0,0.4940185546868969,0.4969912808544167,0.9880371093737939,0.9939825617088334,0.0,0.0
medseg_covid,segmentation,94,0.010534124448895454,0.9786865234375,,,,,,,,,,,,,,,,0.013007949292659759,0.988037109375,,,,,,,,,,,,,,,,,,,,,,,,,,,,0.48934326171860065,0.49461423618386635,0.9786865234372013,0.9892284723677327,0.0,0.0,0.4940185546868969,0.4969912808544167,0.9880371093737939,0.9939825617088334,0.0,0.0
medseg_covid,segmentation,95,0.010462847724556922,0.9787322998046875,,,,,,,,,,,,,,,,0.013101360201835633,0.988037109375,,,,,,,,,,,,,,,,,,,,,,,,,,,,0.4893661499021944,0.49462592787369125,0.9787322998043888,0.9892518557473825,0.0,0.0,0.4940185546868969,0.4969912808544167,0.9880371093737939,0.9939825617088334,0.0,0.0
medseg_covid,segmentation,96,0.010436061397194862,0.9787078857421875,,,,,,,,,,,,,,,,0.013041935861110687,0.988037109375,,,,,,,,,,,,,,,,,,,,,,,,,,,,0.4893539428709444,0.4946196923731044,0.9787078857418888,0.9892393847462088,0.0,0.0,0.4940185546868969,0.4969912808544167,0.9880371093737939,0.9939825617088334,0.0,0.0
medseg_covid,segmentation,97,0.010401270166039468,0.9786956787109375,,,,,,,,,,,,,,,,0.012907366454601287,0.988037109375,,,,,,,,,,,,,,,,,,,,,,,,,,,,0.4893478393553194,0.4946165745651086,0.9786956787106388,0.9892331491302172,0.0,0.0,0.4940185546868969,0.4969912808544167,0.9880371093737939,0.9939825617088334,0.0,0.0
medseg_covid,segmentation,98,0.01036992333829403,0.9787200927734375,,,,,,,,,,,,,,,,0.012857677042484283,0.988037109375,,,,,,,,,,,,,,,,,,,,,,,,,,,,0.4893600463865694,0.4946228101426317,0.9787200927731388,0.9892456202852634,0.0,0.0,0.4940185546868969,0.4969912808544167,0.9880371093737939,0.9939825617088334,0.0,0.0
medseg_covid,segmentation,99,0.010304896906018258,0.9787200927734375,,,,,,,,,,,,,,,,0.012744426727294922,0.988037109375,,,,,,,,,,,,,,,,,,,,,,,,,,,,0.4893600463865694,0.4946228101426317,0.9787200927731388,0.9892456202852634,0.0,0.0,0.4940185546868969,0.4969912808544167,0.9880371093737939,0.9939825617088334,0.0,0.0
medseg_covid,segmentation,100,0.010325068235397339,0.97872314453125,,,,,,,,,,,,,,,,0.012689891457557678,0.988037109375,,,,,,,,,,,,,,,,,,,,,,,,,,,,0.48936157226547566,0.49462358957900293,0.9787231445309513,0.9892471791580059,0.0,0.0,0.4940185546868969,0.4969912808544167,0.9880371093737939,0.9939825617088334,0.0,0.0
medseg_covid,segmentation,101,0.010236797481775283,0.9787109375,,,,,,,,,,,,,,,,0.012645542621612549,0.988037109375,,,,,,,,,,,,,,,,,,,,,,,,,,,,0.48935546874985064,0.4946204718190926,0.9787109374997013,0.9892409436381852,0.0,0.0,0.4940185546868969,0.4969912808544167,0.9880371093737939,0.9939825617088334,0.0,0.0
medseg_covid,segmentation,102,0.010178111866116524,0.9786773681640625,,,,,,,,,,,,,,,,0.012627300620079041,0.988037109375,,,,,,,,,,,,,,,,,,,,,,,,,,,,0.4893386840818819,0.4946118977809849,0.9786773681637638,0.9892237955619698,0.0,0.0,0.4940185546868969,0.4969912808544167,0.9880371093737939,0.9939825617088334,0.0,0.0
medseg_covid,segmentation,103,0.010230565816164017,0.978692626953125,,,,,,,,,,,,,,,,0.012891711294651031,0.988037109375,,,,,,,,,,,,,,,,,,,,,,,,,,,,0.48934631347641316,0.49461579510709885,0.9786926269528263,0.9892315902141977,0.0,0.0,0.4940185546868969,0.4969912808544167,0.9880371093737939,0.9939825617088334,0.0,0.0
medseg_covid,segmentation,104,0.010172924026846886,0.97869873046875,,,,,,,,,,,,,,,,0.012929226458072662,0.988037109375,,,,,,,,,,,,,,,,,,,,,,,,,,,,0.4893493652342257,0.494617354020714,0.9786987304684514,0.989234708041428,0.0,0.0,0.4940185546868969,0.4969912808544167,0.9880371093737939,0.9939825617088334,0.0,0.0
medseg_covid,segmentation,105,0.010099733248353004,0.9787078857421875,,,,,,,,,,,,,,,,0.012644074857234955,0.988037109375,,,,,,,,,,,,,,,,,,,,,,,,,,,,0.4893539428709444,0.4946196923731044,0.9787078857418888,0.9892393847462088,0.0,0.0,0.4940185546868969,0.4969912808544167,0.9880371093737939,0.9939825617088334,0.0,0.0
medseg_covid,segmentation,106,0.010102009400725365,0.9786834716796875,,,,,,,,,,,,,,,,0.012479006499052047,0.988037109375,,,,,,,,,,,,,,,,,,,,,,,,,,,,0.4893417358396944,0.4946134567186436,0.9786834716793889,0.9892269134372872,0.0,0.0,0.4940185546868969,0.4969912808544167,0.9880371093737939,0.9939825617088334,0.0,0.0
medseg_covid,segmentation,107,0.009999743103981018,0.9787109375,,,,,,,,,,,,,,,,0.012532591819763184,0.988037109375,,,,,,,,,,,,,,,,,,,,,,,,,,,,0.48935546874985064,0.4946204718190926,0.9787109374997013,0.9892409436381852,0.0,0.0,0.4940185546868969,0.4969912808544167,0.9880371093737939,0.9939825617088334,0.0,0.0
medseg_covid,segmentation,108,0.010008873417973518,0.9787139892578125,,,,,,,,,,,,,,,,0.012561124563217164,0.988037109375,,,,,,,,,,,,,,,,,,,,,,,,,,,,0.4893569946287569,0.49462125126267653,0.9787139892575139,0.9892425025253531,0.0,0.0,0.4940185546868969,0.4969912808544167,0.9880371093737939,0.9939825617088334,0.0,0.0
medseg_covid,segmentation,109,0.009963327273726463,0.9786865234375,,,,,,,,,,,,,,,,0.01244792491197586,0.988037109375,,,,,,,,,,,,,,,,,,,,,,,,,,,,0.48934326171860065,0.49461423618386635,0.9786865234372013,0.9892284723677327,0.0,0.0,0.4940185546868969,0.4969912808544167,0.9880371093737939,0.9939825617088334,0.0,0.0
medseg_covid,segmentation,110,0.009950544685125351,0.9787261962890625,,,,,,,,,,,,,,,,0.012397816032171249,0.988037109375,,,,,,,,,,,,,,,,,,,,,,,,,,,,0.4893630981443819,0.4946243690129699,0.9787261962887638,0.9892487380259398,0.0,0.0,0.4940185546868969,0.4969912808544167,0.9880371093737939,0.9939825617088334,0.0,0.0
medseg_covid,segmentation,111,0.009936942160129547,0.9786773681640625,,,,,,,,,,,,,,,,0.012678594887256622,0.988037109375,,,,,,,,,,,,,,,,,,,,,,,,,,,,0.4893386840818819,0.4946118977809849,0.9786773681637638,0.9892237955619698,0.0,0.0,0.4940185546868969,0.4969912808544167,0.9880371093737939,0.9939825617088334,0.0,0.0
medseg_covid,segmentation,112,0.009885222092270851,0.9787322998046875,,,,,,,,,,,,,,,,0.012687350809574127,0.988037109375,,,,,,,,,,,,,,,,,,,,,,,,,,,,0.4893661499021944,0.49462592787369125,0.9787322998043888,0.9892518557473825,0.0,0.0,0.4940185546868969,0.4969912808544167,0.9880371093737939,0.9939825617088334,0.0,0.0
medseg_covid,segmentation,113,0.00987262763082981,0.97867431640625,,,,,,,,,,,,,,,,0.012452750653028487,0.988037109375,,,,,,,,,,,,,,,,,,,,,,,,,,,,0.4893371582029757,0.49461111830854904,0.9786743164059514,0.9892222366170981,0.0,0.0,0.4940185546868969,0.4969912808544167,0.9880371093737939,0.9939825617088334,0.0,0.0
medseg_covid,segmentation,114,0.009825288876891136,0.978704833984375,,,,,,,,,,,,,,,,0.012407372146844864,0.988037109375,,,,,,,,,,,,,,,,,,,,,,,,,,,,0.4893524169920382,0.4946189129247119,0.9787048339840764,0.9892378258494238,0.0,0.0,0.4940185546868969,0.4969912808544167,0.9880371093737939,0.9939825617088334,0.0,0.0
medseg_covid,segmentation,115,0.009855915606021882,0.9787261962890625,,,,,,,,,,,,,,,,0.012589403986930847,0.988037109375,,,,,,,,,,,,,,,,,,,,,,,,,,,,0.4893630981443819,0.4946243690129699,0.9787261962887638,0.9892487380259398,0.0,0.0,0.4940185546868969,0.4969912808544167,0.9880371093737939,0.9939825617088334,0.0,0.0
medseg_covid,segmentation,116,0.009769447892904282,0.9787200927734375,,,,,,,,,,,,,,,,0.01262919008731842,0.988037109375,,,,,,,,,,,,,,,,,,,,,,,,,,,,0.4893600463865694,0.4946228101426317,0.9787200927731388,0.9892456202852634,0.0,0.0,0.4940185546868969,0.4969912808544167,0.9880371093737939,0.9939825617088334,0.0,0.0
medseg_covid,segmentation,117,0.009771289303898811,0.9786895751953125,,,,,,,,,,,,,,,,0.01252506673336029,0.988037109375,,,,,,,,,,,,,,,,,,,,,,,,,,,,0.48934478759750694,0.4946150156466848,0.9786895751950139,0.9892300312933696,0.0,0.0,0.4940185546868969,0.4969912808544167,0.9880371093737939,0.9939825617088334,0.0,0.0
medseg_covid,segmentation,118,0.009769493713974953,0.9787017822265625,,,,,,,,,,,,,,,,0.012455105036497115,0.988037109375,,,,,,,,,,,,,,,,,,,,,,,,,,,,0.4893508911131319,0.4946181334739151,0.9787017822262638,0.9892362669478302,0.0,0.0,0.4940185546868969,0.4969912808544167,0.9880371093737939,0.9939825617088334,0.0,0.0
medseg_covid,segmentation,119,0.009694816172122955,0.978704833984375,,,,,,,,,,,,,,,,0.012349209189414978,0.988037109375,,,,,,,,,,,,,,,,,,,,,,,,,,,,0.4893524169920382,0.4946189129247119,0.9787048339840764,0.9892378258494238,0.0,0.0,0.4940185546868969,0.4969912808544167,0.9880371093737939,0.9939825617088334,0.0,0.0
medseg_covid,segmentation,120,0.009650173410773278,0.9787322998046875,,,,,,,,,,,,,,,,0.01221967563033104,0.988037109375,,,,,,,,,,,,,,,,,,,,,,,,,,,,0.4893661499021944,0.49462592787369125,0.9787322998043888,0.9892518557473825,0.0,0.0,0.4940185546868969,0.4969912808544167,0.9880371093737939,0.9939825617088334,0.0,0.0
medseg_covid,segmentation,121,0.009669217094779015,0.9787017822265625,,,,,,,,,,,,,,,,0.012168310582637787,0.988037109375,,,,,,,,,,,,,,,,,,,,,,,,,,,,0.4893508911131319,0.4946181334739151,0.9787017822262638,0.9892362669478302,0.0,0.0,0.4940185546868969,0.4969912808544167,0.9880371093737939,0.9939825617088334,0.0,0.0
medseg_covid,segmentation,122,0.009686179459095001,0.9786865234375,,,,,,,,,,,,,,,,0.012169493734836579,0.988037109375,,,,,,,,,,,,,,,,,,,,,,,,,,,,0.48934326171860065,0.49461423618386635,0.9786865234372013,0.9892284723677327,0.0,0.0,0.4940185546868969,0.4969912808544167,0.9880371093737939,0.9939825617088334,0.0,0.0
medseg_covid,segmentation,123,0.009550457075238227,0.9787017822265625,,,,,,,,,,,,,,,,0.01220126375555992,0.988037109375,,,,,,,,,,,,,,,,,,,,,,,,,,,,0.4893508911131319,0.4946181334739151,0.9787017822262638,0.9892362669478302,0.0,0.0,0.4940185546868969,0.4969912808544167,0.9880371093737939,0.9939825617088334,0.0,0.0
medseg_covid,segmentation,124,0.009693974629044533,0.9787445068359375,,,,,,,,,,,,,,,,0.01220858171582222,0.988037109375,,,,,,,,,,,,,,,,,,,,,,,,,,,,0.4893722534178194,0.49462904556628373,0.9787445068356389,0.9892580911325675,0.0,0.0,0.4940185546868969,0.4969912808544167,0.9880371093737939,0.9939825617088334,0.0,0.0
medseg_covid,segmentation,125,0.009627479314804076,0.978704833984375,,,,,,,,,,,,,,,,0.012148123234510422,0.988037109375,,,,,,,,,,,,,,,,,,,,,,,,,,,,0.4893524169920382,0.4946189129247119,0.9787048339840764,0.9892378258494238,0.0,0.0,0.4940185546868969,0.4969912808544167,0.9880371093737939,0.9939825617088334,0.0,0.0
medseg_covid,segmentation,126,0.009605880826711655,0.9787139892578125,,,,,,,,,,,,,,,,0.012112259119749069,0.988037109375,,,,,,,,,,,,,,,,,,,,,,,,,,,,0.4893569946287569,0.49462125126267653,0.9787139892575139,0.9892425025253531,0.0,0.0,0.4940185546868969,0.4969912808544167,0.9880371093737939,0.9939825617088334,0.0,0.0
medseg_covid,segmentation,127,0.009609291329979897,0.9786712646484375,,,,,,,,,,,,,,,,0.012139884382486343,0.988037109375,,,,,,,,,,,,,,,,,,,,,,,,,,,,0.4893356323240694,0.4946103388337087,0.9786712646481388,0.9892206776674174,0.0,0.0,0.4940185546868969,0.4969912808544167,0.9880371093737939,0.9939825617088334,0.0,0.0
medseg_covid,segmentation,128,0.009542014822363854,0.978704833984375,,,,,,,,,,,,,,,,0.01210869401693344,0.988037109375,,,,,,,,,,,,,,,,,,,,,,,,,,,,0.4893524169920382,0.4946189129247119,0.9787048339840764,0.9892378258494238,0.0,0.0,0.4940185546868969,0.4969912808544167,0.9880371093737939,0.9939825617088334,0.0,0.0
medseg_covid,segmentation,129,0.009538465738296508,0.9787109375,,,,,,,,,,,,,,,,0.012102340906858444,0.988037109375,,,,,,,,,,,,,,,,,,,,,,,,,,,,0.48935546874985064,0.4946204718190926,0.9787109374997013,0.9892409436381852,0.0,0.0,0.4940185546868969,0.4969912808544167,0.9880371093737939,0.9939825617088334,0.0,0.0
medseg_covid,segmentation,130,0.009586108475923538,0.978704833984375,,,,,,,,,,,,,,,,0.012139344215393066,0.988037109375,,,,,,,,,,,,,,,,,,,,,,,,,,,,0.4893524169920382,0.4946189129247119,0.9787048339840764,0.9892378258494238,0.0,0.0,0.4940185546868969,0.4969912808544167,0.9880371093737939,0.9939825617088334,0.0,0.0
medseg_covid,segmentation,131,0.009494192339479924,0.9786773681640625,,,,,,,,,,,,,,,,0.012204133719205857,0.988037109375,,,,,,,,,,,,,,,,,,,,,,,,,,,,0.4893386840818819,0.4946118977809849,0.9786773681637638,0.9892237955619698,0.0,0.0,0.4940185546868969,0.4969912808544167,0.9880371093737939,0.9939825617088334,0.0,0.0
medseg_covid,segmentation,132,0.00950382836163044,0.9786773681640625,,,,,,,,,,,,,,,,0.01222008913755417,0.988037109375,,,,,,,,,,,,,,,,,,,,,,,,,,,,0.4893386840818819,0.4946118977809849,0.9786773681637638,0.9892237955619698,0.0,0.0,0.4940185546868969,0.4969912808544167,0.9880371093737939,0.9939825617088334,0.0,0.0
medseg_covid,segmentation,133,0.00955086350440979,0.9786956787109375,,,,,,,,,,,,,,,,0.012120449542999267,0.988037109375,,,,,,,,,,,,,,,,,,,,,,,,,,,,0.4893478393553194,0.4946165745651086,0.9786956787106388,0.9892331491302172,0.0,0.0,0.4940185546868969,0.4969912808544167,0.9880371093737939,0.9939825617088334,0.0,0.0
medseg_covid,segmentation,134,0.00946296490728855,0.9787017822265625,,,,,,,,,,,,,,,,0.011972659081220628,0.988037109375,,,,,,,,,,,,,,,,,,,,,,,,,,,,0.4893508911131319,0.4946181334739151,0.9787017822262638,0.9892362669478302,0.0,0.0,0.4940185546868969,0.4969912808544167,0.9880371093737939,0.9939825617088334,0.0,0.0
medseg_covid,segmentation,135,0.009466440230607987,0.9786834716796875,,,,,,,,,,,,,,,,0.0118851438164711,0.988037109375,,,,,,,,,,,,,,,,,,,,,,,,,,,,0.4893417358396944,0.4946134567186436,0.9786834716793889,0.9892269134372872,0.0,0.0,0.4940185546868969,0.4969912808544167,0.9880371093737939,0.9939825617088334,0.0,0.0
medseg_covid,segmentation,136,0.0095195010304451,0.9787109375,,,,,,,,,,,,,,,,0.011875778436660767,0.988037109375,,,,,,,,,,,,,,,,,,,,,,,,,,,,0.48935546874985064,0.4946204718190926,0.9787109374997013,0.9892409436381852,0.0,0.0,0.4940185546868969,0.4969912808544167,0.9880371093737939,0.9939825617088334,0.0,0.0
medseg_covid,segmentation,137,0.009433319233357907,0.9787200927734375,,,,,,,,,,,,,,,,0.01191500499844551,0.988037109375,,,,,,,,,,,,,,,,,,,,,,,,,,,,0.4893600463865694,0.4946228101426317,0.9787200927731388,0.9892456202852634,0.0,0.0,0.4940185546868969,0.4969912808544167,0.9880371093737939,0.9939825617088334,0.0,0.0
medseg_covid,segmentation,138,0.009462303295731545,0.978704833984375,,,,,,,,,,,,,,,,0.012016750127077102,0.988037109375,,,,,,,,,,,,,,,,,,,,,,,,,,,,0.4893524169920382,0.4946189129247119,0.9787048339840764,0.9892378258494238,0.0,0.0,0.4940185546868969,0.4969912808544167,0.9880371093737939,0.9939825617088334,0.0,0.0
medseg_covid,segmentation,139,0.00946201179176569,0.97867431640625,,,,,,,,,,,,,,,,0.012193366140127181,0.988037109375,,,,,,,,,,,,,,,,,,,,,,,,,,,,0.4893371582029757,0.49461111830854904,0.9786743164059514,0.9892222366170981,0.0,0.0,0.4940185546868969,0.4969912808544167,0.9880371093737939,0.9939825617088334,0.0,0.0
medseg_covid,segmentation,140,0.009517836384475231,0.978729248046875,,,,,,,,,,,,,,,,0.012177304178476334,0.988037109375,,,,,,,,,,,,,,,,,,,,,,,,,,,,0.4893646240232882,0.49462514844453265,0.9787292480465764,0.9892502968890653,0.0,0.0,0.4940185546868969,0.4969912808544167,0.9880371093737939,0.9939825617088334,0.0,0.0
medseg_covid,segmentation,141,0.00940755158662796,0.9787017822265625,,,,,,,,,,,,,,,,0.011942774057388306,0.988037109375,,,,,,,,,,,,,,,,,,,,,,,,,,,,0.4893508911131319,0.4946181334739151,0.9787017822262638,0.9892362669478302,0.0,0.0,0.4940185546868969,0.4969912808544167,0.9880371093737939,0.9939825617088334,0.0,0.0
medseg_covid,segmentation,142,0.009455997496843338,0.9787139892578125,,,,,,,,,,,,,,,,0.01187916174530983,0.988037109375,,,,,,,,,,,,,,,,,,,,,,,,,,,,0.4893569946287569,0.49462125126267653,0.9787139892575139,0.9892425025253531,0.0,0.0,0.4940185546868969,0.4969912808544167,0.9880371093737939,0.9939825617088334,0.0,0.0
medseg_covid,segmentation,143,0.009369002282619476,0.9787139892578125,,,,,,,,,,,,,,,,0.011868945509195327,0.988037109375,,,,,,,,,,,,,,,,,,,,,,,,,,,,0.4893569946287569,0.49462125126267653,0.9787139892575139,0.9892425025253531,0.0,0.0,0.4940185546868969,0.4969912808544167,0.9880371093737939,0.9939825617088334,0.0,0.0
medseg_covid,segmentation,144,0.009362106397747993,0.978692626953125,,,,,,,,,,,,,,,,0.011897655576467514,0.988037109375,,,,,,,,,,,,,,,,,,,,,,,,,,,,0.48934631347641316,0.49461579510709885,0.9786926269528263,0.9892315902141977,0.0,0.0,0.4940185546868969,0.4969912808544167,0.9880371093737939,0.9939825617088334,0.0,0.0
medseg_covid,segmentation,145,0.009403754211962222,0.978729248046875,,,,,,,,,,,,,,,,0.01190597414970398,0.988037109375,,,,,,,,,,,,,,,,,,,,,,,,,,,,0.4893646240232882,0.49462514844453265,0.9787292480465764,0.9892502968890653,0.0,0.0,0.4940185546868969,0.4969912808544167,0.9880371093737939,0.9939825617088334,0.0,0.0
medseg_covid,segmentation,146,0.00936660673469305,0.9786834716796875,,,,,,,,,,,,,,,,0.01190667822957039,0.988037109375,,,,,,,,,,,,,,,,,,,,,,,,,,,,0.4893417358396944,0.4946134567186436,0.9786834716793889,0.9892269134372872,0.0,0.0,0.4940185546868969,0.4969912808544167,0.9880371093737939,0.9939825617088334,0.0,0.0
medseg_covid,segmentation,147,0.009232754446566105,0.9787078857421875,,,,,,,,,,,,,,,,0.011914512515068055,0.988037109375,,,,,,,,,,,,,,,,,,,,,,,,,,,,0.4893539428709444,0.4946196923731044,0.9787078857418888,0.9892393847462088,0.0,0.0,0.4940185546868969,0.4969912808544167,0.9880371093737939,0.9939825617088334,0.0,0.0
medseg_covid,segmentation,148,0.009321531653404236,0.9787078857421875,,,,,,,,,,,,,,,,0.011932715773582458,0.988037109375,,,,,,,,,,,,,,,,,,,,,,,,,,,,0.4893539428709444,0.4946196923731044,0.9787078857418888,0.9892393847462088,0.0,0.0,0.4940185546868969,0.4969912808544167,0.9880371093737939,0.9939825617088334,0.0,0.0
medseg_covid,segmentation,149,0.009355892054736614,0.9787109375,,,,,,,,,,,,,,,,0.011906084418296815,0.988037109375,,,,,,,,,,,,,,,,,,,,,,,,,,,,0.48935546874985064,0.4946204718190926,0.9787109374997013,0.9892409436381852,0.0,0.0,0.4940185546868969,0.4969912808544167,0.9880371093737939,0.9939825617088334,0.0,0.0
medseg_covid,segmentation,150,0.009339510090649128,0.978704833984375,,,,,,,,,,,,,,,,0.011895419657230377,0.988037109375,,,,,,,,,,,,,,,,,,,,,,,,,,,,0.4893524169920382,0.4946189129247119,0.9787048339840764,0.9892378258494238,0.0,0.0,0.4940185546868969,0.4969912808544167,0.9880371093737939,0.9939825617088334,0.0,0.0
medseg_covid,segmentation,151,0.009324385225772858,0.9787139892578125,,,,,,,,,,,,,,,,0.011842534691095353,0.988037109375,,,,,,,,,,,,,,,,,,,,,,,,,,,,0.4893569946287569,0.49462125126267653,0.9787139892575139,0.9892425025253531,0.0,0.0,0.4940185546868969,0.4969912808544167,0.9880371093737939,0.9939825617088334,0.0,0.0
medseg_covid,segmentation,152,0.00933698397129774,0.97869873046875,,,,,,,,,,,,,,,,0.011816073209047318,0.988037109375,,,,,,,,,,,,,,,,,,,,,,,,,,,,0.4893493652342257,0.494617354020714,0.9786987304684514,0.989234708041428,0.0,0.0,0.4940185546868969,0.4969912808544167,0.9880371093737939,0.9939825617088334,0.0,0.0
medseg_covid,segmentation,153,0.009372077323496342,0.9786956787109375,,,,,,,,,,,,,,,,0.011828742921352386,0.988037109375,,,,,,,,,,,,,,,,,,,,,,,,,,,,0.4893478393553194,0.4946165745651086,0.9786956787106388,0.9892331491302172,0.0,0.0,0.4940185546868969,0.4969912808544167,0.9880371093737939,0.9939825617088334,0.0,0.0
medseg_covid,segmentation,154,0.009255148097872734,0.9786956787109375,,,,,,,,,,,,,,,,0.011858899891376496,0.988037109375,,,,,,,,,,,,,,,,,,,,,,,,,,,,0.4893478393553194,0.4946165745651086,0.9786956787106388,0.9892331491302172,0.0,0.0,0.4940185546868969,0.4969912808544167,0.9880371093737939,0.9939825617088334,0.0,0.0
medseg_covid,segmentation,155,0.009371786750853062,0.9787017822265625,,,,,,,,,,,,,,,,0.011909736692905426,0.988037109375,,,,,,,,,,,,,,,,,,,,,,,,,,,,0.4893508911131319,0.4946181334739151,0.9787017822262638,0.9892362669478302,0.0,0.0,0.4940185546868969,0.4969912808544167,0.9880371093737939,0.9939825617088334,0.0,0.0
medseg_covid,segmentation,156,0.009306331165134907,0.9786773681640625,,,,,,,,,,,,,,,,0.011959542334079743,0.988037109375,,,,,,,,,,,,,,,,,,,,,,,,,,,,0.4893386840818819,0.4946118977809849,0.9786773681637638,0.9892237955619698,0.0,0.0,0.4940185546868969,0.4969912808544167,0.9880371093737939,0.9939825617088334,0.0,0.0
medseg_covid,segmentation,157,0.009319767728447914,0.9786956787109375,,,,,,,,,,,,,,,,0.011975216120481491,0.988037109375,,,,,,,,,,,,,,,,,,,,,,,,,,,,0.4893478393553194,0.4946165745651086,0.9786956787106388,0.9892331491302172,0.0,0.0,0.4940185546868969,0.4969912808544167,0.9880371093737939,0.9939825617088334,0.0,0.0
medseg_covid,segmentation,158,0.009244674444198608,0.9787322998046875,,,,,,,,,,,,,,,,0.011962431669235229,0.988037109375,,,,,,,,,,,,,,,,,,,,,,,,,,,,0.4893661499021944,0.49462592787369125,0.9787322998043888,0.9892518557473825,0.0,0.0,0.4940185546868969,0.4969912808544167,0.9880371093737939,0.9939825617088334,0.0,0.0
medseg_covid,segmentation,159,0.009294453635811805,0.9787139892578125,,,,,,,,,,,,,,,,0.011948561668395996,0.988037109375,,,,,,,,,,,,,,,,,,,,,,,,,,,,0.4893569946287569,0.49462125126267653,0.9787139892575139,0.9892425025253531,0.0,0.0,0.4940185546868969,0.4969912808544167,0.9880371093737939,0.9939825617088334,0.0,0.0
medseg_covid,segmentation,160,0.009296464547514916,0.978717041015625,,,,,,,,,,,,,,,,0.011938882619142532,0.988037109375,,,,,,,,,,,,,,,,,,,,,,,,,,,,0.48935852050766315,0.49462203070385624,0.9787170410153263,0.9892440614077125,0.0,0.0,0.4940185546868969,0.4969912808544167,0.9880371093737939,0.9939825617088334,0.0,0.0
medseg_covid,segmentation,161,0.009286801144480706,0.9787322998046875,,,,,,,,,,,,,,,,0.011923612654209137,0.988037109375,,,,,,,,,,,,,,,,,,,,,,,,,,,,0.4893661499021944,0.49462592787369125,0.9787322998043888,0.9892518557473825,0.0,0.0,0.4940185546868969,0.4969912808544167,0.9880371093737939,0.9939825617088334,0.0,0.0
medseg_covid,segmentation,162,0.009338215552270412,0.978717041015625,,,,,,,,,,,,,,,,0.011883372068405151,0.988037109375,,,,,,,,,,,,,,,,,,,,,,,,,,,,0.48935852050766315,0.49462203070385624,0.9787170410153263,0.9892440614077125,0.0,0.0,0.4940185546868969,0.4969912808544167,0.9880371093737939,0.9939825617088334,0.0,0.0
medseg_covid,segmentation,163,0.009334792755544186,0.9786895751953125,,,,,,,,,,,,,,,,0.011879642307758332,0.988037109375,,,,,,,,,,,,,,,,,,,,,,,,,,,,0.48934478759750694,0.4946150156466848,0.9786895751950139,0.9892300312933696,0.0,0.0,0.4940185546868969,0.4969912808544167,0.9880371093737939,0.9939825617088334,0.0,0.0
medseg_covid,segmentation,164,0.009322012029588222,0.9787445068359375,,,,,,,,,,,,,,,,0.011877226829528808,0.988037109375,,,,,,,,,,,,,,,,,,,,,,,,,,,,0.4893722534178194,0.49462904556628373,0.9787445068356389,0.9892580911325675,0.0,0.0,0.4940185546868969,0.4969912808544167,0.9880371093737939,0.9939825617088334,0.0,0.0
medseg_covid,segmentation,165,0.009257272817194462,0.9786834716796875,,,,,,,,,,,,,,,,0.011891823261976242,0.988037109375,,,,,,,,,,,,,,,,,,,,,,,,,,,,0.4893417358396944,0.4946134567186436,0.9786834716793889,0.9892269134372872,0.0,0.0,0.4940185546868969,0.4969912808544167,0.9880371093737939,0.9939825617088334,0.0,0.0
medseg_covid,segmentation,166,0.009278745763003826,0.97869873046875,,,,,,,,,,,,,,,,0.01189328357577324,0.988037109375,,,,,,,,,,,,,,,,,,,,,,,,,,,,0.4893493652342257,0.494617354020714,0.9786987304684514,0.989234708041428,0.0,0.0,0.4940185546868969,0.4969912808544167,0.9880371093737939,0.9939825617088334,0.0,0.0
medseg_covid,segmentation,167,0.009303483366966247,0.9787078857421875,,,,,,,,,,,,,,,,0.011878528445959092,0.988037109375,,,,,,,,,,,,,,,,,,,,,,,,,,,,0.4893539428709444,0.4946196923731044,0.9787078857418888,0.9892393847462088,0.0,0.0,0.4940185546868969,0.4969912808544167,0.9880371093737939,0.9939825617088334,0.0,0.0
medseg_covid,segmentation,168,0.009263236820697785,0.9787139892578125,,,,,,,,,,,,,,,,0.01188628375530243,0.988037109375,,,,,,,,,,,,,,,,,,,,,,,,,,,,0.4893569946287569,0.49462125126267653,0.9787139892575139,0.9892425025253531,0.0,0.0,0.4940185546868969,0.4969912808544167,0.9880371093737939,0.9939825617088334,0.0,0.0
medseg_covid,segmentation,169,0.009286989085376262,0.9787109375,,,,,,,,,,,,,,,,0.011878857016563415,0.988037109375,,,,,,,,,,,,,,,,,,,,,,,,,,,,0.48935546874985064,0.4946204718190926,0.9787109374997013,0.9892409436381852,0.0,0.0,0.4940185546868969,0.4969912808544167,0.9880371093737939,0.9939825617088334,0.0,0.0
medseg_covid,segmentation,170,0.0092529758810997,0.9786895751953125,,,,,,,,,,,,,,,,0.011881184577941895,0.988037109375,,,,,,,,,,,,,,,,,,,,,,,,,,,,0.48934478759750694,0.4946150156466848,0.9786895751950139,0.9892300312933696,0.0,0.0,0.4940185546868969,0.4969912808544167,0.9880371093737939,0.9939825617088334,0.0,0.0
medseg_covid,segmentation,171,0.009298358857631684,0.9787139892578125,,,,,,,,,,,,,,,,0.011884642392396927,0.988037109375,,,,,,,,,,,,,,,,,,,,,,,,,,,,0.4893569946287569,0.49462125126267653,0.9787139892575139,0.9892425025253531,0.0,0.0,0.4940185546868969,0.4969912808544167,0.9880371093737939,0.9939825617088334,0.0,0.0
medseg_covid,segmentation,172,0.009334747679531574,0.978741455078125,,,,,,,,,,,,,,,,0.01190025731921196,0.988037109375,,,,,,,,,,,,,,,,,,,,,,,,,,,,0.48937072753891314,0.4946282661467419,0.9787414550778263,0.9892565322934838,0.0,0.0,0.4940185546868969,0.4969912808544167,0.9880371093737939,0.9939825617088334,0.0,0.0
medseg_covid,segmentation,173,0.009273817390203476,0.978704833984375,,,,,,,,,,,,,,,,0.011896835267543792,0.988037109375,,,,,,,,,,,,,,,,,,,,,,,,,,,,0.4893524169920382,0.4946189129247119,0.9787048339840764,0.9892378258494238,0.0,0.0,0.4940185546868969,0.4969912808544167,0.9880371093737939,0.9939825617088334,0.0,0.0
medseg_covid,segmentation,174,0.009221544489264488,0.978729248046875,,,,,,,,,,,,,,,,0.01188669353723526,0.988037109375,,,,,,,,,,,,,,,,,,,,,,,,,,,,0.4893646240232882,0.49462514844453265,0.9787292480465764,0.9892502968890653,0.0,0.0,0.4940185546868969,0.4969912808544167,0.9880371093737939,0.9939825617088334,0.0,0.0
medseg_covid,segmentation,175,0.009259918704628944,0.978668212890625,,,,,,,,,,,,,,,,0.011887375265359879,0.988037109375,,,,,,,,,,,,,,,,,,,,,,,,,,,,0.4893341064451632,0.49460955935646395,0.9786682128903264,0.9892191187129279,0.0,0.0,0.4940185546868969,0.4969912808544167,0.9880371093737939,0.9939825617088334,0.0,0.0
medseg_covid,segmentation,176,0.009262849390506745,0.9787139892578125,,,,,,,,,,,,,,,,0.01189616471529007,0.988037109375,,,,,,,,,,,,,,,,,,,,,,,,,,,,0.4893569946287569,0.49462125126267653,0.9787139892575139,0.9892425025253531,0.0,0.0,0.4940185546868969,0.4969912808544167,0.9880371093737939,0.9939825617088334,0.0,0.0
medseg_covid,segmentation,177,0.009285690821707248,0.978704833984375,,,,,,,,,,,,,,,,0.011908505856990815,0.988037109375,,,,,,,,,,,,,,,,,,,,,,,,,,,,0.4893524169920382,0.4946189129247119,0.9787048339840764,0.9892378258494238,0.0,0.0,0.4940185546868969,0.4969912808544167,0.9880371093737939,0.9939825617088334,0.0,0.0
medseg_covid,segmentation,178,0.009259829856455326,0.9787322998046875,,,,,,,,,,,,,,,,0.011908836662769318,0.988037109375,,,,,,,,,,,,,,,,,,,,,,,,,,,,0.4893661499021944,0.49462592787369125,0.9787322998043888,0.9892518557473825,0.0,0.0,0.4940185546868969,0.4969912808544167,0.9880371093737939,0.9939825617088334,0.0,0.0
medseg_covid,segmentation,179,0.00926034115254879,0.9787139892578125,,,,,,,,,,,,,,,,0.011906353384256363,0.988037109375,,,,,,,,,,,,,,,,,,,,,,,,,,,,0.4893569946287569,0.49462125126267653,0.9787139892575139,0.9892425025253531,0.0,0.0,0.4940185546868969,0.4969912808544167,0.9880371093737939,0.9939825617088334,0.0,0.0
medseg_covid,segmentation,180,0.009254912473261356,0.9786956787109375,,,,,,,,,,,,,,,,0.011920887976884842,0.988037109375,,,,,,,,,,,,,,,,,,,,,,,,,,,,0.4893478393553194,0.4946165745651086,0.9786956787106388,0.9892331491302172,0.0,0.0,0.4940185546868969,0.4969912808544167,0.9880371093737939,0.9939825617088334,0.0,0.0
medseg_covid,segmentation,181,0.009302565082907676,0.9786956787109375,,,,,,,,,,,,,,,,0.011922100931406021,0.988037109375,,,,,,,,,,,,,,,,,,,,,,,,,,,,0.4893478393553194,0.4946165745651086,0.9786956787106388,0.9892331491302172,0.0,0.0,0.4940185546868969,0.4969912808544167,0.9880371093737939,0.9939825617088334,0.0,0.0
medseg_covid,segmentation,182,0.009352985024452209,0.978680419921875,,,,,,,,,,,,,,,,0.011929874867200851,0.988037109375,,,,,,,,,,,,,,,,,,,,,,,,,,,,0.48934020996078814,0.49461267725101643,0.9786804199215763,0.9892253545020329,0.0,0.0,0.4940185546868969,0.4969912808544167,0.9880371093737939,0.9939825617088334,0.0,0.0
medseg_covid,segmentation,183,0.0093178391456604,0.97874755859375,,,,,,,,,,,,,,,,0.011931847035884856,0.988037109375,,,,,,,,,,,,,,,,,,,,,,,,,,,,0.48937377929672565,0.49462982498342145,0.9787475585934513,0.9892596499668429,0.0,0.0,0.4940185546868969,0.4969912808544167,0.9880371093737939,0.9939825617088334,0.0,0.0
medseg_covid,segmentation,184,0.009251801110804082,0.97869873046875,,,,,,,,,,,,,,,,0.011917167901992798,0.988037109375,,,,,,,,,,,,,,,,,,,,,,,,,,,,0.4893493652342257,0.494617354020714,0.9786987304684514,0.989234708041428,0.0,0.0,0.4940185546868969,0.4969912808544167,0.9880371093737939,0.9939825617088334,0.0,0.0
medseg_covid,segmentation,185,0.009274329245090484,0.9786956787109375,,,,,,,,,,,,,,,,0.011919074505567551,0.988037109375,,,,,,,,,,,,,,,,,,,,,,,,,,,,0.4893478393553194,0.4946165745651086,0.9786956787106388,0.9892331491302172,0.0,0.0,0.4940185546868969,0.4969912808544167,0.9880371093737939,0.9939825617088334,0.0,0.0
medseg_covid,segmentation,186,0.009260461293160915,0.97869873046875,,,,,,,,,,,,,,,,0.011926376074552537,0.988037109375,,,,,,,,,,,,,,,,,,,,,,,,,,,,0.4893493652342257,0.494617354020714,0.9786987304684514,0.989234708041428,0.0,0.0,0.4940185546868969,0.4969912808544167,0.9880371093737939,0.9939825617088334,0.0,0.0
medseg_covid,segmentation,187,0.00923394076526165,0.9786712646484375,,,,,,,,,,,,,,,,0.011936385929584504,0.988037109375,,,,,,,,,,,,,,,,,,,,,,,,,,,,0.4893356323240694,0.4946103388337087,0.9786712646481388,0.9892206776674174,0.0,0.0,0.4940185546868969,0.4969912808544167,0.9880371093737939,0.9939825617088334,0.0,0.0
medseg_covid,segmentation,188,0.009222898073494435,0.9786773681640625,,,,,,,,,,,,,,,,0.011927494406700134,0.988037109375,,,,,,,,,,,,,,,,,,,,,,,,,,,,0.4893386840818819,0.4946118977809849,0.9786773681637638,0.9892237955619698,0.0,0.0,0.4940185546868969,0.4969912808544167,0.9880371093737939,0.9939825617088334,0.0,0.0
medseg_covid,segmentation,189,0.009268074855208397,0.9787139892578125,,,,,,,,,,,,,,,,0.011934112012386321,0.988037109375,,,,,,,,,,,,,,,,,,,,,,,,,,,,0.4893569946287569,0.49462125126267653,0.9787139892575139,0.9892425025253531,0.0,0.0,0.4940185546868969,0.4969912808544167,0.9880371093737939,0.9939825617088334,0.0,0.0
medseg_covid,segmentation,190,0.009268222004175186,0.9787200927734375,,,,,,,,,,,,,,,,0.011927357316017151,0.988037109375,,,,,,,,,,,,,,,,,,,,,,,,,,,,0.4893600463865694,0.4946228101426317,0.9787200927731388,0.9892456202852634,0.0,0.0,0.4940185546868969,0.4969912808544167,0.9880371093737939,0.9939825617088334,0.0,0.0
medseg_covid,segmentation,191,0.009283555671572685,0.9786895751953125,,,,,,,,,,,,,,,,0.011937672644853592,0.988037109375,,,,,,,,,,,,,,,,,,,,,,,,,,,,0.48934478759750694,0.4946150156466848,0.9786895751950139,0.9892300312933696,0.0,0.0,0.4940185546868969,0.4969912808544167,0.9880371093737939,0.9939825617088334,0.0,0.0
medseg_covid,segmentation,192,0.009306380711495876,0.9786956787109375,,,,,,,,,,,,,,,,0.0119333915412426,0.988037109375,,,,,,,,,,,,,,,,,,,,,,,,,,,,0.4893478393553194,0.4946165745651086,0.9786956787106388,0.9892331491302172,0.0,0.0,0.4940185546868969,0.4969912808544167,0.9880371093737939,0.9939825617088334,0.0,0.0
medseg_covid,segmentation,193,0.009252216853201389,0.9786895751953125,,,,,,,,,,,,,,,,0.011932459473609925,0.988037109375,,,,,,,,,,,,,,,,,,,,,,,,,,,,0.48934478759750694,0.4946150156466848,0.9786895751950139,0.9892300312933696,0.0,0.0,0.4940185546868969,0.4969912808544167,0.9880371093737939,0.9939825617088334,0.0,0.0
medseg_covid,segmentation,194,0.00945653710514307,0.9786865234375,,,,,,,,,,,,,,,,0.011951736360788345,0.988037109375,,,,,,,,,,,,,,,,,,,,,,,,,,,,0.48934326171860065,0.49461423618386635,0.9786865234372013,0.9892284723677327,0.0,0.0,0.4940185546868969,0.4969912808544167,0.9880371093737939,0.9939825617088334,0.0,0.0
medseg_covid,segmentation,195,0.009314616583287716,0.9787139892578125,,,,,,,,,,,,,,,,0.01197567731142044,0.988037109375,,,,,,,,,,,,,,,,,,,,,,,,,,,,0.4893569946287569,0.49462125126267653,0.9787139892575139,0.9892425025253531,0.0,0.0,0.4940185546868969,0.4969912808544167,0.9880371093737939,0.9939825617088334,0.0,0.0
medseg_covid,segmentation,196,0.009274844080209732,0.9786712646484375,,,,,,,,,,,,,,,,0.011970564723014832,0.988037109375,,,,,,,,,,,,,,,,,,,,,,,,,,,,0.4893356323240694,0.4946103388337087,0.9786712646481388,0.9892206776674174,0.0,0.0,0.4940185546868969,0.4969912808544167,0.9880371093737939,0.9939825617088334,0.0,0.0
medseg_covid,segmentation,197,0.009197080135345459,0.978692626953125,,,,,,,,,,,,,,,,0.011965271830558778,0.988037109375,,,,,,,,,,,,,,,,,,,,,,,,,,,,0.48934631347641316,0.49461579510709885,0.9786926269528263,0.9892315902141977,0.0,0.0,0.4940185546868969,0.4969912808544167,0.9880371093737939,0.9939825617088334,0.0,0.0
medseg_covid,segmentation,198,0.00917342733591795,0.9786956787109375,,,,,,,,,,,,,,,,0.011957984417676926,0.988037109375,,,,,,,,,,,,,,,,,,,,,,,,,,,,0.4893478393553194,0.4946165745651086,0.9786956787106388,0.9892331491302172,0.0,0.0,0.4940185546868969,0.4969912808544167,0.9880371093737939,0.9939825617088334,0.0,0.0
medseg_covid,segmentation,199,0.009316063672304153,0.97869873046875,,,,,,,,,,,,,,,,0.011964872479438782,0.988037109375,,,,,,,,,,,,,,,,,,,,,,,,,,,,0.4893493652342257,0.494617354020714,0.9786987304684514,0.989234708041428,0.0,0.0,0.4940185546868969,0.4969912808544167,0.9880371093737939,0.9939825617088334,0.0,0.0
medseg_covid,segmentation,200,0.009296411834657192,0.9787139892578125,,,,,,,,,,,,,,,,0.011966804414987564,0.988037109375,,,,,,,,,,,,,,,,,,,,,,,,,,,,0.4893569946287569,0.49462125126267653,0.9787139892575139,0.9892425025253531,0.0,0.0,0.4940185546868969,0.4969912808544167,0.9880371093737939,0.9939825617088334,0.0,0.0
medseg_liver,segmentation,1,0.02357421503510586,0.3498790652252907,,,,,,,,,,,,,,,,0.029900266365571457,0.7203036221590909,,,,,,,,,,,,,,,,,,,,,,,,,,,,0.18929107782486046,0.2961161404925046,0.3250724266080991,0.49064854128798785,0.05350972904162182,0.10158373969702138,0.4038194168076753,0.50329958834427,0.7117533366109954,0.8316073599951684,0.09588549700435525,0.17499181669337155
medseg_liver,segmentation,2,0.023135735545047494,0.5129905523255814,,,,,,,,,,,,,,,,0.029269383712248367,0.8185258345170454,,,,,,,,,,,,,,,,,,,,,,,,,,,,0.28247697018487633,0.39680241980966696,0.49425124703703543,0.66153700459289,0.07070269333271723,0.1320678350264439,0.4785128643546491,0.5744135098423419,0.8128004945272073,0.8967346345955097,0.14422523418209102,0.25209238508917403
medseg_liver,segmentation,3,0.02274357371552046,0.6431203442950582,,,,,,,,,,,,,,,,0.028870365836403587,0.8166725852272727,,,,,,,,,,,,,,,,,,,,,,,,,,,,0.36082083778951596,0.4705674191818301,0.6297495103595713,0.772817548164969,0.09189216521946061,0.1683172901986912,0.4786795308767463,0.5756245252604237,0.8107089248670142,0.8954602407193148,0.14665013688647838,0.2557888098015326
medseg_liver,segmentation,4,0.02235987713170606,0.7231104651162791,,,,,,,,,,,,,,,,0.02875722267410972,0.7991499467329546,,,,,,,,,,,,,,,,,,,,,,,,,,,,0.4123757133165915,0.5166861835796346,0.7131302554990387,0.8325464490629784,0.11162117113414431,0.20082591809629088,0.4652865169637442,0.5634549760138355,0.7924712195560331,0.884221973452177,0.1381018143714553,0.24268797857549398
medseg_liver,segmentation,5,0.0220114131306493,0.7593284429505814,,,,,,,,,,,,,,,,0.028723619200966576,0.7898060191761364,,,,,,,,,,,,,,,,,,,,,,,,,,,,0.43888027110496086,0.5415906074579135,0.7505817836262844,0.8575226712018833,0.12717875858363736,0.2256585437139439,0.4607876240460101,0.5611249903627439,0.7824124066619387,0.8779252250911144,0.1391628414300815,0.24432475563437334
medseg_liver,segmentation,6,0.021729766629463017,0.801490961119186,,,,,,,,,,,,,,,,0.028645190325650303,0.7909157492897727,,,,,,,,,,,,,,,,,,,,,,,,,,,,0.4695964610001098,0.5691002959489817,0.7945986910900156,0.8855447126258482,0.14459423091020404,0.25265587927211525,0.4630175692201555,0.5641125422226128,0.783379514123523,0.878533714130422,0.14265562431678805,0.2496913703148035
medseg_liver,segmentation,7,0.021489830904228742,0.8211613144985465,,,,,,,,,,,,,,,,0.028529145500876686,0.7993496981534091,,,,,,,,,,,,,,,,,,,,,,,,,,,,0.48063365110907197,0.5763946680251208,0.8155334120035445,0.8983953769306364,0.1457338902145995,0.25439395911960516,0.4705263045697016,0.5716627846634139,0.7920433372428956,0.8839555615451515,0.1490092718965077,0.2593700077816763
medseg_liver,segmentation,8,0.02125479315602502,0.847545535065407,,,,,,,,,,,,,,,,0.028376907110214233,0.8196799538352273,,,,,,,,,,,,,,,,,,,,,,,,,,,,0.5089233446208218,0.6064740230319722,0.8424355694298533,0.9144803578564729,0.17541111981179017,0.29846768820747155,0.48817373703492833,0.5887938408979926,0.8131052885822582,0.8969201002309786,0.16324218548759853,0.28066758156500654
medseg_liver,segmentation,9,0.021048657422841982,0.8702449355014535,,,,,,,,,,,,,,,,0.02820720997723666,0.8429953835227273,,,,,,,,,,,,,,,,,,,,,,,,,,,,0.529758217313684,0.6262019645977047,0.8660773409433316,0.9282330608071322,0.19343909368403636,0.3241708683882773,0.5097278179509881,0.6098080910914436,0.8373063787205329,0.9114499230156901,0.18214925718144315,0.3081662591671972
medseg_liver,segmentation,10,0.02086351014846979,0.8896796647892442,,,,,,,,,,,,,,,,0.028031658042560924,0.8692959872159091,,,,,,,,,,,,,,,,,,,,,,,,,,,,0.5549222865355182,0.652658632030684,0.886055498867948,0.9395858174902891,0.2237890742030884,0.3657314465710788,0.5369646451030333,0.6367828084463021,0.8646113525060756,0.9273904198255796,0.20931793769999113,0.34617519706702465
medseg_liver,segmentation,11,0.020671561706897823,0.907215207122093,,,,,,,,,,,,,,,,0.027840413830497047,0.8914129083806818,,,,,,,,,,,,,,,,,,,,,,,,,,,,0.5693920272860049,0.6647399172868844,0.9045042307509863,0.9498579379834942,0.2342798238210236,0.3796218965902748,0.5636052908724927,0.6635347689326474,0.8875649216333966,0.9404337953741436,0.23964566011158872,0.3866357424911513
medseg_liver,segmentation,12,0.02047653322996095,0.9160411746002907,,,,,,,,,,,,,,,,0.02763194658539512,0.9111550071022727,,,,,,,,,,,,,,,,,,,,,,,,,,,,0.5827167422517726,0.6785966670560387,0.913599434415642,0.9548491894225803,0.25183405008790327,0.40234414468949714,0.5917942501432651,0.6919228508382482,0.9080478252369921,0.9518082442448282,0.2755406750495381,0.43203745743166827
medseg_liver,segmentation,13,0.020303928574850392,0.9237372819767442,,,,,,,,,,,,,,,,0.027415961027145386,0.9307528409090909,,,,,,,,,,,,,,,,,,,,,,,,,,,,0.582417534088143,0.6751631692639104,0.9218233459046533,0.9593216232584859,0.24301172227163262,0.39100471526933483,0.6255795747479816,0.7254430522987785,0.9283894512142482,0.9628651003350693,0.3227696982817151,0.4880210042624875
medseg_liver,segmentation,14,0.020107387110244398,0.9335369731104651,,,,,,,,,,,,,,,,0.027229932221499355,0.9537464488636364,,,,,,,,,,,,,,,,,,,,,,,,,,,,0.6027802658513908,0.6972609372950591,0.9318292995408314,0.9647118404947208,0.2737312321619502,0.4298100340953974,0.6813370383148604,0.7787741630295526,0.9522073156737161,0.9755186429522263,0.4104667609560047,0.582029683106879
medseg_liver,segmentation,15,0.019928783871406733,0.9422323537427325,,,,,,,,,,,,,,,,0.027067333459854126,0.9647771661931818,,,,,,,,,,,,,,,,,,,,,,,,,,,,0.6217047034532541,0.7170759780621434,0.9407467154302144,0.9694688214084388,0.30266269147629393,0.46468313471584805,0.7171427723069379,0.8107684979874293,0.9636384465563482,0.9814825618700737,0.4706470980575276,0.640054434104785
medseg_liver,segmentation,16,0.019750051027120546,0.9450598428415697,,,,,,,,,,,,,,,,0.026893304152922196,0.9704256924715909,,,,,,,,,,,,,,,,,,,,,,,,,,,,0.6285146433326957,0.7241104204668607,0.9436467563322947,0.9710064375205476,0.31338253033309665,0.4772144034131737,0.7374889679801839,0.8280153296781705,0.9695038220339526,0.9845158066590837,0.5054741139264154,0.6715148526972573
medseg_liver,segmentation,17,0.01956893053165702,0.9557708030523255,,,,,,,,,,,,,,,,0.02670177546414462,0.9753750887784091,,,,,,,,,,,,,,,,,,,,,,,,,,,,0.6655785517490542,0.7619478485741633,0.9545565913357228,0.9767500164151186,0.37660051216238555,0.5471456807332079,0.7554079109876974,0.8426091464772338,0.9746536146287427,0.9871641359357992,0.5361622073466521,0.6980541570186685
medseg_liver,segmentation,18,0.019414699354837108,0.9557793195857558,,,,,,,,,,,,,,,,0.026512766426259823,0.9784046519886364,,,,,,,,,,,,,,,,,,,,,,,,,,,,0.6324207524345205,0.7250774286417492,0.9548831456961426,0.976920945682515,0.3099583591728982,0.47323391160098327,0.7634704474835322,0.8488651899512487,0.9778213398361357,0.9887863176935375,0.5491195551309287,0.7089440622089599
medseg_liver,segmentation,19,0.019213310507840888,0.9599126771438954,,,,,,,,,,,,,,,,0.026295117356560448,0.980224609375,,,,,,,,,,,,,,,,,,,,,,,,,,,,0.667846718422297,0.7631795060897686,0.9589170223348261,0.9790277090878473,0.37677641450976795,0.5473313030916899,0.7710966903669574,0.8548689015709503,0.9797087257023038,0.9897503738634592,0.562484655031611,0.7199874292784414
medseg_liver,segmentation,20,0.019068713105002116,0.9619651617005814,,,,,,,,,,,,,,,,0.026058597998185593,0.9805020419034091,,,,,,,,,,,,,,,,,,,,,,,,,,,,0.6643532433243725,0.7588761701108386,0.9611052405445611,0.9801669188112319,0.3676012461041839,0.5375854214104453,0.7738815999195687,0.8570996545339822,0.9799895221163273,0.9898936445571266,0.5677736777228101,0.7243056645108379
medseg_liver,segmentation,21,0.018898843332778578,0.9624193768168605,,,,,,,,,,,,,,,,0.025837161324240944,0.9798251065340909,,,,,,,,,,,,,,,,,,,,,,,,,,,,0.652704284174783,0.7460394242625954,0.9616647650595787,0.9804578052156343,0.3437438032899874,0.5116210433095565,0.7743861245513259,0.857618260654335,0.979271893918411,0.9895274084650628,0.569500355184241,0.7257091128436073
medseg_liver,segmentation,22,0.018711941186771837,0.9660985192587209,,,,,,,,,,,,,,,,0.02559272809462114,0.9786598899147727,,,,,,,,,,,,,,,,,,,,,,,,,,,,0.6892769958438778,0.7835924011626889,0.9652691336766193,0.9823276793349894,0.41328485801113646,0.5848571229903884,0.7748269595623345,0.8581612987694838,0.9780344047689465,0.9888952410645157,0.5716195143557224,0.7274273564744518
medseg_liver,segmentation,23,0.018573521181594495,0.9602022392805233,,,,,,,,,,,,,,,,0.025301694869995117,0.9819890802556818,,,,,,,,,,,,,,,,,,,,,,,,,,,,0.6688470016791475,0.7641545823297254,0.9592137763693718,0.979182351552157,0.3784802269889232,0.5491268131072938,0.7957550694512076,0.8742220583592133,0.9814668904788217,0.9906467730496875,0.6100432484235934,0.7577973436687391
medseg_liver,segmentation,24,0.018366524646448536,0.9701296784156976,,,,,,,,,,,,,,,,0.024955473162911156,0.9866943359375,,,,,,,,,,,,,,,,,,,,,,,,,,,,0.7163605523033487,0.808866924542508,0.9693388116674041,0.984430719513096,0.4633822929392932,0.6333031295719199,0.8297636515794056,0.8989019388734337,0.9863193446053418,0.9931125599557726,0.6732079585534694,0.8046913177910948
medseg_liver,segmentation,25,0.018151610396629155,0.9753134084302325,,,,,,,,,,,,,,,,0.02448814565485174,0.9873490767045454,,,,,,,,,,,,,,,,,,,,,,,,,,,,0.7427992529089564,0.8317434263539158,0.9746598634497161,0.9871673410599359,0.5109386423681967,0.6763195116478957,0.8391440436920609,0.9054653183029298,0.9869802076302985,0.9934474473778332,0.6913078797538232,0.8174831892280262
medseg_liver,segmentation,26,0.017938743497050085,0.9792735964752907,,,,,,,,,,,,,,,,0.023926602168516678,0.9818115234375,,,,,,,,,,,,,,,,,,,,,,,,,,,,0.7700524461822335,0.8541674516482545,0.9787087611651482,0.9892398319284165,0.5613961311993187,0.7190950713680924,0.8087785367586595,0.8841402234931326,0.981213607811447,0.9905177351324043,0.6363434657058722,0.7777627118538608
medseg_liver,segmentation,27,0.017719417810440063,0.9761820948401163,,,,,,,,,,,,,,,,0.023430358279835094,0.9829767400568182,,,,,,,,,,,,,,,,,,,,,,,,,,,,0.757343755155154,0.8441057350802235,0.9754992860039378,0.9875977105283482,0.5391882243063701,0.7006137596320988,0.8214689428581188,0.8933471331830971,0.9823935175077962,0.9911185734130435,0.6605443682084412,0.7955756929531507
medseg_liver,segmentation,28,0.01755022864009059,0.979736328125,,,,,,,,,,,,,,,,0.023048498413779518,0.9876930930397727,,,,,,,,,,,,,,,,,,,,,,,,,,,,0.784742721502956,0.865937682558549,0.9791267629519111,0.9894533096925252,0.5903586800540008,0.7424220554245726,0.856994688883861,0.9176636624795124,0.9872767114475325,0.9935976260984813,0.7267126663201895,0.8417296988605434
medseg_liver,segmentation,29,0.017357626626657886,0.9805823037790697,,,,,,,,,,,,,,,,0.022758229212327438,0.9889803799715909,,,,,,,,,,,,,,,,,,,,,,,,,,,,0.7856484290962604,0.866528287594155,0.9800210888503714,0.9899097483041311,0.5912757693421495,0.7431468268841789,0.8666066851813419,0.9239396549267244,0.9886146049497362,0.9942747101314025,0.7445987654129476,0.8536045997220463
medseg_liver,segmentation,30,0.017114808393079183,0.983909429505814,,,,,,,,,,,,,,,,0.02241294492374767,0.9878484552556818,,,,,,,,,,,,,,,,,,,,,,,,,,,,0.817187675552397,0.8901113951751776,0.983411621815127,0.9916364419758255,0.6509637292896671,0.7885863483745297,0.8588652950320943,0.9189029532316844,0.9874350235797131,0.9936777925963812,0.7302955664844755,0.8441281138669875
medseg_liver,segmentation,31,0.016980711803879847,0.9834779251453488,,,,,,,,,,,,,,,,0.02207104590806094,0.9878817471590909,,,,,,,,,,,,,,,,,,,,,,,,,,,,0.8162822564031746,0.8894979562390899,0.9829558433340412,0.9914046716051419,0.6496086694723082,0.787591240873038,0.8628852518564754,0.9215745660352062,0.9874527467212977,0.9936867664907246,0.7383177569916531,0.8494623655796876
medseg_liver,segmentation,32,0.016801428309706753,0.9814367959665697,,,,,,,,,,,,,,,,0.02185470407659357,0.9893132990056818,,,,,,,,,,,,,,,,,,,,,,,,,,,,0.7994888732512495,0.8771665433687637,0.9808617621575719,0.9903384283507081,0.6181159843449272,0.7639946583868192,0.8697704726737088,0.925985875032034,0.988958194784107,0.9944484478131067,0.7505827505633105,0.8575233022509614
medseg_liver,segmentation,33,0.016634652434393417,0.9826404660247093,,,,,,,,,,,,,,,,0.021518979560245167,0.9897682883522727,,,,,,,,,,,,,,,,,,,,,,,,,,,,0.8091194829595858,0.8842899034765214,0.9820971118232307,0.9909677038173466,0.636141854095941,0.7776121031356962,0.872823275267887,0.9279373894886307,0.9894329069809409,0.994688389348553,0.7562136435548331,0.8611863896287084
medseg_liver,segmentation,34,0.016384502136430074,0.983619867369186,,,,,,,,,,,,,,,,0.02099135247143832,0.9890913529829546,,,,,,,,,,,,,,,,,,,,,,,,,,,,0.8152113378066305,0.8886919943050889,0.9831121621697848,0.991484174141851,0.6473105134434761,0.7858998144683269,0.8739741801795584,0.9287341837051606,0.9887027076713687,0.994319265375839,0.7592456526877481,0.8631491020344821
medseg_liver,segmentation,35,0.016164217230885528,0.9841847974200582,,,,,,,,,,,,,,,,0.020553266460245304,0.9867387251420454,,,,,,,,,,,,,,,,,,,,,,,,,,,,0.8212676388774311,0.8930603775059008,0.9836865331171332,0.991776187108942,0.658848744637729,0.7943445679028597,0.8557409615347811,0.9169058510977006,0.9862577336173943,0.9930813276897464,0.7252241894521678,0.8407303745056547
medseg_liver,segmentation,36,0.015986787718395856,0.9858767487281976,,,,,,,,,,,,,,,,0.020260996439240196,0.9856178977272727,,,,,,,,,,,,,,,,,,,,,,,,,,,,0.8409694489025216,0.9068874728737802,0.9854035800100971,0.9926481345471188,0.696535317794946,0.8211268112004417,0.8468321705722803,0.9109606186724188,0.9850967675153401,0.9924924403038983,0.7085675736292204,0.8294287970409393
medseg_liver,segmentation,37,0.015783575038577236,0.9854367278343024,,,,,,,,,,,,,,,,0.020009783181277187,0.9897238991477273,,,,,,,,,,,,,,,,,,,,,,,,,,,,0.8381314462358944,0.9049527289185901,0.9849457253780487,0.992415775187463,0.6913171670937401,0.8174896826497172,0.8795908357046724,0.9322972174356609,0.9893581566385228,0.9946506146588209,0.7698235147708222,0.8699438202125008
medseg_liver,segmentation,38,0.01555869884269182,0.9874835347020349,,,,,,,,,,,,,,,,0.019775742834264583,0.991455078125,,,,,,,,,,,,,,,,,,,,,,,,,,,,0.8561331513410136,0.917103445340566,0.987055956784397,0.9934858184685699,0.7252103458976303,0.840721072212562,0.8947661840126662,0.9417220602718319,0.9911558296854104,0.9955582731483216,0.7983765383399221,0.8878858473953424
medseg_liver,segmentation,39,0.015435945849085963,0.9863735465116279,,,,,,,,,,,,,,,,0.019412155855785717,0.9890580610795454,,,,,,,,,,,,,,,,,,,,,,,,,,,,0.8425126686382312,0.907909267648979,0.9859280454052178,0.9929141669420802,0.6990972918712444,0.8229043683558777,0.8744685098026788,0.9290561027776918,0.988664712305583,0.9943000508711821,0.7602723072997746,0.8638121546842015
medseg_liver,segmentation,40,0.015215788123219512,0.986915765806686,,,,,,,,,,,,,,,,0.01910445365038785,0.9873379794034091,,,,,,,,,,,,,,,,,,,,,,,,,,,,0.8532155611392824,0.9151867929134863,0.9864602856585999,0.9931839994792994,0.7199708366199649,0.8371895863476732,0.8609489820442374,0.9203356643345612,0.9868770630372676,0.9933951942941694,0.7350209010512072,0.8472761343749529
medseg_liver,segmentation,41,0.014982670545578003,0.9871230014534884,,,,,,,,,,,,,,,,0.018815839832479305,0.9890469637784091,,,,,,,,,,,,,,,,,,,,,,,,,,,,0.8539676128665867,0.9156763782642061,0.9866791574035555,0.9932949200444354,0.721256068329618,0.8380578364839769,0.875579882751055,0.9297737188215849,0.9886477347216123,0.9942914649587364,0.7625120307804978,0.8652559726844333
medseg_liver,segmentation,42,0.01481697171233421,0.9872479106104651,,,,,,,,,,,,,,,,0.018571173602884464,0.9869717684659091,,,,,,,,,,,,,,,,,,,,,,,,,,,,0.8546602308335745,0.916132613988432,0.9868099600654843,0.9933611969943612,0.7225105016016647,0.8389040309825029,0.8594101799915772,0.9193424122843994,0.9864902186409822,0.9931991704604213,0.7323301413421721,0.8454856541083774
medseg_liver,segmentation,43,0.014623647512391556,0.9875346339026163,,,,,,,,,,,,,,,,0.018422018397938122,0.9854070490056818,,,,,,,,,,,,,,,,,,,,,,,,,,,,0.8595204683711695,0.9193675379254782,0.9870953900768848,0.9935057924307218,0.7319455466654542,0.8452292834202346,0.8474496734155479,0.9114037103702675,0.98486627077178,0.9923754413830935,0.7100330760593158,0.8304319793574413
medseg_liver,segmentation,44,0.014438244145970012,0.9876226380813954,,,,,,,,,,,,,,,,0.01825984770601446,0.987548828125,,,,,,,,,,,,,,,,,,,,,,,,,,,,0.8603574759046144,0.9199178648054482,0.9871860433673117,0.9935517076141623,0.733528908441917,0.8462840219967342,0.8638937953418528,0.9222692326268824,0.9870896475531463,0.9935028837462109,0.7406979431305594,0.851035581507554
medseg_liver,segmentation,45,0.014263125353081281,0.9872649436773255,,,,,,,,,,,,,,,,0.018006378954107113,0.9869495738636364,,,,,,,,,,,,,,,,,,,,,,,,,,,,0.8554494698729265,0.9166629111653097,0.9868246378681562,0.9933686336072515,0.7240743018776966,0.839957188723368,0.8591403348466671,0.9191643216350998,0.9864676708502739,0.9931877425702409,0.7318129988430602,0.8451409006999586
medseg_liver,segmentation,46,0.014058925731237544,0.9884828079578488,,,,,,,,,,,,,,,,0.017785649407993664,0.9888250177556818,,,,,,,,,,,,,,,,,,,,,,,,,,,,0.8699886037157912,0.926193388383092,0.9880662430871314,0.99399730418724,0.751910964344451,0.8583894725789438,0.8746953466338447,0.9292200218965534,0.988412767816965,0.9941726223193807,0.7609779254507245,0.864267421473726
medseg_liver,segmentation,47,0.013942535186922827,0.9880172374636628,,,,,,,,,,,,,,,,0.01756937395442616,0.9865167791193182,,,,,,,,,,,,,,,,,,,,,,,,,,,,0.8631094227929076,0.9217116790821204,0.9875972591144462,0.993759932587611,0.738621586471369,0.8496634255766298,0.8557521693849239,0.9169330936331899,0.9860185728576357,0.9929600723107807,0.7254857659122123,0.840906114955599
medseg_liver,segmentation,48,0.013747614830039268,0.9874466297238372,,,,,,,,,,,,,,,,0.017298438332297585,0.98486328125,,,,,,,,,,,,,,,,,,,,,,,,,,,,0.8585868086775817,0.9187516384727247,0.9870052014455356,0.9934601084360469,0.7301684159096279,0.8440431685094024,0.8430159352327689,0.9084069077289084,0.9843043393197193,0.9920900940600363,0.7017275311458183,0.8247237213977805
medseg_liver,segmentation,49,0.013571640779805738,0.9882329896438954,,,,,,,,,,,,,,,,0.017046714370900936,0.9872048117897727,,,,,,,,,,,,,,,,,,,,,,,,,,,,0.8653663166201019,0.9231842106723225,0.987818783464994,0.9938720689047053,0.7429138497752098,0.8524963524399398,0.860716674719328,0.9201925236512647,0.9867347760547328,0.9933231027587843,0.7346985733839232,0.8470619445437451
medseg_liver,segmentation,50,0.013444351595501567,0.9880853697311046,,,,,,,,,,,,,,,,0.016788152131167324,0.9874489524147727,,,,,,,,,,,,,,,,,,,,,,,,,,,,0.8648594529714689,0.9228622555533503,0.9876624865510263,0.9937929535157743,0.7420564193919116,0.8519315575909263,0.8628629377151946,0.9215959450439517,0.9869871367087155,0.9934509574567054,0.7387387387216738,0.8497409326311979
medseg_liver,segmentation,51,0.013228019656136979,0.9888319858284884,,,,,,,,,,,,,,,,0.01655440709807656,0.9858953302556818,,,,,,,,,,,,,,,,,,,,,,,,,,,,0.8725475027289384,0.9278301553156221,0.9884301944277333,0.9941814373948408,0.7566648110301437,0.8614788732364033,0.8508661427505195,0.9136875997267981,0.985374329703591,0.9926332933404087,0.716357955797448,0.8347419061131877
medseg_liver,segmentation,52,0.01320452745570693,0.9862798646438954,,,,,,,,,,,,,,,,0.01625772768800909,0.9868829900568182,,,,,,,,,,,,,,,,,,,,,,,,,,,,0.8458457410461087,0.9102197108705357,0.9858127089709046,0.9928556751777222,0.7058787731213128,0.8275837465633492,0.8583914677566489,0.9186699815343348,0.986399723851126,0.9931533034436258,0.7303832116621719,0.8441866596250437
medseg_liver,segmentation,53,0.01297494110672973,0.9876538653706395,,,,,,,,,,,,,,,,0.015954349528659473,0.9882479580965909,,,,,,,,,,,,,,,,,,,,,,,,,,,,0.858484790264824,0.9186654316789242,0.987228094081287,0.99357300455003,0.729741486448361,0.8437578588078184,0.8682284419228425,0.9250621985107645,0.9878217070298445,0.9938735486552503,0.7486351768158407,0.8562508483662786
medseg_liver,segmentation,54,0.012759270363075788,0.98876953125,,,,,,,,,,,,,,,,0.015650972723960876,0.9885364879261364,,,,,,,,,,,,,,,,,,,,,,,,,,,,0.8698553938318132,0.9260840253063641,0.988375065749938,0.9941535505799166,0.7513357219136882,0.8580145000328117,0.871170844848222,0.9269589815749415,0.9881185157910007,0.9940237545626036,0.7542231739054432,0.8598942085872794
medseg_liver,segmentation,55,0.012681552837061327,0.9882102788880814,,,,,,,,,,,,,,,,0.015391158786686983,0.9862726384943182,,,,,,,,,,,,,,,,,,,,,,,,,,,,0.863777915139786,0.9221378638307407,0.9878014751018538,0.9938633082574199,0.739754355177718,0.8504124194040614,0.8533935498204572,0.9153654484813591,0.9857677040775634,0.9928328495356168,0.7210193955633509,0.8378980474271014
medseg_liver,segmentation,56,0.012558431819427845,0.9879916878633721,,,,,,,,,,,,,,,,0.01533300361850045,0.9894242720170454,,,,,,,,,,,,,,,,,,,,,,,,,,,,0.8641234469709309,0.9223842800159621,0.9875651872274226,0.9937436956269478,0.7406817067144391,0.8510248644049763,0.8785552621345079,0.9316565741022721,0.989040434241468,0.9944900236466477,0.7680700900275476,0.8688231245578965
medseg_liver,segmentation,57,0.012474661996198256,0.9879945267078488,,,,,,,,,,,,,,,,0.015153298323804682,0.9896129261363636,,,,,,,,,,,,,,,,,,,,,,,,,,,,0.8622487149882636,0.9211432454396036,0.987576745688732,0.9937495473630312,0.7369206842877952,0.8485369435161758,0.8801926636095879,0.9326892944027678,0.9892361829837516,0.994588969822526,0.7711491442354242,0.8707896189830096
medseg_liver,segmentation,58,0.012240791390108507,0.9891783248546512,,,,,,,,,,,,,,,,0.0149253633889285,0.9885808771306818,,,,,,,,,,,,,,,,,,,,,,,,,,,,0.8745226724054298,0.9290820426794852,0.9887937724885971,0.9943653144602417,0.7602515723222625,0.8637987708987287,0.8721037278054227,0.9275615419554247,0.9881619364253555,0.9940457246677156,0.7560455191854897,0.8610773592431339
medseg_liver,segmentation,59,0.012080077515092007,0.989246457122093,,,,,,,,,,,,,,,,0.014837438409978693,0.9882146661931818,,,,,,,,,,,,,,,,,,,,,,,,,,,,0.8746809951079386,0.9291791547922276,0.9888662896642872,0.9944019814737812,0.7604957005515901,0.8639563281106739,0.8692718080334811,0.925746818338045,0.9877808843314719,0.9938528860173451,0.7507627317354902,0.8576407506587448
medseg_liver,segmentation,60,0.011878501883772917,0.9889710892078488,,,,,,,,,,,,,,,,0.014677944508465853,0.9872159090909091,,,,,,,,,,,,,,,,,,,,,,,,,,,,0.8724802779696248,0.9277759077778887,0.9885800455031575,0.9942572316751006,0.7563805104360921,0.8612945838806766,0.861503254607866,0.9207142102919823,0.9867427729688516,0.9933271547723626,0.7362637362468805,0.8481012658116021
medseg_liver,segmentation,61,0.011778771530750186,0.9884998410247093,,,,,,,,,,,,,,,,0.014288609678095037,0.9872270063920454,,,,,,,,,,,,,,,,,,,,,,,,,,,,0.8692135470498095,0.9256862787976434,0.9880881319447461,0.9940083802806057,0.7503389621548727,0.8573641773146813,0.8615029419896036,0.9207130651202808,0.986754738258223,0.9933332174894476,0.7362511457209842,0.848092912751114
medseg_liver,segmentation,62,0.01169330470783766,0.987937749818314,,,,,,,,,,,,,,,,0.01409210671078075,0.9893132990056818,,,,,,,,,,,,,,,,,,,,,,,,,,,,0.861614025752262,0.9207267585123866,0.9875186529894757,0.9937201359133154,0.7357093985150481,0.8477333811114577,0.8786037667576079,0.9316956322887191,0.9889207192892361,0.9944295010840235,0.7682868142259797,0.8689617634934146
medseg_liver,segmentation,63,0.011559316238691641,0.9898596475290697,,,,,,,,,,,,,,,,0.013930868018757214,0.9890802556818182,,,,,,,,,,,,,,,,,,,,,,,,,,,,0.8797779908627321,0.9324070505080586,0.9895031942964057,0.9947239060818364,0.7700527874290585,0.870090194934281,0.8758440752943122,0.9299413755927299,0.9886823702601805,0.9943089807054815,0.763005780328444,0.8655737704799785
medseg_liver,segmentation,64,0.011347851780957954,0.9894707258357558,,,,,,,,,,,,,,,,0.013903420079838146,0.9883145419034091,,,,,,,,,,,,,,,,,,,,,,,,,,,,0.8785374945346102,0.931641844115647,0.989090502648402,0.9945153338487754,0.7679844864208183,0.8687683543825185,0.8695050144222405,0.925891167834292,0.9878873628258358,0.9939067789248653,0.7511226660186452,0.8578755567437188
medseg_liver,segmentation,65,0.011345290860464407,0.9876652207485465,,,,,,,,,,,,,,,,0.013589905066923662,0.9873712713068182,,,,,,,,,,,,,,,,,,,,,,,,,,,,0.8601540167635688,0.9197787048098728,0.9872327171537078,0.9935753458887399,0.7330753163734299,0.8459820637310057,0.8621054928258178,0.9211006602699796,0.9869071998884156,0.993410462193544,0.7373037857632202,0.8487908583464152
medseg_liver,segmentation,66,0.011063047619753106,0.9896183457485465,,,,,,,,,,,,,,,,0.013507711616429415,0.9872492009943182,,,,,,,,,,,,,,,,,,,,,,,,,,,,0.8789690385710209,0.9319073336590948,0.9892473750596175,0.9945946265531403,0.7686907020824244,0.8692200407650494,0.8615022808292929,0.9207107508457543,0.9867786663586827,0.9933453414488544,0.736225895299903,0.8480761602426541
medseg_liver,segmentation,67,0.010945736322292062,0.9898426144622093,,,,,,,,,,,,,,,,0.013217591426589272,0.9872048117897727,,,,,,,,,,,,,,,,,,,,,,,,,,,,0.8822567841912221,0.9339868364252093,0.9894742725683924,0.9947092920090799,0.775039295814052,0.8732643808413386,0.8612624394889605,0.9205552446943128,0.986732028398998,0.9933217105219299,0.7357928505789232,0.8477887788666959
medseg_liver,segmentation,68,0.010849090509636457,0.9897318995276163,,,,,,,,,,,,,,,,0.01284580339084972,0.9886252663352273,,,,,,,,,,,,,,,,,,,,,,,,,,,,0.8800317396908888,0.9325781561266571,0.9893648614077108,0.9946540029943207,0.7706986179740668,0.8705023092589935,0.8726006237100911,0.9278804062921692,0.9882074114969245,0.9940687332544461,0.7569938359232576,0.8616920793298922
medseg_liver,segmentation,69,0.010758925315945647,0.9898511309956395,,,,,,,,,,,,,,,,0.012722163037820295,0.9910000887784091,,,,,,,,,,,,,,,,,,,,,,,,,,,,0.8820089103063777,0.9338287851763596,0.9894845209203649,0.9947144705228617,0.7745332996923906,0.8729430998298576,0.8928347840374395,0.9405531015174061,0.990674623706704,0.9953154693478075,0.7949949443681751,0.8857907336870048
medseg_liver,segmentation,70,0.010643997857736986,0.9901123046875,,,,,,,,,,,,,,,,0.012661513957110319,0.9904563210227273,,,,,,,,,,,,,,,,,,,,,,,,,,,,0.882526700441036,0.9341394537168244,0.9897630783064287,0.9948552057251538,0.7752903225756432,0.873423701708495,0.8891671599878885,0.9383015665831342,0.9901048198720644,0.9950278095760947,0.7882295001037126,0.8815753235901739
medseg_liver,segmentation,71,0.010470339378645254,0.9896666061046512,,,,,,,,,,,,,,,,0.012410781600258568,0.9884920987215909,,,,,,,,,,,,,,,,,,,,,,,,,,,,0.8760965740111937,0.9300604802150435,0.9893112510825326,0.994626909734889,0.7628818969398549,0.865494050695198,0.8718325109343941,0.9273923285040198,0.9880675672554391,0.9939979742433835,0.7555974546133492,0.8607866827646559
medseg_liver,segmentation,72,0.010278657425281614,0.9900839162427325,,,,,,,,,,,,,,,,0.012263902209021828,0.9854847301136364,,,,,,,,,,,,,,,,,,,,,,,,,,,,0.8841496887257976,0.9351698776084887,0.9897256849050252,0.9948363157932169,0.77857369254657,0.8755034394237605,0.8479432883763971,0.9117340039433336,0.9849473502491686,0.9924165999924673,0.7109392265036256,0.8310514078941998
medseg_liver,segmentation,73,0.010269884799802027,0.9888830850290697,,,,,,,,,,,,,,,,0.012147245081988249,0.9878040660511364,,,,,,,,,,,,,,,,,,,,,,,,,,,,0.8730256250543176,0.9281361264719701,0.988482996538138,0.9942081458670189,0.7575682535704973,0.8620641070769212,0.8663593158077569,0.9238723104257351,0.9873525519293546,0.9936360319871946,0.7453660796861593,0.8541085888642758
medseg_liver,segmentation,74,0.010101555391799572,0.9905069040697675,,,,,,,,,,,,,,,,0.01204886490648443,0.9918767755681818,,,,,,,,,,,,,,,,,,,,,,,,,,,,0.8858768769431751,0.9362318305349924,0.9901730876602338,0.995062282571955,0.7815806662261163,0.8774013784980298,0.9022076571065937,0.9462640276460199,0.9915797223137456,0.995772060946437,0.8128355918994418,0.8967559943456029
medseg_liver,segmentation,75,0.010087076661198638,0.9899476517078488,,,,,,,,,,,,,,,,0.01180804046717557,0.9897349964488636,,,,,,,,,,,,,,,,,,,,,,,,,,,,0.8793824270471708,0.9321480078408352,0.9895992739168267,0.994772451810008,0.7691655801775151,0.8695235638716624,0.8826927470809327,0.9342710217808745,0.9893564384905826,0.9946497463684822,0.7760290556712827,0.8738922971932667
medseg_liver,segmentation,76,0.00999255547689837,0.9890165107194767,,,,,,,,,,,,,,,,0.011834491382945667,0.9898903586647727,,,,,,,,,,,,,,,,,,,,,,,,,,,,0.873209777448205,0.9282452417731164,0.988625639789097,0.9942802908786245,0.7577939151073131,0.8622101926676085,0.8842270391350793,0.9352320164545652,0.9895169271121613,0.9947308450885839,0.7789371511579972,0.8757331878205465
medseg_liver,segmentation,77,0.009759733496710311,0.9903110238008721,,,,,,,,,,,,,,,,0.011790760538794777,0.9920543323863636,,,,,,,,,,,,,,,,,,,,,,,,,,,,0.8850635224922003,0.9357319215718893,0.9899660143936128,0.9949577100644883,0.780161030590788,0.8765061330792904,0.9043210730478779,0.9475379260895351,0.9917623507202286,0.9958641404800163,0.8168797953755274,0.8992117116990539
medseg_liver,segmentation,78,0.009704057213871978,0.9902741188226745,,,,,,,,,,,,,,,,0.011422317136417736,0.9889692826704546,,,,,,,,,,,,,,,,,,,,,,,,,,,,0.881959885686789,0.9337680627587739,0.9899390351337968,0.9949440838696213,0.773980736239781,0.8725920416479264,0.8760601719731784,0.9300886704724363,0.9885618282651855,0.9942480180539354,0.7635585156811713,0.865929322890937
medseg_liver,segmentation,79,0.009540654199067937,0.9900470112645349,,,,,,,,,,,,,,,,0.011270861056717959,0.9911221590909091,,,,,,,,,,,,,,,,,,,,,,,,,,,,0.8845419982139817,0.9354204242435289,0.9896842607001551,0.9948153888013294,0.7793997357278084,0.8760254596857283,0.8954225843796932,0.9421480275147398,0.9907951812762587,0.9953763105264097,0.800049987483128,0.8889197445030698
medseg_liver,segmentation,80,0.009396401602168416,0.9904472883357558,,,,,,,,,,,,,,,,0.01134611733935096,0.9926646839488636,,,,,,,,,,,,,,,,,,,,,,,,,,,,0.8847867259503497,0.9355478439217226,0.9901134964725925,0.9950321911062203,0.7794599554281068,0.876063496737225,0.9100185184832736,0.9509383070437776,0.9923968805344126,0.9961839332615557,0.8276401564321346,0.9056926808259995
medseg_liver,segmentation,81,0.009461116998694664,0.9892947174781976,,,,,,,,,,,,,,,,0.011274246329610998,0.9890580610795454,,,,,,,,,,,,,,,,,,,,,,,,,,,,0.8707791451851792,0.9266451420572506,0.988934307168788,0.9944363708789539,0.7526239832015703,0.8588539132355472,0.8770293172901311,0.930705008257442,0.9886529719765365,0.9942941135616107,0.7654056626037258,0.8671159029532733
medseg_liver,segmentation,82,0.009200507818266403,0.9907396893168605,,,,,,,,,,,,,,,,0.01093705269423398,0.9874045632102273,,,,,,,,,,,,,,,,,,,,,,,,,,,,0.8916834600375732,0.9398536995764397,0.990399161765886,0.9951764257046832,0.7929677583092601,0.8845309734481963,0.8631887552915254,0.9218152292887998,0.9869376575238092,0.9934258921377184,0.7394398530592415,0.8502045664398812
medseg_liver,segmentation,83,0.009149587085080702,0.9899022301962209,,,,,,,,,,,,,,,,0.010694469917904247,0.9924760298295454,,,,,,,,,,,,,,,,,,,,,,,,,,,,0.8815481708133022,0.9335322880017332,0.9895414651354759,0.9947432435826051,0.7735548764911283,0.8723213324208611,0.9081855522563234,0.9498481282181727,0.9922009800526926,0.9960852243195357,0.8241701244599541,0.9036110321168096
medseg_liver,segmentation,84,0.009062988466994708,0.9904075445130814,,,,,,,,,,,,,,,,0.010743991895155474,0.9924871271306818,,,,,,,,,,,,,,,,,,,,,,,,,,,,0.8835051140731289,0.9347395981289244,0.9900759794056777,0.9950132453750404,0.77693424874058,0.8744659508828083,0.9084343850762273,0.949997113831758,0.9922119455169885,0.9960907500326275,0.8246568246354661,0.9039034776308885
medseg_liver,segmentation,85,0.008885965790859488,0.9908163381177325,,,,,,,,,,,,,,,,0.01064150712706826,0.9917879971590909,,,,,,,,,,,,,,,,,,,,,,,,,,,,0.8901092581403851,0.9388672842226151,0.990488259542322,0.9952214033857878,0.7897302567384482,0.8825131650594424,0.9019054935478004,0.9460850174932385,0.9914853467408536,0.9957244710471604,0.8123256403547471,0.8964455639393165
medseg_liver,segmentation,86,0.008737176483453707,0.9913841070130814,,,,,,,,,,,,,,,,0.010371597653085535,0.9916437322443182,,,,,,,,,,,,,,,,,,,,,,,,,,,,0.8965151111571398,0.9428061334422442,0.9910726366751407,0.9955163045484031,0.8019575856391389,0.8900959623360851,0.9000376381028117,0.9449532066906776,0.9913376587509303,0.9956499887344554,0.808737617454693,0.8942564246468999
medseg_liver,segmentation,87,0.008684177384820095,0.9906743958938954,,,,,,,,,,,,,,,,0.01033045622435483,0.9944069602272727,,,,,,,,,,,,,,,,,,,,,,,,,,,,0.8894130302484402,0.9384412495112087,0.9903385194550188,0.9951458103983103,0.7884875410418615,0.8817366886241071,0.9279477407672435,0.9614008215482752,0.9942050315032491,0.9970940959403846,0.8616904500312379,0.9257075471561659
medseg_liver,segmentation,88,0.008707808200703111,0.9904841933139535,,,,,,,,,,,,,,,,0.010399999266321009,0.9946400035511364,,,,,,,,,,,,,,,,,,,,,,,,,,,,0.8850589375407159,0.9357172931285784,0.9901520092601109,0.9950516389230236,0.7799658658213209,0.8763829473341334,0.9307489365039167,0.9630038804891252,0.994445849910312,0.9972151913325008,0.8670520230975213,0.9287925696457497
medseg_liver,segmentation,89,0.008443595365036366,0.9917929006177325,,,,,,,,,,,,,,,,0.01005049862644889,0.9944735440340909,,,,,,,,,,,,,,,,,,,,,,,,,,,,0.898523266052047,0.9440167869648435,0.9915040554834279,0.9957339054905867,0.8055424766206662,0.8922996684391002,0.9288240219499705,0.9619035014028792,0.9942735583269197,0.9971285575897199,0.8633744855730213,0.9266784452160384
medseg_liver,segmentation,90,0.008333972720212714,0.9911030614098837,,,,,,,,,,,,,,,,0.009792466055263172,0.9935635653409091,,,,,,,,,,,,,,,,,,,,,,,,,,,,0.8923151811707288,0.9402237908402613,0.9907874469408119,0.9953724074996833,0.7938429154006457,0.8850751741808395,0.9193105202587198,0.9564070292461895,0.9933289626525501,0.9966533184073277,0.8452920778648896,0.9161607400850512
medseg_liver,segmentation,91,0.008286350688268973,0.990489871002907,,,,,,,,,,,,,,,,0.009760727936571295,0.9941517223011364,,,,,,,,,,,,,,,,,,,,,,,,,,,,0.887357298893515,0.9371646188773599,0.9901486813933617,0.9950499584786091,0.7845659163936684,0.8792792792761107,0.9255216182922409,0.9600074032808936,0.9939391151326679,0.9969603460700811,0.8571041214518139,0.923054460491706
medseg_liver,segmentation,92,0.00818603970976763,0.9915146938590116,,,,,,,,,,,,,,,,0.009813942015171051,0.9947176846590909,,,,,,,,,,,,,,,,,,,,,,,,,,,,0.8969132648774734,0.9430435614200267,0.991211460091093,0.9955863352109751,0.8026150696638538,0.8905007876290782,0.9310794666172599,0.963190544744124,0.9945282324800044,0.9972566106456202,0.8676307007545153,0.9291244788426277
medseg_liver,segmentation,93,0.008096440067124922,0.9906005859375,,,,,,,,,,,,,,,,0.009257345714352348,0.9938853870738636,,,,,,,,,,,,,,,,,,,,,,,,,,,,0.8876959319879054,0.9373699906755137,0.9902662880188059,0.9951093418806367,0.7851255759570048,0.8796306394703907,0.9223323292786236,0.9581626390930533,0.993664117747377,0.9968219911286852,0.8510005408098702,0.9195032870574215
medseg_liver,segmentation,94,0.008132908753184386,0.9897375772165697,,,,,,,,,,,,,,,,0.009454510428688744,0.9923206676136364,,,,,,,,,,,,,,,,,,,,,,,,,,,,0.8782865536941615,0.9314618221144544,0.9893783624164477,0.994660825821665,0.7671947449718753,0.8682628184072436,0.906958793248684,0.9491178209326454,0.9920385646395011,0.9960033728754947,0.8218790218578668,0.9022322689897961
medseg_liver,segmentation,95,0.007871193421441455,0.9916481195494186,,,,,,,,,,,,,,,,0.009818917648358778,0.9950395063920454,,,,,,,,,,,,,,,,,,,,,,,,,,,,0.8988781219851283,0.9442429329877263,0.99134708427299,0.995654742563289,0.8064091596972665,0.8928311234121636,0.934579604491677,0.9651788701168791,0.9948622461283003,0.9974245069394284,0.8742969628550535,0.9329332332943296
medseg_liver,segmentation,96,0.007862359978431878,0.9906318132267442,,,,,,,,,,,,,,,,0.009622059085152367,0.9947509765625,,,,,,,,,,,,,,,,,,,,,,,,,,,,0.8859830537766491,0.9362903677593714,0.9903067189121817,0.9951297551298444,0.7816593886411164,0.8774509803888983,0.9315502412803702,0.9634591474282246,0.9945624058755969,0.9972737909285841,0.8685380766851435,0.9296445039278649
medseg_liver,segmentation,97,0.007635688539161239,0.9916935410610465,,,,,,,,,,,,,,,,0.00925597074356946,0.9933083274147727,,,,,,,,,,,,,,,,,,,,,,,,,,,,0.8981919789799189,0.9438192462288937,0.9913986207218011,0.9956807345406912,0.8049853372380366,0.8919577579170963,0.9162826093031422,0.9546342695309815,0.9930656178833539,0.9965207457022863,0.8394996007229306,0.9127477933596767
medseg_liver,segmentation,98,0.007600437416586765,0.9904983875363372,,,,,,,,,,,,,,,,0.009006965566765179,0.9936079545454546,,,,,,,,,,,,,,,,,,,,,,,,,,,,0.887761154697293,0.937417671646618,0.9901561429253373,0.9950537262567783,0.7853661664692486,0.8797816170364577,0.9190607855050189,0.9562582541603966,0.9933776357228341,0.9966778175100953,0.8447439352872037,0.9158386908106979
medseg_liver,segmentation,99,0.007490748582884323,0.9909980241642442,,,,,,,,,,,,,,,,0.009390412406487898,0.9952059659090909,,,,,,,,,,,,,,,,,,,,,,,,,,,,0.891467143895827,0.939702670070601,0.9906779984886684,0.9953171725822012,0.7922562893029858,0.884088167559001,0.9364314967942993,0.9662255251923744,0.9950349393147814,0.9975112913626846,0.8778280542738172,0.9349397590220642
medseg_liver,segmentation,100,0.00732669546160587,0.9927808184956395,,,,,,,,,,,,,,,,0.008902173827994953,0.9952281605113636,,,,,,,,,,,,,,,,,,,,,,,,,,,,0.9100049113329602,0.9509242215420887,0.9925218639170399,0.9962468988579833,0.8274879587488807,0.905601544226194,0.9369139896937619,0.9664983301383034,0.9950571871935225,0.9975224706147744,0.8787707921940014,0.9354741896618326
medseg_liver,segmentation,101,0.007343911500864251,0.9919745866642442,,,,,,,,,,,,,,,,0.00890052995898507,0.9942405007102273,,,,,,,,,,,,,,,,,,,,,,,,,,,,0.9021712559613309,0.9462363695494174,0.9916851229287098,0.9958252050107883,0.8126573889939519,0.8966475340880464,0.9266138352601766,0.9606365821180923,0.9940307090678083,0.9970064197582081,0.8591969614525449,0.9242667444779765
medseg_liver,segmentation,102,0.007130438505217086,0.9921364007994186,,,,,,,,,,,,,,,,0.009046423164280977,0.9953280362215909,,,,,,,,,,,,,,,,,,,,,,,,,,,,0.9042400888715763,0.9474843388990704,0.9918510237700071,0.9959088425124439,0.8166291539731455,0.8990598352856969,0.9375583711021396,0.9668598566639414,0.9951623652690056,0.9975753177710216,0.8799543769352737,0.9361443955568611
medseg_liver,segmentation,103,0.007068269474561824,0.9923720248909884,,,,,,,,,,,,,,,,0.008888470178300684,0.9943070845170454,,,,,,,,,,,,,,,,,,,,,,,,,,,,0.9060801195420065,0.9485849388280908,0.9920972912558478,0.9960329704885196,0.8200629478281654,0.901136907167662,0.927386564722946,0.9610807410597649,0.994099582483933,0.9970410617564459,0.860673546961959,0.925120420363084
medseg_liver,segmentation,104,0.0071071783124014385,0.991066156431686,,,,,,,,,,,,,,,,0.008786298334598541,0.9945179332386364,,,,,,,,,,,,,,,,,,,,,,,,,,,,0.8922815178753535,0.9402051775362963,0.9907479273237517,0.9953524639914174,0.7938151084269552,0.8850578910811752,0.9291160589820495,0.9620699644497794,0.9943202722578708,0.9971520483338923,0.8639118457062284,0.9269878805656667
medseg_liver,segmentation,105,0.006984643984672635,0.9919632312863372,,,,,,,,,,,,,,,,0.008263764056292448,0.9944624467329546,,,,,,,,,,,,,,,,,,,,,,,,,,,,0.901213022270412,0.945652929274386,0.991676662903086,0.9958209395872611,0.8107493816377381,0.8954849189615111,0.9283420230783559,0.9616260994033461,0.9942633127920143,0.9971234053340959,0.8624207333646976,0.9261287934725961
medseg_liver,segmentation,106,0.006817065179347992,0.9922641488008721,,,,,,,,,,,,,,,,0.008346508849750866,0.9933083274147727,,,,,,,,,,,,,,,,,,,,,,,,,,,,0.903952590307767,0.9473029602743359,0.9919894878560659,0.9959786373408247,0.8159156927594682,0.898627283207847,0.9169381194476799,0.9550215457945502,0.9930631449365639,0.9965195006083679,0.8408130939587959,0.9135235909807325
medseg_liver,segmentation,107,0.006885600297950035,0.990966796875,,,,,,,,,,,,,,,,0.008183769881725311,0.9949729225852273,,,,,,,,,,,,,,,,,,,,,,,,,,,,0.8935200182992402,0.9409803502248011,0.9906359160584356,0.9952959333919255,0.7964041205400447,0.8866647670576767,0.9342160367619168,0.9649741662590823,0.9947919061841862,0.9973891543274926,0.8736401673396474,0.932559178190672
medseg_liver,segmentation,108,0.006687770575978035,0.9922698264898255,,,,,,,,,,,,,,,,0.008400701663710854,0.9957386363636364,,,,,,,,,,,,,,,,,,,,,,,,,,,,0.9027721172252257,0.946585511384916,0.9919999999997086,0.995983935742825,0.8135442344507426,0.897187087027007,0.9419319281175538,0.9693108869064747,0.9955891981288602,0.9977897245208205,0.8882746581062475,0.9408320492921289
medseg_liver,segmentation,109,0.006674337352431098,0.9927013308502907,,,,,,,,,,,,,,,,0.008307540281252428,0.9938853870738636,,,,,,,,,,,,,,,,,,,,,,,,,,,,0.9091616893964236,0.9504227436482104,0.9924395917200172,0.9962054516927883,0.8258837870728302,0.9046400356036325,0.9229109591745253,0.958500279836531,0.993662004231856,0.9968209276423533,0.8521599141171946,0.9201796320307087
medseg_liver,segmentation,110,0.006750491642674735,0.9916083757267442,,,,,,,,,,,,,,,,0.00794760679656809,0.9944402521306818,,,,,,,,,,,,,,,,,,,,,,,,,,,,0.9000482156700842,0.9449617114265716,0.9912995361319459,0.9956307608623489,0.8087968952082225,0.8942926619907943,0.9284517676754525,0.9616902627168439,0.9942390616903418,0.9971112097740302,0.862664473660563,0.9262693156596575
medseg_liver,segmentation,111,0.006587513484234034,0.9915374046148255,,,,,,,,,,,,,,,,0.008285852995785799,0.9951393821022727,,,,,,,,,,,,,,,,,,,,,,,,,,,,0.8966214313903699,0.9428624567517847,0.991237017940158,0.9955992270227545,0.8020058448405818,0.8901256864808148,0.9349127758956858,0.9653649582873461,0.9949684089592246,0.9974778592893105,0.874857142832147,0.9332520572853817
medseg_liver,segmentation,112,0.006359113336995591,0.9930079260537791,,,,,,,,,,,,,,,,0.008261217312379316,0.9948286576704546,,,,,,,,,,,,,,,,,,,,,,,,,,,,0.91311708339119,0.9527710342169267,0.9927543479792801,0.9963640013993359,0.8334798188031,0.9091780670345175,0.9328492306812628,0.964199505150952,0.9946414608332245,0.9973135326463448,0.8710570005293011,0.9310854776555593
medseg_liver,segmentation,113,0.006444459217925405,0.9911371275436046,,,,,,,,,,,,,,,,0.008055907758799467,0.9921764026988636,,,,,,,,,,,,,,,,,,,,,,,,,,,,0.8910207881954222,0.9394156527635811,0.9908291106701944,0.9953934321732324,0.79121246572065,0.8834378733539298,0.9049309488913675,0.9479006694362309,0.9918913323507178,0.995929161637692,0.8179705654320173,0.8998721772347696
medseg_liver,segmentation,114,0.006277606064497039,0.9923152480014535,,,,,,,,,,,,,,,,0.007705655964938077,0.9936967329545454,,,,,,,,,,,,,,,,,,,,,,,,,,,,0.907209351264616,0.9492690884913411,0.9920317200531634,0.995999923160549,0.8223869824760686,0.902538253822133,0.9201434269714914,0.9568899790520895,0.9934691624879346,0.9967238833512154,0.8468176914550481,0.9170560747529636
medseg_liver,segmentation,115,0.006247233859328336,0.9919717478197675,,,,,,,,,,,,,,,,0.007751286029815674,0.9954612038352273,,,,,,,,,,,,,,,,,,,,,,,,,,,,0.9011217547126196,0.9455967492173665,0.9916861675228449,0.9958257316776491,0.8105573419023944,0.8953677667570838,0.9389198639185616,0.9676249135121064,0.9953009570411019,0.9976449452688749,0.8825387707960213,0.9376048817553378
medseg_liver,segmentation,116,0.0061519442256106885,0.9920001362645349,,,,,,,,,,,,,,,,0.008207909085533836,0.9948619495738636,,,,,,,,,,,,,,,,,,,,,,,,,,,,0.9013638704170165,0.9457428645665066,0.9917157362790804,0.9958406395199768,0.8110120045549526,0.8956450896130363,0.9322749572372924,0.9638699193619606,0.9946792006148285,0.9973325037010806,0.8698707138597563,0.9304073350228408
medseg_liver,segmentation,117,0.006244899575100388,0.9916566360828488,,,,,,,,,,,,,,,,0.008286897431720387,0.9944180575284091,,,,,,,,,,,,,,,,,,,,,,,,,,,,0.8984833253466542,0.9440002664779081,0.9913578141353723,0.9956601541906319,0.8056088365579362,0.8923403787651842,0.925966165161463,0.9602541944482249,0.9942237023415317,0.9971034856061103,0.8577086279813945,0.9234049032903395
medseg_liver,segmentation,118,0.00613157381845075,0.9917247683502907,,,,,,,,,,,,,,,,0.007879305969585072,0.9952503551136364,,,,,,,,,,,,,,,,,,,,,,,,,,,,0.8980679232919504,0.9437412137511969,0.9914326441237956,0.9956978932220055,0.8047032024601051,0.8917845342803884,0.936082936977654,0.9660261675964052,0.9950837372774528,0.9975358113392995,0.8770821366778553,0.9345165238535111
medseg_liver,segmentation,119,0.00595495693905409,0.9927609465843024,,,,,,,,,,,,,,,,0.007622125473889438,0.9946843927556818,,,,,,,,,,,,,,,,,,,,,,,,,,,,0.910655559181706,0.9513147110049087,0.9924980141799322,0.9962348841671717,0.82881310418348,0.9063945378426459,0.9311952738784823,0.9632582143951143,0.9944920370252464,0.9972384131535723,0.8678985107317182,0.9292780156366561
medseg_liver,segmentation,120,0.005912769499213197,0.9925338390261628,,,,,,,,,,,,,,,,0.007657824592156844,0.9952392578125,,,,,,,,,,,,,,,,,,,,,,,,,,,,0.908089470210468,0.9497873293894363,0.9922635681714981,0.9961167628861464,0.8239153722494381,0.9034578958927264,0.9368042734465769,0.9664357619536436,0.995069475570349,0.9975286452476841,0.8785390713228047,0.935342878659603
medseg_liver,segmentation,121,0.005889364626518515,0.9931782567223837,,,,,,,,,,,,,,,,0.007886564189737493,0.9946178089488636,,,,,,,,,,,,,,,,,,,,,,,,,,,,0.9141159681890774,0.9533565852881132,0.9929337869664706,0.9964543663819935,0.835298149411684,0.9102588041942329,0.9303704152755633,0.962787423711966,0.9944233002552698,0.9972038534928787,0.8663175302958568,0.9283709939310535
medseg_liver,segmentation,122,0.005917530420214631,0.9924373183139535,,,,,,,,,,,,,,,,0.007616183974526145,0.9947065873579546,,,,,,,,,,,,,,,,,,,,,,,,,,,,0.9064945742922257,0.9488316465474729,0.9921659040379142,0.996067548417425,0.8208232445465373,0.9015957446775207,0.9313191149416703,0.9633283693970378,0.9945154762440849,0.9972501974433193,0.8681227536392557,0.9294065413507562
medseg_liver,segmentation,123,0.005771391786808191,0.9922215661337209,,,,,,,,,,,,,,,,0.007500395178794861,0.9958829012784091,,,,,,,,,,,,,,,,,,,,,,,,,,,,0.9062196086724925,0.9486772262596639,0.9919347954702421,0.9959510700108766,0.8205044218747428,0.9014033825084512,0.9440381943352312,0.9704855279419218,0.9957374449935134,0.9978641704512887,0.892338943676949,0.9431068854325547
medseg_liver,segmentation,124,0.005672776421835256,0.9930675417877907,,,,,,,,,,,,,,,,0.007485118101943623,0.9957497336647727,,,,,,,,,,,,,,,,,,,,,,,,,,,,0.9129167165627105,0.9526488299465666,0.9928192099363689,0.9963966675813706,0.833014223189052,0.9089009923117627,0.9431156351793475,0.9699737850609036,0.9955973469118256,0.9977938169265521,0.8906339234468694,0.9421537531952552
medseg_liver,segmentation,125,0.005762833495472752,0.9925451944040697,,,,,,,,,,,,,,,,0.007539293982765891,0.9954501065340909,,,,,,,,,,,,,,,,,,,,,,,,,,,,0.9070986834890209,0.9491902297140798,0.9922795587644376,0.9961248203337737,0.8219178082136042,0.902255639094386,0.9397825391049051,0.9681117604064313,0.9952862185113702,0.9976375411984018,0.8842788596984398,0.938585979614461
medseg_liver,segmentation,126,0.005488006008225818,0.993541628815407,,,,,,,,,,,,,,,,0.007483977485786785,0.9958274147727273,,,,,,,,,,,,,,,,,,,,,,,,,,,,0.9199797982793247,0.9568009341350139,0.9933028157609052,0.996640157137119,0.8466567807977442,0.9169617111329088,0.9434888320248033,0.9701801727959795,0.9956796010513786,0.9978351239616092,0.8912980629982279,0.9425252216303497
medseg_liver,segmentation,127,0.005632773214994475,0.9927268804505814,,,,,,,,,,,,,,,,0.0074071464213457975,0.9956609552556818,,,,,,,,,,,,,,,,,,,,,,,,,,,,0.9096200871245932,0.9506963724582975,0.9924653263845941,0.9962184166943181,0.8267748478645924,0.9051743282222771,0.9412184655622531,0.9689128039470489,0.9955080705370837,0.9977489795560148,0.8869288605874226,0.9400766283380831
medseg_liver,segmentation,128,0.005544977305933486,0.9919887808866279,,,,,,,,,,,,,,,,0.007576289502057162,0.9957719282670454,,,,,,,,,,,,,,,,,,,,,,,,,,,,0.9006696117383359,0.9453196891827249,0.9917061959591976,0.9958358295728411,0.8096330275174741,0.8948035487926086,0.9417997204940369,0.9692356554855459,0.9956253157569057,0.9978078629246918,0.8879741252311681,0.9406634480463999
medseg_liver,segmentation,129,0.005476526742757753,0.9929937318313954,,,,,,,,,,,,,,,,0.007202722132205963,0.9956942471590909,,,,,,,,,,,,,,,,,,,,,,,,,,,,0.9126242882478446,0.9524783061730643,0.9927409416184074,0.9963572493393461,0.8325076348772819,0.9085993630067825,0.9424362474997199,0.9695950488583426,0.9955399222923471,0.9977649769579506,0.8893325727070927,0.9414251207587345
medseg_liver,segmentation,130,0.005343750812286554,0.9939021620639535,,,,,,,,,,,,,,,,0.007134854116223075,0.9957053444602273,,,,,,,,,,,,,,,,,,,,,,,,,,,,0.9239849602473804,0.9591251518074905,0.9936760662067015,0.9968280033549628,0.8542938542880593,0.9214223002600181,0.9425845821179137,0.9696778150656651,0.9955513662007339,0.9977707244851654,0.8896177980350937,0.9415849056461648
medseg_liver,segmentation,131,0.0054367470533348795,0.9935842114825582,,,,,,,,,,,,,,,,0.007580877705053849,0.9954944957386364,,,,,,,,,,,,,,,,,,,,,,,,,,,,0.918890171825629,0.956159018867847,0.9933527261173175,0.9966652796589441,0.8444276175339407,0.9156527580767498,0.9403214436976716,0.9684137664571715,0.995332152957075,0.9976606165364462,0.8853107344382681,0.9391669163778968
medseg_liver,segmentation,132,0.0052872270692226496,0.9937062817950582,,,,,,,,,,,,,,,,0.007965157655152407,0.9953724254261364,,,,,,,,,,,,,,,,,,,,,,,,,,,,0.9202648484756226,0.9569607616840747,0.9934789898166959,0.9967288292394274,0.8470507071345494,0.9171926941287222,0.9387048401274801,0.9675064825316055,0.9952062904493727,0.9975973865090674,0.8822033898055875,0.9374155785541436
medseg_liver,segmentation,133,0.005467695205710655,0.9928347565406976,,,,,,,,,,,,,,,,0.007129083302888003,0.9951060901988636,,,,,,,,,,,,,,,,,,,,,,,,,,,,0.9110062439384349,0.9515206741312134,0.9925760775567551,0.9962742087858709,0.8294364103201146,0.906767139476556,0.9355965098674623,0.9657549495948206,0.9949303934968847,0.9974587551928422,0.8762626262380399,0.934051143996799
medseg_liver,segmentation,134,0.005341537816579952,0.9930703806322675,,,,,,,,,,,,,,,,0.006818632510575381,0.9961936257102273,,,,,,,,,,,,,,,,,,,,,,,,,,,,0.9139374282453774,0.9532557662127881,0.9928184337651317,0.9963962766937579,0.835056422725623,0.9101152557318183,0.947514630256579,0.9724115829053295,0.9960601883746887,0.9980262059990689,0.8989690721384693,0.94679695981159
medseg_liver,segmentation,135,0.005362694000088891,0.992931277252907,,,,,,,,,,,,,,,,0.007215658372098749,0.9962935014204546,,,,,,,,,,,,,,,,,,,,,,,,,,,,0.910626328177802,0.951288586800826,0.9926812277898799,0.9963271736050641,0.8285714285657241,0.9062499999965878,0.9492078187343265,0.9733463973725217,0.9961621988061494,0.9980774101442529,0.9022534386625036,0.9486153846007905
medseg_liver,segmentation,136,0.005279455074044161,0.9927325581395349,,,,,,,,,,,,,,,,0.007370045916600661,0.9961825284090909,,,,,,,,,,,,,,,,,,,,,,,,,,,,0.9098538439762692,0.9508361837179722,0.9924705439440842,0.9962210452351224,0.8272371440084543,0.9054513222008219,0.946559387757016,0.9718814972622355,0.9960511513637348,0.9980216696182523,0.8970676241502973,0.9457413249062186
medseg_liver,segmentation,137,0.005200774863708851,0.9934962073037791,,,,,,,,,,,,,,,,0.006920210339806296,0.9960715553977273,,,,,,,,,,,,,,,,,,,,,,,,,,,,0.917440543651599,0.9553092920445339,0.9932633894175542,0.9966203108840451,0.8416176978856438,0.9139982732050227,0.9454143621846418,0.9712475814861379,0.9959356127568992,0.9979636681578686,0.8948931116123845,0.9445314948144072
medseg_liver,segmentation,138,0.005120365598867106,0.9935756949491279,,,,,,,,,,,,,,,,0.006830493157560175,0.9957608309659091,,,,,,,,,,,,,,,,,,,,,,,,,,,,0.9180532347364863,0.9556667950293138,0.9933466028862767,0.9966621975806469,0.8427598665866957,0.9146713924779809,0.943985232017138,0.9704596388477489,0.9956064178492201,0.9977983724087662,0.892364046185056,0.9431209052867314
medseg_liver,segmentation,139,0.005057255369286204,0.9934791742369186,,,,,,,,,,,,,,,,0.007002130828120492,0.9954279119318182,,,,,,,,,,,,,,,,,,,,,,,,,,,,0.9195690378134947,0.9565626689152826,0.9932370961613106,0.9966070750681323,0.8459009794656789,0.9165182627624331,0.9388260182162689,0.967573047389906,0.9952655106227287,0.9976271381667928,0.8823865258098091,0.9375189566130191
medseg_liver,segmentation,140,0.005077541047750518,0.9932350336119186,,,,,,,,,,,,,,,,0.00718480416319587,0.9960715553977273,,,,,,,,,,,,,,,,,,,,,,,,,,,,0.9157202486564154,0.9543050647741709,0.9929888669205759,0.996482101232077,0.838451630392255,0.9121280283162648,0.946347834418166,0.971767096894359,0.9959327642255639,0.9979622380836991,0.8967629046107681,0.945571955705019
medseg_liver,segmentation,141,0.004987513083358144,0.9933656204578488,,,,,,,,,,,,,,,,0.0071596740321679545,0.9960049715909091,,,,,,,,,,,,,,,,,,,,,,,,,,,,0.9176829116462362,0.9554582531331318,0.9931219998878703,0.9965491324101,0.842243823404602,0.9143673738561636,0.9456971778426618,0.971407038620266,0.9958633052179856,0.997927365681207,0.895531050467338,0.9448867115593251
medseg_liver,segmentation,142,0.004924838106299556,0.9935984057049418,,,,,,,,,,,,,,,,0.00705108181996779,0.9963933771306818,,,,,,,,,,,,,,,,,,,,,,,,,,,,0.9196937826913145,0.9566305398902999,0.9933650321005946,0.9966714737177799,0.8460225332820346,0.91658960606282,0.9503949367608697,0.973999143676898,0.9962657842416138,0.9981293995078893,0.9045240892801256,0.9498688878459067
medseg_liver,segmentation,143,0.005021944468797639,0.9938084801962209,,,,,,,,,,,,,,,,0.006943636319854043,0.9962824041193182,,,,,,,,,,,,,,,,,,,,,,,,,,,,0.922922468635948,0.9585102945744483,0.9935791376434483,0.9967792287573085,0.8522657996284476,0.920241360391588,0.9484906847897412,0.9729499857934027,0.9961524767701522,0.9980725303930323,0.9008288928093301,0.9478274411937732
medseg_liver,segmentation,144,0.0049267073356828025,0.9938908066860465,,,,,,,,,,,,,,,,0.006787432865663009,0.9965043501420454,,,,,,,,,,,,,,,,,,,,,,,,,,,,0.9232103761147286,0.9586745974718378,0.9936667323926645,0.9968233067721731,0.8527540198367926,0.9205258881715026,0.9512043409478441,0.9744422232235603,0.9963824289394242,0.9981879368360812,0.9060262529562642,0.9506965096110394
medseg_liver,segmentation,145,0.004974743654561597,0.9937006041061046,,,,,,,,,,,,,,,,0.006728792732412165,0.9964710582386364,,,,,,,,,,,,,,,,,,,,,,,,,,,,0.9199815087046461,0.9567948182596462,0.9934739132989255,0.9967262743407187,0.8464891041103667,0.9168633621785738,0.9513257919835516,0.9745099517853195,0.9963463394446018,0.9981698263055825,0.9063052445225014,0.9508500772650564
medseg_liver,segmentation,146,0.004982925431672917,0.9940441042877907,,,,,,,,,,,,,,,,0.006655873900110071,0.9964599609375,,,,,,,,,,,,,,,,,,,,,,,,,,,,0.9240973520837674,0.9591845416006054,0.993828467883031,0.9969046825158828,0.8543662362845039,0.921464400685328,0.9517328123432705,0.9747341795074429,0.9963331647420614,0.9981632147766215,0.9071324599444794,0.9513051442382643
medseg_liver,segmentation,147,0.004770799258420634,0.994251339934593,,,,,,,,,,,,,,,,0.006735047156160528,0.9964266690340909,,,,,,,,,,,,,,,,,,,,,,,,,,,,0.9280471703671598,0.9614643978590731,0.9940371200317449,0.9970096444502697,0.8620572207025745,0.9259191512678766,0.9513876886509491,0.9745451740677931,0.9962984676564285,0.998145802141542,0.9064769096454698,0.9509445459940441
medseg_liver,segmentation,148,0.004867222853178202,0.9943819267805233,,,,,,,,,,,,,,,,0.006840487772768194,0.9965931285511364,,,,,,,,,,,,,,,,,,,,,,,,,,,,0.9289960521529934,0.9620061895844001,0.9941743228640918,0.9970786520169705,0.8638177814418949,0.9269337271518296,0.9532079675377823,0.9755408709475575,0.9964716699218521,0.9982327171823651,0.9099442651537124,0.95284902471275
medseg_liver,segmentation,149,0.005045254216637722,0.993308843568314,,,,,,,,,,,,,,,,0.006943479857661508,0.9967706853693182,,,,,,,,,,,,,,,,,,,,,,,,,,,,0.9151975207707497,0.9539919582938021,0.993070174406689,0.9965230398395912,0.8373248671348104,0.911460876748013,0.9554327504509218,0.9767537504551651,0.9966555952684182,0.9983249966897109,0.9142099056334254,0.9551825042206195
medseg_liver,segmentation,150,0.005127277398525283,0.9922811818677325,,,,,,,,,,,,,,,,0.006807858971032229,0.9966375177556818,,,,,,,,,,,,,,,,,,,,,,,,,,,,0.902403077047359,0.9463602996364054,0.9920135349871224,0.9959907576567097,0.8127926191075957,0.8967298416161011,0.9534633022375395,0.9756797401769601,0.9965185619236422,0.9982562455752961,0.9104080425514368,0.953103234778624
medseg_liver,segmentation,151,0.0047497657495875695,0.9939135174418605,,,,,,,,,,,,,,,,0.006629992615092884,0.9969260475852273,,,,,,,,,,,,,,,,,,,,,,,,,,,,0.9238199369798299,0.9590286406497461,0.993688920287003,0.9968344711911783,0.8539509536726569,0.9212228101083141,0.9568922286125788,0.9775456950009487,0.9968180303941314,0.9984064799308525,0.9169664268310262,0.9566849100710448
medseg_liver,segmentation,152,0.004821662292924038,0.9938028025072675,,,,,,,,,,,,,,,,0.006607278504154899,0.9970481178977273,,,,,,,,,,,,,,,,,,,,,,,,,,,,0.9213782934337671,0.9576086464904934,0.9935787507534618,0.9967790340641867,0.8491778361140723,0.9184382589168001,0.958805732746723,0.9785825082133695,0.9969434070657892,0.9984693642677125,0.9206680584276569,0.9586956521590265
medseg_liver,segmentation,153,0.004883559290752854,0.9946970385174418,,,,,,,,,,,,,,,,0.006724543192169883,0.9963489879261364,,,,,,,,,,,,,,,,,,,,,,,,,,,,0.9319003376800076,0.9636616808573479,0.9945031662700998,0.997244008521591,0.8692975090899153,0.930079353193105,0.9506612693210216,0.9741471483297479,0.9962172603295281,0.99810504610613,0.9051052783125151,0.9501892505533658
medseg_liver,segmentation,154,0.0046598286649515465,0.9944670921148255,,,,,,,,,,,,,,,,0.006896263496442275,0.9963600852272727,,,,,,,,,,,,,,,,,,,,,,,,,,,,0.9304021624138707,0.962811438363675,0.9942609120700486,0.997122198055823,0.8665434127576928,0.9285006786715269,0.950729338590431,0.974184367823369,0.9962289748088662,0.9981109255307273,0.9052297023719957,0.9502578101160106
medseg_liver,segmentation,155,0.004841656705667806,0.9942797283793605,,,,,,,,,,,,,,,,0.0068777183240110226,0.9968483664772727,,,,,,,,,,,,,,,,,,,,,,,,,,,,0.9282621268228249,0.9615872652679686,0.994066915767578,0.9970246313273102,0.8624573378780719,0.9261498992086269,0.9565907665604516,0.9773833438950115,0.9967355196144732,0.9983650912434526,0.91644601350643,0.9564015965465704
medseg_liver,segmentation,156,0.004772244151248489,0.9946147120276163,,,,,,,,,,,,,,,,0.006687744097276168,0.9970259232954546,,,,,,,,,,,,,,,,,,,,,,,,,,,,0.9316447098968036,0.9635183934295443,0.9944154307210205,0.9971998966750069,0.8688739890725867,0.9298368901840817,0.9586737592389982,0.9785114257417271,0.9969199650611446,0.9984576072187444,0.920427553416852,0.9585652442647099
medseg_liver,segmentation,157,0.004693746913311093,0.9948702080305233,,,,,,,,,,,,,,,,0.00668545744635842,0.9968927556818182,,,,,,,,,,,,,,,,,,,,,,,,,,,,0.9339287915966843,0.964814157949297,0.994682400717745,0.9973341122976062,0.8731751824756234,0.932294203600988,0.9566875494068883,0.9774350268808908,0.9967829034285095,0.9983888601179594,0.9165921953852669,0.9564811936438222
medseg_liver,segmentation,158,0.004556098649668139,0.9943989598473837,,,,,,,,,,,,,,,,0.006792472844774073,0.9968594637784091,,,,,,,,,,,,,,,,,,,,,,,,,,,,0.9293508696156367,0.9622097759449904,0.9941913697824651,0.997087225275592,0.8645103694488084,0.9273323266143887,0.9567313646816404,0.9774596494533195,0.9967470142637139,0.9983708573429441,0.916715715099567,0.956548441563695
medseg_liver,segmentation,159,0.004742952106997024,0.9944585755813954,,,,,,,,,,,,,,,,0.0068616765466603365,0.9968816583806818,,,,,,,,,,,,,,,,,,,,,,,,,,,,0.9297934233025774,0.9624620098273928,0.9942539732065024,0.9971187086145008,0.8653328733986524,0.9278053110402847,0.9568785589720201,0.9775392705763419,0.996770411915,0.9983825941802179,0.9169867060290403,0.9566959469724658
medseg_liver,segmentation,160,0.004766641228004943,0.994163335755814,,,,,,,,,,,,,,,,0.006900666789575057,0.9969260475852273,,,,,,,,,,,,,,,,,,,,,,,,,,,,0.9261026402482875,0.9603437349939337,0.9939495066314131,0.9969655734267772,0.8582557738651619,0.9237218965610903,0.9569914048466983,0.9775996726191531,0.996817737950489,0.9984063332426237,0.9171650717429077,0.9567930119956826
medseg_liver,segmentation,161,0.0048046306122181024,0.9943251498909884,,,,,,,,,,,,,,,,0.006896664473143491,0.9969149502840909,,,,,,,,,,,,,,,,,,,,,,,,,,,,0.9278603760509128,0.9613536570302911,0.9941173181559767,0.9970499820695288,0.8616034339458487,0.9256573319910534,0.9566491377138492,0.9774135987081489,0.9968068365846972,0.9984008651428876,0.9164914388430012,0.9564263322734102
medseg_liver,segmentation,162,0.004700734171756479,0.9946487781613372,,,,,,,,,,,,,,,,0.006828734143213792,0.9969593394886364,,,,,,,,,,,,,,,,,,,,,,,,,,,,0.9316015733392671,0.9634924035947514,0.9944522763322646,0.9972184224543404,0.8687508703462696,0.9297663847351624,0.9571738282244675,0.9776981724299445,0.9968529259737015,0.9984239830658715,0.9174947304752336,0.9569723617940175
medseg_liver,segmentation,163,0.004781729433425638,0.9942371457122093,,,,,,,,,,,,,,,,0.0067340250719677315,0.9969926313920454,,,,,,,,,,,,,,,,,,,,,,,,,,,,0.9258915806228802,0.9602183994584171,0.9940296751610976,0.9970058997048677,0.8577534860846628,0.9234308992119665,0.957507278578029,0.9778787609081221,0.9968876689662732,0.9984414090576572,0.9181268881897847,0.957316112758587
medseg_liver,segmentation,164,0.0046350271549335745,0.9943762490915697,,,,,,,,,,,,,,,,0.006619155406951904,0.9969815340909091,,,,,,,,,,,,,,,,,,,,,,,,,,,,0.9286658355356506,0.9618161844401456,0.9941694137034983,0.9970761830682814,0.8631622573678029,0.9265561858120099,0.9575355853508987,0.977894399575188,0.9968756820076076,0.9984353968449096,0.9181954886941897,0.9573534023054664
medseg_liver,segmentation,165,0.004689051488111186,0.9934138808139535,,,,,,,,,,,,,,,,0.006577512080019171,0.9968927556818182,,,,,,,,,,,,,,,,,,,,,,,,,,,,0.916742901906016,0.9549013268018283,0.9931774337737633,0.9965770402019256,0.8403083700382687,0.9132256134017309,0.9565131582030721,0.9773400484236275,0.9967834208308002,0.9983891196533164,0.9162428955753442,0.9562909771939386
medseg_liver,segmentation,166,0.0046733184609302255,0.9940611373546512,,,,,,,,,,,,,,,,0.006578960201957009,0.9969038529829546,,,,,,,,,,,,,,,,,,,,,,,,,,,,0.9242740978950981,0.9592866283481405,0.9938461538458615,0.9969135802467665,0.8547020419443345,0.9216596764495144,0.9567803250675795,0.977485286396844,0.9967945403773057,0.998394697322195,0.9167661097578531,0.956575875471493
medseg_liver,segmentation,167,0.0046820562592772555,0.9943563771802325,,,,,,,,,,,,,,,,0.006583992730487476,0.9969593394886364,,,,,,,,,,,,,,,,,,,,,,,,,,,,0.9281285995246589,0.9615072005705032,0.9941499645404885,0.9970664014424514,0.8621072345088291,0.9259479996985549,0.9577486534573811,0.9780106986319517,0.996851226181943,0.9984231304882549,0.9186460807328194,0.9575982667756484
medseg_liver,segmentation,168,0.004587115849866424,0.9949042741642442,,,,,,,,,,,,,,,,0.00660474801605398,0.9970037286931818,,,,,,,,,,,,,,,,,,,,,,,,,,,,0.934957658378677,0.9653988747663742,0.9947154280058779,0.9973507138311929,0.875199888751476,0.9334470357015555,0.958353503245322,0.9783381653005442,0.9968970867080424,0.9984461325961105,0.9198099197826015,0.9582301980049779
medseg_liver,segmentation,169,0.0046102766727292264,0.9940441042877907,,,,,,,,,,,,,,,,0.0066355771639130335,0.9970703125,,,,,,,,,,,,,,,,,,,,,,,,,,,,0.9253810253797525,0.959930299755358,0.99382376232348,0.9969023151427775,0.8569382884360249,0.9229582843679386,0.959091967970473,0.9787371832548712,0.9969663889675415,0.9984808902897826,0.9212175469734045,0.9589934762199598
medseg_liver,segmentation,170,0.004695373219113017,0.9936920875726745,,,,,,,,,,,,,,,,0.006652221083641052,0.9971147017045454,,,,,,,,,,,,,,,,,,,,,,,,,,,,0.9196124005878712,0.9565785433451971,0.9934660895336889,0.996722336787861,0.8457587116420535,0.9164347499025332,0.9597001547243658,0.9790656095316833,0.997012249774773,0.998503889885721,0.9223880596739586,0.9596273291776456
medseg_liver,segmentation,171,0.004694040951340697,0.9943563771802325,,,,,,,,,,,,,,,,0.006665260954336686,0.9971036044034091,,,,,,,,,,,,,,,,,,,,,,,,,,,,0.9280042589220983,0.9614354555348461,0.9941504120896405,0.9970666265318322,0.8618581057545559,0.9258042845378599,0.9595683810603415,0.9789945150265105,0.9970007239620355,0.9984981096892074,0.9221360381586475,0.9594909203638136
medseg_liver,segmentation,172,0.004658439824747485,0.9949667287427325,,,,,,,,,,,,,,,,0.006653792478821494,0.9970814098011364,,,,,,,,,,,,,,,,,,,,,,,,,,,,0.935531421789809,0.9657228783963328,0.994780658113679,0.9973835008550481,0.876282185465939,0.9340622559376174,0.9592469052734767,0.9788208920425412,0.9969778451909853,0.9984866357850226,0.9215159653559679,0.9591551483000598
medseg_liver,segmentation,173,0.004737351349619932,0.9938936455305233,,,,,,,,,,,,,,,,0.006628791039640253,0.9971368963068182,,,,,,,,,,,,,,,,,,,,,,,,,,,,0.9229584530615682,0.958527620084011,0.99367071846585,0.9968253124873999,0.8522461876572863,0.9202299276806222,0.9599526449010799,0.9792017632254313,0.9970353346727986,0.9985154667642938,0.9228699551293612,0.9598880596865689
medseg_liver,segmentation,174,0.004572742726913718,0.9945579351380814,,,,,,,,,,,,,,,,0.006620929999784989,0.9971036044034091,,,,,,,,,,,,,,,,,,,,,,,,,,,,0.930983583170667,0.9631416222529727,0.9943566691097566,0.9971703502299002,0.8676104972315772,0.9291128942760452,0.9594403898786553,0.9789252128103898,0.9970011030414135,0.9984982997986235,0.9218796767158971,0.9593521258221562
medseg_liver,segmentation,175,0.004668116656153701,0.9944301871366279,,,,,,,,,,,,,,,,0.0066007213159040975,0.9971036044034091,,,,,,,,,,,,,,,,,,,,,,,,,,,,0.9287702323642322,0.9618742159833316,0.9942271026054557,0.9971051955983338,0.8633133621230088,0.9266432363683292,0.9594870296741478,0.9789504685724033,0.9970009652054546,0.9984982306734955,0.9219730941428409,0.9594027064713112
medseg_liver,segmentation,176,0.004751227449539096,0.9947027162063954,,,,,,,,,,,,,,,,0.00660858235575936,0.9970703125,,,,,,,,,,,,,,,,,,,,,,,,,,,,0.9325247876600735,0.964018722007712,0.9945070472285037,0.9972459597076234,0.8705425280916432,0.9307914843078006,0.959091967970473,0.9787371832548712,0.9969663889675415,0.9984808902897826,0.9212175469734045,0.9589934762199598
medseg_liver,segmentation,177,0.004726081133581871,0.9944358648255814,,,,,,,,,,,,,,,,0.006630174815654755,0.9970814098011364,,,,,,,,,,,,,,,,,,,,,,,,,,,,0.9301193456000967,0.9626502025598316,0.994228300175214,0.9971057978545993,0.8660103910249793,0.9281946072650638,0.9592117942654703,0.9788018703574373,0.9969779493708883,0.9984866880327529,0.9214456391600524,0.9591170526821217
medseg_liver,segmentation,178,0.004601747663908227,0.9946658112281976,,,,,,,,,,,,,,,,0.006634790788997303,0.9970925071022727,,,,,,,,,,,,,,,,,,,,,,,,,,,,0.9327337380208869,0.9641395216756643,0.994466514905367,0.997225581350562,0.8710009611364067,0.9310534620007667,0.959308429641398,0.9788539811073689,0.9969895784249325,0.9984925201375152,0.9216272808578634,0.9592154420772226
medseg_liver,segmentation,179,0.004696004092693329,0.994239984556686,,,,,,,,,,,,,,,,0.006636303256858479,0.9971147017045454,,,,,,,,,,,,,,,,,,,,,,,,,,,,0.9260323478920572,0.9602998642974487,0.9940322300750327,0.9970071848213091,0.8580324657090818,0.9235925437735883,0.9596073992377503,0.9790154010988541,0.9970125244157222,0.9985040276173771,0.9222022740597785,0.9595267745803312
medseg_liver,segmentation,180,0.004556176967399065,0.9951200263444767,,,,,,,,,,,,,,,,0.0066274160688573665,0.9971036044034091,,,,,,,,,,,,,,,,,,,,,,,,,,,,0.9373899085523257,0.9667715985146372,0.9949391908001628,0.9974631762094928,0.8798406263044887,0.9360800208197818,0.9594753802018061,0.9789441605347169,0.9970009996656322,0.9984982479553741,0.92194976073798,0.9593900731140597
medseg_liver,segmentation,181,0.004687320527642272,0.9941690134447675,,,,,,,,,,,,,,,,0.006632666696201672,0.9971147017045454,,,,,,,,,,,,,,,,,,,,,,,,,,,,0.9268835502530975,0.9607955267466628,0.9939527406977036,0.9969672002857096,0.8598143598084915,0.9246238532076161,0.9595957735207685,0.979009107428798,0.9970125587422907,0.9985040448320511,0.9221789882992464,0.9595141700255448
medseg_liver,segmentation,182,0.004504682019699452,0.9949071130087209,,,,,,,,,,,,,,,,0.0066520693627270784,0.9971701882102273,,,,,,,,,,,,,,,,,,,,,,,,,,,,0.9349462384431223,0.9653922769108596,0.9947185275463837,0.9973522718214721,0.8751739493398609,0.933432282000247,0.9603041370291101,0.9793911438539423,0.9970700432013546,0.9985328722902735,0.9235382308568655,0.9602494154176111
medseg_liver,segmentation,183,0.004594860468492951,0.9950093114098837,,,,,,,,,,,,,,,,0.0066289475018327885,0.9971479936079546,,,,,,,,,,,,,,,,,,,,,,,,,,,,0.9360254162722395,0.9660019428985063,0.9948247692780303,0.9974056715147753,0.8772260632664486,0.9345982142822373,0.9600158899659446,0.9792357404186498,0.9970470631480409,0.9985213483916077,0.9229847167838483,0.9599501324456919
medseg_liver,segmentation,184,0.0046224445104599,0.9941264307776163,,,,,,,,,,,,,,,,0.006608682599934665,0.9971812855113636,,,,,,,,,,,,,,,,,,,,,,,,,,,,0.9258459251602187,0.9601964906448293,0.9939107120255362,0.996946057846152,0.8577811382949011,0.9234469234435067,0.9605053428400689,0.9794996610733098,0.9970813655520734,0.9985385500569629,0.9239293201280645,0.9604607720896566
medseg_liver,segmentation,185,0.004632074819054715,0.994617550872093,,,,,,,,,,,,,,,,0.006606972353024917,0.9971701882102273,,,,,,,,,,,,,,,,,,,,,,,,,,,,0.9316264343698487,0.9635078190899842,0.9944185553593365,0.9972014677532631,0.8688343133803609,0.9298141704267053,0.9603498688982917,0.9794158652397892,0.9970699085340384,0.9985328047588917,0.9236298292625448,0.9602989257206866
medseg_liver,segmentation,186,0.00458679850711379,0.9952307412790697,,,,,,,,,,,,,,,,0.006601183929226615,0.9971590909090909,,,,,,,,,,,,,,,,,,,,,,,,,,,,0.9384639089451794,0.9673751581510428,0.9950546636285242,0.9975212025707199,0.8818731542618347,0.9372291137313659,0.9601943950881602,0.9793320442374615,0.9970584517792953,0.9985270595269338,0.9233303383970252,0.9601370289479891
medseg_liver,segmentation,187,0.0045491549684557805,0.9948531749636628,,,,,,,,,,,,,,,,0.006599038162014701,0.9971701882102273,,,,,,,,,,,,,,,,,,,,,,,,,,,,0.9340684709609376,0.9648943953599864,0.9946635662562564,0.9973246446999784,0.8734733756656188,0.9324641460199945,0.9603498688982917,0.9794158652397892,0.9970699085340384,0.9985328047588917,0.9236298292625448,0.9602989257206866
medseg_liver,segmentation,188,0.004611284580341605,0.9943989598473837,,,,,,,,,,,,,,,,0.0065915970639749,0.9971812855113636,,,,,,,,,,,,,,,,,,,,,,,,,,,,0.9283087859223266,0.9616094468521448,0.9941951466362466,0.9970891247160315,0.8624224252084065,0.9261297689882582,0.9605053428400689,0.9794996610733098,0.9970813655520734,0.9985385500569629,0.9239293201280645,0.9604607720896566
medseg_liver,segmentation,189,0.004698953742897788,0.9940781704215116,,,,,,,,,,,,,,,,0.006592772223732688,0.9971812855113636,,,,,,,,,,,,,,,,,,,,,,,,,,,,0.9245664863695924,0.9594558988188935,0.9938634244206896,0.9969222688454233,0.8552695483184952,0.9219895287923635,0.9605167138976469,0.9795058056721769,0.9970813320145737,0.9985385332391635,0.92395209578072,0.9604730781051903
medseg_liver,segmentation,190,0.004510502482569495,0.9948219476744186,,,,,,,,,,,,,,,,0.00659572265364907,0.9971479936079546,,,,,,,,,,,,,,,,,,,,,,,,,,,,0.9337968561381762,0.9647406814190483,0.9946309040918767,0.9973082258491489,0.8729628081844758,0.9321731369889478,0.9600849014972037,0.9792730667550782,0.9970468595580665,0.9985212462953488,0.9231229434363409,0.9600248872148075
medseg_liver,segmentation,191,0.004578266206175782,0.9947907203851745,,,,,,,,,,,,,,,,0.006589891558343714,0.9971590909090909,,,,,,,,,,,,,,,,,,,,,,,,,,,,0.9332864319148744,0.9644505980496905,0.9945990970040457,0.9972922363175303,0.871973766825703,0.9316089597818508,0.9602516294101814,0.9793629898670322,0.9970582827714227,0.9985269747738684,0.92344497604894,0.960199004960196
medseg_liver,segmentation,192,0.004621695987013883,0.9945721293604651,,,,,,,,,,,,,,,,0.0065929456190629435,0.9971923828125,,,,,,,,,,,,,,,,,,,,,,,,,,,,0.9304969337628304,0.9628618258528863,0.9943737070852464,0.9971789174241691,0.8666201604404142,0.9285447342816034,0.9607625095676144,0.9796383613089761,0.9970925221496982,0.9985441446412447,0.9244324969855308,0.9607325779767075
medseg_liver,segmentation,193,0.004565425823594249,0.9943989598473837,,,,,,,,,,,,,,,,0.00660072537985715,0.9971812855113636,,,,,,,,,,,,,,,,,,,,,,,,,,,,0.9294343512732954,0.9622578104337842,0.9941910619489549,0.9970870704608574,0.864677640597636,0.9274285504067111,0.9606864650866525,0.9795975171592604,0.9970808288595728,0.9985382809257178,0.9242921013137321,0.9606567533928028
medseg_liver,segmentation,194,0.0046481882590194085,0.994362054869186,,,,,,,,,,,,,,,,0.006613498384302313,0.9972145774147727,,,,,,,,,,,,,,,,,,,,,,,,,,,,0.9289041695527717,0.9619540524422985,0.9941532519221276,0.997068054788549,0.8636550871834158,0.9268400500960479,0.9610726542080851,0.9798053591000195,0.9971154398655437,0.9985556367564559,0.9250298685506264,0.9610550814435833
medseg_liver,segmentation,195,0.004646995299777319,0.9943705714026163,,,,,,,,,,,,,,,,0.0066069384867494755,0.9971923828125,,,,,,,,,,,,,,,,,,,,,,,,,,,,0.9285938343750936,0.961774912903667,0.9941635615516172,0.9970732398480686,0.8630241071985699,0.9264765859592655,0.9607962855447874,0.9796566029247955,0.9970924219079722,0.9985440943743354,0.9245001491816025,0.9607691114752556
medseg_liver,segmentation,196,0.004716038184110509,0.9947509765625,,,,,,,,,,,,,,,,0.00659359178759835,0.9971479936079546,,,,,,,,,,,,,,,,,,,,,,,,,,,,0.9327460968813466,0.9641434376102602,0.9945582275534997,0.9972716903566284,0.8709339662091935,0.931015184863892,0.9602677250787197,0.979371924835345,0.9970463165141972,0.9985209739697182,0.9234891336432424,0.9602228757009716
medseg_liver,segmentation,197,0.004623322725989098,0.995139898255814,,,,,,,,,,,,,,,,0.006595184857195074,0.9971368963068182,,,,,,,,,,,,,,,,,,,,,,,,,,,,0.9379108270857561,0.9670656416753834,0.9949587453397856,0.9974730030523233,0.8808629088317267,0.9366582802984436,0.9601587522724596,0.9793132382137516,0.9970347213431138,0.9985151591881728,0.9232827832018055,0.9601113172393304
medseg_liver,segmentation,198,0.004725680448288141,0.9940866869549418,,,,,,,,,,,,,,,,0.006612834605303678,0.9970481178977273,,,,,,,,,,,,,,,,,,,,,,,,,,,,0.9256231714989551,0.9600689871343164,0.9938687325963861,0.9969249392884405,0.8573776104015243,0.9232130349801924,0.9590872132250456,0.978735087206297,0.9969425638774302,0.9984689413817525,0.9212318625726612,0.9590012330308415
medseg_liver,segmentation,199,0.004658799185309299,0.9947254269622093,,,,,,,,,,,,,,,,0.006613348018039356,0.9970925071022727,,,,,,,,,,,,,,,,,,,,,,,,,,,,0.9327246141471078,0.964132104560047,0.9945307900621115,0.997257896461093,0.8709184382321041,0.931006312659001,0.9595873350945774,0.9790050135173951,0.9969887480306217,0.9984921036874405,0.9221859221585332,0.9595179233473499
medseg_liver,segmentation,200,0.0045777666707371555,0.9952562908793605,,,,,,,,,,,,,,,,0.006593581627715717,0.9972034801136364,,,,,,,,,,,,,,,,,,,,,,,,,,,,0.9394418716359212,0.9679261453153929,0.9950787227648109,0.9975332917047157,0.8838050205070315,0.9383189989260702,0.9609624250515187,0.9797460836755564,0.9971038477439926,0.9985498239066141,0.9248210023590447,0.9609423434444987
cvc_clinicdb,segmentation,1,0.02052534101930864,0.510759661777863,,,,,,,,,,,,,,,,0.01992652474380121,0.5145531631097561,,,,,,,,,,,,,,,,,,,,,,,,,,,,0.30240148859386856,0.43832210358894175,0.4706220152559333,0.6400312389911157,0.13418096193180382,0.23661296818676786,0.3039931759744865,0.4391590499028807,0.47578608937938577,0.6447900448492081,0.13220026256958728,0.2335280549565532
cvc_clinicdb,segmentation,2,0.018880363500435173,0.6111334116180982,,,,,,,,,,,,,,,,0.018545262212675762,0.6957015370934959,,,,,,,,,,,,,,,,,,,,,,,,,,,,0.36774886434613263,0.5011311980771145,0.581513878292235,0.7353889033464198,0.1539838504000302,0.2668734928078092,0.41671460184300935,0.5387346401576769,0.6775897675317077,0.8078134245282952,0.15583943615431098,0.26965585578705853
cvc_clinicdb,segmentation,3,0.017789957104041288,0.7557879800933026,,,,,,,,,,,,,,,,0.01753394778181867,0.7909203506097561,,,,,,,,,,,,,,,,,,,,,,,,,,,,0.46305892872944976,0.5816307989242171,0.741493445682948,0.8515604207653646,0.1846244117759515,0.3117011770830696,0.49917373994622277,0.618212780538181,0.7777712142243685,0.8749958464860235,0.22057626566807706,0.36142971459033835
cvc_clinicdb,segmentation,4,0.016798279524337052,0.8447675022367076,,,,,,,,,,,,,,,,0.016184666777044776,0.871754716082317,,,,,,,,,,,,,,,,,,,,,,,,,,,,0.5351136687303204,0.6447254212864044,0.8370782424977803,0.9113147422176731,0.23314909496286051,0.37813610035513573,0.5772899309654824,0.688464459413519,0.8646688827027967,0.9274235128002759,0.28991097922816805,0.44950540602676214
cvc_clinicdb,segmentation,5,0.015853374708893354,0.8839458317356851,,,,,,,,,,,,,,,,0.014638179686011337,0.878834794207317,,,,,,,,,,,,,,,,,,,,,,,,,,,,0.5787928672228011,0.6858564993086149,0.8784861078438602,0.9353128608996665,0.279099626601742,0.43640013771756325,0.594383797233332,0.7064902626931271,0.8716093005645389,0.9314009075522683,0.3171582939021252,0.4815796178339859
cvc_clinicdb,segmentation,6,0.014837528238023473,0.9188389690375767,,,,,,,,,,,,,,,,0.013675408392417722,0.9046442295477642,,,,,,,,,,,,,,,,,,,,,,,,,,,,0.6329708553372597,0.7375505006441444,0.9151158716573601,0.955676766299691,0.3508258390171594,0.5194242349885978,0.639173755779354,0.7484921800195101,0.8987356980850192,0.9466675103769779,0.3796118134736888,0.5503168496620423
cvc_clinicdb,segmentation,7,0.013987142981195742,0.9305507293264315,,,,,,,,,,,,,,,,0.012728281864305822,0.946165999745935,,,,,,,,,,,,,,,,,,,,,,,,,,,,0.6636261237225651,0.7668587202876317,0.9271780669884029,0.9622131788136237,0.4000741804567273,0.5715042617616397,0.7252827733947086,0.8220102887824021,0.9430034065139984,0.9706657264238868,0.5075621402754188,0.6733548511409175
cvc_clinicdb,segmentation,8,0.01312902435690835,0.9344080513484151,,,,,,,,,,,,,,,,0.011960954443226016,0.9378215510670732,,,,,,,,,,,,,,,,,,,,,,,,,,,,0.6820005855074553,0.7843087434684657,0.9309484840170351,0.9642395866308592,0.43305268699787547,0.6043779003060723,0.7131235115916419,0.8128374349573402,0.933830145875118,0.9657830061931638,0.49241687730816575,0.6598918637215166
cvc_clinicdb,segmentation,9,0.012393046619945752,0.9357475795628835,,,,,,,,,,,,,,,,0.011116585838116281,0.9472596703506098,,,,,,,,,,,,,,,,,,,,,,,,,,,,0.6780943129840811,0.7801206052964704,0.9325628970694707,0.9651048340870092,0.4236257288986915,0.5951363765059317,0.7266759182326448,0.8230244617814013,0.944207522566873,0.9713032293180998,0.5091443138984165,0.674745694244703
cvc_clinicdb,segmentation,10,0.011591294243291844,0.9404556492842536,,,,,,,,,,,,,,,,0.01035271621331936,0.9384825171493902,,,,,,,,,,,,,,,,,,,,,,,,,,,,0.6972521614321607,0.7975697373708213,0.9373116613954581,0.967641582996828,0.4571926614688635,0.6274978917448145,0.7212244020240886,0.8199512750068421,0.9343074976311584,0.9660382320549904,0.5081413064170187,0.6738643179586936
cvc_clinicdb,segmentation,11,0.010897020133238872,0.9423273940759203,,,,,,,,,,,,,,,,0.00876332540822223,0.9496653487042683,,,,,,,,,,,,,,,,,,,,,,,,,,,,0.7100914012712758,0.8091209982945204,0.9390691609725653,0.9685772739550589,0.48111364156998615,0.6496647226339821,0.7500081984639353,0.8425845878920415,0.9463126606341652,0.9724158710716386,0.5537037362937053,0.7127533047124444
cvc_clinicdb,segmentation,12,0.01022496246608976,0.9450099453604295,,,,,,,,,,,,,,,,0.008565963283786929,0.9363328887195121,,,,,,,,,,,,,,,,,,,,,,,,,,,,0.7195835641634448,0.8171666708328384,0.9418461479976018,0.9700522865509373,0.4973209803292879,0.6642810551147397,0.7252508555841269,0.8239175198733135,0.9316393054810607,0.9646100106138011,0.5188624056871932,0.6832250291328258
cvc_clinicdb,segmentation,13,0.009592826990505912,0.9463884162512781,,,,,,,,,,,,,,,,0.00786412876795947,0.9524461699695121,,,,,,,,,,,,,,,,,,,,,,,,,,,,0.7277113281108694,0.8241083787743853,0.9431899763884047,0.9707645550348186,0.5122326798333339,0.6774522025139518,0.7614666314913283,0.8515381198249243,0.9491942717907229,0.973935010509444,0.5737389911919336,0.7291412291404048
cvc_clinicdb,segmentation,14,0.009094458294304846,0.9473719684624233,,,,,,,,,,,,,,,,0.0073465403260254275,0.9575969416920732,,,,,,,,,,,,,,,,,,,,,,,,,,,,0.7311128005221572,0.8268963547918373,0.9442168309998781,0.971308154465758,0.5180087700444365,0.6824845551179165,0.7703001226446975,0.8578296364008613,0.954892885647362,0.9769260430155482,0.5857073596420329,0.7387332297861744
cvc_clinicdb,segmentation,15,0.008656100352848965,0.9475861531825154,,,,,,,,,,,,,,,,0.007203773269808389,0.9590161331300813,,,,,,,,,,,,,,,,,,,,,,,,,,,,0.7309784954104943,0.8267377880483701,0.9444642526515754,0.971439049459154,0.5174927381694132,0.6820365266375861,0.7829749814118563,0.8675888039393664,0.9562123050037417,0.9776160824240523,0.609737657819971,0.7575615254546807
cvc_clinicdb,segmentation,16,0.008355057160303393,0.9480295005751533,,,,,,,,,,,,,,,,0.007310523855976942,0.9530336953760162,,,,,,,,,,,,,,,,,,,,,,,,,,,,0.7393428069641004,0.8338789789390237,0.9447391975095136,0.9715844661529653,0.5339464164186871,0.6961734917250821,0.7690060642133465,0.8575075360046446,0.9496540337198078,0.9741769742685396,0.588358094706885,0.7408380977407496
cvc_clinicdb,segmentation,17,0.007951445679479337,0.950678601099182,,,,,,,,,,,,,,,,0.007364079840784151,0.9432343273628049,,,,,,,,,,,,,,,,,,,,,,,,,,,,0.7494608529566187,0.841951834592733,0.9474952232387931,0.973039843109916,0.5514264826744444,0.7108638260755501,0.7476641844172242,0.8417496608594006,0.9388818840422843,0.968477648658879,0.556446484792164,0.7150216730599223
cvc_clinicdb,segmentation,18,0.007698486492433918,0.9523032096753579,,,,,,,,,,,,,,,,0.006529685927600395,0.9637877921747967,,,,,,,,,,,,,,,,,,,,,,,,,,,,0.7559942425117144,0.8470896384304709,0.9491830154013247,0.973929085059151,0.5628054696221042,0.7202501918017908,0.7951192094407792,0.8762231827851675,0.9614211008221676,0.9803311491032388,0.6288173180593908,0.7721152164670962
cvc_clinicdb,segmentation,19,0.0074797732210841895,0.9500525226866053,,,,,,,,,,,,,,,,0.00607764103063723,0.9652446963922764,,,,,,,,,,,,,,,,,,,,,,,,,,,,0.7518494685591246,0.8440481239229174,0.9467056901352124,0.9726233348292694,0.5569932469830369,0.7154729130165652,0.8100999364618737,0.887173141837073,0.962760765031069,0.981027114647698,0.6574391078926783,0.793319169026448
cvc_clinicdb,segmentation,20,0.006737245585777033,0.956122088286043,,,,,,,,,,,,,,,,0.0053871271571492765,0.9653260766006098,,,,,,,,,,,,,,,,,,,,,,,,,,,,0.7741468963985524,0.8611108811659273,0.9530960552866699,0.9759848244092398,0.5951977375104349,0.7462369379226147,0.8110534489710186,0.8878591078367137,0.9628324684523927,0.9810643383248534,0.6592744294896444,0.794653877348574
cvc_clinicdb,segmentation,21,0.006347007516215428,0.9547461137206033,,,,,,,,,,,,,,,,0.005121821673904977,0.967676178226626,,,,,,,,,,,,,,,,,,,,,,,,,,,,0.771835112330883,0.8594916307451319,0.9515643101730419,0.9751810946867215,0.5921059144887241,0.7438021668035423,0.817379920658621,0.892164397143395,0.9654130260255106,0.9824021854355816,0.6693468152917315,0.8019266088512085
cvc_clinicdb,segmentation,22,0.006165759634142761,0.9576024092535788,,,,,,,,,,,,,,,,0.005423876449344604,0.9667869505843496,,,,,,,,,,,,,,,,,,,,,,,,,,,,0.7843736354058981,0.868872348385716,0.9545333349038061,0.976737841056862,0.61421393590799,0.76100685571457,0.8149489396914847,0.8905138543169226,0.9644374451406277,0.981896824993159,0.6654604342423418,0.7991308836406863
cvc_clinicdb,segmentation,23,0.005968400854274539,0.9557975659828732,,,,,,,,,,,,,,,,0.004724327020528839,0.9668981040396342,,,,,,,,,,,,,,,,,,,,,,,,,,,,0.7795031022217875,0.8653589377051955,0.952566808820642,0.9757072634006271,0.6064393956229329,0.7550106120097638,0.8191718940656891,0.8935404628373145,0.9644677297014231,0.9819125202407996,0.673876058429955,0.8051684054338293
cvc_clinicdb,segmentation,24,0.005792845520505145,0.9552843214787833,,,,,,,,,,,,,,,,0.004832292233056169,0.9657627508892277,,,,,,,,,,,,,,,,,,,,,,,,,,,,0.7745822752356268,0.8615809135789234,0.952111416895241,0.9754683146206254,0.5970531335760125,0.7476935125372214,0.8148544779855371,0.8905658805117942,0.9632485479669488,0.9812802856413115,0.6664604080041255,0.799851475382277
cvc_clinicdb,segmentation,25,0.00568914608477571,0.9573063450600716,,,,,,,,,,,,,,,,0.004613105964854481,0.9676841177591463,,,,,,,,,,,,,,,,,,,,,,,,,,,,0.7812497274943117,0.8664974495150215,0.954275695425059,0.97660294057692,0.6082237595635643,0.7563919584531229,0.8223638261116031,0.8957301019701212,0.9653081271585808,0.9823478708697062,0.6794195250646252,0.809112333070536
cvc_clinicdb,segmentation,26,0.005235107398471949,0.9599464588126279,,,,,,,,,,,,,,,,0.004342913688198338,0.9699349752286586,,,,,,,,,,,,,,,,,,,,,,,,,,,,0.7927701985218191,0.8749629513509527,0.9570349884346085,0.9780458643717155,0.6285054086090296,0.7718800383301898,0.8324042186341871,0.90255491069852,0.9676999746237916,0.9835848829634793,0.6971084626445826,0.8215249384335606
cvc_clinicdb,segmentation,27,0.0052386492125095765,0.9600098654780164,,,,,,,,,,,,,,,,0.004294829276519093,0.9719992536839431,,,,,,,,,,,,,,,,,,,,,,,,,,,,0.7949467123704211,0.876598334683528,0.9570493392618009,0.9780533582488011,0.6328440854790414,0.7751433111182547,0.8379540134856307,0.906189300221798,0.9699815297139723,0.9847620549567355,0.705926497257289,0.8276165454868606
cvc_clinicdb,segmentation,28,0.0049771999288921705,0.9616514490669734,,,,,,,,,,,,,,,,0.00398368854832843,0.9722612582571138,,,,,,,,,,,,,,,,,,,,,,,,,,,,0.8008375259021003,0.8807934673163238,0.9588079455991936,0.978970855977304,0.6428671062050072,0.7826160786553434,0.8424491517491193,0.9092451919018463,0.9701897192392096,0.9848693349327283,0.7147085842590288,0.8336210488709642
cvc_clinicdb,segmentation,29,0.004744546849791014,0.963829742618865,,,,,,,,,,,,,,,,0.00424847860888737,0.9691549161585366,,,,,,,,,,,,,,,,,,,,,,,,,,,,0.8124603005481346,0.8890611256415635,0.9610469842826025,0.9801366229215321,0.6638736168136665,0.7979856283615948,0.8328013302021291,0.9029120165660776,0.9667771245321289,0.9831079612155982,0.6988255358721291,0.822716071916557
cvc_clinicdb,segmentation,30,0.004823792809601454,0.9613693642957567,,,,,,,,,,,,,,,,0.00419820251503611,0.9679639862804879,,,,,,,,,,,,,,,,,,,,,,,,,,,,0.8024347760637234,0.8820153054506996,0.9584335226454191,0.9787756506034304,0.6464360294820276,0.7852549602979689,0.8272550116762495,0.8991592825568331,0.9655166519957258,0.9824558352282282,0.6889933713567732,0.8158627298854381
cvc_clinicdb,segmentation,31,0.004649252705047467,0.9633948827326176,,,,,,,,,,,,,,,,0.0038983801879533906,0.9706614424542683,,,,,,,,,,,,,,,,,,,,,,,,,,,,0.809494660651531,0.8869556192003867,0.9606166149561594,0.9799127556385002,0.6583727063469026,0.793998482762273,0.8418165949939114,0.9089680683336572,0.968326654809401,0.9839084914522656,0.7153065351784216,0.8340276452150488
cvc_clinicdb,segmentation,32,0.004428401345611837,0.9642785819274029,,,,,,,,,,,,,,,,0.003650375861462539,0.9734978404471545,,,,,,,,,,,,,,,,,,,,,,,,,,,,0.8177396352857218,0.8928139665877941,0.9614293584964544,0.9803354419385706,0.6740499120749893,0.8052924912370177,0.8450122188570162,0.9108713051226263,0.9715755837839106,0.9855828929664789,0.7184488539301216,0.8361597172787737
cvc_clinicdb,segmentation,33,0.00473083906134701,0.9639186118034253,,,,,,,,,,,,,,,,0.0037604858720205665,0.9718583269817073,,,,,,,,,,,,,,,,,,,,,,,,,,,,0.8102137485736662,0.8874168214095339,0.9612113060382299,0.9802220730411116,0.6592161911091027,0.7946115697779561,0.8423394122616598,0.909209163666258,0.9697210440663733,0.9846277948723553,0.7149577804569462,0.8337905324601607
cvc_clinicdb,segmentation,34,0.004459205093071748,0.9646016064353272,,,,,,,,,,,,,,,,0.0036608177593083885,0.9719774199695121,,,,,,,,,,,,,,,,,,,,,,,,,,,,0.8157341519344754,0.8913361777857551,0.9618658471255666,0.9805623035182014,0.6696024567433841,0.8021100520533089,0.8436588733441716,0.9100961698352434,0.9698303034704404,0.984684113917627,0.7174874432179027,0.8355082257528598
cvc_clinicdb,segmentation,35,0.004318717691917848,0.9645786402415644,,,,,,,,,,,,,,,,0.0037949627977076584,0.9704450901930894,,,,,,,,,,,,,,,,,,,,,,,,,,,,0.8158533791966953,0.8914246957799608,0.9618356048249495,0.9805465885718513,0.6698711535684413,0.8023028029880701,0.8378121410599026,0.9062465764087599,0.9681701581870525,0.9838276981893339,0.7074541239327529,0.828665454628186
cvc_clinicdb,segmentation,36,0.004461518871637941,0.9639355868162065,,,,,,,,,,,,,,,,0.00348301964804409,0.9745577680386179,,,,,,,,,,,,,,,,,,,,,,,,,,,,0.8137064547870371,0.8899509714460457,0.9611374014917212,0.9801836431864904,0.6662755080823529,0.799718299705601,0.8517262405816874,0.915299460886912,0.9726703254058573,0.9861458479695435,0.7307821557575175,0.8444530738042807
cvc_clinicdb,segmentation,37,0.0043765742232706895,0.9637184065056237,,,,,,,,,,,,,,,,0.003384119066281047,0.9754013433689024,,,,,,,,,,,,,,,,,,,,,,,,,,,,0.8133763902372786,0.889737871923741,0.96089076700267,0.9800553739884701,0.6658620134718873,0.799420369859012,0.8596956610584832,0.9205136416352311,0.9734868257783074,0.9865653148146878,0.7459044963386589,0.8544619684557744
cvc_clinicdb,segmentation,38,0.004239605553067291,0.9645816358320553,,,,,,,,,,,,,,,,0.0034501295748764907,0.9740258193597561,,,,,,,,,,,,,,,,,,,,,,,,,,,,0.8201393859294441,0.8944941324361733,0.9617194801606226,0.9804862416739405,0.6785592916982657,0.8085020231984061,0.854415883659529,0.9171404530338886,0.9719886036468818,0.9857953558649803,0.7368431636721764,0.8484855502027968
cvc_clinicdb,segmentation,39,0.004086332894663625,0.9673775202901329,,,,,,,,,,,,,,,,0.003413212674904645,0.9738789380081301,,,,,,,,,,,,,,,,,,,,,,,,,,,,0.8259957275278929,0.8983358595843028,0.964859850277451,0.9821156965889516,0.6871316047783346,0.8145560225796541,0.8568992299392117,0.9187989810428236,0.9717567474759263,0.9856760969322265,0.7420417124024972,0.8519218651534207
cvc_clinicdb,segmentation,40,0.004140587839734091,0.9651687715682515,,,,,,,,,,,,,,,,0.003450110978711911,0.9763818756351627,,,,,,,,,,,,,,,,,,,,,,,,,,,,0.8230673458373119,0.896508482986743,0.962331357707077,0.9808041378205679,0.6838033339675469,0.8122128281529182,0.8594555407975695,0.9202732969526095,0.9746385692391198,0.9871564188221784,0.7442725123560192,0.8533901750830406
cvc_clinicdb,segmentation,41,0.004139898653410695,0.9669751126342024,,,,,,,,,,,,,,,,0.0033856912599346503,0.9741330030487805,,,,,,,,,,,,,,,,,,,,,,,,,,,,0.8231061733072655,0.8963363043022019,0.9644608659584147,0.9819089630862936,0.6817514806561163,0.8107636455181103,0.8543445962393168,0.9170836841788115,0.9721162507566886,0.9858610012302202,0.736572941721945,0.8483063671274027
cvc_clinicdb,segmentation,42,0.003926528088276128,0.9681279157080777,,,,,,,,,,,,,,,,0.003232918376845073,0.9758360327743902,,,,,,,,,,,,,,,,,,,,,,,,,,,,0.8336958541404952,0.9036384673702025,0.9655426846349259,0.9824693120966365,0.7018490236460645,0.8248076226437685,0.8627382392179566,0.9224723410059575,0.9739305285201016,0.9867931160173893,0.7515459499158115,0.8581515659945258
cvc_clinicdb,segmentation,43,0.003887364956986441,0.9688733184752045,,,,,,,,,,,,,,,,0.003140453037207689,0.977320725355691,,,,,,,,,,,,,,,,,,,,,,,,,,,,0.8374521777538467,0.9061555358253488,0.9663246467179716,0.9828739606462052,0.7085797087897219,0.8294371110044924,0.8655529469325977,0.924187496031537,0.9756116823155934,0.9876553080229707,0.755494211549602,0.8607196840401035
cvc_clinicdb,segmentation,44,0.003892159062782436,0.9687490014698364,,,,,,,,,,,,,,,,0.0031770724591200913,0.9759432164634146,,,,,,,,,,,,,,,,,,,,,,,,,,,,0.836101459460873,0.9052381135555958,0.9662136377203697,0.9828165354814635,0.7059892812013763,0.8276596916297281,0.8634951779855228,0.9229578525509317,0.9740398270176486,0.9868492151844922,0.752950528953397,0.8590664899173712
cvc_clinicdb,segmentation,45,0.003768821709726486,0.9688952861388037,,,,,,,,,,,,,,,,0.0032584790776415567,0.9751651422764228,,,,,,,,,,,,,,,,,,,,,,,,,,,,0.8359493261050189,0.9051184684131985,0.9663908386024982,0.9829081987478198,0.7055078136075397,0.8273287380785773,0.8614667933601878,0.9216956162831431,0.9731685820219692,0.986401862353527,0.7497650046984065,0.8569893702127592
cvc_clinicdb,segmentation,46,0.003818913867624747,0.9683376070424335,,,,,,,,,,,,,,,,0.003093025972688101,0.9780412379319106,,,,,,,,,,,,,,,,,,,,,,,,,,,,0.8342133374804497,0.9039754152008812,0.9657770690496678,0.9825906347728041,0.7026496059112316,0.8253601956289585,0.8694755900609379,0.9266717848499795,0.9763749933263625,0.9880462934648474,0.7625761867955134,0.8652972762351114
cvc_clinicdb,segmentation,47,0.0036804576867197187,0.9698224213957055,,,,,,,,,,,,,,,,0.003057046270951992,0.9771936928353658,,,,,,,,,,,,,,,,,,,,,,,,,,,,0.8386672145634555,0.9068958710888932,0.9674159671679392,0.9834381577786191,0.7099184619589719,0.8303535843991674,0.8678380361072164,0.9256796633935334,0.9754156761970736,0.9875548604280319,0.7602603960173592,0.8638044663590349
cvc_clinicdb,segmentation,48,0.0037685739055489226,0.9695872675421779,,,,,,,,,,,,,,,,0.003068968835400372,0.9780432228150406,,,,,,,,,,,,,,,,,,,,,,,,,,,,0.8408321365162701,0.9084004521491797,0.9670806956637759,0.9832648938049204,0.7145835773687644,0.8335360104934392,0.8707916869381505,0.9275193709805609,0.9763506652041415,0.9880338367010311,0.7652327086721593,0.8670049052600907
cvc_clinicdb,segmentation,49,0.0039340732409666405,0.9677300014378835,,,,,,,,,,,,,,,,0.0030856214281989305,0.9748892435213414,,,,,,,,,,,,,,,,,,,,,,,,,,,,0.8281328611913251,0.8998010901109499,0.9652195764789434,0.9823020165597107,0.6910461459037068,0.817300163662189,0.8625439435752459,0.9224226354963737,0.9728164059895931,0.9862209205439109,0.7522714811608987,0.8586243504488366
cvc_clinicdb,segmentation,50,0.003742739725819882,0.9696956080649284,,,,,,,,,,,,,,,,0.0030360433871183938,0.9769932196392277,,,,,,,,,,,,,,,,,,,,,,,,,,,,0.8407539260607123,0.9083365457746752,0.9672113790526766,0.9833324363124043,0.714296473068748,0.833340655236946,0.86806315180847,0.9258408632222964,0.9751751404441157,0.9874315654102944,0.7609511631728243,0.8642501610342984
cvc_clinicdb,segmentation,51,0.003658688674797066,0.9700296164046524,,,,,,,,,,,,,,,,0.003075401654572991,0.9771877381859756,,,,,,,,,,,,,,,,,,,,,,,,,,,,0.8408394962637139,0.9083625327215495,0.9676048972842292,0.9835357684052911,0.7140740952431986,0.833189297037808,0.8665703850285786,0.9248589275972628,0.9754353267058853,0.9875649316573288,0.7577054433512719,0.8621529235371969
cvc_clinicdb,segmentation,52,0.0036987684255728693,0.9702627731978528,,,,,,,,,,,,,,,,0.0028113725224161537,0.9786466272865854,,,,,,,,,,,,,,,,,,,,,,,,,,,,0.8430031111283658,0.9098139909835427,0.9678244470889845,0.9836491751291061,0.7181817751677471,0.8359788068379792,0.875558925222484,0.9305251549293547,0.9769601932617502,0.9883458418551985,0.7741576571832178,0.8727044680035111
cvc_clinicdb,segmentation,53,0.003696147710511533,0.9694419814033742,,,,,,,,,,,,,,,,0.0029308892847076666,0.97705078125,,,,,,,,,,,,,,,,,,,,,,,,,,,,0.8405704471249251,0.9082359145984051,0.9669152107002063,0.9831793515450948,0.7142256835496441,0.8332924776517153,0.8685576458573083,0.9261558658988512,0.975232105292263,0.9874607674503791,0.7618831864223538,0.8648509643473233
cvc_clinicdb,segmentation,54,0.0035641689790538483,0.970783007413088,,,,,,,,,,,,,,,,0.00286319779186714,0.9773763020833334,,,,,,,,,,,,,,,,,,,,,,,,,,,,0.8430967541791777,0.9098279622706056,0.968437959448227,0.9839659459927199,0.7177555489101285,0.8356899785484911,0.870986409404005,0.9276951825680543,0.9755623259312118,0.9876300161488102,0.766410492876798,0.8677603489872984
cvc_clinicdb,segmentation,55,0.0035961566679560577,0.9701484414941206,,,,,,,,,,,,,,,,0.002728590272306427,0.9784580633892277,,,,,,,,,,,,,,,,,,,,,,,,,,,,0.8437093913266474,0.9103044355427095,0.9676698278942717,0.9835693104364328,0.7197489547590229,0.8370395606489862,0.8757096756460094,0.9306348159406379,0.9767349134925976,0.9882305480878585,0.7746844377994214,0.8730390837934173
cvc_clinicdb,segmentation,56,0.0034032071386378236,0.9714285571638548,,,,,,,,,,,,,,,,0.002836967265702845,0.976441422129065,,,,,,,,,,,,,,,,,,,,,,,,,,,,0.8494675002785348,0.9140686836601897,0.9690380349509837,0.9842755881301262,0.7298969656060859,0.8438617791902531,0.8688097043458161,0.9263656739581188,0.9745066831622593,0.9870887664979122,0.7631127255293727,0.8656425814183253
cvc_clinicdb,segmentation,57,0.0035596142212549844,0.9712857673504601,,,,,,,,,,,,,,,,0.002800293569642354,0.9763203442581301,,,,,,,,,,,,,,,,,,,,,,,,,,,,0.8476860798244765,0.9128851727706546,0.9689153364086159,0.9842122903831487,0.7264568232403371,0.8415580551581605,0.868844428868029,0.9263974147430736,0.974362335627548,0.9870147115806365,0.76332652210851,0.8657801179055108
cvc_clinicdb,segmentation,58,0.0033886927219987646,0.9723576894810838,,,,,,,,,,,,,,,,0.002738059960245117,0.9782615599593496,,,,,,,,,,,,,,,,,,,,,,,,,,,,0.8503225446666671,0.9145575322656112,0.9701184661466946,0.9848326207957686,0.7305266231866395,0.8442824437354539,0.87613023794744,0.9309165200738838,0.9764937177784553,0.9881070797189453,0.7757667581164248,0.8737259604288224
cvc_clinicdb,segmentation,59,0.003390477417924409,0.9714095850907464,,,,,,,,,,,,,,,,0.002700939350496463,0.9799626048018293,,,,,,,,,,,,,,,,,,,,,,,,,,,,0.8508503313978517,0.914995894798581,0.968978133823289,0.9842446873107351,0.7327225289724145,0.8457471022864269,0.881464520507681,0.9341699484154495,0.9783855655400229,0.9890747107962865,0.7845434754753392,0.8792651860346127
cvc_clinicdb,segmentation,60,0.003420853389308984,0.9716512293903374,,,,,,,,,,,,,,,,0.0026697384996142814,0.979639068851626,,,,,,,,,,,,,,,,,,,,,,,,,,,,0.8495361277292032,0.914094490308573,0.9693009797237045,0.9844112095650291,0.7297712757347018,0.843777771052117,0.882332222323094,0.9347374382231927,0.9779861324220667,0.9888705652597386,0.7866783122241215,0.8806043111866467
cvc_clinicdb,segmentation,61,0.003361456233299583,0.9717291147430982,,,,,,,,,,,,,,,,0.002727571420553254,0.9803000349339431,,,,,,,,,,,,,,,,,,,,,,,,,,,,0.8515951753828985,0.915464692765789,0.9693390556266167,0.9844308453205243,0.7338512951391805,0.8464985402110536,0.8827833596541492,0.9349756449717452,0.9787554208458064,0.9892636659738813,0.7868112984624921,0.8806876239696091
cvc_clinicdb,segmentation,62,0.003340664740598519,0.9716042984726483,,,,,,,,,,,,,,,,0.0028212960294591704,0.9760107024898373,,,,,,,,,,,,,,,,,,,,,,,,,,,,0.8487567154289735,0.9135757684420467,0.9692655451494698,0.9843929352614568,0.7282478857084771,0.8427586016226365,0.8671572539255514,0.9253317543923816,0.9740352369717571,0.9868468593964544,0.7602792708793457,0.8638166493883087
cvc_clinicdb,segmentation,63,0.0034270360151682894,0.9714510240925358,,,,,,,,,,,,,,,,0.0027246960416072753,0.9778467193851627,,,,,,,,,,,,,,,,,,,,,,,,,,,,0.8511290699757598,0.9151783813679009,0.9690199754031669,0.9842662720623289,0.7332381645483527,0.8460904906734729,0.8758738255302962,0.9307835447480809,0.9760082201024984,0.9878584614914927,0.7757394309580941,0.8737086280046691
cvc_clinicdb,segmentation,64,0.003379619712722326,0.972170465075409,,,,,,,,,,,,,,,,0.002929050929662658,0.9723962303099594,,,,,,,,,,,,,,,,,,,,,,,,,,,,0.8498728352674936,0.914273144289155,0.9699081334577349,0.9847242284900638,0.7298375370772524,0.843822060088246,0.8556074322390801,0.9180721929290954,0.9700267898898942,0.9847853794354842,0.741188074588266,0.8513590064227067
cvc_clinicdb,segmentation,65,0.003329000011055991,0.9708903494056749,,,,,,,,,,,,,,,,0.0024883610809721597,0.980980849847561,,,,,,,,,,,,,,,,,,,,,,,,,,,,0.8491225481674214,0.9138862919268921,0.9684057887768904,0.9839493404239877,0.7298393075579522,0.8438232434297964,0.8876838540188776,0.9379903850672294,0.9794571649084599,0.9896219855343573,0.7959105431292952,0.8863587846001015
cvc_clinicdb,segmentation,66,0.003153241713719865,0.9739837958525052,,,,,,,,,,,,,,,,0.0024863978832717834,0.9800836826727642,,,,,,,,,,,,,,,,,,,,,,,,,,,,0.8595528743304971,0.9205384007220199,0.9718154833377161,0.9857063113154098,0.7472902653232781,0.85537049012863,0.8854388269364344,0.9366515383693628,0.9784447294418318,0.9891049417568266,0.792432924431037,0.8841981349818989
cvc_clinicdb,segmentation,67,0.003275591476319514,0.972815515561094,,,,,,,,,,,,,,,,0.0026068314909934998,0.9800856675558943,,,,,,,,,,,,,,,,,,,,,,,,,,,,0.8557293587112567,0.9181167095913525,0.9705237822497956,0.9850414300929925,0.7409349351727176,0.8511919890897125,0.8803800653114768,0.9334782044859193,0.9785516082550594,0.9891595490077428,0.7822085223678942,0.8777968599640957
cvc_clinicdb,segmentation,68,0.0032893846340949794,0.9732593622188139,,,,,,,,,,,,,,,,0.002522808931222776,0.9794068375254065,,,,,,,,,,,,,,,,,,,,,,,,,,,,0.8568999678380608,0.9188524444439019,0.9710216909892408,0.9852978233860961,0.7427782446868807,0.8524070655017079,0.8838896690512013,0.9357290133670515,0.9776763621182437,0.9887121885514949,0.7901029759841589,0.8827458381826082
cvc_clinicdb,segmentation,69,0.003297617601836386,0.972180450377045,,,,,,,,,,,,,,,,0.0024157382123838594,0.9813857660060976,,,,,,,,,,,,,,,,,,,,,,,,,,,,0.8519853765859743,0.915684827628691,0.9698659621816518,0.9847024932676259,0.7341047909902968,0.846667161989756,0.8919985238461389,0.9406329283820264,0.9798453477524318,0.9898200875788362,0.8041516999398459,0.8914457691852166
cvc_clinicdb,segmentation,70,0.0030710514871011237,0.974432635161043,,,,,,,,,,,,,,,,0.002559731343412787,0.9778824472815041,,,,,,,,,,,,,,,,,,,,,,,,,,,,0.8628259759631726,0.9226438788793961,0.972266480079579,0.985938249115656,0.7533854718467661,0.8593495086431363,0.8769908317186274,0.9314901503855966,0.9760245456323328,0.9878668236077022,0.7779571178049219,0.8751134771634911
cvc_clinicdb,segmentation,71,0.0031212530344541817,0.9735439433154397,,,,,,,,,,,,,,,,0.0024343539423089685,0.9818740472560976,,,,,,,,,,,,,,,,,,,,,,,,,,,,0.8596235085542188,0.92062152575798,0.9712899010235202,0.9854358818753278,0.7479571160849174,0.855807169640632,0.893440698954155,0.9414895701316421,0.9803928725556081,0.9900993748684372,0.8064885253527018,0.892879765394847
cvc_clinicdb,segmentation,72,0.0033100965625181764,0.9739428561157976,,,,,,,,,,,,,,,,0.002336145234786398,0.9825727261178862,,,,,,,,,,,,,,,,,,,,,,,,,,,,0.8599842250770438,0.920825007292236,0.9717558701909205,0.9856756456333792,0.748212579963167,0.8559743689510929,0.8962228004572723,0.9431510942986685,0.9811613451398242,0.9904911051760672,0.8112842557747205,0.8958110834212699
cvc_clinicdb,segmentation,73,0.0032280253394981104,0.9742339276584867,,,,,,,,,,,,,,,,0.0024049516494681197,0.9806096767022358,,,,,,,,,,,,,,,,,,,,,,,,,,,,0.8617853307278229,0.9219805661751179,0.9720563853714587,0.9858302151825755,0.7515142760841872,0.8581309171676604,0.8879889267173979,0.9382037386838866,0.9790122501942201,0.989394835830996,0.7969656032405757,0.8870126415367773
cvc_clinicdb,segmentation,74,0.00299273352072039,0.97607421875,,,,,,,,,,,,,,,,0.0025999246816324996,0.9778903868140244,,,,,,,,,,,,,,,,,,,,,,,,,,,,0.869468352345049,0.9268183020102759,0.9740547739767589,0.9868568864626921,0.7648819307133392,0.8667797175578598,0.8788508254239207,0.9326665599680355,0.9759892912107364,0.9878487657316444,0.781712359637105,0.8774843542044265
cvc_clinicdb,segmentation,75,0.0031288850344031865,0.9752594181365031,,,,,,,,,,,,,,,,0.0024089444337821587,0.9815524961890244,,,,,,,,,,,,,,,,,,,,,,,,,,,,0.868046494805691,0.9259648777463019,0.9731186178822451,0.9863761955950692,0.7629743717291367,0.8655535598975345,0.8901456905391818,0.9394795398290403,0.9800807144707415,0.989940164871217,0.8002106666076222,0.8890189147868635
cvc_clinicdb,segmentation,76,0.0030050431901935664,0.9755539845347648,,,,,,,,,,,,,,,,0.0024740375517829645,0.980639449949187,,,,,,,,,,,,,,,,,,,,,,,,,,,,0.8679562649953303,0.925883774129975,0.9734726914566414,0.9865580564361502,0.7624398385340192,0.8652094918237997,0.8886314292679558,0.9386002515682885,0.9790335755124502,0.989405725730489,0.7982292830234615,0.8877947774060879
cvc_clinicdb,segmentation,77,0.002922769674006659,0.9763223534956544,,,,,,,,,,,,,,,,0.0022582061043599755,0.9825072249745935,,,,,,,,,,,,,,,,,,,,,,,,,,,,0.8715302247679305,0.9281237257492587,0.974299265476477,0.9869823511698869,0.768761184059384,0.8692651003286307,0.8963026479958938,0.9432037109892469,0.9810823806189427,0.990450866876547,0.8115229153728447,0.8959565551019468
cvc_clinicdb,segmentation,78,0.002938788041381017,0.9755055558218303,,,,,,,,,,,,,,,,0.0022945252618169396,0.9828109120934959,,,,,,,,,,,,,,,,,,,,,,,,,,,,0.8684308416527303,0.9261937045705656,0.9734028336843061,0.9865221809446592,0.7634588496211545,0.865865228196472,0.8979781433481249,0.9442070830775444,0.9814071721938503,0.9906163518195186,0.8145491145023994,0.8977978143355704
cvc_clinicdb,segmentation,79,0.003016297497876095,0.9754915763995399,,,,,,,,,,,,,,,,0.002270644788092714,0.9825389831046748,,,,,,,,,,,,,,,,,,,,,,,,,,,,0.8685056079901201,0.9262429897172895,0.9733842200831524,0.9865126214925717,0.7636269958970879,0.8659733579420072,0.8975769146244081,0.9439786750853218,0.9810936741069128,0.9904566219456481,0.8140601551419034,0.8975007282249956
cvc_clinicdb,segmentation,80,0.0029529174047013733,0.9759074642126789,,,,,,,,,,,,,,,,0.002344634111334638,0.9804211128048781,,,,,,,,,,,,,,,,,,,,,,,,,,,,0.869254409633648,0.9266933712643803,0.9738614629368603,0.9867576638209203,0.7646473563304357,0.8666290787078402,0.8887350316009486,0.9386783843031266,0.9787720774481345,0.9892721739942675,0.7986979857537627,0.8880845946119856
cvc_clinicdb,segmentation,81,0.003081160835571328,0.9756638228527608,,,,,,,,,,,,,,,,0.0024232013923365897,0.9799705443343496,,,,,,,,,,,,,,,,,,,,,,,,,,,,0.8682924656812538,0.9260922059141333,0.9735951714655713,0.9866209499718117,0.7629897598969363,0.8655634618564549,0.8876822469313518,0.9380546108278975,0.9782598391945566,0.9890104624404169,0.797104654668147,0.8870987592153782
cvc_clinicdb,segmentation,82,0.0032016838041795054,0.9728165140912577,,,,,,,,,,,,,,,,0.0022475304521196258,0.9822253715701219,,,,,,,,,,,,,,,,,,,,,,,,,,,,0.855493291073903,0.9179603562083061,0.9705311504795937,0.9850452252362343,0.7404554316682125,0.8508754871803778,0.8950786330557955,0.9424723244460027,0.9807743503424375,0.9902938718616592,0.8093829157691534,0.8946507770303463
cvc_clinicdb,segmentation,83,0.002904779614846399,0.9755854382349182,,,,,,,,,,,,,,,,0.002421438209409636,0.9802047605436992,,,,,,,,,,,,,,,,,,,,,,,,,,,,0.8696728372836571,0.9269872942149207,0.9734662561706799,0.9865547516982599,0.7658794183966343,0.8674198367315815,0.8868984898039011,0.9375526055646708,0.9785561468578232,0.9891618677709844,0.7952408327499789,0.8859433433583573
cvc_clinicdb,segmentation,84,0.0029142274995523,0.9764147175357873,,,,,,,,,,,,,,,,0.0023891194685687865,0.9805322662601627,,,,,,,,,,,,,,,,,,,,,,,,,,,,0.8712650927962646,0.9279467929737764,0.9744159509288314,0.987042219214683,0.7681142346636979,0.8688513667328697,0.8885405615771047,0.9385507955526149,0.978908434045637,0.9893418181500981,0.7981726891085723,0.8877597729551316
cvc_clinicdb,segmentation,85,0.0029735886520403294,0.9762239982745399,,,,,,,,,,,,,,,,0.0023650479752842972,0.9815048589939024,,,,,,,,,,,,,,,,,,,,,,,,,,,,0.8702454618971953,0.9273066668241263,0.9742139427293642,0.9869385699733301,0.7662769810650263,0.8676747636749227,0.8928427717444227,0.9411448426058013,0.9799683983100663,0.989882867975554,0.8057171451787791,0.8924068172360486
cvc_clinicdb,segmentation,86,0.0028524122416119877,0.9763523094005624,,,,,,,,,,,,,,,,0.0024513050429220123,0.9810145928607723,,,,,,,,,,,,,,,,,,,,,,,,,,,,0.8724506889725676,0.9287107644330668,0.974311832068261,0.9869887990769783,0.7705895458768741,0.8704327297891552,0.8879792972024646,0.9381716861957964,0.9794908850758441,0.9896391970891192,0.7964677093290851,0.8867041753024736
cvc_clinicdb,segmentation,87,0.00292001941940292,0.9752923696319018,,,,,,,,,,,,,,,,0.002391097143413575,0.979883209476626,,,,,,,,,,,,,,,,,,,,,,,,,,,,0.867333688840621,0.9255020463076578,0.9731764070759383,0.9864058819941944,0.7614909706053037,0.8645982106211211,0.8854607250603264,0.936678431080166,0.9782065975841302,0.9889832525872249,0.7927148525365224,0.8843736095731072
cvc_clinicdb,segmentation,88,0.0028173529175405366,0.9771726019299591,,,,,,,,,,,,,,,,0.0022906355438678245,0.9823643133892277,,,,,,,,,,,,,,,,,,,,,,,,,,,,0.8767315160538333,0.9313765995152055,0.9751841567649537,0.9874361875827867,0.7782788753427128,0.8753170114476242,0.8942362951742104,0.9419480001394751,0.98095525932764,0.9903860823798595,0.8075173310207809,0.8935099178990908
cvc_clinicdb,segmentation,89,0.0027611731248764902,0.9777282839660021,,,,,,,,,,,,,,,,0.002272636970368827,0.9817251810213414,,,,,,,,,,,,,,,,,,,,,,,,,,,,0.8771760110444354,0.9316185684131454,0.9758366627954821,0.9877705795931881,0.7785153592933888,0.8754665572331026,0.8940594568413847,0.9418781731663892,0.9802035335626157,0.9900028122857815,0.8079153801201537,0.8937535340469971
cvc_clinicdb,segmentation,90,0.0027411970746053995,0.976084204051636,,,,,,,,,,,,,,,,0.002293518161386009,0.9806057069359756,,,,,,,,,,,,,,,,,,,,,,,,,,,,0.873620253422507,0.9294775408516067,0.9739601198762439,0.9868083048580593,0.7732803869687702,0.8721467768451541,0.8894001881319984,0.9390783662433386,0.9789765624493608,0.989376611148634,0.7998238138146361,0.8887801213380433
cvc_clinicdb,segmentation,91,0.0027693602235526883,0.976657360365542,,,,,,,,,,,,,,,,0.0022280991259144576,0.982300797129065,,,,,,,,,,,,,,,,,,,,,,,,,,,,0.8722210899111262,0.928541070722325,0.9746814604541474,0.9871784183662565,0.7697607193681052,0.8699037230783934,0.8961625132420223,0.943130343301704,0.980841125511151,0.9903279095723009,0.8114839009728938,0.8959327770311071
cvc_clinicdb,segmentation,92,0.0027591081789422375,0.9776988273261759,,,,,,,,,,,,,,,,0.0022524822715336715,0.9815465415396342,,,,,,,,,,,,,,,,,,,,,,,,,,,,0.8798609940239182,0.9333170520296672,0.9757348323688593,0.9877184087491906,0.7839871556789771,0.8789156953101439,0.8936877575222616,0.9416610654137931,0.9799995697442173,0.9898987704030833,0.8073759453003059,0.8934233604245029
cvc_clinicdb,segmentation,93,0.002615148761521088,0.9788830841002045,,,,,,,,,,,,,,,,0.002167066210896019,0.9831205538617886,,,,,,,,,,,,,,,,,,,,,,,,,,,,0.8833924102456632,0.9354531091223535,0.9770641256592125,0.9883990235606849,0.7897206948321137,0.8825071946840221,0.9007015326776204,0.9458417052530844,0.9817177254646927,0.990774531458046,0.8196853398905481,0.9009088790481229
cvc_clinicdb,segmentation,94,0.002710702739549317,0.9782924535084356,,,,,,,,,,,,,,,,0.0021737171564160324,0.9831404026930894,,,,,,,,,,,,,,,,,,,,,,,,,,,,0.8817333894187368,0.9344534423304781,0.9763987252412442,0.9880584446562648,0.7870680535962294,0.8808484400046914,0.9003603015639993,0.9456340692778873,0.9817482879616956,0.9907900957204423,0.818972315166303,0.9004780428353324
cvc_clinicdb,segmentation,95,0.0025765285627242247,0.9778925421779141,,,,,,,,,,,,,,,,0.002112789912437036,0.9836366234756098,,,,,,,,,,,,,,,,,,,,,,,,,,,,0.880899977846292,0.9339574030537166,0.9759405882493043,0.9878238182393871,0.7858593674432799,0.8800909878680458,0.9023760903965357,0.9468245032025449,0.9822944989237997,0.9910681782722937,0.8224576818692715,0.9025808281327962
cvc_clinicdb,segmentation,96,0.002635968014872147,0.9774187396152862,,,,,,,,,,,,,,,,0.0021134426256990044,0.9838748094512195,,,,,,,,,,,,,,,,,,,,,,,,,,,,0.8777244585771249,0.931987918415052,0.9754535868241528,0.9875742901075649,0.779995330330097,0.8764015467225391,0.9042050934497048,0.9479125221001375,0.9825394334985433,0.9911928276399302,0.8258707534008662,0.9046322165603449
cvc_clinicdb,segmentation,97,0.002673534710714422,0.9786344500894683,,,,,,,,,,,,,,,,0.0021542819534860007,0.9830788713160569,,,,,,,,,,,,,,,,,,,,,,,,,,,,0.8829080497474526,0.9351666652389383,0.9767788258313735,0.9882530236234899,0.7890372736635318,0.8820803068543868,0.900234267095135,0.9455612243473366,0.9816780144768441,0.990754307516505,0.8187905197134259,0.9003681411781682
cvc_clinicdb,segmentation,98,0.0025789600878892986,0.9786828788024029,,,,,,,,,,,,,,,,0.0021233261843037797,0.983616774644309,,,,,,,,,,,,,,,,,,,,,,,,,,,,0.8837386180680408,0.9356830871212378,0.9768162764431945,0.9882721910816522,0.7906609596928871,0.8830939831608233,0.9027852622589081,0.9470722524776733,0.9822627367043627,0.9910520119421068,0.8233077878134535,0.9030924930132398
cvc_clinicdb,segmentation,99,0.002557789773541238,0.9795491037193251,,,,,,,,,,,,,,,,0.0020970754870554297,0.9831662061737805,,,,,,,,,,,,,,,,,,,,,,,,,,,,0.8881407094236708,0.9383659912585002,0.9777451069877291,0.9887473401230318,0.7985363118596126,0.8879846423939686,0.9011936126924969,0.9461366966265639,0.9817616041012237,0.9907968769497641,0.8206256212837701,0.9014765163033637
cvc_clinicdb,segmentation,100,0.0026169206436670142,0.9785211169158998,,,,,,,,,,,,,,,,0.002128842218620021,0.983082841082317,,,,,,,,,,,,,,,,,,,,,,,,,,,,0.8830857253389084,0.9352855596497536,0.9766388025790675,0.9881813524097314,0.7895326480987492,0.8823897668897758,0.9008031202812559,0.9459052720521917,0.981670888906838,0.9907506785330671,0.8199353516556738,0.9010598655713162
cvc_clinicdb,segmentation,101,0.002619471972339724,0.977566522079499,,,,,,,,,,,,,,,,0.0020527612811666192,0.9837954141260162,,,,,,,,,,,,,,,,,,,,,,,,,,,,0.8775639993375548,0.9318758563308827,0.9756342507611565,0.9876668724337735,0.7794937479139531,0.8760848402279919,0.9049421731146811,0.9483592750444836,0.9824300505532075,0.9911371654995396,0.8274542956761546,0.9055813845894275
cvc_clinicdb,segmentation,102,0.002591435589917111,0.9787253163343558,,,,,,,,,,,,,,,,0.002063779841835906,0.9832456014989838,,,,,,,,,,,,,,,,,,,,,,,,,,,,0.8844528724399879,0.9361264087262928,0.9768492938577732,0.9882890889992687,0.7920564510222027,0.883963728453317,0.902348411893544,0.9468293540419186,0.9818315267456066,0.9908324834834835,0.8228652970414814,0.9028262246003537
cvc_clinicdb,segmentation,103,0.0024583296724623696,0.9796449626150306,,,,,,,,,,,,,,,,0.0020703936858874994,0.9834163014481707,,,,,,,,,,,,,,,,,,,,,,,,,,,,0.8887198519910069,0.9387184935143149,0.9778457264856879,0.988798785861991,0.7995939774963259,0.8886382011666388,0.9031903063495718,0.9473271382682575,0.9820165176830081,0.9909266738412379,0.8243640950161354,0.9037276026952772
cvc_clinicdb,segmentation,104,0.0025061041512859867,0.9797003810391104,,,,,,,,,,,,,,,,0.0020475183136579467,0.984081237296748,,,,,,,,,,,,,,,,,,,,,,,,,,,,0.8890808304053791,0.9389382863591051,0.9779032578007072,0.9888281986936697,0.800258403010051,0.8890483740245406,0.9057998925704394,0.9488581485194026,0.9827515382743833,0.9913007447515949,0.8288482468664955,0.9064155522872104
cvc_clinicdb,segmentation,105,0.002671341687928436,0.97861547801636,,,,,,,,,,,,,,,,0.0020217932457846353,0.9844563802083334,,,,,,,,,,,,,,,,,,,,,,,,,,,,0.8821049767678948,0.9346645741796393,0.9767757103600017,0.988251429072968,0.7874342431757879,0.8810777192863105,0.9075941383397319,0.9499111565243246,0.9831597916637672,0.9915083956386063,0.8320284850156967,0.9083139174100429
cvc_clinicdb,segmentation,106,0.002653665215934956,0.977476654364775,,,,,,,,,,,,,,,,0.0021979003175487365,0.9824754668445121,,,,,,,,,,,,,,,,,,,,,,,,,,,,0.8797803571378058,0.9332817216560056,0.9754702402733831,0.9875828249767902,0.7840904740022283,0.8789806183352212,0.8985189098857332,0.9445551985526786,0.9809983148350495,0.9904080255784908,0.816039504936417,0.8987023715268662
cvc_clinicdb,segmentation,107,0.002617612542062693,0.9791846402096115,,,,,,,,,,,,,,,,0.0020369549350040717,0.9842975895579268,,,,,,,,,,,,,,,,,,,,,,,,,,,,0.885344782320725,0.9366522552619272,0.9773772180141755,0.9885591976180731,0.7933123466272745,0.8847453129057813,0.9068887298413659,0.9494981561222239,0.9829858527288053,0.991419935120676,0.8307916069539264,0.9075763771237717
cvc_clinicdb,segmentation,108,0.0025865690123693585,0.979056329083589,,,,,,,,,,,,,,,,0.0020129040065335066,0.9843114837398373,,,,,,,,,,,,,,,,,,,,,,,,,,,,0.8845013943183212,0.9361346711667389,0.9772442850330562,0.9884911969961448,0.7917585036035862,0.883778145337333,0.9070871591378433,0.9496159866722738,0.9829982748753516,0.9914262531944376,0.8311760434003349,0.9078057201501099
cvc_clinicdb,segmentation,109,0.0026104285749311584,0.9784062859470859,,,,,,,,,,,,,,,,0.0020024304588635764,0.984033600101626,,,,,,,,,,,,,,,,,,,,,,,,,,,,0.8836481230022103,0.9356450607845403,0.9764868783504893,0.9881035781683842,0.7908093676539313,0.8831865434006965,0.9052984832935123,0.9485602362938055,0.9827053152558335,0.9912772288392564,0.8278916513311911,0.9058432437483545
cvc_clinicdb,segmentation,110,0.002575810884405499,0.9790628195296524,,,,,,,,,,,,,,,,0.0020254431822435645,0.9836564723069106,,,,,,,,,,,,,,,,,,,,,,,,,,,,0.8848475846513989,0.9363502914106686,0.9772436464429645,0.9884908703092944,0.7924515228598333,0.8842097125120428,0.904382491916622,0.9480308367092187,0.9822767318067483,0.9910591352312864,0.8264882520264957,0.905002538187151
cvc_clinicdb,segmentation,111,0.0024412089391232512,0.980461261023773,,,,,,,,,,,,,,,,0.0019843250937093566,0.9840038268546748,,,,,,,,,,,,,,,,,,,,,,,,,,,,0.8922553677463587,0.9408478524817714,0.9787377729290326,0.9892546514440395,0.8057729625636848,0.8924410535195034,0.9061003938865094,0.9490421340134256,0.9826534104482083,0.9912508210157265,0.8295473773248105,0.9068334470111249
cvc_clinicdb,segmentation,112,0.0025200994041555988,0.9796334795181493,,,,,,,,,,,,,,,,0.002028503402219555,0.9839145071138211,,,,,,,,,,,,,,,,,,,,,,,,,,,,0.8879931072539913,0.9382691010957337,0.9778498144331605,0.9888008758778342,0.798136400074822,0.8877373263136332,0.9062778013650925,0.9491529777090175,0.9825434367714443,0.9911948646850414,0.8300121659587406,0.9071110907329936
cvc_clinicdb,segmentation,113,0.002538085189516559,0.9791197357489775,,,,,,,,,,,,,,,,0.0019539120357211044,0.984690596417683,,,,,,,,,,,,,,,,,,,,,,,,,,,,0.8858828917668978,0.9369916811211512,0.9772863665517837,0.9885127243921542,0.794479416982012,0.885470637850148,0.9084718341979066,0.950422441919017,0.9834196779808286,0.9916405377020104,0.8335239904149845,0.9092043461360237
cvc_clinicdb,segmentation,114,0.0024564384438996423,0.9796055206735685,,,,,,,,,,,,,,,,0.0019859184579151434,0.9842241488821138,,,,,,,,,,,,,,,,,,,,,,,,,,,,0.8878895643679418,0.9382067081920336,0.9778188650147981,0.9887850523738249,0.7979602637210854,0.8876283640102423,0.9070187647606354,0.9495796826887571,0.9828960138757954,0.9913742394938941,0.8311415156454754,0.9077851258836201
cvc_clinicdb,segmentation,115,0.002385147715821588,0.9803619072724948,,,,,,,,,,,,,,,,0.0019531813942319978,0.9848096894054879,,,,,,,,,,,,,,,,,,,,,,,,,,,,0.8925295165104064,0.9410223759432745,0.9786118646675455,0.9891903330236785,0.8064471683532674,0.8928544188628706,0.908993487897502,0.9507269938612176,0.9835503195143586,0.9917069507519886,0.8344366562806455,0.9097470369704467
cvc_clinicdb,segmentation,116,0.0023087479615991587,0.9809260768149284,,,,,,,,,,,,,,,,0.001924974889290042,0.9848692358993902,,,,,,,,,,,,,,,,,,,,,,,,,,,,0.894159290274332,0.941987531994396,0.9792488433255636,0.9895156403681055,0.8090697372231006,0.8944594236206864,0.9098028430346965,0.9512052816798331,0.9836046534133887,0.991734569407065,0.8360010326560045,0.9106759939526011
cvc_clinicdb,segmentation,117,0.002405410971500147,0.9802895138356339,,,,,,,,,,,,,,,,0.0019067926862375523,0.9849823742378049,,,,,,,,,,,,,,,,,,,,,,,,,,,,0.8919947014808213,0.9406981862797961,0.9785381547237654,0.9891526755625134,0.8054512482378772,0.8922436969970788,0.9105594003307493,0.9516487867609735,0.9837235717787077,0.9917950119397442,0.8373952288827908,0.9115025615822029
cvc_clinicdb,segmentation,118,0.00240756086776593,0.9811507461017382,,,,,,,,,,,,,,,,0.0019393927319263054,0.9847084603658537,,,,,,,,,,,,,,,,,,,,,,,,,,,,0.8953815646127867,0.9427215834737686,0.979488778698353,0.9896381219624116,0.8112743505272204,0.8958050449851256,0.9079193577668823,0.9500921644992684,0.9834517956217319,0.9916568658664674,0.8323869199120327,0.9085274631320693
cvc_clinicdb,segmentation,119,0.0025355448691147726,0.9796754177850204,,,,,,,,,,,,,,,,0.0019581832779132255,0.9839264164126016,,,,,,,,,,,,,,,,,,,,,,,,,,,,0.8888859825078039,0.9388193511594843,0.9778781403921617,0.9888153576521898,0.7998938246234462,0.8888233446667789,0.9053895942606014,0.9486205514255066,0.9825762905871557,0.9912115818717452,0.8282028979340471,0.9060295209792679
cvc_clinicdb,segmentation,120,0.0023988303185606295,0.979948016519683,,,,,,,,,,,,,,,,0.0019791725023490625,0.983960159425813,,,,,,,,,,,,,,,,,,,,,,,,,,,,0.8907525616081216,0.9399547489196366,0.9781589286927618,0.9889588895055709,0.8033461945234814,0.8909506083337023,0.9057746511872602,0.9488494395864464,0.9826083400765778,0.9912278892548437,0.8289409622979426,0.906470989918049
cvc_clinicdb,segmentation,121,0.002415647475022236,0.980007928329499,,,,,,,,,,,,,,,,0.002022648305912328,0.983668381605691,,,,,,,,,,,,,,,,,,,,,,,,,,,,0.8899660538864401,0.9394658355862755,0.9782501952664056,0.9890055338876559,0.8016819125064747,0.8899261372848951,0.9046342460232273,0.9481813256803939,0.9822855666549728,0.991063631979665,0.8269829253914817,0.9052990193811228
cvc_clinicdb,segmentation,122,0.002316702949549767,0.9811412600651841,,,,,,,,,,,,,,,,0.0019115052996127586,0.9849942835365854,,,,,,,,,,,,,,,,,,,,,,,,,,,,0.895519834358822,0.9428065899434759,0.9794740960515917,0.9896306276554208,0.8115655726660523,0.895982552231531,0.9108233379782702,0.9518047340616241,0.9837323498145178,0.9917994732570635,0.8379143261420224,0.9118099948661847
cvc_clinicdb,segmentation,123,0.002376691421116788,0.9808122443762781,,,,,,,,,,,,,,,,0.0018748749744116775,0.9853733962144309,,,,,,,,,,,,,,,,,,,,,,,,,,,,0.8951384703630523,0.94259322746352,0.9790883700278439,0.9894337057966431,0.8111885706982608,0.895752749130397,0.911984981260016,0.9524740445653175,0.9841586499702296,0.9920160870049338,0.8398113125498026,0.912932002125701
cvc_clinicdb,segmentation,124,0.0024925320502561053,0.9795061669222904,,,,,,,,,,,,,,,,0.001935173280355407,0.9848434324186992,,,,,,,,,,,,,,,,,,,,,,,,,,,,0.8880117068589606,0.9382888052489395,0.9776968195364203,0.9887226493751414,0.798326594181501,0.8878549611227378,0.9105162831451254,0.95163014710241,0.9835594377136113,0.9917115857615343,0.8374731285766395,0.9115487084432856
cvc_clinicdb,segmentation,125,0.0024811740819905676,0.979948016519683,,,,,,,,,,,,,,,,0.0019004428834934544,0.9854269880589431,,,,,,,,,,,,,,,,,,,,,,,,,,,,0.890215091396072,0.9396233121076323,0.9781722707457462,0.9889657086103906,0.8022579120463978,0.8902809156048741,0.9116190586521082,0.9522548082403376,0.9842292367008594,0.992051944902615,0.8390088806033571,0.9124576715780602
cvc_clinicdb,segmentation,126,0.002593761115717742,0.9791257269299591,,,,,,,,,,,,,,,,0.0019394177489164399,0.9848176289380082,,,,,,,,,,,,,,,,,,,,,,,,,,,,0.8844471954757991,0.9360962102146113,0.9773284682535668,0.9885342611961393,0.7915659226980315,0.8836581592330833,0.9103796016589081,0.9515503423768796,0.9835315901088384,0.9916974299913933,0.8372276132089777,0.9114032547623658
cvc_clinicdb,segmentation,127,0.002436676479738914,0.980710394299591,,,,,,,,,,,,,,,,0.001844706725541169,0.9860284076473578,,,,,,,,,,,,,,,,,,,,,,,,,,,,0.8934421642236385,0.941561169507625,0.9790076501781613,0.9893924867749,0.8078766782691159,0.8937298522403501,0.9159013484843339,0.9547509045867717,0.9848577089296311,0.9923710949141363,0.8469449880390368,0.917130714259407
cvc_clinicdb,segmentation,128,0.0024518065215497903,0.9785066382285276,,,,,,,,,,,,,,,,0.001954800926330613,0.9840911617123984,,,,,,,,,,,,,,,,,,,,,,,,,,,,0.8847221799645975,0.9363089560258229,0.976579827969127,0.9881511630851072,0.7928645319600679,0.8844667489665384,0.9068281296089414,0.9494727273321752,0.9827419518064465,0.9912958677361773,0.8309143074114363,0.9076495869281733
cvc_clinicdb,segmentation,129,0.0023689557605847747,0.9804432874808282,,,,,,,,,,,,,,,,0.001970239801377785,0.9846489138719512,,,,,,,,,,,,,,,,,,,,,,,,,,,,0.891292134798127,0.9402563451395738,0.9787393869261707,0.9892554758780759,0.8038448826700832,0.8912572144010718,0.9089302808473326,0.9506975645319624,0.983360978978341,0.9916106945745046,0.8344995827163243,0.9097844344894203
cvc_clinicdb,segmentation,130,0.0023600139287595612,0.9806155339340491,,,,,,,,,,,,,,,,0.0018808851397134425,0.9852026962652439,,,,,,,,,,,,,,,,,,,,,,,,,,,,0.8934507518276049,0.9415721901957325,0.9788936708736367,0.989334278320752,0.8080078327815732,0.8938101020707129,0.9117689690694657,0.9523546029763683,0.9839605673073151,0.9919154478385354,0.8395773708316163,0.9127937581142013
cvc_clinicdb,segmentation,131,0.002404525556081643,0.9800853144171779,,,,,,,,,,,,,,,,0.001832882199830156,0.9852423939278455,,,,,,,,,,,,,,,,,,,,,,,,,,,,0.8910582137988483,0.9401345161189595,0.9783161885460366,0.9890392589518766,0.80380023905166,0.8912297732860424,0.9118020003418008,0.9523721998135584,0.9840070037920752,0.9919390424643879,0.8395969968915266,0.9128053571627288
cvc_clinicdb,segmentation,132,0.002308805958807834,0.9813324785915133,,,,,,,,,,,,,,,,0.0018727373846662723,0.9849029789126016,,,,,,,,,,,,,,,,,,,,,,,,,,,,0.8963512741317111,0.9433025702665561,0.9796834001043825,0.9897374499909701,0.8130191481590398,0.896867690542142,0.9114092473680072,0.9521564265959463,0.9836116791024165,0.9917381405492636,0.8392068156335979,0.9125747126426292
cvc_clinicdb,segmentation,133,0.0024103636421065147,0.9807787936157976,,,,,,,,,,,,,,,,0.001842914679186131,0.9851411648882114,,,,,,,,,,,,,,,,,,,,,,,,,,,,0.8935272018759042,0.9416091575187135,0.9790875640018111,0.9894332942217559,0.8079668397499973,0.8937850208156711,0.9111875435617143,0.9520133202342705,0.9838992747573957,0.9918843030755313,0.8384758123660327,0.9121423373930098
cvc_clinicdb,segmentation,134,0.0023325449788984833,0.9809919798057259,,,,,,,,,,,,,,,,0.0018351271263952178,0.9852562881097561,,,,,,,,,,,,,,,,,,,,,,,,,,,,0.8954770490472199,0.9427893252858977,0.9792960144609781,0.9895397225135825,0.8116580836334616,0.896038928058213,0.9129318600778036,0.9530393888515613,0.9840004824838919,0.9919357290195427,0.8418632376717153,0.9141430486835798
cvc_clinicdb,segmentation,135,0.0023254391133541467,0.9804367970347648,,,,,,,,,,,,,,,,0.0018377876196934925,0.9855679147611789,,,,,,,,,,,,,,,,,,,,,,,,,,,,0.89212932816453,0.9407718847124038,0.9787115095518966,0.9892412358520497,0.8055471467771635,0.8923025335727578,0.9140583622272526,0.9536887651233905,0.9843479234249473,0.9921122317360367,0.8437688010295579,0.9152652985107445
cvc_clinicdb,segmentation,136,0.002320281993635837,0.9816250479294478,,,,,,,,,,,,,,,,0.0018413073830003662,0.9852344543953252,,,,,,,,,,,,,,,,,,,,,,,,,,,,0.8990930094618393,0.9449522696517316,0.9799682792988692,0.989882807259809,0.8182177396248095,0.9000217320436542,0.9128281322613172,0.9529792018967362,0.9839766510143058,0.9919236201809621,0.8416796135083285,0.9140347836125104
cvc_clinicdb,segmentation,137,0.0022260480558457794,0.9819800254026073,,,,,,,,,,,,,,,,0.0018155243459755813,0.9856631891514228,,,,,,,,,,,,,,,,,,,,,,,,,,,,0.8997771338913445,0.9453465422458992,0.9803782032950908,0.9900918942289603,0.8191760644875983,0.9006011902628381,0.9148076888228454,0.9541253584051634,0.9844459279036598,0.9921620076024086,0.8451694497420309,0.9160887092079182
cvc_clinicdb,segmentation,138,0.0023734458476487846,0.9803314521025052,,,,,,,,,,,,,,,,0.0017830194920543732,0.9863698075457317,,,,,,,,,,,,,,,,,,,,,,,,,,,,0.8926108374884965,0.9410741782069705,0.978573266158652,0.9891706138924299,0.806648408818341,0.892977742521511,0.9177957200540522,0.9558452516310834,0.9852253632338134,0.9925577029994622,0.850366076874291,0.9191328002627046
cvc_clinicdb,segmentation,139,0.00224636831836954,0.9815866045181493,,,,,,,,,,,,,,,,0.001860699517940118,0.9854944740853658,,,,,,,,,,,,,,,,,,,,,,,,,,,,0.8974641397019003,0.9439654039208034,0.9799614670763563,0.9898793318673857,0.8149668123274442,0.8980514759742211,0.914101295908357,0.9537175636343854,0.984259735895904,0.9920674376346253,0.8439428559208099,0.9153676896341455
cvc_clinicdb,segmentation,140,0.0022840601275913065,0.9804847264826176,,,,,,,,,,,,,,,,0.0018290091699701015,0.9852146055640244,,,,,,,,,,,,,,,,,,,,,,,,,,,,0.8929490021422883,0.9412723926328812,0.9787489799368484,0.9892603759857251,0.8071490243477282,0.8932844092800374,0.9125990906271679,0.9528448840225346,0.9839577720489678,0.9919140275175997,0.8412404092053681,0.9137757405274696
cvc_clinicdb,segmentation,141,0.00227306524942989,0.9808581767638037,,,,,,,,,,,,,,,,0.0018364935810488414,0.9851987264989838,,,,,,,,,,,,,,,,,,,,,,,,,,,,0.895338670363078,0.9427127751256805,0.9791386334117597,0.9894593707403516,0.8115387073143964,0.8959661795110095,0.9126175155939642,0.9528565414751905,0.9839385023625966,0.9919042361352046,0.8412965288253319,0.9138088468151764
cvc_clinicdb,segmentation,142,0.002351867000749506,0.981014446734407,,,,,,,,,,,,,,,,0.0018216576578655864,0.9856810530995935,,,,,,,,,,,,,,,,,,,,,,,,,,,,0.8948570199161832,0.9424091490733759,0.9793380032513573,0.9895611579655914,0.810376036581009,0.8952571401811604,0.9145427316898398,0.9539686064307582,0.9844725309729346,0.9921755182877474,0.8446129324067448,0.9157616945737689
cvc_clinicdb,segmentation,143,0.0023029410110782748,0.9816335354358384,,,,,,,,,,,,,,,,0.0017727775181212077,0.9865504319105691,,,,,,,,,,,,,,,,,,,,,,,,,,,,0.8989614163841516,0.9448720092795315,0.979981715977244,0.9898896621816148,0.8179411167910592,0.8998543563774484,0.9186102149015553,0.9563130988072273,0.9854236624551781,0.9926583238527555,0.8517967673479324,0.919967873761699
cvc_clinicdb,segmentation,144,0.0023125264648888983,0.9802925094261248,,,,,,,,,,,,,,,,0.0018253168924068047,0.9863162157012195,,,,,,,,,,,,,,,,,,,,,,,,,,,,0.8923643756322365,0.9409251948808444,0.9785326054443213,0.9891498403935285,0.8061961458201516,0.8927005493681603,0.9167346499615256,0.9552264006483282,0.9851825104616581,0.9925359560341401,0.8482867894613932,0.9179168452625162
cvc_clinicdb,segmentation,145,0.0022640657403595853,0.9816709803169734,,,,,,,,,,,,,,,,0.001850460602985165,0.9848354928861789,,,,,,,,,,,,,,,,,,,,,,,,,,,,0.8977688510514462,0.9441458103897888,0.9800553486890825,0.9899272253555326,0.8154823534138099,0.898364395424045,0.9111723278718615,0.9520194491302201,0.9835362923469654,0.9916998203075204,0.8388083633967576,0.9123390779529197
cvc_clinicdb,segmentation,146,0.002238278130568366,0.9814148573300102,,,,,,,,,,,,,,,,0.0017797524730364482,0.9857723577235772,,,,,,,,,,,,,,,,,,,,,,,,,,,,0.8970074101757249,0.943697466748148,0.9797664595570538,0.9897798347147101,0.8142483607943961,0.897615098781586,0.9152921032397286,0.9544050312346213,0.9845658610107155,0.9922229141937249,0.8460183454687418,0.9165871482755177
cvc_clinicdb,segmentation,147,0.0021749011608476775,0.9818766775306749,,,,,,,,,,,,,,,,0.0018452865684904704,0.9859251937245935,,,,,,,,,,,,,,,,,,,,,,,,,,,,0.9011948184907358,0.9462093159559357,0.9802192340974097,0.9900108202354642,0.8221704028840618,0.9024078116764073,0.9142699823940278,0.9537963860645934,0.9847672445272959,0.9923251678428762,0.8437727202607597,0.9152676042863106
cvc_clinicdb,segmentation,148,0.0022246181842983377,0.9817578524412065,,,,,,,,,,,,,,,,0.0017934015429601437,0.986207047129065,,,,,,,,,,,,,,,,,,,,,,,,,,,,0.8987820334360026,0.9447561074098844,0.9801353955087999,0.9899680574690722,0.8174286713632052,0.8995441573506965,0.9172409897818954,0.9555280582418519,0.9850431443617487,0.9924652239016898,0.8494388352020422,0.9185908925820141
cvc_clinicdb,segmentation,149,0.002173524426109708,0.9823170293328221,,,,,,,,,,,,,,,,0.0018396448737722103,0.985178877667683,,,,,,,,,,,,,,,,,,,,,,,,,,,,0.9020109843185573,0.9466771475319142,0.9807293970550016,0.9902709562580075,0.8232925715821131,0.903083338805821,0.9117962337148336,0.9523719100976127,0.9839317416423357,0.9919008008086192,0.8396607257873316,0.9128430193866062
cvc_clinicdb,segmentation,150,0.0022765790285630217,0.9807583237474438,,,,,,,,,,,,,,,,0.0017707900000296958,0.9860164983485772,,,,,,,,,,,,,,,,,,,,,,,,,,,,0.8950218554784177,0.9425251924494196,0.9790264210497142,0.9894020722880692,0.8110172899071214,0.8956483126107699,0.9164496138472462,0.9550731406582351,0.9848326314790209,0.9923583639847371,0.8480665962154714,0.9177879173317333
cvc_clinicdb,segmentation,151,0.0021644193671476134,0.9825786442356851,,,,,,,,,,,,,,,,0.0017539585024360718,0.9863201854674797,,,,,,,,,,,,,,,,,,,,,,,,,,,,0.9025169091267287,0.9469675526362873,0.981031477939948,0.9904249264732647,0.8240023403135093,0.90351017879931,0.9174676695372589,0.9556555766268624,0.9851729464356587,0.992531102345031,0.8497623926388591,0.9187800509086939
cvc_clinicdb,segmentation,152,0.0021157594729054926,0.9824503331096626,,,,,,,,,,,,,,,,0.0017592600751213912,0.9861455157520326,,,,,,,,,,,,,,,,,,,,,,,,,,,,0.9023094387370656,0.946849640560527,0.9808823977304827,0.9903489463627823,0.8237364797436486,0.9033503347582718,0.9173685812403307,0.9556055658044214,0.9849674582080294,0.9924268069333784,0.8497697042726319,0.9187843246754644
cvc_clinicdb,segmentation,153,0.002072884687860563,0.9825207294861963,,,,,,,,,,,,,,,,0.0017861107561161847,0.9860720750762195,,,,,,,,,,,,,,,,,,,,,,,,,,,,0.9032580446126663,0.9474166675460116,0.9809442528225214,0.9903804727718474,0.8255718364028112,0.9044528623201759,0.9170051057304207,0.9553961180648032,0.9848874798896046,0.9923862081536048,0.849122731571237,0.9184060279760016
cvc_clinicdb,segmentation,154,0.002119242497443665,0.9828921827070553,,,,,,,,,,,,,,,,0.0017476070641986722,0.9866000539888211,,,,,,,,,,,,,,,,,,,,,,,,,,,,0.9052672536492246,0.9486022290770204,0.981342688305886,0.9905835008733059,0.8291918189925631,0.9066209572807349,0.9192158471913066,0.9566643282234042,0.9854706593834908,0.9926821680552959,0.8529610349991223,0.9206464883915126
cvc_clinicdb,segmentation,155,0.002202985415916989,0.9818631973734663,,,,,,,,,,,,,,,,0.0017581780448677094,0.9860958936737805,,,,,,,,,,,,,,,,,,,,,,,,,,,,0.8994826689559741,0.9451748334182488,0.9802450297164208,0.9900239768376501,0.8187203081955274,0.9003256899988475,0.9172476961855653,0.9555370765057192,0.984910886994071,0.992398090460988,0.8495845053770595,0.9186760625504502
cvc_clinicdb,segmentation,156,0.002061245959168319,0.9828737098990287,,,,,,,,,,,,,,,,0.001740705979064228,0.9867171620934959,,,,,,,,,,,,,,,,,,,,,,,,,,,,0.9053349264209616,0.9486437294995094,0.9813188093878671,0.990571335353191,0.829351043454056,0.9067161236458279,0.9198202054547577,0.9570114047832368,0.9855977927517673,0.9927466643542783,0.8540426181577482,0.9212761452121953
cvc_clinicdb,segmentation,157,0.0022386308904196344,0.9815217000575154,,,,,,,,,,,,,,,,0.0017376233770595333,0.9866159330538617,,,,,,,,,,,,,,,,,,,,,,,,,,,,0.8974295441796214,0.9439481312799054,0.9798844842963005,0.9898400558905086,0.8149746040629424,0.8980562066693023,0.919615825267347,0.9568968074305517,0.9854815963136678,0.9926877168172761,0.853750054221026,0.9211058980438275
cvc_clinicdb,segmentation,158,0.0021998330204155304,0.9821457814097648,,,,,,,,,,,,,,,,0.0017269007498171272,0.9866060086382114,,,,,,,,,,,,,,,,,,,,,,,,,,,,0.9004535558811932,0.9457464735778289,0.9805609762726073,0.9901850920217681,0.8203461354897791,0.9013078551338899,0.9192247450150491,0.9566692521276356,0.9854775534797517,0.992685665725711,0.8529719365503465,0.9206528385295604
cvc_clinicdb,segmentation,159,0.0021055596509228455,0.9825536809815951,,,,,,,,,,,,,,,,0.001723544051249822,0.9867370109247967,,,,,,,,,,,,,,,,,,,,,,,,,,,,0.9029656346415039,0.9472390141995021,0.9809908849377906,0.9904042390064776,0.8249403843452172,0.9040737893925266,0.9196379859051595,0.9569043503325996,0.9856249139471926,0.9927604221966416,0.8536510578631266,0.9210482784685575
cvc_clinicdb,segmentation,160,0.0021662435252486076,0.9820918607809305,,,,,,,,,,,,,,,,0.0017136397763965576,0.9868997713414634,,,,,,,,,,,,,,,,,,,,,,,,,,,,0.9008207267842618,0.9459714188106086,0.9804874731742343,0.9901476141151794,0.8211539803942893,0.9017952235060379,0.9204799674720103,0.957387472639293,0.9858015966747801,0.9928500393246762,0.8551583382692405,0.9219249059539097
cvc_clinicdb,segmentation,161,0.0020983543833584385,0.9828267789813395,,,,,,,,,,,,,,,,0.0017551293642055698,0.9863578982469512,,,,,,,,,,,,,,,,,,,,,,,,,,,,0.904771687506726,0.9483088164068758,0.9812759281607395,0.9905494880480163,0.8282674468527124,0.9060681447657354,0.9175815234562947,0.9557204840584086,0.9852154440849977,0.9925526693039523,0.8499476028275916,0.9188882988128649
cvc_clinicdb,segmentation,162,0.002091815683739317,0.9835192596497955,,,,,,,,,,,,,,,,0.001740692531674858,0.9863975959095529,,,,,,,,,,,,,,,,,,,,,,,,,,,,0.9078560116851928,0.9501157222012546,0.9820352274984024,0.9909361991894202,0.8336767958719832,0.909295245213089,0.9183078439418357,0.9561433678046654,0.9852482165687982,0.9925693002476547,0.8513674713148733,0.919717435361676
cvc_clinicdb,segmentation,163,0.0022059895387700245,0.9823749440823109,,,,,,,,,,,,,,,,0.0017083221819342636,0.9867588446392277,,,,,,,,,,,,,,,,,,,,,,,,,,,,0.9022400416656582,0.9468119820711992,0.9807934938789677,0.9903036302469772,0.8236865894523487,0.9033203338954212,0.9196017477127014,0.9568822608337684,0.9856515108821415,0.9927739137309729,0.8535519845432614,0.920990607936564
cvc_clinicdb,segmentation,164,0.00219036199167706,0.9817358847776073,,,,,,,,,,,,,,,,0.001682441166745938,0.9866615853658537,,,,,,,,,,,,,,,,,,,,,,,,,,,,0.8996122239530184,0.9452605235287337,0.9800888712781082,0.9899443257266328,0.8191355766279286,0.9005767213308346,0.9199131207047299,0.9570679834884286,0.9855299338724469,0.9927122397498528,0.8542963075370128,0.9214237272270043
cvc_clinicdb,segmentation,165,0.002126313502193716,0.9825581743673313,,,,,,,,,,,,,,,,0.0016975627863794807,0.9863499587144309,,,,,,,,,,,,,,,,,,,,,,,,,,,,0.9033202794645423,0.9474520453857282,0.9809877861423366,0.9904026597283132,0.8256527727867481,0.9045014310431433,0.9188048107201358,0.9564357072188241,0.9851815619583987,0.9925354746761889,0.8524280594818728,0.9203359397614592
cvc_clinicdb,segmentation,166,0.0020667218464161963,0.9825621684879857,,,,,,,,,,,,,,,,0.0016867226762015645,0.987010924796748,,,,,,,,,,,,,,,,,,,,,,,,,,,,0.9032041942714665,0.9473820348465717,0.9809953771214865,0.9904065284058722,0.8254130114214464,0.9043575412872712,0.9213390685587324,0.9578820539380402,0.9859167660209729,0.9929084470104734,0.8567613710964918,0.922855660865607
cvc_clinicdb,segmentation,167,0.0020934080434601245,0.9829985261694786,,,,,,,,,,,,,,,,0.0016683084148217022,0.9870665015243902,,,,,,,,,,,,,,,,,,,,,,,,,,,,0.9049618025762602,0.9484135905231301,0.9814778351916791,0.9906523482224421,0.8284457699608415,0.9061748328238182,0.9217740089323656,0.9581321698888536,0.9859742473748023,0.9929375959211264,0.8575737704899288,0.9233267438565809
cvc_clinicdb,segmentation,168,0.00210577830794155,0.982683489902863,,,,,,,,,,,,,,,,0.0017007708670647164,0.9862884273373984,,,,,,,,,,,,,,,,,,,,,,,,,,,,0.9042616970573991,0.9480106555773826,0.9811158134644304,0.9904679037907701,0.8274075806503678,0.9055534073639953,0.9187606322894366,0.9564126844535911,0.9851091806598294,0.9924987403789947,0.8524120839190437,0.9203266285281875
cvc_clinicdb,segmentation,169,0.0020594751588040336,0.9830394659061861,,,,,,,,,,,,,,,,0.0016501416580948403,0.9873602642276422,,,,,,,,,,,,,,,,,,,,,,,,,,,,0.9055250619380777,0.9487487606002927,0.9815136787675325,0.9906706062993389,0.829536445108623,0.9068269149012463,0.923559140476585,0.9591538044202097,0.9862882440208117,0.9930967944755934,0.8608300369323583,0.925210814364826
cvc_clinicdb,segmentation,170,0.0020868503440986627,0.9821308034573109,,,,,,,,,,,,,,,,0.0016695331872963325,0.9869692422510162,,,,,,,,,,,,,,,,,,,,,,,,,,,,0.9012731650016743,0.9462424557186286,0.9805233462992138,0.9901659055233153,0.8220229837041347,0.9023190059139421,0.9222314746944273,0.9584016772880957,0.9858494632924547,0.9928743155163009,0.8586134860964,0.9239290390598904
cvc_clinicdb,segmentation,171,0.0020246660995824695,0.9836420788599182,,,,,,,,,,,,,,,,0.0016514609863118427,0.987278884019309,,,,,,,,,,,,,,,,,,,,,,,,,,,,0.9079681584986435,0.9501762144720469,0.9821801521137012,0.9910099756234081,0.8337561648835858,0.9093424533206856,0.9231069747599777,0.9588956386046443,0.9862004073773698,0.9930522657374482,0.8600135421425856,0.9247390114718406
cvc_clinicdb,segmentation,172,0.0021228285502558593,0.9825516839212679,,,,,,,,,,,,,,,,0.0016531028398653355,0.9872213224085366,,,,,,,,,,,,,,,,,,,,,,,,,,,,0.9036189076867969,0.94763185754068,0.9809727587267091,0.9903950010471012,0.8262650566468847,0.9048687140342588,0.9228263255291542,0.9587355944860554,0.9861375180599876,0.9930203816130754,0.8595151329983208,0.9244508073590353
cvc_clinicdb,segmentation,173,0.0021884244217219287,0.9812176476226994,,,,,,,,,,,,,,,,0.0016517324479130226,0.9872669747205285,,,,,,,,,,,,,,,,,,,,,,,,,,,,0.8966075479032165,0.943465489703668,0.9795394249501006,0.9896639719360906,0.8136756708563323,0.8972670074712453,0.923242056982299,0.9589743138616937,0.9861835913183877,0.9930437403964045,0.8603005226462102,0.9249048873269828
cvc_clinicdb,segmentation,174,0.0019931626374736153,0.9836630479933538,,,,,,,,,,,,,,,,0.0016682522023111824,0.9870426829268293,,,,,,,,,,,,,,,,,,,,,,,,,,,,0.909081591593119,0.9508376878347038,0.982179122636796,0.9910094515880593,0.8359840605494419,0.9106659240813484,0.9219835244289336,0.9582547516813764,0.9859418204995767,0.9929211523946422,0.8580252283582905,0.9235883509681108
cvc_clinicdb,segmentation,175,0.0021526578333845897,0.9820229621996421,,,,,,,,,,,,,,,,0.001673010639785751,0.9867330411585366,,,,,,,,,,,,,,,,,,,,,,,,,,,,0.8997902868890626,0.9453520749662336,0.9804293934671352,0.9901179983505483,0.8191511803109899,0.9005861515819189,0.9206482814891379,0.95749267978621,0.9856001964782558,0.9927478837143126,0.8556963665000201,0.9222374758581076
cvc_clinicdb,segmentation,176,0.0021268055376221554,0.9818532120718303,,,,,,,,,,,,,,,,0.0016449422734539684,0.9874079014227642,,,,,,,,,,,,,,,,,,,,,,,,,,,,0.9000279277446377,0.9455055051432,0.9802198256697119,0.9900111219603619,0.8198360298195635,0.900999888326038,0.9238828695726846,0.9593389542757598,0.9863385095105021,0.9931222747663163,0.8614272296348672,0.9255556337852032
cvc_clinicdb,segmentation,177,0.002059380076292346,0.9827753546779141,,,,,,,,,,,,,,,,0.001658701587740968,0.9873046875,,,,,,,,,,,,,,,,,,,,,,,,,,,,0.9047057219236974,0.9482720234139894,0.9812156368660833,0.9905187689899166,0.8281958069813116,0.9060252778380622,0.923741350090939,0.9592614786266638,0.9862185467847615,0.9930614618227448,0.8612641533971167,0.9254614954305829
cvc_clinicdb,segmentation,178,0.0020118902050766233,0.9831283350907464,,,,,,,,,,,,,,,,0.001659747061690664,0.9871895642784553,,,,,,,,,,,,,,,,,,,,,,,,,,,,0.906582922257992,0.9493765764436133,0.9815952390418076,0.9907121491838605,0.8315706054741764,0.9080410037033659,0.9230567055092571,0.9588703184001477,0.9860951921334667,0.9929989217427203,0.8600182188850475,0.9247417150575751
cvc_clinicdb,segmentation,179,0.0020428611716000336,0.983732445839724,,,,,,,,,,,,,,,,0.0016667173221343902,0.9870069550304879,,,,,,,,,,,,,,,,,,,,,,,,,,,,0.9090985733992718,0.950844259022205,0.9822622431242045,0.9910517607156561,0.8359349036743391,0.9106367573287538,0.9222058777805523,0.9583852248898297,0.9858948860879564,0.9928973512088399,0.8585168694731482,0.9238730985708193
cvc_clinicdb,segmentation,180,0.0020670976512636875,0.983869244472137,,,,,,,,,,,,,,,,0.0016390492276447575,0.9875091304623984,,,,,,,,,,,,,,,,,,,,,,,,,,,,0.9092756914062994,0.9509425820117068,0.9824225338013015,0.9911333401941342,0.8361288490112972,0.9107518238292794,0.924031501668635,0.9594206145210924,0.9864558604820219,0.9931817566212161,0.8616071428552481,0.9256594724209688
cvc_clinicdb,segmentation,181,0.002083583081670578,0.9837349421651329,,,,,,,,,,,,,,,,0.0016460836660571214,0.9871478817327236,,,,,,,,,,,,,,,,,,,,,,,,,,,,0.9096436480614374,0.9511679080725799,0.98225226000668,0.9910466794002998,0.8370350361161949,0.9112891367448599,0.9226979187401568,0.9586643445098031,0.9860527432474844,0.9929773986114236,0.8593430942328293,0.9243512904081825
cvc_clinicdb,segmentation,182,0.0020136763027474923,0.9834298912001533,,,,,,,,,,,,,,,,0.0016540720816550216,0.987086350355691,,,,,,,,,,,,,,,,,,,,,,,,,,,,0.908521213869264,0.9505163480232108,0.9819116560243805,0.9908732844268628,0.8351307717141476,0.9101594116195587,0.9225600688307858,0.9585871073325495,0.9859822850209132,0.9929416716932401,0.8591378526406583,0.9242325429718589
cvc_clinicdb,segmentation,183,0.001992704122039682,0.9836320935582822,,,,,,,,,,,,,,,,0.0016389449498033135,0.9872411712398373,,,,,,,,,,,,,,,,,,,,,,,,,,,,0.9088615736143434,0.9507084681370219,0.9821471066647762,0.9909931542037443,0.8355760405639105,0.9104237820702996,0.9233288386849339,0.9590256091741962,0.9861511779468095,0.9930273071823733,0.8605064994230582,0.9250239111660192
cvc_clinicdb,segmentation,184,0.0021063759999163066,0.9832711249041411,,,,,,,,,,,,,,,,0.001628502173636987,0.9874833269817073,,,,,,,,,,,,,,,,,,,,,,,,,,,,0.9063650848261584,0.9492389552481437,0.9817721791675608,0.9908022622256732,0.8309579904847562,0.9076756482706143,0.9245742890803732,0.9597351125958671,0.9864145772919236,0.9931608321528744,0.8627340008688229,0.9263093930388596
cvc_clinicdb,segmentation,185,0.001964462627723417,0.9838417848926381,,,,,,,,,,,,,,,,0.0016458008165766552,0.9871240631351627,,,,,,,,,,,,,,,,,,,,,,,,,,,,0.9095915469004123,0.9511315877645037,0.9823821256201161,0.9911127758103786,0.8368009681807086,0.9111503997186289,0.9229121583300806,0.9587894167537725,0.9860201196487712,0.9929608566333652,0.8598041970113899,0.9246179768741798
cvc_clinicdb,segmentation,186,0.0019410201681659754,0.9835502140848671,,,,,,,,,,,,,,,,0.001651307098506912,0.987133987550813,,,,,,,,,,,,,,,,,,,,,,,,,,,,0.9086481581567297,0.9505857200478076,0.9820536158303264,0.9909455606920322,0.8352427004831331,0.9102258794035829,0.9225720258830987,0.9585920065565603,0.9860387176812068,0.9929702869362518,0.8591053340849908,0.9242137261768687
cvc_clinicdb,segmentation,187,0.002016167843939093,0.9835162640593047,,,,,,,,,,,,,,,,0.0016377267798757165,0.9874952362804879,,,,,,,,,,,,,,,,,,,,,,,,,,,,0.9076162545736509,0.9499729850785759,0.9820372703788527,0.9909372392287488,0.8331952387684491,0.9090087309284028,0.9239576607005462,0.9593785271420641,0.9864407946983537,0.9931741205990963,0.8614745267027387,0.925582933685032
cvc_clinicdb,segmentation,188,0.0021194158719970648,0.9828277775115031,,,,,,,,,,,,,,,,0.0016311146318912506,0.9874634781504065,,,,,,,,,,,,,,,,,,,,,,,,,,,,0.9044472205272917,0.9481142041914855,0.9812849020660347,0.9905540601886939,0.8276095389885486,0.9056743481942772,0.9241915429566665,0.9595149671335306,0.9863985132254891,0.9931526898132716,0.8619845726878439,0.9258772444537896
cvc_clinicdb,segmentation,189,0.0019792817639670735,0.9836695384394172,,,,,,,,,,,,,,,,0.0016486120781278222,0.9871121538363821,,,,,,,,,,,,,,,,,,,,,,,,,,,,0.9095063632281282,0.9510896984596189,0.9821767384885793,0.9910082379813361,0.836835987967677,0.9111711589379018,0.9227567742740076,0.9586999496449709,0.9860090586656383,0.9929552479766824,0.8595044898823769,0.9244446513132591
cvc_clinicdb,segmentation,190,0.0020006832748590557,0.9835572037960123,,,,,,,,,,,,,,,,0.001640915991814156,0.987401946773374,,,,,,,,,,,,,,,,,,,,,,,,,,,,0.908299326263411,0.9503777903898181,0.9820703629643089,0.9909540865093829,0.8345282895625131,0.9098014942702533,0.9237823820919691,0.9592811249384996,0.9863334029544598,0.9931196862393732,0.8612313612294783,0.9254425636376259
cvc_clinicdb,segmentation,191,0.0019550025844013276,0.9834513595986708,,,,,,,,,,,,,,,,0.0016308735480638054,0.987427750254065,,,,,,,,,,,,,,,,,,,,,,,,,,,,0.907638902390277,0.9499898389721306,0.9819587193988681,0.99089724703923,0.8333190853816859,0.9090824309050314,0.9241043053949396,0.9594660660383338,0.9863577525396707,0.9931320289897996,0.8618508582502086,0.9258001030868682
cvc_clinicdb,segmentation,192,0.0019335538712625367,0.9839446334994888,,,,,,,,,,,,,,,,0.001632185546847863,0.9873424002794715,,,,,,,,,,,,,,,,,,,,,,,,,,,,0.9102725598037316,0.9515305200699438,0.982489785072649,0.9911675636065336,0.8380553345348142,0.9118934765333538,0.9237814194872174,0.9592830604111362,0.9862626236512542,0.9930838066501533,0.8613002153231805,0.9254823141721192
cvc_clinicdb,segmentation,193,0.0020364055482400218,0.9834029308857362,,,,,,,,,,,,,,,,0.0016691077470294827,0.9868362550813008,,,,,,,,,,,,,,,,,,,,,,,,,,,,0.9076670820944064,0.9500091361463043,0.9818997848206595,0.99086723994928,0.8334343793681532,0.9091510323433286,0.9217797474145584,0.9581454121551394,0.9857001781007055,0.9927985996793474,0.8578593167284113,0.9234922246309313
cvc_clinicdb,segmentation,194,0.001970228859069157,0.9835781729294478,,,,,,,,,,,,,,,,0.001641434715773032,0.9874098863058943,,,,,,,,,,,,,,,,,,,,,,,,,,,,0.9083470778840617,0.9504051405351519,0.9820944564780767,0.99096635205078,0.8345996992900466,0.9098439290195239,0.9236542456153911,0.9592067155328763,0.9863453382987135,0.9931257362765622,0.8609631529320686,0.9252876947891904
cvc_clinicdb,segmentation,195,0.001980841312184168,0.9842866300805214,,,,,,,,,,,,,,,,0.0016336795396921112,0.9873404153963414,,,,,,,,,,,,,,,,,,,,,,,,,,,,0.9118252378556422,0.9524328870424824,0.9828647495017814,0.9913583362140437,0.840785726209503,0.9135074378709211,0.923791881766069,0.9592891904921097,0.9862600550629723,0.9930825045280427,0.8613237084691656,0.9254958764561766
cvc_clinicdb,segmentation,196,0.001961905242597155,0.9837983488305214,,,,,,,,,,,,,,,,0.001636463876177625,0.9874198107215447,,,,,,,,,,,,,,,,,,,,,,,,,,,,0.9092836346771647,0.9509508919923445,0.9823371406643653,0.9910898812450665,0.836230128689964,0.9108119027396225,0.9236690850725517,0.9592148793960287,0.9863568361117658,0.993131564460019,0.8609813340333378,0.9252981943320384
cvc_clinicdb,segmentation,197,0.0020338085485747987,0.9836585546076176,,,,,,,,,,,,,,,,0.0016235260338318058,0.9874059165396342,,,,,,,,,,,,,,,,,,,,,,,,,,,,0.9083945887221612,0.9504293044266976,0.9821899829468186,0.991014979791844,0.8345991944975039,0.9098436290615513,0.9240622118591979,0.9594426599086092,0.9863326181919451,0.9931192884399715,0.8617918055264506,0.9257660313772469
cvc_clinicdb,segmentation,198,0.0020574274528124092,0.9831887461656442,,,,,,,,,,,,,,,,0.001619161568521484,0.9874892816310976,,,,,,,,,,,,,,,,,,,,,,,,,,,,0.906510235883595,0.9493299992510527,0.9816697052029479,0.9907500756816712,0.831350766564242,0.9079099228204343,0.9244559975479589,0.9596665918517078,0.9864239943996583,0.9931656053095328,0.8624880006962595,0.9261675783938829
cvc_clinicdb,segmentation,199,0.002024964991278931,0.9835352361324131,,,,,,,,,,,,,,,,0.0016325414180755615,0.9873146119156504,,,,,,,,,,,,,,,,,,,,,,,,,,,,0.9083416487519096,0.9504041079304992,0.9820429188287995,0.9909401148680415,0.8346403786750197,0.9098681009929569,0.9238083326716717,0.9592997778560428,0.9862290235554618,0.9930667731257459,0.8613876417878816,0.9255327825863399
cvc_clinicdb,segmentation,200,0.002015932167904996,0.9840180254665133,,,,,,,,,,,,,,,,0.001622754929026937,0.9875210397611789,,,,,,,,,,,,,,,,,,,,,,,,,,,,0.9105932662444658,0.9517169673563289,0.9825705297064371,0.9912086505713651,0.8386160027824945,0.9122252841412928,0.924650493841795,0.9597775278770484,0.9864579317057176,0.9931828064022206,0.8628430559778724,0.9263722493518762
kvasir_seg,segmentation,1,0.01860735610127449,0.6276171875,,,,,,,,,,,,,,,,0.02054658591747284,0.67015869140625,,,,,,,,,,,,,,,,,,,,,,,,,,,,0.4106914205988305,0.5624054767900952,0.5764569981450633,0.7313323469315699,0.24492584305259768,0.3934786066486205,0.4602815183733647,0.6150982986819953,0.6137828713218547,0.7606759028481982,0.30678016542487463,0.4695206945157924
kvasir_seg,segmentation,2,0.016858427599072457,0.7917239379882812,,,,,,,,,,,,,,,,0.017501158565282823,0.87155029296875,,,,,,,,,,,,,,,,,,,,,,,,,,,,0.5593065640255594,0.694679410976986,0.7649324982468155,0.8668121857426915,0.3536806298043033,0.5225466362112807,0.6773778539835871,0.7945362457333064,0.8524146404406197,0.920328118587815,0.5023410675265546,0.6687443728787977
kvasir_seg,segmentation,3,0.015195891372859477,0.8876351928710937,,,,,,,,,,,,,,,,0.01582530528306961,0.916986083984375,,,,,,,,,,,,,,,,,,,,,,,,,,,,0.6623721519836666,0.7766326756866009,0.8763395537977408,0.9340948465580399,0.4484047501695924,0.6191705048151618,0.7486094101144753,0.8469349744965848,0.9056400878036424,0.9504838753129335,0.5915787324253085,0.743386073680236
kvasir_seg,segmentation,4,0.013923540785908699,0.9012643432617188,,,,,,,,,,,,,,,,0.014206700176000595,0.923533935546875,,,,,,,,,,,,,,,,,,,,,,,,,,,,0.6858526626280925,0.795764080334828,0.8913474797176871,0.942552851103526,0.48035784553849803,0.64897530956613,0.7585313806525033,0.8537910229577983,0.9134570483576011,0.9547714166269464,0.6036057129474054,0.7528106292886502
kvasir_seg,segmentation,5,0.012894978299736976,0.9091574096679688,,,,,,,,,,,,,,,,0.012961121499538422,0.92650146484375,,,,,,,,,,,,,,,,,,,,,,,,,,,,0.7043791906715913,0.810934405019861,0.8997111337813477,0.9472083600315441,0.509047247561835,0.674660450008178,0.7673976520518655,0.8602734156208869,0.9165719828182186,0.9564701884772913,0.6182233212855125,0.7640766427644825
kvasir_seg,segmentation,6,0.0119146478921175,0.9147787475585938,,,,,,,,,,,,,,,,0.010588047504425048,0.92804443359375,,,,,,,,,,,,,,,,,,,,,,,,,,,,0.7227317901062292,0.8258668434135095,0.9052982555735776,0.9502955801542405,0.5401653246388809,0.7014381066727785,0.7739231056184803,0.8650681805274956,0.9180053999089001,0.9572500681723867,0.6298408113280606,0.7728862928826046
kvasir_seg,segmentation,7,0.011003540642559529,0.9155538940429687,,,,,,,,,,,,,,,,0.009897145032882691,0.929306640625,,,,,,,,,,,,,,,,,,,,,,,,,,,,0.7263386547096158,0.8287968640167722,0.905978207132446,0.9506700588098486,0.5466991022867855,0.7069236692236959,0.7823111202645332,0.8712372352450806,0.9188479070880676,0.9577079076397025,0.6457743334409987,0.7847665628504588
kvasir_seg,segmentation,8,0.010109836123883725,0.9197030639648438,,,,,,,,,,,,,,,,0.008945547193288803,0.93618896484375,,,,,,,,,,,,,,,,,,,,,,,,,,,,0.7350674463546423,0.8353899471681341,0.9105813704532864,0.9531982092312045,0.5595535222559983,0.7175816851050636,0.7971195515841745,0.8812811467060211,0.9268174538285351,0.9620189520153801,0.6674216493398138,0.800543341396662
kvasir_seg,segmentation,9,0.009364762045443058,0.9221646118164063,,,,,,,,,,,,,,,,0.008931273370981216,0.93202880859375,,,,,,,,,,,,,,,,,,,,,,,,,,,,0.7431743941435582,0.8416640297017965,0.913075262792476,0.9545628241093653,0.5732735254946405,0.7287652352942278,0.7892927886980916,0.8760695946635867,0.9218693435182619,0.9593465306342269,0.6567162338779212,0.7927926586929465
kvasir_seg,segmentation,10,0.008770713675767183,0.9234732055664062,,,,,,,,,,,,,,,,0.007212067693471908,0.93459228515625,,,,,,,,,,,,,,,,,,,,,,,,,,,,0.7458023826044649,0.8435904695837406,0.9145514927071506,0.955368916627034,0.5770532725017791,0.7318120225404473,0.7949319492198814,0.8798851407562993,0.9248309531156639,0.9609477150382156,0.6650329453240988,0.798822566474383
kvasir_seg,segmentation,11,0.00816880801692605,0.9281094360351563,,,,,,,,,,,,,,,,0.0077833026647567746,0.919124755859375,,,,,,,,,,,,,,,,,,,,,,,,,,,,0.7595709457127351,0.853899223193758,0.9194317804826849,0.9580249632539406,0.5997101109427851,0.7497734831335754,0.7720554840381728,0.8649158756875609,0.9056493876387204,0.9504889970981552,0.6384615804376254,0.7793427542769666
kvasir_seg,segmentation,12,0.007623796109110117,0.9304876708984375,,,,,,,,,,,,,,,,0.006354360654950142,0.93659423828125,,,,,,,,,,,,,,,,,,,,,,,,,,,,0.7671808110132801,0.8595107161989739,0.9219092194418568,0.9593681221942306,0.6124524025847035,0.7596533102037172,0.8041085577812273,0.886282054287993,0.9266374583695716,0.9619219789837826,0.6815796571928829,0.8106421295922034
kvasir_seg,segmentation,13,0.007322688382118941,0.9310971069335937,,,,,,,,,,,,,,,,0.006149317622184753,0.935421142578125,,,,,,,,,,,,,,,,,,,,,,,,,,,,0.7687343575921992,0.8606279038372096,0.9225797978675446,0.9597310851709111,0.6148889173168539,0.7615247225035081,0.8025263041690739,0.885286930887843,0.92515498688505,0.9611226038293931,0.6798976214530977,0.809451257946293
kvasir_seg,segmentation,14,0.007083511203527451,0.9294967651367188,,,,,,,,,,,,,,,,0.006232356801629067,0.94103759765625,,,,,,,,,,,,,,,,,,,,,,,,,,,,0.7637058747205652,0.8569439213078683,0.92090097394257,0.9588219137111048,0.6065107754985605,0.7550659289046319,0.8139078292204399,0.8927279218583233,0.9318370082905724,0.9647159716803733,0.6959786501503075,0.8207398720362733
kvasir_seg,segmentation,15,0.00664366165176034,0.93512451171875,,,,,,,,,,,,,,,,0.005819352865219116,0.944466552734375,,,,,,,,,,,,,,,,,,,,,,,,,,,,0.7818078440361186,0.8700627190220551,0.9267973027975133,0.9620080964945281,0.6368183852747239,0.7781173415495821,0.8177366977247429,0.8950349274520905,0.9362336757619936,0.9670668240945084,0.6992397196874922,0.8230030308096725
kvasir_seg,segmentation,16,0.006463739406317472,0.93544677734375,,,,,,,,,,,,,,,,0.005594609901309013,0.941441650390625,,,,,,,,,,,,,,,,,,,,,,,,,,,,0.7802431476705058,0.8688337293239144,0.9273536283518624,0.9623077101267299,0.6331326669891493,0.775359748521099,0.8142267277439741,0.8929070305289737,0.9323712973809146,0.965002221513667,0.6960821581070336,0.8208118395442803
kvasir_seg,segmentation,17,0.006154273040592671,0.93542236328125,,,,,,,,,,,,,,,,0.005308169722557068,0.944764404296875,,,,,,,,,,,,,,,,,,,,,,,,,,,,0.7817142889260591,0.8699509444049802,0.9271999675232986,0.9622249721339199,0.6362286103288197,0.7776769166760407,0.8205541513631447,0.8969689516140527,0.9363767255996276,0.9671431320366287,0.7047315771266617,0.8267947711914767
kvasir_seg,segmentation,18,0.0059974386543035505,0.9379977416992188,,,,,,,,,,,,,,,,0.005263153538107872,0.9472802734375,,,,,,,,,,,,,,,,,,,,,,,,,,,,0.7917695563739173,0.8771235663393169,0.9297765294772417,0.9636105686590659,0.6537625832705931,0.790636564019568,0.8217224944183783,0.8975113704478606,0.9397341705911824,0.9689308822195724,0.7037108182455741,0.8260918586761486
kvasir_seg,segmentation,19,0.005763519406318664,0.94016845703125,,,,,,,,,,,,,,,,0.00490764033049345,0.949263916015625,,,,,,,,,,,,,,,,,,,,,,,,,,,,0.7967577139781197,0.880517278233509,0.9322561217272058,0.9649405285815634,0.6612593062290336,0.7960940278854546,0.8291981186685315,0.9024659496121774,0.941797074659757,0.9700262575838718,0.716599162677306,0.834905641640483
kvasir_seg,segmentation,20,0.005498867351561785,0.9432601928710938,,,,,,,,,,,,,,,,0.0049198343977332115,0.949326171875,,,,,,,,,,,,,,,,,,,,,,,,,,,,0.807808200351849,0.8881429423985295,0.935475261959819,0.9666620703925481,0.6801411387438789,0.8096238144045109,0.8331581680239435,0.9051609066092655,0.9415218518266756,0.9698802523812414,0.7247944842212114,0.8404415608372896
kvasir_seg,segmentation,21,0.005292666833847761,0.9427777099609375,,,,,,,,,,,,,,,,0.004709189031273126,0.9487451171875,,,,,,,,,,,,,,,,,,,,,,,,,,,,0.8049870213485455,0.886174292433423,0.9350633743869422,0.9664421194300002,0.6749106683101487,0.805906465436846,0.8306388457121423,0.903503793932628,0.9409497155633614,0.9695766026481015,0.7203279758609231,0.8374309852171546
kvasir_seg,segmentation,22,0.005352560114115477,0.9407476806640624,,,,,,,,,,,,,,,,0.004687674194574356,0.9471484375,,,,,,,,,,,,,,,,,,,,,,,,,,,,0.7996400353806454,0.8825497112760181,0.9327891841257836,0.9652259975240827,0.6664908866355073,0.7998734250279537,0.8205782519568973,0.8967283684416931,0.939652853373419,0.9688876560970042,0.7015036505403756,0.8245690807863821
kvasir_seg,segmentation,23,0.00521465353667736,0.9424905395507812,,,,,,,,,,,,,,,,0.00464403547346592,0.949053955078125,,,,,,,,,,,,,,,,,,,,,,,,,,,,0.8032154689363056,0.8849302690979919,0.9348250658935839,0.9663148181945248,0.6716058719790271,0.8035457200014591,0.8362417013907201,0.9072733461939406,0.9408359937170134,0.9695162257529665,0.7316474090644267,0.8450304666349147
kvasir_seg,segmentation,24,0.005108918575569987,0.9460806274414062,,,,,,,,,,,,,,,,0.004383650161325931,0.953544921875,,,,,,,,,,,,,,,,,,,,,,,,,,,,0.815432556927166,0.8932366050285286,0.9386392935233763,0.9683485696995733,0.6922258203309557,0.818124640357484,0.8467588630622759,0.9138760426997901,0.946143155952055,0.9723263708102716,0.7473745701724968,0.8554257145893084
kvasir_seg,segmentation,25,0.004918434349820018,0.9470120239257812,,,,,,,,,,,,,,,,0.004189392235130072,0.95570556640625,,,,,,,,,,,,,,,,,,,,,,,,,,,,0.8207445608527875,0.8968591054809313,0.9394529983198786,0.9687814029354812,0.7020361233856962,0.8249368080263814,0.8509749240846847,0.9164628489701739,0.9487833107496403,0.9737186330733415,0.753166537419729,0.8592070648670064
kvasir_seg,segmentation,26,0.004873956721276045,0.9478311157226562,,,,,,,,,,,,,,,,0.004311688430607319,0.952581787109375,,,,,,,,,,,,,,,,,,,,,,,,,,,,0.8197211178412463,0.8960554226578143,0.9406476069055892,0.969416192366295,0.6987946287769035,0.8226946529493337,0.8451539548121697,0.9129002771375905,0.944939056628512,0.9716901446429205,0.7453688529958274,0.8541104096322606
kvasir_seg,segmentation,27,0.0048087429720908405,0.9482003784179688,,,,,,,,,,,,,,,,0.004087606053799391,0.956956787109375,,,,,,,,,,,,,,,,,,,,,,,,,,,,0.8236416517287317,0.8987463030710756,0.9408230324983677,0.9695093439686486,0.7064602709590956,0.8279832621735026,0.8525494681967138,0.917387191002057,0.9503860240576003,0.9745619711531863,0.7547129123358274,0.8602124108509278
kvasir_seg,segmentation,28,0.004589214213192463,0.9500421142578125,,,,,,,,,,,,,,,,0.004670257903635502,0.949940185546875,,,,,,,,,,,,,,,,,,,,,,,,,,,,0.8287911059858978,0.902107316938923,0.9428961318793381,0.97060889299037,0.7146860800924575,0.833605740887476,0.8413613490373808,0.910621122302287,0.9415639748294411,0.9699026012389357,0.7411587232453206,0.8513396433656383
kvasir_seg,segmentation,29,0.004594819862395525,0.950032958984375,,,,,,,,,,,,,,,,0.004132951758801937,0.955263671875,,,,,,,,,,,,,,,,,,,,,,,,,,,,0.8283402079711758,0.9017985456159628,0.9429211678200725,0.9706221574373144,0.7137592481222791,0.8329749337946113,0.8480608596138846,0.9145832125125144,0.9484263187890503,0.9735305971215772,0.7476954004387188,0.8556358279034517
kvasir_seg,segmentation,30,0.004572943998500705,0.949534912109375,,,,,,,,,,,,,,,,0.0040250072814524175,0.95810546875,,,,,,,,,,,,,,,,,,,,,,,,,,,,0.8276808600111878,0.9013964553724032,0.9422985662922023,0.9702921915769376,0.7130631537301733,0.8325007191678687,0.857467724578587,0.9204953161915362,0.9515581972082515,0.975177884594451,0.7633772519489225,0.8658127477886215
kvasir_seg,segmentation,31,0.004487664243206382,0.9501617431640625,,,,,,,,,,,,,,,,0.0042677663825452326,0.9529736328125,,,,,,,,,,,,,,,,,,,,,,,,,,,,0.8299633782895058,0.9028988570242189,0.9429606665753577,0.9706430838225979,0.716966090003654,0.8351546302258399,0.8475095517605593,0.9144225923565374,0.9452610699126364,0.9718603682898862,0.7497580336084823,0.8569848164231886
kvasir_seg,segmentation,32,0.004424560824409127,0.9513320922851562,,,,,,,,,,,,,,,,0.00393743772059679,0.957913818359375,,,,,,,,,,,,,,,,,,,,,,,,,,,,0.8324965959562023,0.9045116842928127,0.9443445746996859,0.971375739658229,0.7206486172127186,0.8376476289273965,0.8587109743400205,0.9213158559215981,0.9511785846786893,0.9749784998130501,0.7662433640013517,0.8676532120301462
kvasir_seg,segmentation,33,0.004310014806687832,0.9518255615234374,,,,,,,,,,,,,,,,0.0037681902945041657,0.958995361328125,,,,,,,,,,,,,,,,,,,,,,,,,,,,0.8356478093711981,0.9066035822667531,0.944754556074488,0.971592587993713,0.7265410626679082,0.8416145765397933,0.8615511203156812,0.9230597824691332,0.9524424378080634,0.9756420157280911,0.7706598028232988,0.8704775492101754
kvasir_seg,segmentation,34,0.004353562789037824,0.9511184692382812,,,,,,,,,,,,,,,,0.0038552496582269667,0.959232177734375,,,,,,,,,,,,,,,,,,,,,,,,,,,,0.8316548054458899,0.9039588102467029,0.9441232912122448,0.9712586598595229,0.7191863196795351,0.8366589606338829,0.8605320266169124,0.9223847208331192,0.9528637159147303,0.9758629935611299,0.7682003373190945,0.8689064481051084
kvasir_seg,segmentation,35,0.004225187972187996,0.9534524536132812,,,,,,,,,,,,,,,,0.0038423068821430207,0.960980224609375,,,,,,,,,,,,,,,,,,,,,,,,,,,,0.8397263133887154,0.9091978736626875,0.9466402608951463,0.9725888032952136,0.7328123658822844,0.8458069440301613,0.8638159234935111,0.92435720429797,0.9550161274886495,0.9769905363547383,0.7726157194983727,0.8717238722412017
kvasir_seg,segmentation,36,0.004183690315112471,0.95349853515625,,,,,,,,,,,,,,,,0.0036552195250988007,0.96064697265625,,,,,,,,,,,,,,,,,,,,,,,,,,,,0.8399028753631204,0.9093121129573138,0.9466886663034716,0.9726143503995633,0.733117084422769,0.8460098755150643,0.8662794126945027,0.9259576982249068,0.9543422841602999,0.9766378099631011,0.7782165412287055,0.8752775864867125
kvasir_seg,segmentation,37,0.004084732858464122,0.9545211791992188,,,,,,,,,,,,,,,,0.003686305768787861,0.96025634765625,,,,,,,,,,,,,,,,,,,,,,,,,,,,0.843768663607174,0.911802957972199,0.9477684575107767,0.9731839057728789,0.7397688697035714,0.8504220101715191,0.8675840214167148,0.9268174443116071,0.9536707776415108,0.9762860647307127,0.7814972651919188,0.8773488238925014
kvasir_seg,segmentation,38,0.004159111566841602,0.9532546997070312,,,,,,,,,,,,,,,,0.003655213378369808,0.960667724609375,,,,,,,,,,,,,,,,,,,,,,,,,,,,0.8405345451768407,0.9097589469859839,0.9463007557333493,0.9724095856673409,0.7347683346203322,0.8471083083046268,0.8670922798396485,0.9264737022244545,0.9542989172213477,0.9766151010083808,0.7798856424579494,0.876332303440528
kvasir_seg,segmentation,39,0.0038280025217682125,0.957420654296875,,,,,,,,,,,,,,,,0.0036438450217247008,0.960289306640625,,,,,,,,,,,,,,,,,,,,,,,,,,,,0.8524446552128656,0.917278717251699,0.9510354484486363,0.974903299891195,0.7538538619770949,0.8596541346122031,0.8667407008545663,0.9262787726942117,0.9537960498468977,0.9763517025450416,0.779685351862235,0.8762058428433818
kvasir_seg,segmentation,40,0.00403948774561286,0.9556265258789063,,,,,,,,,,,,,,,,0.003622067701071501,0.961077880859375,,,,,,,,,,,,,,,,,,,,,,,,,,,,0.8469275961361264,0.9138013513290639,0.9490238299912862,0.9738452813022088,0.7448313622809667,0.8537574213559189,0.8687124544730157,0.9274718220407847,0.9547317624441931,0.9768417138220523,0.7826931465018383,0.8781019302595172
kvasir_seg,segmentation,41,0.003988872431218624,0.9557290649414063,,,,,,,,,,,,,,,,0.003737725131213665,0.960316162109375,,,,,,,,,,,,,,,,,,,,,,,,,,,,0.8476419861320068,0.9142650053078847,0.9491052806073339,0.9738881629950705,0.7461786916566796,0.8546418476206988,0.8620708385511064,0.9232889790745835,0.9542401319770174,0.9765843166997654,0.7699015451251956,0.8699936414494015
kvasir_seg,segmentation,42,0.004008626975119114,0.9542333984375,,,,,,,,,,,,,,,,0.0036181303299963473,0.9610205078125,,,,,,,,,,,,,,,,,,,,,,,,,,,,0.8426056704129241,0.9110535912416073,0.9474706447112161,0.9730268821091406,0.7377406961146321,0.849080300374074,0.8678217166007195,0.9269107409144854,0.9547309117611514,0.976841268551863,0.7809125214402876,0.8769802132771077
kvasir_seg,segmentation,43,0.0038461336400359867,0.9571966552734374,,,,,,,,,,,,,,,,0.003672856576740742,0.960626220703125,,,,,,,,,,,,,,,,,,,,,,,,,,,,0.852775203081338,0.9175144393135636,0.950698841409734,0.9747264121228284,0.7548515647529421,0.8603024665042988,0.8616185928409609,0.9229732129121306,0.9547047134901517,0.9768275554884335,0.76853247219177,0.8691188703358278
kvasir_seg,segmentation,44,0.0037809773068875076,0.9591015625,,,,,,,,,,,,,,,,0.0035096350498497486,0.9618798828125,,,,,,,,,,,,,,,,,,,,,,,,,,,,0.8596439866809011,0.9218222392451809,0.9527580039184689,0.9758075521970804,0.7665299694433334,0.8678369262932815,0.8712900259323266,0.9290429508080376,0.9556328443113266,0.9773131465767046,0.7869472075533267,0.8807727550393705
kvasir_seg,segmentation,45,0.003756621675565839,0.958074951171875,,,,,,,,,,,,,,,,0.0035197817534208297,0.963221435546875,,,,,,,,,,,,,,,,,,,,,,,,,,,,0.854655510552059,0.9186687207539913,0.9517547294447175,0.9752810792117264,0.7575562916594004,0.8620563622962563,0.8736042220682565,0.9304032814768297,0.9573203727259266,0.9781948689295896,0.7898880714105863,0.8826116940240697
kvasir_seg,segmentation,46,0.003618678292259574,0.9603790283203125,,,,,,,,,,,,,,,,0.003656792622059584,0.9600439453125,,,,,,,,,,,,,,,,,,,,,,,,,,,,0.8634928325768936,0.9241971776558264,0.954208672030293,0.9765678411803727,0.7727769931234941,0.8718265141312802,0.8652411735221364,0.9253417850410225,0.9535861149710795,0.9762416999827993,0.7768962320731931,0.8744418700992457
kvasir_seg,segmentation,47,0.0037504775263369084,0.9581280517578125,,,,,,,,,,,,,,,,0.003567451499402523,0.961495361328125,,,,,,,,,,,,,,,,,,,,,,,,,,,,0.8558639514646329,0.9194517127977243,0.951727343188419,0.9752667005562771,0.7600005597408469,0.8636367250391715,0.8685137133757639,0.9273144357420808,0.9553377245643286,0.977158792123431,0.781689702187199,0.8774700793607306
kvasir_seg,segmentation,48,0.003712644698098302,0.9587753295898438,,,,,,,,,,,,,,,,0.003493446931242943,0.962542724609375,,,,,,,,,,,,,,,,,,,,,,,,,,,,0.8566810830901932,0.9199292373148772,0.9525539587422645,0.9757005223618518,0.7608082074381218,0.8641579522679026,0.870650819158096,0.9285904587263445,0.9566213725089688,0.9778298304922394,0.7846802658072229,0.8793510869604497
kvasir_seg,segmentation,49,0.0036133979354053738,0.9595205688476562,,,,,,,,,,,,,,,,0.003394597638398409,0.9630419921875,,,,,,,,,,,,,,,,,,,,,,,,,,,,0.860015083584402,0.9220279838967359,0.9533085120275752,0.976096204114752,0.7667216551412289,0.8679597636787199,0.8720187841136672,0.9294178544002424,0.9572038007139828,0.9781340097181473,0.7868337675133515,0.8807016990823374
kvasir_seg,segmentation,50,0.003489051703363657,0.9613845825195313,,,,,,,,,,,,,,,,0.003475250694900751,0.96338134765625,,,,,,,,,,,,,,,,,,,,,,,,,,,,0.8659537895573379,0.9256934468249074,0.9554009176762672,0.9771918475026938,0.7765066614384086,0.8741950461471208,0.8733359203439988,0.9302230420663422,0.9575674333798296,0.9783238289028396,0.7891044073081678,0.8821222552298447
kvasir_seg,segmentation,51,0.0035040421411395074,0.9613436889648438,,,,,,,,,,,,,,,,0.00340408843010664,0.963592529296875,,,,,,,,,,,,,,,,,,,,,,,,,,,,0.8669937289173357,0.9263595816540714,0.9552564938998314,0.9771162984295089,0.77873096393484,0.8756028648786339,0.8747904218550482,0.9311216776211926,0.9577396935152275,0.9784137254688382,0.7918411501948689,0.8838296297735471
kvasir_seg,segmentation,52,0.0035410343948751688,0.960877685546875,,,,,,,,,,,,,,,,0.0033910050615668296,0.96341552734375,,,,,,,,,,,,,,,,,,,,,,,,,,,,0.8638463280107673,0.9243847231023299,0.9548717024424268,0.9769149568735435,0.772820953579108,0.8718544893311163,0.8745506816105068,0.930983857229273,0.9575114798394371,0.9782946252943314,0.7915898833815764,0.8836730891642147
kvasir_seg,segmentation,53,0.003474408406764269,0.9618609619140625,,,,,,,,,,,,,,,,0.003362041749060154,0.963170166015625,,,,,,,,,,,,,,,,,,,,,,,,,,,,0.869148114980111,0.9276895111027408,0.9557955120634046,0.9773982056590577,0.7825007178968173,0.877980816546424,0.8767711415564282,0.9323907777586926,0.9569633109050304,0.9780084333440741,0.796578972207826,0.8867731221733111
kvasir_seg,segmentation,54,0.003420653352513909,0.9616217041015624,,,,,,,,,,,,,,,,0.00352120004594326,0.962327880859375,,,,,,,,,,,,,,,,,,,,,,,,,,,,0.8667770566482357,0.9262003639003067,0.9556621242185058,0.9773284581050974,0.7778919890779655,0.8750722696955161,0.8711517423756003,0.9289228249981977,0.956277193046945,0.9776499940251537,0.7860262917042558,0.8801956559712416
kvasir_seg,segmentation,55,0.0035999472998082638,0.9593405151367187,,,,,,,,,,,,,,,,0.003517952561378479,0.96139892578125,,,,,,,,,,,,,,,,,,,,,,,,,,,,0.8601896834142244,0.9221552068656658,0.9530438680859171,0.9759574617440098,0.7673354987425316,0.8683529519873219,0.8663353568212576,0.9259358004957166,0.9553890863945382,0.9771856588973206,0.777281627247977,0.8746859420941124
kvasir_seg,segmentation,56,0.00339296804741025,0.962490234375,,,,,,,,,,,,,,,,0.0033254160359501837,0.963551025390625,,,,,,,,,,,,,,,,,,,,,,,,,,,,0.8698711693833912,0.9281008821621429,0.956613592633257,0.9778257661450913,0.7831287461335255,0.8783759981791945,0.8741024139949607,0.9306927498425777,0.9577401996720782,0.9784139895911622,0.790464628317843,0.8829715100939932
kvasir_seg,segmentation,57,0.0036066778842359782,0.9600650024414062,,,,,,,,,,,,,,,,0.003267346005886793,0.964720458984375,,,,,,,,,,,,,,,,,,,,,,,,,,,,0.8622808506150774,0.9234439331871003,0.9538741791067061,0.976392635008677,0.7706875221234486,0.8704952313655236,0.8782366644467332,0.9331975164211824,0.959030081369828,0.9790866311754008,0.7974432475236384,0.887308401666964
kvasir_seg,segmentation,58,0.003485836423933506,0.9611349487304688,,,,,,,,,,,,,,,,0.003257390782237053,0.964302978515625,,,,,,,,,,,,,,,,,,,,,,,,,,,,0.8652308535188358,0.925250923486169,0.9551141522254906,0.9770418275969124,0.775347554812181,0.8734600193754255,0.8781668812670693,0.9331827683450529,0.9584473049645036,0.9787828373374338,0.797886457569635,0.8875826993526721
kvasir_seg,segmentation,59,0.0033548986818641422,0.9624710083007812,,,,,,,,,,,,,,,,0.003177452851086855,0.964498291015625,,,,,,,,,,,,,,,,,,,,,,,,,,,,0.8693035078386608,0.927742494554658,0.9566338792109937,0.9778363641508173,0.781973136466328,0.8776486249584987,0.8773317900490675,0.9326484394546304,0.9587949181861775,0.9789640653897663,0.7958686619119575,0.8863328135194944
kvasir_seg,segmentation,60,0.0032668536342680453,0.963663330078125,,,,,,,,,,,,,,,,0.0034072742983698844,0.962491455078125,,,,,,,,,,,,,,,,,,,,,,,,,,,,0.873892388457756,0.9305527324570997,0.9579150362165466,0.9785052144730562,0.7898697406989653,0.8826002504411431,0.8722727609254133,0.9296180144096217,0.9564091105766169,0.9777189294469523,0.7881364112742097,0.8815170993722911
kvasir_seg,segmentation,61,0.0032647735998034477,0.9634991455078125,,,,,,,,,,,,,,,,0.003208424299955368,0.96548828125,,,,,,,,,,,,,,,,,,,,,,,,,,,,0.8734385689100379,0.9302791425856742,0.9577235484988033,0.978405300618867,0.7891535893212727,0.8821529845524815,0.8822588418093615,0.9356421999391307,0.9597649540110579,0.9794694532593856,0.8047527296076652,0.8918149466188758
kvasir_seg,segmentation,62,0.0032291419338434935,0.9643618774414062,,,,,,,,,,,,,,,,0.003091321289539337,0.96764892578125,,,,,,,,,,,,,,,,,,,,,,,,,,,,0.875429604634533,0.9314679707670019,0.9587627446209441,0.9789472944120979,0.7920964646481219,0.883988647121906,0.887293017640053,0.9386007822519449,0.9623863158969034,0.9808326812114437,0.8121997193832026,0.8963688832924459
kvasir_seg,segmentation,63,0.0033144215773791073,0.9633541870117187,,,,,,,,,,,,,,,,0.0033011890575289724,0.96504150390625,,,,,,,,,,,,,,,,,,,,,,,,,,,,0.8736565745249631,0.9304266643685823,0.9575021915846349,0.9782897773509197,0.7898109574652915,0.8825635513862449,0.8795061478403848,0.9339657317299503,0.9593733065116541,0.9792654654662644,0.7996389891691156,0.8886659979936364
kvasir_seg,segmentation,64,0.00333232881501317,0.9626376342773437,,,,,,,,,,,,,,,,0.003231928627938032,0.96589599609375,,,,,,,,,,,,,,,,,,,,,,,,,,,,0.8709602798153575,0.9287791111172634,0.9567278753859741,0.9778854662631664,0.7851926842447408,0.8796727559713603,0.8822273285471738,0.9355957019032273,0.96034446294398,0.9797711382843062,0.8041101941503677,0.8914202655221484
kvasir_seg,segmentation,65,0.003325911620631814,0.96259033203125,,,,,,,,,,,,,,,,0.003333493284881115,0.96265869140625,,,,,,,,,,,,,,,,,,,,,,,,,,,,0.8693339983472113,0.9277529236560617,0.9567971438691002,0.977921648002063,0.7818708528253223,0.8775841993100603,0.8755361210812302,0.9316548318093092,0.9563480794723302,0.97768703791227,0.7947241626901304,0.8856226257063483
kvasir_seg,segmentation,66,0.0033566574286669495,0.962467041015625,,,,,,,,,,,,,,,,0.0034337850101292134,0.96248779296875,,,,,,,,,,,,,,,,,,,,,,,,,,,,0.8704983779874895,0.9284996288493419,0.9565284702678405,0.9777812945772222,0.7844682857071384,0.8792179631214617,0.8715294460800111,0.9291495626742132,0.9564690800143134,0.9777502642743693,0.7865898121457088,0.8805488610740572
kvasir_seg,segmentation,67,0.0031633973494172097,0.9651058959960938,,,,,,,,,,,,,,,,0.003117690067738295,0.96551025390625,,,,,,,,,,,,,,,,,,,,,,,,,,,,0.8792715008517955,0.9338154295606436,0.9594839044361101,0.9793230781471771,0.7990590972674808,0.8883077809741101,0.8835887671763913,0.9364616766891944,0.9596762568878245,0.9794232629137357,0.8075012774649583,0.8935000904646533
kvasir_seg,segmentation,68,0.0031359665002673866,0.9651629638671875,,,,,,,,,,,,,,,,0.003099345788359642,0.96645263671875,,,,,,,,,,,,,,,,,,,,,,,,,,,,0.8780807013485694,0.9330697790002611,0.9596629687933074,0.9794163425808211,0.7964984339038315,0.8867232154197011,0.8852858650517935,0.9374451942894555,0.9608665686976748,0.9800427872416042,0.8097051614059122,0.8948476013373069
kvasir_seg,segmentation,69,0.0030092295724898576,0.9666348266601562,,,,,,,,,,,,,,,,0.0031288816034793854,0.96641357421875,,,,,,,,,,,,,,,,,,,,,,,,,,,,0.884017763881954,0.936652748524268,0.9612332899207489,0.9802335039495391,0.806802237843159,0.893071993098997,0.8840735802333239,0.9367015698258847,0.9609167253799857,0.9800688758914836,0.807230435086662,0.8933342637602858
kvasir_seg,segmentation,70,0.0030211242567747833,0.96642578125,,,,,,,,,,,,,,,,0.00313569113612175,0.96637451171875,,,,,,,,,,,,,,,,,,,,,,,,,,,,0.8829841497702624,0.9360285280310559,0.9610259040852033,0.9801256598224399,0.8049423954553214,0.8919313962396719,0.883576402362962,0.9363975424887274,0.9609040356299039,0.980062275532246,0.8062487690960202,0.8927328094452088
kvasir_seg,segmentation,71,0.003026567390188575,0.9667926025390625,,,,,,,,,,,,,,,,0.0030671474151313305,0.96712158203125,,,,,,,,,,,,,,,,,,,,,,,,,,,,0.8840834881754676,0.9366829874179996,0.9614494966582302,0.980345910813687,0.8067174796927049,0.8930200640223122,0.8866875024635107,0.9382629899358739,0.9616930494515848,0.9804725053396482,0.8116819554754365,0.8960534745320994
kvasir_seg,segmentation,72,0.003007520521059632,0.9669479370117188,,,,,,,,,,,,,,,,0.003100271336734295,0.96644287109375,,,,,,,,,,,,,,,,,,,,,,,,,,,,0.8847348151995484,0.9370742166925198,0.9616135596055431,0.9804311913493421,0.8078560707935537,0.8937172420356975,0.8862632191577238,0.9380459238839468,0.9607651159204625,0.9799900132040452,0.811761322394985,0.8961018345638484
kvasir_seg,segmentation,73,0.002940578032284975,0.9672512817382812,,,,,,,,,,,,,,,,0.0030337504111230375,0.966795654296875,,,,,,,,,,,,,,,,,,,,,,,,,,,,0.8848653419794553,0.937134958779648,0.9620281069359731,0.9806466110603654,0.8077025770229376,0.8936233064989305,0.885870101185772,0.9377821456585025,0.9613021352752268,0.9802692996511001,0.8104380670963173,0.895294991665905
kvasir_seg,segmentation,74,0.0029076107684522868,0.9676214599609375,,,,,,,,,,,,,,,,0.0031356746330857277,0.966171875,,,,,,,,,,,,,,,,,,,,,,,,,,,,0.8868295873385668,0.9383184130584186,0.9623862126030556,0.9808326275656766,0.8112729620740778,0.8958041985511604,0.8833647133616082,0.9362801956041635,0.9606362518073971,0.9799229723737304,0.8060931749158192,0.8926374188345966
kvasir_seg,segmentation,75,0.0029272373858839273,0.9677578735351563,,,,,,,,,,,,,,,,0.0030416396446526052,0.9666064453125,,,,,,,,,,,,,,,,,,,,,,,,,,,,0.8873925640899556,0.9386549012806636,0.9625313595188965,0.9809080041960254,0.8122537686610147,0.8964017983653019,0.8859375013994276,0.9378356257088954,0.961027563923434,0.9801265230568236,0.8108474388754212,0.8955447283609673
kvasir_seg,segmentation,76,0.002877884516492486,0.9677902221679687,,,,,,,,,,,,,,,,0.0030314155854284765,0.967431640625,,,,,,,,,,,,,,,,,,,,,,,,,,,,0.8869545753471295,0.9383843721123103,0.9626128530737388,0.9809503199432801,0.8112962976205201,0.8958184242813405,0.8869701233569527,0.9384166191157746,0.9621071708059097,0.9806876863007814,0.8118330759079958,0.8961455519307678
kvasir_seg,segmentation,77,0.002880898155272007,0.9681417846679687,,,,,,,,,,,,,,,,0.0030957540310919286,0.966495361328125,,,,,,,,,,,,,,,,,,,,,,,,,,,,0.888398818085201,0.9392467643340568,0.9629879518413678,0.9811450456820618,0.8138096843290343,0.8973484829860519,0.8858324177635595,0.9377782127314672,0.9608788051122579,0.9800491520507295,0.8107860304148611,0.8955072734122049
kvasir_seg,segmentation,78,0.0028955371957272292,0.9671292114257812,,,,,,,,,,,,,,,,0.0030355728790163994,0.96643798828125,,,,,,,,,,,,,,,,,,,,,,,,,,,,0.8854497848772979,0.9375024670601584,0.9618088217930234,0.9805326707767218,0.8090907479615723,0.8944722633435949,0.8860459228090811,0.9379129264443617,0.9607778242204909,0.9799966241483266,0.8113140213976713,0.8958292287403968
kvasir_seg,segmentation,79,0.002771768746897578,0.9695175170898438,,,,,,,,,,,,,,,,0.0030194462276995184,0.96719482421875,,,,,,,,,,,,,,,,,,,,,,,,,,,,0.8929996536479232,0.9419644229978799,0.9645451999450185,0.981952667693279,0.821454107350828,0.9019761783024806,0.8876637931963052,0.9388564213110575,0.9617118400655145,0.9804822710693296,0.8136157463270958,0.8972305715527854
kvasir_seg,segmentation,80,0.0027758384216576815,0.9688427734375,,,,,,,,,,,,,,,,0.0030108377896249294,0.967855224609375,,,,,,,,,,,,,,,,,,,,,,,,,,,,0.8905213949912096,0.9404990181772421,0.9637989539934061,0.9815658084892149,0.8172438359890132,0.8994322278652694,0.8887464687583311,0.939477123353005,0.9625547466013079,0.9809201483609369,0.8149381909153542,0.8980340983450732
kvasir_seg,segmentation,81,0.0028369113989174365,0.9686532592773438,,,,,,,,,,,,,,,,0.0029661083966493608,0.968101806640625,,,,,,,,,,,,,,,,,,,,,,,,,,,,0.8897551747657482,0.9400435381392926,0.9635952834100305,0.9814601731336674,0.8159150661214659,0.898626903144918,0.8902959866736535,0.9404070460998849,0.9627707848038577,0.9810323164149488,0.8178211885434494,0.899781775784821
kvasir_seg,segmentation,82,0.0029311243537813426,0.9664862060546875,,,,,,,,,,,,,,,,0.002965947613120079,0.967926025390625,,,,,,,,,,,,,,,,,,,,,,,,,,,,0.8828860855089691,0.9359639529495452,0.9611187743587079,0.9801739567487409,0.8046533966592304,0.8917539491503494,0.8900195432588525,0.9402494294974737,0.9625449211481906,0.9809150463522149,0.8174941653695144,0.8995838126427326
kvasir_seg,segmentation,83,0.0027348364330828188,0.9697732543945312,,,,,,,,,,,,,,,,0.0029970876313745974,0.96722412109375,,,,,,,,,,,,,,,,,,,,,,,,,,,,0.8936249463536055,0.9423281404157131,0.9648540556383373,0.982112694700755,0.8223958370688736,0.9025435861306711,0.8881966595911677,0.9391804826020305,0.9617063152488787,0.9804793997687351,0.8146870039334566,0.8978815654353258
kvasir_seg,segmentation,84,0.002755908174440265,0.9699502563476563,,,,,,,,,,,,,,,,0.003002045918256044,0.9678125,,,,,,,,,,,,,,,,,,,,,,,,,,,,0.8940494102353098,0.9425746580134424,0.9650685152619811,0.9822237828010991,0.8230303052086385,0.9029255332257858,0.8895943564534163,0.9399972599762099,0.9624207062363325,0.9808505415560257,0.8167680066705001,0.8991439783963942
kvasir_seg,segmentation,85,0.0027221520617604256,0.96963134765625,,,,,,,,,,,,,,,,0.002911430522799492,0.968238525390625,,,,,,,,,,,,,,,,,,,,,,,,,,,,0.8931539650282465,0.9420511942479514,0.9646928005415377,0.982029150079478,0.8216151295149553,0.9020732384164247,0.8914637316209573,0.9411090160443706,0.9628627338473141,0.9810800493013107,0.8200647293946003,0.9011379827874305
kvasir_seg,segmentation,86,0.0027302629686892033,0.9695526123046875,,,,,,,,,,,,,,,,0.002894538305699825,0.968033447265625,,,,,,,,,,,,,,,,,,,,,,,,,,,,0.893094401066644,0.9420197734121205,0.9645868495357827,0.9819742504778625,0.8216019525975053,0.9020652963463787,0.8905751148156622,0.9405811507523094,0.9626489612824095,0.9809690681041683,0.818501268348915,0.9001932334004504
kvasir_seg,segmentation,87,0.002678672978654504,0.9699789428710938,,,,,,,,,,,,,,,,0.0029736218973994257,0.9681884765625,,,,,,,,,,,,,,,,,,,,,,,,,,,,0.8940841108748123,0.9425939670281958,0.965106033701749,0.9822432145137127,0.8230621880478757,0.9029447195426787,0.8889628423538025,0.9395885948619273,0.9630069684876489,0.9811549158478784,0.8149187162199563,0.8980222738759761
kvasir_seg,segmentation,88,0.0026349743735045194,0.970379638671875,,,,,,,,,,,,,,,,0.002905405946075916,0.968450927734375,,,,,,,,,,,,,,,,,,,,,,,,,,,,0.8957914567838619,0.9436020675484328,0.9655311771319295,0.9824633548075453,0.8260517364357943,0.9047407802893203,0.8910316399808381,0.9408334879524519,0.9632028930825193,0.9812565950024128,0.818860386879157,0.900410380902491
kvasir_seg,segmentation,89,0.002721876110881567,0.969744873046875,,,,,,,,,,,,,,,,0.002943110801279545,0.967625732421875,,,,,,,,,,,,,,,,,,,,,,,,,,,,0.8939862797455558,0.9425485632933758,0.9647844173355236,0.982076617488532,0.8231881421555881,0.9030205090982195,0.8888454438266141,0.9395518352585891,0.9622207439040565,0.9807466839735995,0.8154701437491717,0.8983569865435787
kvasir_seg,segmentation,90,0.0027204937767237427,0.9694967651367188,,,,,,,,,,,,,,,,0.002888258658349514,0.9684814453125,,,,,,,,,,,,,,,,,,,,,,,,,,,,0.8927247244945146,0.941798922747405,0.9645384963070421,0.9819491937879463,0.820910952681987,0.9016486517068636,0.8910950273021647,0.9408701868649141,0.9632407375768837,0.9812762328533963,0.8189493170274458,0.9004641408764319
kvasir_seg,segmentation,91,0.0026017791498452424,0.97156494140625,,,,,,,,,,,,,,,,0.0028830428794026377,0.968265380859375,,,,,,,,,,,,,,,,,,,,,,,,,,,,0.8998540496435645,0.94597599430579,0.9668717214288874,0.9831568687422861,0.8328363778582416,0.908795119869294,0.8912418584773014,0.9409725646595211,0.962920702476903,0.9811101398664202,0.8195630144776999,0.900834989452622
kvasir_seg,segmentation,92,0.002632966749370098,0.9705099487304687,,,,,,,,,,,,,,,,0.0029005987569689752,0.968504638671875,,,,,,,,,,,,,,,,,,,,,,,,,,,,0.8960610991512212,0.9437571362883235,0.965692795497671,0.9825470162067501,0.8264294028047716,0.9049672563698968,0.8910863934469939,0.9408635276734337,0.963274375332587,0.9812936871540477,0.818898411561401,0.9004333681928197
kvasir_seg,segmentation,93,0.0026750794146209954,0.9700155639648438,,,,,,,,,,,,,,,,0.002867609616369009,0.968876953125,,,,,,,,,,,,,,,,,,,,,,,,,,,,0.8943711174059055,0.9427654451966908,0.9651342529802307,0.9822578294755723,0.8236079818315802,0.9032730609178093,0.8923521532949809,0.9416099790962044,0.96369394462373,0.9815113472872543,0.8210103619662317,0.9017086109051544
kvasir_seg,segmentation,94,0.0026982617238536476,0.969954833984375,,,,,,,,,,,,,,,,0.002848379435017705,0.968570556640625,,,,,,,,,,,,,,,,,,,,,,,,,,,,0.8939680004307881,0.9425251154507917,0.9650815415449937,0.982230529514031,0.8228544593165824,0.9028197013875522,0.8919627695484514,0.9413920568417116,0.9632921444588969,0.9813029071375315,0.820633394638006,0.9014812065458916
kvasir_seg,segmentation,95,0.002658409718424082,0.970830078125,,,,,,,,,,,,,,,,0.002881487850099802,0.96774169921875,,,,,,,,,,,,,,,,,,,,,,,,,,,,0.8971595222269394,0.9444003053661363,0.9660544916607933,0.9827341976109056,0.8282645527930855,0.9060664131213669,0.8898506583216881,0.9401578449243508,0.9622971542382583,0.9807863729097761,0.8174041624051177,0.8995293169389255
kvasir_seg,segmentation,96,0.0026838507689535616,0.9700833129882812,,,,,,,,,,,,,,,,0.00287080692127347,0.968267822265625,,,,,,,,,,,,,,,,,,,,,,,,,,,,0.8948523832890856,0.9430524017561279,0.9651903768334621,0.9822868951645148,0.824514389744709,0.903817908347741,0.8906077136358654,0.9405866936068836,0.962979577885875,0.9811406993067163,0.8182358493858558,0.9000326879070509
kvasir_seg,segmentation,97,0.0025831611873582006,0.971336669921875,,,,,,,,,,,,,,,,0.002813727669417858,0.969483642578125,,,,,,,,,,,,,,,,,,,,,,,,,,,,0.8987011992222642,0.9452978690989173,0.9666433691603178,0.9830388003423701,0.8307590292842106,0.9075569378554647,0.8943125398398362,0.9427612682627192,0.9643872147834636,0.9818707915890901,0.8242378648962089,0.9036517449363484
kvasir_seg,segmentation,98,0.002604013942182064,0.9712045288085938,,,,,,,,,,,,,,,,0.0028417174983769657,0.968868408203125,,,,,,,,,,,,,,,,,,,,,,,,,,,,0.8983345627084152,0.9450852649119406,0.9664868301414671,0.9829578467829749,0.8301822952753632,0.9072126830409063,0.8923028887220836,0.941580598786137,0.9636860451206957,0.9815072501179423,0.8209197323234716,0.9016539474543317
kvasir_seg,segmentation,99,0.002539388611912727,0.9718362426757813,,,,,,,,,,,,,,,,0.0028180919587612154,0.9689794921875,,,,,,,,,,,,,,,,,,,,,,,,,,,,0.900386435577351,0.9462795455193123,0.9672113965506729,0.9833324453554819,0.8335614746040291,0.9092266456831427,0.893547834788447,0.942328434061771,0.9637359453954321,0.9815331309234321,0.823359724181462,0.9031237372001101
kvasir_seg,segmentation,100,0.0026119021512567998,0.9710385131835938,,,,,,,,,,,,,,,,0.0028080827463418247,0.9691943359375,,,,,,,,,,,,,,,,,,,,,,,,,,,,0.8980053639353418,0.9448969476163849,0.9662794949154716,0.9828506043155488,0.8297312329552121,0.9069432909172209,0.8926612075796921,0.9417784689805553,0.9641172715133616,0.9817308625064987,0.8212051436460227,0.9018260754546119
kvasir_seg,segmentation,101,0.0025693342089653016,0.9712020874023437,,,,,,,,,,,,,,,,0.002762054726481438,0.969599609375,,,,,,,,,,,,,,,,,,,,,,,,,,,,0.8988437793177344,0.9453909291732628,0.9664417835267984,0.9829345487090826,0.8312457751086703,0.9078473096374431,0.8952319037459777,0.9433097490038206,0.9644728489195968,0.9819151732741219,0.8259909585723587,0.9047043247335192
kvasir_seg,segmentation,102,0.0025446758419275283,0.971824951171875,,,,,,,,,,,,,,,,0.0027853841334581375,0.969847412109375,,,,,,,,,,,,,,,,,,,,,,,,,,,,0.9001085697606616,0.9461139421013023,0.9672178413570995,0.9833357760621542,0.8329992981642236,0.9088921081404504,0.8947487097051043,0.943003553773126,0.9648658912819782,0.9821188260868541,0.8246315281282306,0.9038882814593978
kvasir_seg,segmentation,103,0.0025745324324816465,0.9713735961914063,,,,,,,,,,,,,,,,0.0027505686320364476,0.9699267578125,,,,,,,,,,,,,,,,,,,,,,,,,,,,0.8989544650628551,0.9454477045170046,0.9666749088562694,0.9830551094165783,0.831234021269441,0.9078402996174308,0.8956959670794349,0.9435706885113424,0.9648983325424252,0.982135631713751,0.8264936016164446,0.9050057453089337
kvasir_seg,segmentation,104,0.0026083515211939813,0.9712466430664063,,,,,,,,,,,,,,,,0.002779962420463562,0.969820556640625,,,,,,,,,,,,,,,,,,,,,,,,,,,,0.8985714903522002,0.9452250977499743,0.9665269751674214,0.982978608859546,0.8306160055369791,0.9074715866404025,0.8954911952728972,0.9434533464193499,0.964764935673744,0.9820665242510686,0.8262174548720504,0.9048401685876312
kvasir_seg,segmentation,105,0.002546851895749569,0.9717868041992187,,,,,,,,,,,,,,,,0.00268409407697618,0.97107421875,,,,,,,,,,,,,,,,,,,,,,,,,,,,0.9004608525968449,0.9463267660731489,0.9671356011494677,0.9832932722933141,0.8337861040442223,0.9093602598529836,0.8995673475990402,0.9458315772202395,0.9661997064439704,0.9828093283478513,0.8329349887541101,0.9088538260926275
kvasir_seg,segmentation,106,0.0025010738801211118,0.97222900390625,,,,,,,,,,,,,,,,0.002640925236046314,0.97197265625,,,,,,,,,,,,,,,,,,,,,,,,,,,,0.9018927545934707,0.9471576598591797,0.9676437771871929,0.9835558533572265,0.8361417319997486,0.9107594663611328,0.9024979033533074,0.94753206461739,0.9672297740908308,0.9833419428981985,0.8377660326157841,0.9117221863365815
kvasir_seg,segmentation,107,0.0025231451727449894,0.9723806762695313,,,,,,,,,,,,,,,,0.002647922188043594,0.97146728515625,,,,,,,,,,,,,,,,,,,,,,,,,,,,0.9022799351043282,0.9473802766238444,0.9678266121620984,0.9836502933545798,0.8367332580465581,0.9111102598931089,0.9007586131445917,0.9465222514967957,0.9666578225876395,0.9830462742275674,0.8348594037015439,0.9099982287660239
kvasir_seg,segmentation,108,0.002450206237845123,0.9725564575195312,,,,,,,,,,,,,,,,0.0027111743949353694,0.971099853515625,,,,,,,,,,,,,,,,,,,,,,,,,,,,0.9027404557401053,0.9476451502031424,0.9680375813525971,0.9837592437511099,0.8374433301276134,0.9115310566551749,0.89896913705707,0.9454718048493107,0.9662866468063855,0.9828543039498483,0.8316516273077545,0.908089305748773
kvasir_seg,segmentation,109,0.002426540944725275,0.9730422973632813,,,,,,,,,,,,,,,,0.0026463487651199103,0.97111572265625,,,,,,,,,,,,,,,,,,,,,,,,,,,,0.9047647586189806,0.9488224043202624,0.9685604430686884,0.9840291635230148,0.8409690741692728,0.9136156451175101,0.8999086501489789,0.9460335196593583,0.9662296106741709,0.9828247987200996,0.8335876896237869,0.9092422405986171
kvasir_seg,segmentation,110,0.0024087889259681106,0.973013916015625,,,,,,,,,,,,,,,,0.0026575305312871935,0.9719970703125,,,,,,,,,,,,,,,,,,,,,,,,,,,,0.9044948305419308,0.9486637474635629,0.9685421893893045,0.984019742741478,0.8404474716945571,0.9133077521856476,0.9016529589983606,0.9470272121451342,0.9673352916968465,0.9833964711348315,0.8359706262998748,0.910657953155437
kvasir_seg,segmentation,111,0.002490645428188145,0.9716659545898437,,,,,,,,,,,,,,,,0.0027082946896553038,0.9706884765625,,,,,,,,,,,,,,,,,,,,,,,,,,,,0.8997470370690681,0.9459063320084011,0.9670229399149062,0.9832350404177186,0.83247113422323,0.9085776235990838,0.898017616379575,0.9449240752610248,0.9657829299397986,0.9825936681313796,0.8302523028193513,0.9072544823906701
kvasir_seg,segmentation,112,0.0024221844226121904,0.973221435546875,,,,,,,,,,,,,,,,0.002772202305495739,0.9699658203125,,,,,,,,,,,,,,,,,,,,,,,,,,,,0.9053110381928529,0.9491369006983588,0.9687696084170948,0.9841371019496717,0.8418524679686109,0.9141366994470459,0.8957920065534184,0.943626334301745,0.9649456246855286,0.9821601295862417,0.8266383884213083,0.9050925390172483
kvasir_seg,segmentation,113,0.002417869414202869,0.9731060791015625,,,,,,,,,,,,,,,,0.0026998905837535858,0.970777587890625,,,,,,,,,,,,,,,,,,,,,,,,,,,,0.9048990573418294,0.9488987127845394,0.9686397957099027,0.9840701156410442,0.8411583189737563,0.9137273099280346,0.8987056254813666,0.9453318621151372,0.9658510421286551,0.9826289189060999,0.8315602088340781,0.9080348053241744
kvasir_seg,segmentation,114,0.002318110344931483,0.9742172241210938,,,,,,,,,,,,,,,,0.0027001560293138027,0.970609130859375,,,,,,,,,,,,,,,,,,,,,,,,,,,,0.9086338247725143,0.9510488747534765,0.9699106490338724,0.9847255249973472,0.8473570005111563,0.9173722245096059,0.8983643721502409,0.9451366541084731,0.9656403633326485,0.9825198763170002,0.8310883809678333,0.9077534318999461
kvasir_seg,segmentation,115,0.002426416971720755,0.9733294677734375,,,,,,,,,,,,,,,,0.0026931043341755865,0.97049072265625,,,,,,,,,,,,,,,,,,,,,,,,,,,,0.905442245723069,0.9492090192424611,0.9689117991379024,0.9842104654582752,0.8419726923082356,0.9142075730266471,0.898110396161084,0.9449909257483975,0.9654934673967986,0.9824438324646769,0.8307273249253694,0.9075380190321182
kvasir_seg,segmentation,116,0.0023889288399368525,0.9733908081054687,,,,,,,,,,,,,,,,0.0026825530640780925,0.970965576171875,,,,,,,,,,,,,,,,,,,,,,,,,,,,0.9056976447324507,0.9493571052721315,0.9689779366323142,0.9842445855839579,0.8424173528325871,0.9144696249603051,0.8984197439595201,0.9451498357053884,0.9661422041658589,0.9827795793394786,0.8306972837531813,0.9075200920712981
kvasir_seg,segmentation,117,0.00231437255628407,0.9741510009765625,,,,,,,,,,,,,,,,0.0026779276225715877,0.970789794921875,,,,,,,,,,,,,,,,,,,,,,,,,,,,0.908255180840998,0.9508291310368697,0.9698474001205017,0.9846929260217551,0.8466629615614942,0.9169653360519845,0.8991876263043148,0.9456200210019564,0.9658268449703574,0.982616396191213,0.8325484076382723,0.9086236458126998
kvasir_seg,segmentation,118,0.002307708766311407,0.9741983032226562,,,,,,,,,,,,,,,,0.002667592316865921,0.9709619140625,,,,,,,,,,,,,,,,,,,,,,,,,,,,0.9085424289847089,0.9509959948337636,0.9698912270855037,0.984715514998743,0.8471936308839142,0.9172764746687843,0.8998273234242101,0.9459933746766785,0.9660170943099967,0.9827148472979428,0.8336375525384235,0.9092719020554143
kvasir_seg,segmentation,119,0.0023614855483174322,0.9734771728515625,,,,,,,,,,,,,,,,0.0026987821888178587,0.971085205078125,,,,,,,,,,,,,,,,,,,,,,,,,,,,0.9058212062734543,0.9494257918499527,0.9690900613397091,0.9843024251317075,0.8425523512071996,0.914549158568198,0.8988854368443284,0.9454224473905952,0.9662728726364219,0.9828471786225907,0.8314980010522348,0.9079977161585996
kvasir_seg,segmentation,120,0.0022418847866356372,0.9752554321289062,,,,,,,,,,,,,,,,0.002685321560129523,0.971002197265625,,,,,,,,,,,,,,,,,,,,,,,,,,,,0.912113026736949,0.9530403029206886,0.9711019761696006,0.9853391533366751,0.8531240773042974,0.9207414525047022,0.8995839161632277,0.9458454913725091,0.9660956714354475,0.9827555041918185,0.8330721608910081,0.9089354785531997
kvasir_seg,segmentation,121,0.002262739557772875,0.9753762817382813,,,,,,,,,,,,,,,,0.0026852462999522684,0.971070556640625,,,,,,,,,,,,,,,,,,,,,,,,,,,,0.9124579213154237,0.9532362606220485,0.971245672792136,0.9854131184130209,0.8536701698387114,0.921059402831076,0.899664700944399,0.9458900523949128,0.9661861665621343,0.982802323598386,0.8331432353266636,0.9089777811914393
kvasir_seg,segmentation,122,0.0023902924824506042,0.9729779052734375,,,,,,,,,,,,,,,,0.0026950225979089737,0.970350341796875,,,,,,,,,,,,,,,,,,,,,,,,,,,,0.9046829551306881,0.948777256507404,0.9684759320401899,0.9839855456464041,0.8408899782211863,0.9135689673684038,0.8986662843569224,0.9453322080775168,0.9652435839646032,0.9823144487945457,0.8320889847492415,0.908349967360488
kvasir_seg,segmentation,123,0.002297798963263631,0.9740557861328125,,,,,,,,,,,,,,,,0.002662167903035879,0.971146240234375,,,,,,,,,,,,,,,,,,,,,,,,,,,,0.9078229021400652,0.9505790659253155,0.9697474039540047,0.9846413829584103,0.8458984003261257,0.9165167488922206,0.9004046735563374,0.9463284061215598,0.9662303002940271,0.9828251554759772,0.8345790468186475,0.9098316567671424
kvasir_seg,segmentation,124,0.0022260549385100603,0.975081787109375,,,,,,,,,,,,,,,,0.0026758880726993083,0.97142822265625,,,,,,,,,,,,,,,,,,,,,,,,,,,,0.9112947609655342,0.9525695110351869,0.9709214867320836,0.9852462345843465,0.8516680351989849,0.9198927874860274,0.9007303862939708,0.9465075307126452,0.9666046013909804,0.9830187529382374,0.8348561711969612,0.9099963084870528
kvasir_seg,segmentation,125,0.0023119255062192677,0.9740985107421875,,,,,,,,,,,,,,,,0.0026753232441842556,0.971640625,,,,,,,,,,,,,,,,,,,,,,,,,,,,0.9082792204440157,0.9508459369021514,0.9697711161258359,0.9846536058800485,0.8467873247621954,0.9170382679242542,0.9009785999177851,0.9466441510761764,0.9668857464175448,0.98316411939902,0.8350714534180255,0.9101241827533327
kvasir_seg,segmentation,126,0.0022580378409475087,0.97476318359375,,,,,,,,,,,,,,,,0.0026857073605060576,0.971365966796875,,,,,,,,,,,,,,,,,,,,,,,,,,,,0.910177596197677,0.9519296635030279,0.9705597129165816,0.9850599365802296,0.8497954794787724,0.9187993904258261,0.9003851602072287,0.9463046620995506,0.9665453435600868,0.9829881082836619,0.8342249768543706,0.9096212159154393
kvasir_seg,segmentation,127,0.002307912986725569,0.9740557861328125,,,,,,,,,,,,,,,,0.0026698252279311416,0.9714453125,,,,,,,,,,,,,,,,,,,,,,,,,,,,0.9078065156633413,0.9505694004571292,0.9697487172899254,0.9846420599518422,0.845864314036757,0.9164967409624163,0.9008964971690592,0.9466058018517981,0.9666147638898015,0.9830240081976375,0.835178230448317,0.9101875955059587
kvasir_seg,segmentation,128,0.0022422724030911924,0.9749942016601563,,,,,,,,,,,,,,,,0.0026831764448434115,0.971314697265625,,,,,,,,,,,,,,,,,,,,,,,,,,,,0.9112188435791513,0.9525292651215298,0.9708034528883351,0.9851854597327423,0.8516342342699675,0.9198730705103172,0.9005055458150316,0.9463794284123161,0.9664620526952147,0.9829450320392309,0.8345490389348486,0.9098138247854015
kvasir_seg,segmentation,129,0.0022272185003384946,0.9753326416015625,,,,,,,,,,,,,,,,0.002686209660023451,0.971448974609375,,,,,,,,,,,,,,,,,,,,,,,,,,,,0.9123013336043257,0.9531467676124334,0.9711963544127352,0.9853877339399575,0.8534063127959163,0.9209058012849093,0.9004385145889964,0.9463319892917659,0.9666588739082821,0.9830468178624898,0.8342181552697105,0.9096171607210418
kvasir_seg,segmentation,130,0.002305000559426844,0.9746853637695313,,,,,,,,,,,,,,,,0.0026787640899419785,0.971468505859375,,,,,,,,,,,,,,,,,,,,,,,,,,,,0.9100632919500642,0.9518663569416499,0.970458687890061,0.9850079008042684,0.8496678960100674,0.9187248130790315,0.9006760024901486,0.946472834930614,0.9666665715897924,0.9830507982940587,0.8346854333905048,0.9098948715671693
kvasir_seg,segmentation,131,0.0023203344084322453,0.9740594482421875,,,,,,,,,,,,,,,,0.0026912874449044467,0.971275634765625,,,,,,,,,,,,,,,,,,,,,,,,,,,,0.9080888353121874,0.950735692462848,0.9697311764395524,0.9846330179861595,0.8464464941848223,0.9168383669395364,0.9000456078161019,0.9461066088318344,0.966445642254026,0.9829365444815894,0.8336455733781778,0.9092766731820793
kvasir_seg,segmentation,132,0.002248083078302443,0.9750900268554688,,,,,,,,,,,,,,,,0.0026729189977049827,0.971322021484375,,,,,,,,,,,,,,,,,,,,,,,,,,,,0.9114884234892888,0.9526825850732594,0.9709176380383052,0.9852442530319832,0.8520592089402723,0.9201209171145356,0.9005235466011812,0.9463897824881216,0.9664709509101259,0.9829496341787526,0.8345761422922364,0.9098299307974906
kvasir_seg,segmentation,133,0.0022323884768411517,0.9749240112304688,,,,,,,,,,,,,,,,0.0026701258309185503,0.97129150390625,,,,,,,,,,,,,,,,,,,,,,,,,,,,0.9106853019240932,0.9522198075075641,0.9707467866286953,0.9851562800610487,0.8506238172194912,0.9192833349540793,0.9005728355464634,0.9464209075021891,0.9664231950931198,0.9829249344746007,0.834722475999807,0.9099168805297775
kvasir_seg,segmentation,134,0.0022508684685453775,0.9748138427734375,,,,,,,,,,,,,,,,0.002683672644197941,0.971558837890625,,,,,,,,,,,,,,,,,,,,,,,,,,,,0.9105451545780354,0.9521429563430641,0.9706019912849323,0.9850817116571071,0.8504883178711387,0.9192042010290211,0.9005630989813267,0.9464004148143758,0.9668044412718338,0.9831220847220072,0.8343217566908195,0.9096787449067443
kvasir_seg,segmentation,135,0.00225715649779886,0.9751919555664063,,,,,,,,,,,,,,,,0.002654299521818757,0.971434326171875,,,,,,,,,,,,,,,,,,,,,,,,,,,,0.91179081146521,0.9528547596504626,0.9710378573194343,0.9853061459103818,0.8525437656109858,0.9204033733905435,0.9006715011297106,0.9464720197026333,0.9666183080768878,0.9830258409646582,0.8347246941825334,0.9099181984406083
kvasir_seg,segmentation,136,0.0023554900009185075,0.9734823608398437,,,,,,,,,,,,,,,,0.0026296260580420494,0.971485595703125,,,,,,,,,,,,,,,,,,,,,,,,,,,,0.9066413005700005,0.9499106211514305,0.9690307813924166,0.9842718463823693,0.8442518197475845,0.9155493959204919,0.9011049645866283,0.9467280577202607,0.9666543423299611,0.9830444745920459,0.8355555868432956,0.9104116408484755
kvasir_seg,segmentation,137,0.0022955869510769846,0.9745895385742187,,,,,,,,,,,,,,,,0.002648322284221649,0.971549072265625,,,,,,,,,,,,,,,,,,,,,,,,,,,,0.909774162535028,0.9517012102061739,0.9703461872956759,0.9849499479352792,0.8492021377743801,0.9184524724770686,0.9009022982692072,0.9466035916494331,0.9667620248253083,0.9831001540831338,0.8350425717131063,0.9101070292157323
kvasir_seg,segmentation,138,0.0022583234636113047,0.9747586059570312,,,,,,,,,,,,,,,,0.002647430105134845,0.97156494140625,,,,,,,,,,,,,,,,,,,,,,,,,,,,0.909940267654878,0.9517904769061345,0.9705721304971663,0.985066332235497,0.8493084048125898,0.9185146215767719,0.9008445886929888,0.9465682575440202,0.9667894679812252,0.9831143431671602,0.8348997094047523,0.9100221719208802
kvasir_seg,segmentation,139,0.0022965213283896446,0.9740380859375,,,,,,,,,,,,,,,,0.0026514474395662544,0.97162353515625,,,,,,,,,,,,,,,,,,,,,,,,,,,,0.9080097872626749,0.9506901673681205,0.9697073068943733,0.9846207134432634,0.8463122676309763,0.9167596212929776,0.9009642052743474,0.9466364893799613,0.966862673822572,0.9831521912442286,0.8350657367261229,0.9101207875156938
kvasir_seg,segmentation,140,0.0022957234736531973,0.97457275390625,,,,,,,,,,,,,,,,0.0026353150978684426,0.97170654296875,,,,,,,,,,,,,,,,,,,,,,,,,,,,0.9094820960861201,0.9515303470631007,0.9703458312438282,0.9849497645103998,0.8486183609284119,0.9181109296158017,0.9014338188920192,0.9469122647183338,0.9669410878717,0.9831927288864198,0.8359265499123385,0.9106318005502477
kvasir_seg,segmentation,141,0.0021588593069463966,0.9762014770507812,,,,,,,,,,,,,,,,0.002629398740828037,0.971712646484375,,,,,,,,,,,,,,,,,,,,,,,,,,,,0.9152505248110523,0.9548263284402083,0.9721927448605635,0.9859003359525074,0.8583083047615412,0.9237523209279094,0.9019254622123976,0.9472050892992501,0.9669078638269997,0.9831755534757927,0.8369430605977956,0.9112346251227074
kvasir_seg,segmentation,142,0.0023191399639472367,0.9741064453125,,,,,,,,,,,,,,,,0.0026458880584686994,0.97124755859375,,,,,,,,,,,,,,,,,,,,,,,,,,,,0.9083344045112209,0.9508780550374932,0.9697778898592379,0.9846570974847719,0.846890919163204,0.9170990125902145,0.9007695333019761,0.9465408054882576,0.9663433990679253,0.9828836606322028,0.8351956675360268,0.9101979503443123
kvasir_seg,segmentation,143,0.002226061187684536,0.9756033325195312,,,,,,,,,,,,,,,,0.0026656488701701166,0.97142333984375,,,,,,,,,,,,,,,,,,,,,,,,,,,,0.9130614436545831,0.9535781831219052,0.9715192658131446,0.9855539153582106,0.8546036214960215,0.9216024508856,0.9005235831331726,0.9463842403940047,0.9666152323527111,0.9830242504491589,0.8344319339136341,0.9097442303388505
kvasir_seg,segmentation,144,0.002175056282430887,0.975926513671875,,,,,,,,,,,,,,,,0.0026354602351784705,0.9716748046875,,,,,,,,,,,,,,,,,,,,,,,,,,,,0.9143631364834102,0.9543224180917841,0.9718735013539836,0.985736154663723,0.8568527716128367,0.9229086815198452,0.9014808290774494,0.9469420338460616,0.9668919150294829,0.9831673084232386,0.836069743125416,0.9107167592688845
kvasir_seg,segmentation,145,0.002332053454592824,0.9737191772460938,,,,,,,,,,,,,,,,0.002640969157218933,0.971417236328125,,,,,,,,,,,,,,,,,,,,,,,,,,,,0.9067846022088676,0.9499831815847264,0.9693547440060151,0.9844389356019998,0.8442144604117201,0.9155274275674529,0.9004715435123034,0.9463534751077569,0.9666109588492771,0.983022040530955,0.8343321281753296,0.9096849096845588
kvasir_seg,segmentation,146,0.0022582973865792155,0.9748516845703125,,,,,,,,,,,,,,,,0.0026551023591309788,0.971549072265625,,,,,,,,,,,,,,,,,,,,,,,,,,,,0.9105344410133117,0.952134817794318,0.9706564569966446,0.9851097623336764,0.8504124250299788,0.9191598732549595,0.9008619530350963,0.9465794969292232,0.9667654373094982,0.9831019184799352,0.8349584687606945,0.9100570753785112
kvasir_seg,segmentation,147,0.0022637198073789475,0.9748641967773437,,,,,,,,,,,,,,,,0.0026473534759134053,0.97163818359375,,,,,,,,,,,,,,,,,,,,,,,,,,,,0.9106389681326381,0.9521955436679636,0.9706658024121614,0.9851145752100978,0.850612133853115,0.9192765121258293,0.900997083072322,0.9466553214035245,0.9668807241365643,0.9831615229856023,0.8351134420080796,0.9101491198214468
kvasir_seg,segmentation,148,0.0022572574205696585,0.974542236328125,,,,,,,,,,,,,,,,0.0026555443927645684,0.97157958984375,,,,,,,,,,,,,,,,,,,,,,,,,,,,0.909620436778918,0.951613194212547,0.9702915466949801,0.9849217983222567,0.8489493268628558,0.9183045901028373,0.9009015569217236,0.9466014798051973,0.9668054880299057,0.983122625916941,0.8349976258135413,0.9100803336934535
kvasir_seg,segmentation,149,0.0022236583847552536,0.9753488159179687,,,,,,,,,,,,,,,,0.0026417535357177255,0.971436767578125,,,,,,,,,,,,,,,,,,,,,,,,,,,,0.9123138353761311,0.9531533060972572,0.9712182870075573,0.9853990229381774,0.8534093837447049,0.9209075892563372,0.9009910172794416,0.9466627033807534,0.9665944752894247,0.9830135164466691,0.8353875592694586,0.9103118903148377
kvasir_seg,segmentation,150,0.002295694723725319,0.9745025634765625,,,,,,,,,,,,,,,,0.0026480598747730256,0.971363525390625,,,,,,,,,,,,,,,,,,,,,,,,,,,,0.9095530175601775,0.9515755235801538,0.9702407666234625,0.9848956361675848,0.8488652684968925,0.9182554109927229,0.9007825178719795,0.9465422111655625,0.9665079079540733,0.982968747844614,0.8350571277898857,0.910115674486511
kvasir_seg,segmentation,151,0.0022566030407324433,0.974853515625,,,,,,,,,,,,,,,,0.0026508122123777866,0.971461181640625,,,,,,,,,,,,,,,,,,,,,,,,,,,,0.9105722379189841,0.9521569093390545,0.9706560230649011,0.9851095388583031,0.8504884527730672,0.919204279819806,0.9005596563588222,0.9464037194298152,0.9666660012887939,0.9830505033954106,0.8344533114288505,0.9097569354642198
kvasir_seg,segmentation,152,0.0023049277067184446,0.9744671630859375,,,,,,,,,,,,,,,,0.0026598813850432636,0.971597900390625,,,,,,,,,,,,,,,,,,,,,,,,,,,,0.9094314783274586,0.9515058159960252,0.9702004044703677,0.9848748404162252,0.8486625521845496,0.9181367915758254,0.9009106245109453,0.9466058935706813,0.9668307522989855,0.9831356878764258,0.834990496722905,0.9100760992649367
kvasir_seg,segmentation,153,0.0023340904433280228,0.9743276977539063,,,,,,,,,,,,,,,,0.002649761438369751,0.97153076171875,,,,,,,,,,,,,,,,,,,,,,,,,,,,0.9088434400271765,0.9511667726383697,0.9700502206990392,0.9847974538992547,0.8476366593553138,0.9175360913774846,0.9008321508082728,0.9465626995101872,0.9667419140011427,0.9830897558230216,0.8349223876154029,0.910035643197353
kvasir_seg,segmentation,154,0.002213341980241239,0.9756216430664062,,,,,,,,,,,,,,,,0.0026286439504474403,0.9717236328125,,,,,,,,,,,,,,,,,,,,,,,,,,,,0.9131746342976289,0.9536434273010664,0.9715361797272033,0.9855626183452869,0.8548130888680545,0.921724236256846,0.9017040169872308,0.9470724897904752,0.9669424789999733,0.983193448027604,0.8364655549744882,0.9109515315533464
kvasir_seg,segmentation,155,0.002229224550537765,0.9751235961914062,,,,,,,,,,,,,,,,0.0026382731925696135,0.971767578125,,,,,,,,,,,,,,,,,,,,,,,,,,,,0.9116452122775514,0.9527727981918044,0.9709526283568138,0.9852622679889558,0.8523377961982889,0.920283328394653,0.901759620490941,0.9471032613675692,0.9670003538528646,0.9832233654241611,0.8365188871290173,0.9109831573109773
kvasir_seg,segmentation,156,0.002241028225980699,0.9746701049804688,,,,,,,,,,,,,,,,0.0026289143972098826,0.9715478515625,,,,,,,,,,,,,,,,,,,,,,,,,,,,0.9101394854843126,0.9519118569921861,0.9704309301568826,0.984993602470114,0.8498480408117425,0.918830111514258,0.9013434786654546,0.946866998371424,0.966722680917087,0.9830798111976847,0.8359642764138221,0.9106541855451633
kvasir_seg,segmentation,157,0.0022325372928753496,0.9751162719726563,,,,,,,,,,,,,,,,0.00263650493696332,0.971456298828125,,,,,,,,,,,,,,,,,,,,,,,,,,,,0.9114656772095603,0.9526679903133788,0.9709566609937199,0.9852643441730288,0.8519746934254007,0.9200716364537289,0.9009566713868203,0.9466411308506842,0.9666252747565062,0.9830294435488601,0.8352880680171345,0.9102528181525084
kvasir_seg,segmentation,158,0.002234657281078398,0.975159912109375,,,,,,,,,,,,,,,,0.0026450412347912788,0.971435546875,,,,,,,,,,,,,,,,,,,,,,,,,,,,0.9115688409849059,0.9527263146220387,0.97101022919068,0.9852919227003589,0.8521274527791318,0.9201607065437185,0.900941811296722,0.9466333925813859,0.9665969580390749,0.9830148003512466,0.8352866645543693,0.9102519848115252
kvasir_seg,segmentation,159,0.0022379803378134965,0.9753713989257813,,,,,,,,,,,,,,,,0.0026450366526842117,0.9715966796875,,,,,,,,,,,,,,,,,,,,,,,,,,,,0.9126049593296774,0.9533224620197451,0.9712268972517192,0.9854034546766808,0.8539830214076357,0.9212414693628095,0.9013051816400489,0.94684149101417,0.9667955761682531,0.9831175012624158,0.8358147871118448,0.9105654807659241
kvasir_seg,segmentation,160,0.0022494982462376357,0.9747576904296875,,,,,,,,,,,,,,,,0.0026411674730479717,0.971436767578125,,,,,,,,,,,,,,,,,,,,,,,,,,,,0.9104779567679931,0.9521062683007496,0.9705277980579798,0.9850434985129031,0.8504281154780065,0.9191690380885962,0.9007627009176509,0.9465263646637908,0.9666140172899744,0.9830236221157257,0.8349113845453273,0.9100291072118559
kvasir_seg,segmentation,161,0.0022109444672241806,0.9754977416992188,,,,,,,,,,,,,,,,0.002634864095598459,0.97163330078125,,,,,,,,,,,,,,,,,,,,,,,,,,,,0.9127573443379281,0.9534055144650817,0.9713938994031454,0.985489403915922,0.8541207892727108,0.9213216250142413,0.901148229055249,0.9467458252242864,0.9668610396887511,0.9831513464131189,0.8354354184217468,0.910340304035454
kvasir_seg,segmentation,162,0.0022751651145517826,0.9751596069335937,,,,,,,,,,,,,,,,0.0026606019772589208,0.971568603515625,,,,,,,,,,,,,,,,,,,,,,,,,,,,0.9114463913668864,0.9526545946709808,0.9710195650068298,0.9852967289073715,0.8518732177269431,0.9200124604345901,0.9011341312249131,0.9467409389458199,0.9667701517748505,0.9831043560452847,0.8354981106749758,0.9103775218463552
kvasir_seg,segmentation,163,0.0022416862333193423,0.9752423095703125,,,,,,,,,,,,,,,,0.0026381831616163255,0.971624755859375,,,,,,,,,,,,,,,,,,,,,,,,,,,,0.9120758508376722,0.9530191794584273,0.9710863521066528,0.9853311105003366,0.8530653495686915,0.9207072484165181,0.9011800832149086,0.9467653048463016,0.966846187418386,0.9831436678710853,0.8355139790114312,0.9103869418215178
kvasir_seg,segmentation,164,0.0022161580715328454,0.9751034545898437,,,,,,,,,,,,,,,,0.002640844974666834,0.971505126953125,,,,,,,,,,,,,,,,,,,,,,,,,,,,0.9113946889509081,0.9526270187166888,0.9709441848835761,0.9852579208791039,0.85184519301824,0.9199961165542736,0.9009163118035854,0.9466143631584552,0.9666982901896746,0.9830671994904142,0.8351343334174964,0.9101615268264962
kvasir_seg,segmentation,165,0.0021952451625838875,0.9754568481445313,,,,,,,,,,,,,,,,0.002638783920556307,0.971480712890625,,,,,,,,,,,,,,,,,,,,,,,,,,,,0.9125431688765211,0.9532822605350532,0.9713530563139373,0.9854683849783726,0.853733281439105,0.9210961360917337,0.9010386860065681,0.9466887609506643,0.9666530593600712,0.9830438111688193,0.835424312653065,0.9103337107325093
kvasir_seg,segmentation,166,0.002208700142800808,0.975528564453125,,,,,,,,,,,,,,,,0.0026491381227970122,0.971749267578125,,,,,,,,,,,,,,,,,,,,,,,,,,,,0.9128370381548785,0.9534506225826631,0.9714312180245054,0.9855086083073585,0.8542428582852516,0.9213926368579678,0.9014179228196977,0.9469004576563376,0.9670031980220216,0.9832248356224539,0.8358326476173737,0.9105760796902213
kvasir_seg,segmentation,167,0.0022739336732774972,0.9747900390625,,,,,,,,,,,,,,,,0.0026544100977480413,0.9716650390625,,,,,,,,,,,,,,,,,,,,,,,,,,,,0.9103733347917553,0.9520432744433847,0.9705820661283526,0.9850714495085986,0.850164603455158,0.9190150993781708,0.9011956186708524,0.9467723813964464,0.9669021766252016,0.9831726133774547,0.8354890607165032,0.910372149415438
kvasir_seg,segmentation,168,0.0022513079596683384,0.9749188232421875,,,,,,,,,,,,,,,,0.002647336572408676,0.9715185546875,,,,,,,,,,,,,,,,,,,,,,,,,,,,0.910780082609463,0.952275665236672,0.9707318671370437,0.9851485971526532,0.8508282980818822,0.9194027333206906,0.9011087023537276,0.9467284906823388,0.9667010141546427,0.9830686079858101,0.8355163905528125,0.9103883733788675
kvasir_seg,segmentation,169,0.002228912697173655,0.9751242065429687,,,,,,,,,,,,,,,,0.002657281830906868,0.9713427734375,,,,,,,,,,,,,,,,,,,,,,,,,,,,0.9115696276680393,0.9527285002253353,0.970959570768933,0.9852658422517834,0.8521796845671455,0.9201911581988872,0.9006258050194265,0.9464497405913086,0.966491769958355,0.9829604015874653,0.8347598400804981,0.9099390795951517
kvasir_seg,segmentation,170,0.0022268453799188137,0.974990234375,,,,,,,,,,,,,,,,0.0026482318714261053,0.971561279296875,,,,,,,,,,,,,,,,,,,,,,,,,,,,0.9113091403493583,0.9525823744972449,0.9707905360081716,0.9851788084739884,0.8518277446905451,0.9199859405205014,0.9009154584400823,0.946610783095416,0.9667782756131171,0.983108556364074,0.8350526412670473,0.9101130098267581
kvasir_seg,segmentation,171,0.0022185843717306853,0.97544189453125,,,,,,,,,,,,,,,,0.0026473452523350714,0.97163818359375,,,,,,,,,,,,,,,,,,,,,,,,,,,,0.9127494496270516,0.9534035586954472,0.9713153204533767,0.9854489643290419,0.8541835788007266,0.9213581530618524,0.9012332829329661,0.9467963248417434,0.9668607893560622,0.9831512169934573,0.83560577650987,0.9104414326900294
kvasir_seg,segmentation,172,0.0022748350212350487,0.9746453857421875,,,,,,,,,,,,,,,,0.0026603627018630506,0.971552734375,,,,,,,,,,,,,,,,,,,,,,,,,,,,0.9098991187424711,0.9517718807661787,0.970415248385894,0.9849855244277363,0.8493829890990482,0.918558237104621,0.9008275246523725,0.9465587336890475,0.9667735528657573,0.9831061145367606,0.8348814964389876,0.9100113528413344
kvasir_seg,segmentation,173,0.002240460147149861,0.9752081298828125,,,,,,,,,,,,,,,,0.0026570767909288406,0.97156494140625,,,,,,,,,,,,,,,,,,,,,,,,,,,,0.9116680641305921,0.9527821021673768,0.9710705924834047,0.9853229977521271,0.8522655357777796,0.9202412065826265,0.900817069354087,0.9465518204983171,0.9667917879029718,0.9831155426307555,0.8348423508052022,0.9099880983658787
kvasir_seg,segmentation,174,0.002278412566520274,0.9747409057617188,,,,,,,,,,,,,,,,0.002645570393651724,0.9716650390625,,,,,,,,,,,,,,,,,,,,,,,,,,,,0.9103442371232646,0.9520286017497609,0.9705147880259107,0.9850367974129096,0.8501736862206186,0.9190204060866122,0.9012665920584725,0.946814740632469,0.9668961819082804,0.9831695142853945,0.8356370022086645,0.9104599669795436
kvasir_seg,segmentation,175,0.0022337736282497644,0.9751605224609375,,,,,,,,,,,,,,,,0.0026049586944282056,0.971719970703125,,,,,,,,,,,,,,,,,,,,,,,,,,,,0.9117590468204269,0.9528376758799609,0.9709958389857855,0.9852845143350789,0.8525222546550683,0.920390837424843,0.9020402405106105,0.9472730884766376,0.9669084457952476,0.9831758543334879,0.8371720352259735,0.9113703226197875
kvasir_seg,segmentation,176,0.002195061664097011,0.9756784057617187,,,,,,,,,,,,,,,,0.0026460997853428123,0.971600341796875,,,,,,,,,,,,,,,,,,,,,,,,,,,,0.913520592345468,0.953842718801645,0.9715889706870212,0.9855897807629354,0.8554522140039148,0.9220956568403544,0.9010972081879639,0.9467171668310438,0.9668184664182675,0.9831293359563791,0.8353759499576603,0.9103049977057085
kvasir_seg,segmentation,177,0.0022153765987604854,0.9757504272460937,,,,,,,,,,,,,,,,0.0026590448897331953,0.97150390625,,,,,,,,,,,,,,,,,,,,,,,,,,,,0.9135835700539383,0.9538760779969582,0.9716860922951589,0.9856397487330847,0.8554810478127178,0.9221124072608318,0.900539429256172,0.9463892855614028,0.9667284284939188,0.9830827830502457,0.8343504300184252,0.9096957880725599
kvasir_seg,segmentation,178,0.0022739093378186226,0.9747659301757813,,,,,,,,,,,,,,,,0.002630186192691326,0.971624755859375,,,,,,,,,,,,,,,,,,,,,,,,,,,,0.9102121043612894,0.9519497935068917,0.9705608418287984,0.9850605180280148,0.8498633668937803,0.9188390689857687,0.9011811998460026,0.9467659713328239,0.966846092845065,0.9831436189768273,0.8355163068469403,0.9103883236888205
kvasir_seg,segmentation,179,0.002273978954181075,0.9749642944335938,,,,,,,,,,,,,,,,0.0026397038996219635,0.971639404296875,,,,,,,,,,,,,,,,,,,,,,,,,,,,0.9109692426456104,0.9523843916469399,0.9707811207224432,0.9851739602280919,0.8511573645687777,0.9195948230657879,0.9015635945991087,0.9469933216206252,0.966834400405278,0.9831375739676468,0.8362927887929393,0.9108490692736035
kvasir_seg,segmentation,180,0.00227166757453233,0.9745846557617187,,,,,,,,,,,,,,,,0.002627288829535246,0.971632080078125,,,,,,,,,,,,,,,,,,,,,,,,,,,,0.9100320587886216,0.951852967736974,0.970318417400406,0.9849356417026467,0.8497457001768371,0.9187702937713015,0.9015753636817394,0.9470007378876439,0.9668229462604301,0.9831316520876218,0.8363277811030487,0.9108698236876662
kvasir_seg,segmentation,181,0.0022702051419764757,0.9742971801757813,,,,,,,,,,,,,,,,0.0026556205656379462,0.971688232421875,,,,,,,,,,,,,,,,,,,,,,,,,,,,0.90871010456215,0.9510897932060518,0.9700177352555318,0.9847807132860258,0.847402473868768,0.9173988731260777,0.9013670389170267,0.9468734174829809,0.9669206840926091,0.9831821810737371,0.8358133937414443,0.9105646538922246
kvasir_seg,segmentation,182,0.002200417537242174,0.9751962280273437,,,,,,,,,,,,,,,,0.0026644941605627535,0.971490478515625,,,,,,,,,,,,,,,,,,,,,,,,,,,,0.9118674531068253,0.9528994233439478,0.9710377581370772,0.9853060948511223,0.8526971480765734,0.9204927518367733,0.9007459011376158,0.9465133875967046,0.9666919097920555,0.9830639003282085,0.834799892483176,0.9099628748652007
kvasir_seg,segmentation,183,0.002252580188214779,0.9750677490234375,,,,,,,,,,,,,,,,0.002658305084332824,0.97169921875,,,,,,,,,,,,,,,,,,,,,,,,,,,,0.9110573271606682,0.9524310093250794,0.970920535303015,0.985245744728864,0.8511941190183214,0.9196162739212949,0.9011943916762806,0.946769785593255,0.9669508667840863,0.9831977840555072,0.835437916568475,0.9103417871310028
kvasir_seg,segmentation,184,0.002225921913050115,0.9753497314453125,,,,,,,,,,,,,,,,0.0026623769104480743,0.971500244140625,,,,,,,,,,,,,,,,,,,,,,,,,,,,0.9126241162628863,0.9533346932810591,0.9711945691417009,0.9853868150261588,0.8540536633840718,0.9212825715359594,0.9008004358191557,0.9465454274736131,0.9667011820815125,0.9830686948165431,0.834899689556799,0.910022160130683
kvasir_seg,segmentation,185,0.002294828393496573,0.9744186401367188,,,,,,,,,,,,,,,,0.0026704511977732183,0.97162841796875,,,,,,,,,,,,,,,,,,,,,,,,,,,,0.9090767634447765,0.9512995668832982,0.9701602146399533,0.9848541326038808,0.8479933122495996,0.9177450011627155,0.9009199095387882,0.9466097696770956,0.9668733341883715,0.9831577025140269,0.8349664848892049,0.9100618368401645
kvasir_seg,segmentation,186,0.002283884803764522,0.9745513916015625,,,,,,,,,,,,,,,,0.0026726855617016554,0.971529541015625,,,,,,,,,,,,,,,,,,,,,,,,,,,,0.9096049116911171,0.9516036147544928,0.9703057626903437,0.984929122234759,0.8489040606918906,0.9182781072742267,0.9006481229896635,0.9464528306083855,0.966755705822852,0.9830968868788719,0.8345405401564749,0.9098087743378991
kvasir_seg,segmentation,187,0.002176403123885393,0.9754788208007813,,,,,,,,,,,,,,,,0.002651402773335576,0.971397705078125,,,,,,,,,,,,,,,,,,,,,,,,,,,,0.9129471644313918,0.9535173321647374,0.9713518036729499,0.9854677403223141,0.8545425251898338,0.9215669240071608,0.9007834796494599,0.9465409142567935,0.9665565730727008,0.9829939156669953,0.835010386226219,0.9100879128465919
kvasir_seg,segmentation,188,0.0023667098488658667,0.9733853149414062,,,,,,,,,,,,,,,,0.0026383987069129944,0.97149169921875,,,,,,,,,,,,,,,,,,,,,,,,,,,,0.9056207292371619,0.9493118414029154,0.9689763670287067,0.9842437758569396,0.8422650914456169,0.9143799069488913,0.9010782611209596,0.9467117853586066,0.9666653344598616,0.9830501585826276,0.8354911877820576,0.9103734121345856
kvasir_seg,segmentation,189,0.002278233855031431,0.9743338012695313,,,,,,,,,,,,,,,,0.0026494173705577852,0.971614990234375,,,,,,,,,,,,,,,,,,,,,,,,,,,,0.9088291806810613,0.9511580731978577,0.9700600060091101,0.984802496421649,0.8475983553530124,0.9175136499740665,0.900898584327744,0.9465977681648332,0.9668560498077233,0.9831487666850268,0.8349411188477645,0.9100467696446396
kvasir_seg,segmentation,190,0.0022308680741116404,0.9749160766601562,,,,,,,,,,,,,,,,0.0026447994261980055,0.97140625,,,,,,,,,,,,,,,,,,,,,,,,,,,,0.9106920316329208,0.9522241434553924,0.9707350193883043,0.9851502204386772,0.8506490438775374,0.9192980664721077,0.9012012918520709,0.9467898710638565,0.966532744303399,0.9829815924532413,0.8358698394007428,0.9105981496744715
kvasir_seg,segmentation,191,0.0022309272643178703,0.9752706909179687,,,,,,,,,,,,,,,,0.002648998312652111,0.971622314453125,,,,,,,,,,,,,,,,,,,,,,,,,,,,0.9118434931378399,0.9528818119448119,0.9711451870721489,0.9853613964526324,0.8525417992035309,0.9204022274369915,0.9011989783020533,0.9467767156666449,0.9668411120571339,0.983141043910667,0.8355568445469728,0.9104123874226228
kvasir_seg,segmentation,192,0.002285694153979421,0.9746710205078125,,,,,,,,,,,,,,,,0.00261505376547575,0.97157470703125,,,,,,,,,,,,,,,,,,,,,,,,,,,,0.9100573669691812,0.9518635825738173,0.9704388441522895,0.9849976791030893,0.8496758897860728,0.9187294860445453,0.9016197533709716,0.9470303207065351,0.9667372318450413,0.9830873348933584,0.8365022748969019,0.910973306519712
kvasir_seg,segmentation,193,0.00229789309669286,0.9742742919921875,,,,,,,,,,,,,,,,0.002662134161219001,0.97163818359375,,,,,,,,,,,,,,,,,,,,,,,,,,,,0.908780662257858,0.9511324817165069,0.9699796440775885,0.9847610831854723,0.8475816804381276,0.9175038802475415,0.9010436568033743,0.9466831301292358,0.9668768052097013,0.983159496973799,0.8352105083970472,0.9102067632846724
kvasir_seg,segmentation,194,0.0023135106917470693,0.9748391723632812,,,,,,,,,,,,,,,,0.0026432239264249802,0.9715625,,,,,,,,,,,,,,,,,,,,,,,,,,,,0.9104935386255602,0.9521114246937361,0.9706420143194923,0.9851023242845832,0.8503450629316281,0.919120525102889,0.9010985319611752,0.9467200220700123,0.9667644881064965,0.9831014277029677,0.8354325758158538,0.9103386164370568
kvasir_seg,segmentation,195,0.0022715216781944037,0.9749148559570312,,,,,,,,,,,,,,,,0.0026449097320437433,0.97185791015625,,,,,,,,,,,,,,,,,,,,,,,,,,,,0.910992590373285,0.9524004872597156,0.9707091605185691,0.9851369039794167,0.8512760202280008,0.9196640705400145,0.9019349478746311,0.9472028900523994,0.9671141035332343,0.9832821612087995,0.8367557922160279,0.9111236188959995
kvasir_seg,segmentation,196,0.002248580874875188,0.9751654052734375,,,,,,,,,,,,,,,,0.002635525669902563,0.971441650390625,,,,,,,,,,,,,,,,,,,,,,,,,,,,0.9115600127249424,0.9527208779961187,0.9710187147206691,0.9852962911702043,0.8521013107292155,0.9201454648220332,0.9010732901536347,0.9467115493580902,0.966594367520363,0.98301346071597,0.8355522127869064,0.9104096380002105
kvasir_seg,segmentation,197,0.00228704278357327,0.9745370483398438,,,,,,,,,,,,,,,,0.0027229451201856137,0.9713671875,,,,,,,,,,,,,,,,,,,,,,,,,,,,0.9094604651508087,0.9515193968908189,0.9702970438016533,0.9849246303790645,0.848623886499964,0.9181141634025732,0.899458813019239,0.9457503133528621,0.9666245964315286,0.9830290927770194,0.8322930296069494,0.9084715339287047
kvasir_seg,segmentation,198,0.0022962393006309865,0.9744332885742187,,,,,,,,,,,,,,,,0.0026277898717671634,0.97172607421875,,,,,,,,,,,,,,,,,,,,,,,,,,,,0.9093724580470908,0.9514727883884784,0.9701571596349564,0.9848525584778359,0.8485877564592252,0.9180930182991209,0.9016686944795155,0.947051295423733,0.9669489651037797,0.9831968009935244,0.8363884238552513,0.9109057898539417
kvasir_seg,segmentation,199,0.0022561192838475106,0.9753762817382813,,,,,,,,,,,,,,,,0.002642279826104641,0.971695556640625,,,,,,,,,,,,,,,,,,,,,,,,,,,,0.9124600898433542,0.9532375286918368,0.9712454985896274,0.9854130287521542,0.8536746810970811,0.9210620286315193,0.9015154003247656,0.9469615281759287,0.9669185311581058,0.9831810680931375,0.8361122694914256,0.9107419882587198
kvasir_seg,segmentation,200,0.002242450565099716,0.9755389404296875,,,,,,,,,,,,,,,,0.0026337693631649016,0.97177490234375,,,,,,,,,,,,,,,,,,,,,,,,,,,,0.9127114686627747,0.953376738384636,0.9714559210961742,0.9855213202596209,0.8539670162293753,0.9212321565096511,0.9017400562747435,0.9470911999279739,0.9670124448767472,0.9832296154459157,0.8364676676727398,0.910952784410032
