epoch,train_loss,train_accuracy,train_precision,train_recall,train_f1_score,train_precision_glioma,train_recall_glioma,train_f1_glioma,train_precision_meningioma,train_recall_meningioma,train_f1_meningioma,train_precision_none,train_recall_none,train_f1_none,train_precision_pituitary,train_recall_pituitary,train_f1_pituitary,val_loss,val_accuracy,val_precision,val_recall,val_f1_score,val_precision_glioma,val_recall_glioma,val_f1_glioma,val_precision_meningioma,val_recall_meningioma,val_f1_meningioma,val_precision_none,val_recall_none,val_f1_none,val_precision_pituitary,val_recall_pituitary,val_f1_pituitary,dataset,task
1,0.002237759420586404,0.9820220719117123,0.9820096485583693,0.9820220719117123,0.9820114276624399,0.9765441751368257,0.9734996102883866,0.9750195160031225,0.9811746987951807,0.9760299625468165,0.9785955689072474,0.9828220858895705,0.9846342962507683,0.9837273564630028,0.9869659666908037,0.9927166788055353,0.9898329702251271,0.0022889795126492868,0.9836298932384342,0.9840161103622533,0.9836298932384342,0.9835901112344169,1.0,0.9462025316455697,0.9723577235772358,0.9561643835616438,0.9830985915492958,0.9694444444444444,0.9974160206718347,1.0,0.9987063389391979,0.9830508474576272,1.0,0.9914529914529915,hf_brain_tumor,classification
2,0.002093966319040061,0.9846920612317551,0.9846876799504414,0.9846920612317551,0.9846861944978389,0.9797191887675507,0.9789555728760717,0.979337231968811,0.9811746987951807,0.9760299625468165,0.9785955689072474,0.9920098340503996,0.9920098340503996,0.9920098340503996,0.9840695148443157,0.9898033503277495,0.9869281045751634,0.00029900657254692956,0.99644128113879,0.9964392993679706,0.99644128113879,0.9964392820405878,0.9936708860759493,0.9936708860759493,0.9936708860759493,0.9943502824858758,0.9915492957746479,0.9929478138222849,1.0,1.0,1.0,0.997134670487106,1.0,0.9985652797704447,hf_brain_tumor,classification
3,0.0019222399440356173,0.985938056247775,0.9859322925837094,0.985938056247775,0.9859303909491712,0.9813229571984435,0.9828526890101325,0.9820872274143302,0.9841509433962264,0.9767790262172285,0.9804511278195489,0.988984088127295,0.9932390903503381,0.9911070223857712,0.9883551673944687,0.989075018208303,0.9887149617764834,0.0006213779248433101,0.993594306049822,0.9936221327616263,0.993594306049822,0.9935864010836317,0.984375,0.9968354430379747,0.9905660377358491,0.9942857142857143,0.9802816901408451,0.9872340425531915,0.9948320413436692,0.9974093264248705,0.9961190168175937,1.0,1.0,1.0,hf_brain_tumor,classification
4,0.0014849153994420342,0.9866500533997864,0.9866456837709219,0.9866500533997864,0.9866464287448484,0.9844479004665629,0.9867498051441933,0.9855975087582717,0.9796992481203007,0.9760299625468165,0.9778611632270169,0.9932349323493235,0.9926244622003688,0.9929296034429758,0.9876453488372093,0.9898033503277495,0.9887231720625682,0.00021095686073057036,0.9971530249110321,0.9971701118774239,0.9971530249110321,0.9971492444547231,0.9937106918238994,1.0,0.9968454258675079,1.0,0.9887323943661972,0.9943342776203966,1.0,1.0,1.0,0.9942857142857143,1.0,0.997134670487106,hf_brain_tumor,classification
5,0.0011706967006069502,0.9889640441438234,0.9889825756358083,0.9889640441438234,0.9889709035155644,0.9790697674418605,0.9844115354637568,0.9817333851535173,0.9850074962518741,0.9842696629213483,0.9846384413638066,0.9956843403205918,0.9926244622003688,0.9941520467836257,0.9941690962099126,0.9934450109249818,0.9938069216757741,0.00046632436725138637,0.99644128113879,0.9964684837309561,0.99644128113879,0.9964354888583054,0.9937106918238994,1.0,0.9968454258675079,1.0,0.9859154929577465,0.9929078014184397,1.0,1.0,1.0,0.9914529914529915,1.0,0.9957081545064378,hf_brain_tumor,classification
6,0.0020050841871780485,0.9848700605197579,0.9848712617695796,0.9848700605197579,0.9848684549829833,0.9843260188087775,0.9789555728760717,0.9816334505666275,0.976831091180867,0.9790262172284644,0.9779274223718668,0.9932473910374463,0.9944683466502766,0.9938574938574939,0.9832727272727273,0.9847050254916242,0.9839883551673945,0.0011207520565700807,0.9921708185053381,0.992337674188208,0.9921708185053381,0.9922000026610344,0.9967948717948718,0.9841772151898734,0.9904458598726115,0.9725274725274725,0.9971830985915493,0.9847009735744089,1.0,0.9922279792746114,0.9960988296488946,1.0,0.9942528735632183,0.9971181556195965,hf_brain_tumor,classification
7,0.0017484514124099422,0.9845140619437522,0.9845240874332971,0.9845140619437522,0.9845178624033168,0.9820452771272443,0.9805144193296961,0.9812792511700468,0.9730740463724757,0.9745318352059925,0.9738023952095808,0.9950708564386938,0.9926244622003688,0.9938461538461538,0.9854756717501816,0.9883466860888566,0.986909090909091,0.0014807559905268808,0.9850533807829182,0.9853162408536833,0.9850533807829182,0.9850367660925657,0.9692307692307692,0.9968354430379747,0.982839313572543,0.9971014492753624,0.9690140845070423,0.9828571428571429,0.9796954314720813,1.0,0.9897435897435898,0.9941348973607038,0.9741379310344828,0.9840348330914369,hf_brain_tumor,classification
8,0.0016905383398570634,0.9855820576717693,0.9855774159057719,0.9855820576717693,0.9855767062746208,0.9850980392156863,0.9789555728760717,0.982017200938233,0.9775449101796407,0.9782771535580524,0.9779108947959566,0.9908088235294118,0.9938537185003073,0.9923289352562136,0.9876363636363636,0.989075018208303,0.9883551673944687,0.0006533456461676446,0.994306049822064,0.9943631923502793,0.994306049822064,0.9943033544016394,0.9905362776025236,0.9936708860759493,0.9921011058451816,1.0,0.9830985915492958,0.9914772727272727,1.0,1.0,1.0,0.9858356940509915,1.0,0.992867332382311,hf_brain_tumor,classification
9,0.0014013310399076553,0.9877180491278035,0.9877331799633499,0.9877180491278035,0.9877234452540651,0.9882629107981221,0.9844115354637568,0.9863334634908238,0.976882923191648,0.9812734082397003,0.9790732436472347,0.9963076923076923,0.9950829748002459,0.9956949569495694,0.987627365356623,0.9883466860888566,0.9879868947943211,9.600853869201387e-05,0.998576512455516,0.998576512455516,0.998576512455516,0.998576512455516,0.9968354430379747,0.9968354430379747,0.9968354430379747,0.9971830985915493,0.9971830985915493,0.9971830985915493,1.0,1.0,1.0,1.0,1.0,1.0,hf_brain_tumor,classification
10,0.0020542437899141613,0.9850480598077608,0.9850582025843332,0.9850480598077608,0.985051153510874,0.9767261442979054,0.9812938425565082,0.97900466562986,0.9797297297297297,0.9775280898876404,0.9786276715410573,0.9919901417128774,0.9895513214505224,0.9907692307692307,0.9898107714701602,0.9905316824471959,0.9901710957408082,0.001108052397272765,0.9893238434163701,0.9893495000525855,0.9893238434163701,0.9893262050381694,0.9873817034700315,0.990506329113924,0.9889415481832543,0.9775280898876404,0.9802816901408451,0.9789029535864979,0.9973821989528796,0.9870466321243523,0.9921875,0.9942857142857143,1.0,0.997134670487106,hf_brain_tumor,classification
11,0.0017009892364856633,0.9866500533997864,0.9866514262348001,0.9866500533997864,0.9866505501636494,0.9813084112149533,0.9820732657833203,0.9816906895208415,0.9812734082397003,0.9812734082397003,0.9812734082397003,0.992014742014742,0.9926244622003688,0.9923195084485407,0.9905178701677607,0.989075018208303,0.9897959183673469,0.0004667244779088558,0.995729537366548,0.9958005145848325,0.995729537366548,0.9957327793254286,1.0,0.9841772151898734,0.9920255183413078,0.9833795013850416,1.0,0.9916201117318436,1.0,0.9974093264248705,0.9987029831387808,1.0,1.0,1.0,hf_brain_tumor,classification
12,0.0016004371119357017,0.9861160555357779,0.9861386400205009,0.9861160555357779,0.9861208345459942,0.9744976816074189,0.9828526890101325,0.9786573535118355,0.9811746987951807,0.9760299625468165,0.9785955689072474,0.9926289926289926,0.9932390903503381,0.9929339477726574,0.9941520467836257,0.9905316824471959,0.9923385625684057,0.0002285648392429708,0.997864768683274,0.9978704838993723,0.997864768683274,0.9978645639752476,0.9968253968253968,0.9936708860759493,0.9952456418383518,0.9943977591036415,1.0,0.9971910112359551,1.0,1.0,1.0,1.0,0.9971264367816092,0.9985611510791367,hf_brain_tumor,classification
13,0.0011843429702653554,0.9898540405838376,0.9898568280498785,0.9898540405838376,0.9898534971754529,0.9860031104199067,0.9883086515978177,0.9871545348384585,0.9842578710644677,0.9835205992509364,0.9838890970400899,0.9938687921520539,0.9963122311001844,0.9950890116635973,0.9941477688368691,0.9898033503277495,0.9919708029197081,0.00020730063478500513,0.998576512455516,0.9985838500201784,0.998576512455516,0.9985763410110826,1.0,1.0,1.0,1.0,0.9943661971830986,0.9971751412429378,0.9948453608247423,1.0,0.9974160206718347,1.0,1.0,1.0,hf_brain_tumor,classification
14,0.0012172936639835462,0.9887860448558206,0.9887824378966317,0.9887860448558206,0.9887837829977485,0.9844357976653697,0.9859703819173812,0.985202492211838,0.9812312312312312,0.9790262172284644,0.9801274840644919,0.995085995085995,0.9956976029502151,0.9953917050691244,0.9927166788055353,0.9927166788055353,0.9927166788055353,0.00042006734798387277,0.995729537366548,0.9957618893561954,0.995729537366548,0.9957286047814417,1.0,0.9873417721518988,0.9936305732484076,0.9943661971830986,0.9943661971830986,0.9943661971830986,1.0,1.0,1.0,0.9886363636363636,1.0,0.9942857142857143,hf_brain_tumor,classification
15,0.001029671484222222,0.9900320398718405,0.990032789449854,0.9900320398718405,0.9900309690899362,0.9828926905132193,0.9851909586905689,0.9840404826780849,0.9857142857142858,0.9820224719101124,0.9838649155722327,0.9981549815498155,0.9975414874001229,0.9978481401782969,0.9912790697674418,0.9934450109249818,0.9923608584939978,0.00025411311975552693,0.999288256227758,0.9992902956081942,0.999288256227758,0.9992883052325153,1.0,1.0,1.0,1.0,1.0,1.0,1.0,0.9974093264248705,0.9987029831387808,0.997134670487106,1.0,0.9985652797704447,hf_brain_tumor,classification
16,0.0006319527566661121,0.9944820220719117,0.9944864377477148,0.9944820220719117,0.9944829661289057,0.99453125,0.9922057677318784,0.9933671478735856,0.9902985074626866,0.9940074906367041,0.9921495327102804,0.9963122311001844,0.9963122311001844,0.9963122311001844,0.9963530269876003,0.9949016751638747,0.9956268221574344,9.174730797137509e-05,0.999288256227758,0.9992902956081942,0.999288256227758,0.9992882648693928,1.0,1.0,1.0,1.0,0.9971830985915493,0.998589562764457,1.0,1.0,1.0,0.997134670487106,1.0,0.9985652797704447,hf_brain_tumor,classification
17,0.0005145608514333022,0.9948380206479174,0.9948377283523169,0.9948380206479174,0.9948375687122095,0.9929906542056075,0.9937646141855028,0.9933774834437086,0.992503748125937,0.9917602996254682,0.9921318846009741,0.9969306322897483,0.9981561155500922,0.9975429975429976,0.9963530269876003,0.9949016751638747,0.9956268221574344,6.800547913934876e-05,0.999288256227758,0.9992902956081942,0.999288256227758,0.9992882648693928,1.0,1.0,1.0,1.0,0.9971830985915493,0.998589562764457,1.0,1.0,1.0,0.997134670487106,1.0,0.9985652797704447,hf_brain_tumor,classification
18,0.0004047842942802552,0.9962620149519402,0.996261705868074,0.9962620149519402,0.9962604224730898,0.9945525291828794,0.9961028838659393,0.9953271028037384,0.9962406015037594,0.9925093632958801,0.9943714821763602,0.9975475168608215,1.0,0.9987722529158993,0.9963556851311953,0.9956300072833212,0.9959927140255009,0.0002788180491892833,0.997864768683274,0.997871012492285,0.997864768683274,0.9978649837661633,0.9968454258675079,1.0,0.9984202211690363,0.9943820224719101,0.9971830985915493,0.9957805907172996,1.0,0.9948186528497409,0.9974025974025974,1.0,1.0,1.0,hf_brain_tumor,classification
19,0.0005828215177736794,0.9944820220719117,0.9944857894929796,0.9944820220719117,0.9944826970822763,0.9937548790007806,0.9922057677318784,0.9929797191887676,0.9917910447761195,0.9955056179775281,0.9936448598130841,0.9975369458128078,0.9956976029502151,0.9966164257151645,0.9941733430444283,0.9941733430444283,0.9941733430444283,5.7367749104741963e-05,1.0,1.0,1.0,1.0,1.0,1.0,1.0,1.0,1.0,1.0,1.0,1.0,1.0,1.0,1.0,1.0,hf_brain_tumor,classification
20,0.0003493078527327407,0.996440014239943,0.9964411793823706,0.996440014239943,0.9964404695298229,0.9945482866043613,0.995323460639127,0.9949357226334242,0.9947604790419161,0.9955056179775281,0.9951329090228379,0.998769987699877,0.9981561155500922,0.9984629572702121,0.9970845481049563,0.9963583394027676,0.9967213114754099,9.963855100197496e-05,0.998576512455516,0.9985807970844451,0.998576512455516,0.9985755746553546,0.9968454258675079,1.0,0.9984202211690363,1.0,0.9943661971830986,0.9971751412429378,1.0,1.0,1.0,0.997134670487106,1.0,0.9985652797704447,hf_brain_tumor,classification
21,0.0003720177675069931,0.9960840156639373,0.9960860129214377,0.9960840156639373,0.9960847671237266,0.9937743190661479,0.995323460639127,0.9945482866043613,0.9947565543071161,0.9947565543071161,0.9947565543071161,0.9993846153846154,0.9981561155500922,0.998769987699877,0.9956300072833212,0.9956300072833212,0.9956300072833212,5.72389067424912e-05,1.0,1.0,1.0,1.0,1.0,1.0,1.0,1.0,1.0,1.0,1.0,1.0,1.0,1.0,1.0,1.0,hf_brain_tumor,classification
22,0.0005539061721341097,0.9951940192239231,0.995198587276421,0.9951940192239231,0.9951955152353077,0.9914529914529915,0.9945440374123149,0.9929961089494164,0.9925093632958801,0.9925093632958801,0.9925093632958801,0.9993846153846154,0.9981561155500922,0.998769987699877,0.9963530269876003,0.9949016751638747,0.9956268221574344,9.211014729904407e-05,0.998576512455516,0.9985846466700559,0.998576512455516,0.9985774859201908,1.0,0.9968354430379747,0.9984152139461173,1.0,0.9971830985915493,0.998589562764457,1.0,1.0,1.0,0.9942857142857143,1.0,0.997134670487106,hf_brain_tumor,classification
23,0.0004881762082817644,0.9955500177999288,0.9955527269909947,0.9955500177999288,0.9955502435582241,0.9960906958561376,0.9929851909586905,0.994535519125683,0.9917664670658682,0.9925093632958801,0.992137776113815,0.9993849938499385,0.9987707437000615,0.9990777743621273,0.9941902687000727,0.9970866715222141,0.9956363636363637,0.00010540247404926334,0.999288256227758,0.999290501476251,0.999288256227758,0.999288306380751,0.9968454258675079,1.0,0.9984202211690363,1.0,1.0,1.0,1.0,1.0,1.0,1.0,0.9971264367816092,0.9985611510791367,hf_brain_tumor,classification
24,0.0004740469974162342,0.9957280170879317,0.9957338895104906,0.9957280170879317,0.9957299073678567,0.995323460639127,0.995323460639127,0.995323460639127,0.9902912621359223,0.9932584269662922,0.9917726252804787,0.9981561155500922,0.9981561155500922,0.9981561155500922,0.9985390796201608,0.9956300072833212,0.9970824215900802,5.261907231781857e-05,1.0,1.0,1.0,1.0,1.0,1.0,1.0,1.0,1.0,1.0,1.0,1.0,1.0,1.0,1.0,1.0,hf_brain_tumor,classification
25,0.00025867552057054423,0.9971520113919544,0.9971571408366859,0.9971520113919544,0.9971533741476188,0.9968823070927514,0.9968823070927514,0.9968823070927514,0.9932835820895523,0.997003745318352,0.9951401869158879,0.999384236453202,0.9975414874001229,0.9984620116887112,0.9985412107950401,0.9970866715222141,0.9978134110787172,0.0010053514126586534,0.9928825622775801,0.9930214750920024,0.9928825622775801,0.9928952130579959,0.9968253968253968,0.9936708860759493,0.9952456418383518,0.9752066115702479,0.9971830985915493,0.9860724233983287,1.0,1.0,1.0,1.0,0.9798850574712644,0.9898403483309144,hf_brain_tumor,classification
26,0.0004972002499625554,0.9950160199359203,0.9950174062524412,0.9950160199359203,0.9950162413908077,0.9922239502332815,0.9945440374123149,0.9933826391592059,0.9917541229385307,0.9910112359550561,0.9913825402772574,0.9987707437000615,0.9987707437000615,0.9987707437000615,0.9963530269876003,0.9949016751638747,0.9956268221574344,9.27744095741516e-05,0.998576512455516,0.998585465207368,0.998576512455516,0.9985777437231703,0.9937106918238994,1.0,0.9968454258675079,1.0,0.9971830985915493,0.998589562764457,1.0,1.0,1.0,1.0,0.9971264367816092,0.9985611510791367,hf_brain_tumor,classification
27,0.0004206437950978148,0.9959060163759345,0.9959068538981648,0.9959060163759345,0.9959063756416453,0.9968823070927514,0.9968823070927514,0.9968823070927514,0.9947565543071161,0.9947565543071161,0.9947565543071161,0.9981549815498155,0.9975414874001229,0.9978481401782969,0.9934497816593887,0.9941733430444283,0.9938114306516199,3.1970777798769667e-05,1.0,1.0,1.0,1.0,1.0,1.0,1.0,1.0,1.0,1.0,1.0,1.0,1.0,1.0,1.0,1.0,hf_brain_tumor,classification
28,0.0005233007435581081,0.9953720185119259,0.9953757530713557,0.9953720185119259,0.9953733022524662,0.9914463452566097,0.9937646141855028,0.9926041261191125,0.994748687171793,0.9932584269662922,0.9940029985007496,1.0,0.9987707437000615,0.9993849938499385,0.9941775836972343,0.9949016751638747,0.9945394976337824,0.0001151252751531961,0.999288256227758,0.9992902555080172,0.999288256227758,0.9992881927700025,1.0,0.9968354430379747,0.9984152139461173,0.9971910112359551,1.0,0.9985935302390999,1.0,1.0,1.0,1.0,1.0,1.0,hf_brain_tumor,classification
29,0.00046014469893295996,0.9951940192239231,0.9951950307487825,0.9951940192239231,0.9951932754229151,0.9922239502332815,0.9945440374123149,0.9933826391592059,0.9954887218045113,0.9917602996254682,0.9936210131332083,0.9975445058317987,0.9987707437000615,0.9981572481572482,0.9949016751638747,0.9949016751638747,0.9949016751638747,0.00018499604342637907,0.997864768683274,0.9978826616831349,0.997864768683274,0.9978641687881937,1.0,0.990506329113924,0.9952305246422893,0.9916201117318436,1.0,0.9957924263674615,1.0,1.0,1.0,1.0,1.0,1.0,hf_brain_tumor,classification
30,0.0004928743214154058,0.9962620149519402,0.9962632668309946,0.9962620149519402,0.9962624438333404,0.9953271028037384,0.9961028838659393,0.995714842228282,0.9932634730538922,0.9940074906367041,0.9936353425683264,0.9981561155500922,0.9981561155500922,0.9981561155500922,0.9978118161925602,0.9963583394027676,0.9970845481049563,0.00024554712323035245,0.998576512455516,0.998585465207368,0.998576512455516,0.998576747128381,0.9937106918238994,1.0,0.9968454258675079,1.0,0.9943661971830986,0.9971751412429378,1.0,1.0,1.0,1.0,1.0,1.0,hf_brain_tumor,classification
31,0.0007858994296519334,0.9937700249199003,0.9937757598234681,0.9937700249199003,0.9937673707218853,0.989938080495356,0.9968823070927514,0.9933980582524272,0.9932126696832579,0.9865168539325843,0.9898534385569335,0.9969249692496925,0.9963122311001844,0.9966185059944667,0.9941775836972343,0.9949016751638747,0.9945394976337824,0.00025128056953936233,0.997864768683274,0.9978826616831349,0.997864768683274,0.9978641687881937,1.0,0.990506329113924,0.9952305246422893,0.9916201117318436,1.0,0.9957924263674615,1.0,1.0,1.0,1.0,1.0,1.0,hf_brain_tumor,classification
32,0.0005233861995676116,0.9959060163759345,0.9959134587396036,0.9959060163759345,0.9959083411439831,0.9945482866043613,0.995323460639127,0.9949357226334242,0.991044776119403,0.9947565543071161,0.9928971962616823,0.999384236453202,0.9975414874001229,0.9984620116887112,0.9978102189781022,0.9956300072833212,0.996718920889537,5.659312215661448e-05,1.0,1.0,1.0,1.0,1.0,1.0,1.0,1.0,1.0,1.0,1.0,1.0,1.0,1.0,1.0,1.0,hf_brain_tumor,classification
33,0.0006757863438485585,0.9934140263438946,0.9934142036255086,0.9934140263438946,0.9934131263675059,0.9913995308835027,0.9883086515978177,0.9898516783762685,0.9887892376681614,0.9910112359550561,0.98989898989899,0.9969306322897483,0.9981561155500922,0.9975429975429976,0.9956268221574344,0.9949016751638747,0.995264116575592,0.0009086358372960571,0.9928825622775801,0.9929732123187099,0.9928825622775801,0.9928780068134297,0.9905956112852664,1.0,0.9952755905511811,1.0,0.9774647887323944,0.9886039886039886,1.0,1.0,1.0,0.9801699716713881,0.9942528735632183,0.9871611982881597,hf_brain_tumor,classification
34,0.0005980068266235781,0.9939480242079032,0.9939492255870859,0.9939480242079032,0.9939464064380901,0.9906904577191621,0.995323460639127,0.9930015552099534,0.9917293233082707,0.9880149812734083,0.9898686679174484,0.9975429975429976,0.9981561155500922,0.9978494623655914,0.9948942377826404,0.9934450109249818,0.9941690962099126,4.8667929984866954e-05,0.999288256227758,0.9992902956081942,0.999288256227758,0.9992882648693928,1.0,1.0,1.0,1.0,0.9971830985915493,0.998589562764457,1.0,1.0,1.0,0.997134670487106,1.0,0.9985652797704447,hf_brain_tumor,classification
35,0.00031378196698513314,0.9966180135279459,0.9966199904758565,0.9966180135279459,0.9966178517703864,0.9945652173913043,0.9984411535463756,0.9964994165694282,0.9954988747186797,0.9940074906367041,0.9947526236881559,0.998769987699877,0.9981561155500922,0.9984629572702121,0.9970824215900802,0.9956300072833212,0.9963556851311953,0.0001428587968728743,0.997864768683274,0.9978708066242284,0.997864768683274,0.9978645213249691,1.0,0.9936708860759493,0.9968253968253968,0.9943820224719101,0.9971830985915493,0.9957805907172996,1.0,1.0,1.0,0.997134670487106,1.0,0.9985652797704447,hf_brain_tumor,classification
36,0.0002957012686514018,0.9969740121039515,0.9969740121039515,0.9969740121039515,0.9969740121039515,0.9961028838659393,0.9961028838659393,0.9961028838659393,0.9947565543071161,0.9947565543071161,0.9947565543071161,0.9993853718500307,0.9993853718500307,0.9993853718500307,0.9970866715222141,0.9970866715222141,0.9970866715222141,4.3986200458203194e-05,1.0,1.0,1.0,1.0,1.0,1.0,1.0,1.0,1.0,1.0,1.0,1.0,1.0,1.0,1.0,1.0,hf_brain_tumor,classification
37,0.0003921082590200526,0.9960840156639373,0.9960862401788296,0.9960840156639373,0.9960848863489667,0.9945440374123149,0.9945440374123149,0.9945440374123149,0.9925205684367988,0.9940074906367041,0.9932634730538922,0.9987692307692307,0.9975414874001229,0.9981549815498155,0.9978150036416606,0.9978150036416606,0.9978150036416606,8.114077248127908e-05,0.999288256227758,0.9992902555080172,0.999288256227758,0.9992881927700025,1.0,0.9968354430379747,0.9984152139461173,0.9971910112359551,1.0,0.9985935302390999,1.0,1.0,1.0,1.0,1.0,1.0,hf_brain_tumor,classification
38,0.00036953226630794363,0.9957280170879317,0.9957269583495447,0.9957280170879317,0.9957265472708161,0.9945397815912637,0.9937646141855028,0.9941520467836257,0.9954921111945906,0.9925093632958801,0.9939984996249063,0.9975460122699387,0.9993853718500307,0.9984648449493398,0.9949090909090909,0.9963583394027676,0.9956331877729258,0.00010892631054627609,0.998576512455516,0.9985844871756532,0.998576512455516,0.9985762522317362,1.0,0.9936708860759493,0.9968253968253968,0.9943977591036415,1.0,0.9971910112359551,1.0,1.0,1.0,1.0,1.0,1.0,hf_brain_tumor,classification
39,0.00019370953148236268,0.9973300106799573,0.9973380893304085,0.9973300106799573,0.9973315599887141,0.9968798751950078,0.9961028838659393,0.9964912280701754,0.992548435171386,0.9977528089887641,0.9951438177063877,1.0,0.9993853718500307,0.9996925914540424,0.9992690058479532,0.9956300072833212,0.9974461875228019,7.450270312190152e-05,0.997864768683274,0.9978708923221862,0.997864768683274,0.9978647382780302,1.0,0.9968354430379747,0.9984152139461173,0.9971751412429378,0.9943661971830986,0.995768688293371,1.0,1.0,1.0,0.9942857142857143,1.0,0.997134670487106,hf_brain_tumor,classification
40,0.00016095333293570968,0.9982200071199715,0.9982203864679512,0.9982200071199715,0.9982201298187784,0.999219968798752,0.9984411535463756,0.9988304093567252,0.997003745318352,0.997003745318352,0.997003745318352,0.9993853718500307,0.9993853718500307,0.9993853718500307,0.9970887918486172,0.9978150036416606,0.9974517655624318,5.957975532393799e-05,0.999288256227758,0.9992902555080172,0.999288256227758,0.9992881927700025,1.0,0.9968354430379747,0.9984152139461173,0.9971910112359551,1.0,0.9985935302390999,1.0,1.0,1.0,1.0,1.0,1.0,hf_brain_tumor,classification
41,0.00026700002028024784,0.9969740121039515,0.9969749975170059,0.9969740121039515,0.9969743077024705,0.9953271028037384,0.9961028838659393,0.995714842228282,0.9947604790419161,0.9955056179775281,0.9951329090228379,0.9993853718500307,0.9993853718500307,0.9993853718500307,0.9978118161925602,0.9963583394027676,0.9970845481049563,7.789817390309324e-05,0.998576512455516,0.9985785518359522,0.998576512455516,0.998576459051308,1.0,0.9968354430379747,0.9984152139461173,0.9971830985915493,0.9971830985915493,0.9971830985915493,1.0,1.0,1.0,0.997134670487106,1.0,0.9985652797704447,hf_brain_tumor,classification
42,0.00014615808801849827,0.997686009255963,0.997686475256485,0.997686009255963,0.9976853850063753,0.9984423676012462,0.9992205767731879,0.9988313206077133,0.9969947407963937,0.9940074906367041,0.9954988747186797,0.9993853718500307,0.9993853718500307,0.9993853718500307,0.9956395348837209,0.9978150036416606,0.9967260822117133,8.449535174904959e-05,0.9971530249110321,0.9971611591255719,0.9971530249110321,0.9971528047874294,1.0,0.9936708860759493,0.9968253968253968,0.9943661971830986,0.9943661971830986,0.9943661971830986,1.0,1.0,1.0,0.9942857142857143,1.0,0.997134670487106,hf_brain_tumor,classification
43,0.000186451987305182,0.9978640085439658,0.9978635007664344,0.9978640085439658,0.9978635775889738,0.9984399375975039,0.9976617303195635,0.9980506822612085,0.9962518740629686,0.9955056179775281,0.9958786062195579,0.9987722529158993,1.0,0.9993857493857494,0.9978150036416606,0.9978150036416606,0.9978150036416606,0.00011731649129903168,0.9971530249110321,0.9971611591255719,0.9971530249110321,0.9971528047874294,1.0,0.9936708860759493,0.9968253968253968,0.9943661971830986,0.9943661971830986,0.9943661971830986,1.0,1.0,1.0,0.9942857142857143,1.0,0.997134670487106,hf_brain_tumor,classification
44,0.00012327796686839148,0.9983980064079744,0.9983978613217095,0.9983980064079744,0.9983978682910287,0.9984411535463756,0.9984411535463756,0.9984411535463756,0.9970014992503748,0.9962546816479401,0.9966279505432747,1.0,1.0,1.0,0.9978165938864629,0.9985433357611071,0.9981798325445941,6.759768044257305e-05,0.997864768683274,0.9978708923221862,0.997864768683274,0.9978647382780302,1.0,0.9968354430379747,0.9984152139461173,0.9971751412429378,0.9943661971830986,0.995768688293371,1.0,1.0,1.0,0.9942857142857143,1.0,0.997134670487106,hf_brain_tumor,classification
45,0.0001427380356838568,0.9980420078319687,0.998041567098325,0.9980420078319687,0.9980415948026188,0.9984411535463756,0.9984411535463756,0.9984411535463756,0.9969992498124531,0.9955056179775281,0.9962518740629686,0.9993857493857494,1.0,0.9996927803379416,0.9970887918486172,0.9978150036416606,0.9974517655624318,4.056921647201974e-05,1.0,1.0,1.0,1.0,1.0,1.0,1.0,1.0,1.0,1.0,1.0,1.0,1.0,1.0,1.0,1.0,hf_brain_tumor,classification
46,6.781882585415367e-05,0.9989320042719829,0.9989322988811891,0.9989320042719829,0.9989319534291766,0.998443579766537,1.0,0.9992211838006231,0.998501872659176,0.998501872659176,0.998501872659176,1.0,0.9993853718500307,0.9996925914540424,0.9985422740524781,0.9978150036416606,0.9981785063752276,5.153717222963814e-05,0.998576512455516,0.9985846466700559,0.998576512455516,0.9985765412603244,1.0,1.0,1.0,1.0,0.9943661971830986,0.9971751412429378,1.0,1.0,1.0,0.9942857142857143,1.0,0.997134670487106,hf_brain_tumor,classification
47,0.0001522843226474898,0.9980420078319687,0.9980429177514556,0.9980420078319687,0.9980421386395533,0.9984399375975039,0.9976617303195635,0.9980506822612085,0.9955123410620793,0.997003745318352,0.9962574850299402,0.9993857493857494,1.0,0.9996927803379416,0.9985412107950401,0.9970866715222141,0.9978134110787172,5.113803533480858e-05,0.998576512455516,0.9985846466700559,0.998576512455516,0.9985765412603244,1.0,1.0,1.0,1.0,0.9943661971830986,0.9971751412429378,1.0,1.0,1.0,0.9942857142857143,1.0,0.997134670487106,hf_brain_tumor,classification
48,0.00016353989029204064,0.99875400498398,0.9987542602259832,0.99875400498398,0.9987540647404376,0.9984399375975039,0.9976617303195635,0.9980506822612085,0.9970059880239521,0.9977528089887641,0.997379258704605,1.0,1.0,1.0,0.9992716678805535,0.9992716678805535,0.9992716678805535,3.815165794587942e-05,1.0,1.0,1.0,1.0,1.0,1.0,1.0,1.0,1.0,1.0,1.0,1.0,1.0,1.0,1.0,1.0,hf_brain_tumor,classification
49,0.00022596559066423864,0.9982200071199715,0.998222780362006,0.9982200071199715,0.9982205239556223,0.99921875,0.9968823070927514,0.9980491611392899,0.9955190440627334,0.998501872659176,0.9970082273747195,1.0,0.9993853718500307,0.9996925914540424,0.9978150036416606,0.9978150036416606,0.9978150036416606,5.0273759347469565e-05,0.998576512455516,0.9985846466700559,0.998576512455516,0.9985765412603244,1.0,1.0,1.0,1.0,0.9943661971830986,0.9971751412429378,1.0,1.0,1.0,0.9942857142857143,1.0,0.997134670487106,hf_brain_tumor,classification
50,0.00013194484669036533,0.9983980064079744,0.9983978861979506,0.9983980064079744,0.9983976151645901,0.9976653696498055,0.9992205767731879,0.9984423676012462,0.9977494373593399,0.9962546816479401,0.9970014992503748,0.9993857493857494,1.0,0.9996927803379416,0.9985422740524781,0.9978150036416606,0.9981785063752276,5.111324491292594e-05,0.998576512455516,0.9985846466700559,0.998576512455516,0.9985765412603244,1.0,1.0,1.0,1.0,0.9943661971830986,0.9971751412429378,1.0,1.0,1.0,0.9942857142857143,1.0,0.997134670487106,hf_brain_tumor,classification
51,8.276670439463442e-05,0.9989320042719829,0.9989322468647519,0.9989320042719829,0.998931863070223,0.9992205767731879,0.9992205767731879,0.9992205767731879,0.9984996249062266,0.997003745318352,0.9977511244377811,1.0,1.0,1.0,0.9978181818181818,0.9992716678805535,0.9985443959243085,3.986424326997547e-05,0.998576512455516,0.9985846466700559,0.998576512455516,0.9985765412603244,1.0,1.0,1.0,1.0,0.9943661971830986,0.9971751412429378,1.0,1.0,1.0,0.9942857142857143,1.0,0.997134670487106,hf_brain_tumor,classification
52,9.195414986501692e-05,0.9985760056959773,0.9985762712999199,0.9985760056959773,0.9985760109232084,0.9984423676012462,0.9992205767731879,0.9988313206077133,0.9977511244377811,0.997003745318352,0.9973772948669913,1.0,0.9993853718500307,0.9996925914540424,0.9978165938864629,0.9985433357611071,0.9981798325445941,4.425984849744786e-05,0.998576512455516,0.9985846466700559,0.998576512455516,0.9985765412603244,1.0,1.0,1.0,1.0,0.9943661971830986,0.9971751412429378,1.0,1.0,1.0,0.9942857142857143,1.0,0.997134670487106,hf_brain_tumor,classification
53,8.259104342718693e-05,0.9991100035599858,0.9991102735218953,0.9991100035599858,0.999110072896217,0.9992205767731879,0.9992205767731879,0.9992205767731879,0.9977544910179641,0.998501872659176,0.9981280419318608,1.0,1.0,1.0,0.999271137026239,0.9985433357611071,0.9989071038251366,5.731486889740429e-05,0.998576512455516,0.9985846466700559,0.998576512455516,0.9985765412603244,1.0,1.0,1.0,1.0,0.9943661971830986,0.9971751412429378,1.0,1.0,1.0,0.9942857142857143,1.0,0.997134670487106,hf_brain_tumor,classification
54,0.00011211036625100119,0.9980420078319687,0.9980425771794671,0.9980420078319687,0.9980416405579294,0.9984399375975039,0.9976617303195635,0.9980506822612085,0.9977477477477478,0.9955056179775281,0.9966254218222722,0.9993857493857494,1.0,0.9996927803379416,0.9963662790697675,0.9985433357611071,0.9974536194979993,7.337348306399532e-05,0.997864768683274,0.9978751481463068,0.997864768683274,0.9978628400688411,0.9968454258675079,1.0,0.9984202211690363,1.0,0.9915492957746479,0.9957567185289957,1.0,1.0,1.0,0.9942857142857143,1.0,0.997134670487106,hf_brain_tumor,classification
55,0.00011403156175504197,0.9980420078319687,0.998042383765654,0.9980420078319687,0.9980409339529867,0.9976653696498055,0.9992205767731879,0.9984423676012462,0.9977443609022556,0.9940074906367041,0.9958724202626642,0.9993853718500307,0.9993853718500307,0.9993853718500307,0.997093023255814,0.9992716678805535,0.9981811567842852,5.1980081496988784e-05,0.998576512455516,0.9985846466700559,0.998576512455516,0.9985765412603244,1.0,1.0,1.0,1.0,0.9943661971830986,0.9971751412429378,1.0,1.0,1.0,0.9942857142857143,1.0,0.997134670487106,hf_brain_tumor,classification
56,7.669536154024696e-05,0.9992880028479886,0.9992889182008834,0.9992880028479886,0.9992879962789046,0.9992211838006231,1.0,0.9996104402025711,1.0,0.9977528089887641,0.9988751406074241,1.0,1.0,1.0,0.9978181818181818,0.9992716678805535,0.9985443959243085,5.610458952396843e-05,0.998576512455516,0.9985846466700559,0.998576512455516,0.9985765412603244,1.0,1.0,1.0,1.0,0.9943661971830986,0.9971751412429378,1.0,1.0,1.0,0.9942857142857143,1.0,0.997134670487106,hf_brain_tumor,classification
57,7.166216264703834e-05,0.9989320042719829,0.9989320242239729,0.9989320042719829,0.998931742602463,0.998443579766537,1.0,0.9992211838006231,0.9984996249062266,0.997003745318352,0.9977511244377811,1.0,1.0,1.0,0.9985433357611071,0.9985433357611071,0.9985433357611071,5.465477372662434e-05,0.998576512455516,0.9985846466700559,0.998576512455516,0.9985765412603244,1.0,1.0,1.0,1.0,0.9943661971830986,0.9971751412429378,1.0,1.0,1.0,0.9942857142857143,1.0,0.997134670487106,hf_brain_tumor,classification
58,0.0001620134671690921,0.9978640085439658,0.9978651852394306,0.9978640085439658,0.9978642905085023,0.9976635514018691,0.9984411535463756,0.9980522010128555,0.9970014992503748,0.9962546816479401,0.9966279505432747,1.0,0.9987707437000615,0.9993849938499385,0.9963636363636363,0.9978150036416606,0.9970887918486172,4.91589134910644e-05,0.998576512455516,0.9985846466700559,0.998576512455516,0.9985765412603244,1.0,1.0,1.0,1.0,0.9943661971830986,0.9971751412429378,1.0,1.0,1.0,0.9942857142857143,1.0,0.997134670487106,hf_brain_tumor,classification
59,8.346137104430388e-05,0.9989320042719829,0.9989327809961487,0.9989320042719829,0.9989321245234735,1.0,0.9984411535463756,0.999219968798752,0.9977528089887641,0.9977528089887641,0.9977528089887641,1.0,1.0,1.0,0.9978181818181818,0.9992716678805535,0.9985443959243085,5.309535927194233e-05,0.998576512455516,0.9985846466700559,0.998576512455516,0.9985765412603244,1.0,1.0,1.0,1.0,0.9943661971830986,0.9971751412429378,1.0,1.0,1.0,0.9942857142857143,1.0,0.997134670487106,hf_brain_tumor,classification
60,0.00013115590293051192,0.9983980064079744,0.9983979097531895,0.9983980064079744,0.9983977809352281,1.0,0.9992205767731879,0.9996101364522417,0.9970014992503748,0.9962546816479401,0.9966279505432747,0.9987722529158993,1.0,0.9993857493857494,0.9978150036416606,0.9978150036416606,0.9978150036416606,5.241773101981212e-05,0.998576512455516,0.9985846466700559,0.998576512455516,0.9985765412603244,1.0,1.0,1.0,1.0,0.9943661971830986,0.9971751412429378,1.0,1.0,1.0,0.9942857142857143,1.0,0.997134670487106,hf_brain_tumor,classification
61,0.00017253438538269194,0.9975080099679601,0.9975078102472194,0.9975080099679601,0.9975074542704384,0.9968823070927514,0.9968823070927514,0.9968823070927514,0.996996996996997,0.9947565543071161,0.995875515560555,0.9993857493857494,1.0,0.9996927803379416,0.9963636363636363,0.9978150036416606,0.9970887918486172,5.309852099004579e-05,0.998576512455516,0.9985846466700559,0.998576512455516,0.9985765412603244,1.0,1.0,1.0,1.0,0.9943661971830986,0.9971751412429378,1.0,1.0,1.0,0.9942857142857143,1.0,0.997134670487106,hf_brain_tumor,classification
62,8.44585080136926e-05,0.9989320042719829,0.9989332897258558,0.9989320042719829,0.9989321843277355,1.0,0.9984411535463756,0.999219968798752,0.9985007496251874,0.9977528089887641,0.9981266391907081,1.0,1.0,1.0,0.997093023255814,0.9992716678805535,0.9981811567842852,4.3606656268834044e-05,0.999288256227758,0.9992902956081942,0.999288256227758,0.9992882648693928,1.0,1.0,1.0,1.0,0.9971830985915493,0.998589562764457,1.0,1.0,1.0,0.997134670487106,1.0,0.9985652797704447,hf_brain_tumor,classification
63,0.0001222494807930425,0.99875400498398,0.9987542658379815,0.99875400498398,0.998754067494431,0.999219968798752,0.9984411535463756,0.9988304093567252,0.9977544910179641,0.998501872659176,0.9981280419318608,1.0,1.0,1.0,0.9978150036416606,0.9978150036416606,0.9978150036416606,5.170302721980535e-05,0.998576512455516,0.9985846466700559,0.998576512455516,0.9985765412603244,1.0,1.0,1.0,1.0,0.9943661971830986,0.9971751412429378,1.0,1.0,1.0,0.9942857142857143,1.0,0.997134670487106,hf_brain_tumor,classification
64,0.00020004844537958684,0.997686009255963,0.9976861645379335,0.997686009255963,0.9976857004351254,0.9976635514018691,0.9984411535463756,0.9980522010128555,0.9955089820359282,0.9962546816479401,0.9958816922500936,0.9993857493857494,1.0,0.9996927803379416,0.9978102189781022,0.9956300072833212,0.996718920889537,4.850054329768015e-05,0.998576512455516,0.9985846466700559,0.998576512455516,0.9985765412603244,1.0,1.0,1.0,1.0,0.9943661971830986,0.9971751412429378,1.0,1.0,1.0,0.9942857142857143,1.0,0.997134670487106,hf_brain_tumor,classification
65,7.538376633503365e-05,0.9989320042719829,0.9989319974140487,0.9989320042719829,0.998931800638673,0.9992211838006231,1.0,0.9996104402025711,0.9984996249062266,0.997003745318352,0.9977511244377811,1.0,1.0,1.0,0.9978165938864629,0.9985433357611071,0.9981798325445941,4.515668732426588e-05,0.998576512455516,0.9985846466700559,0.998576512455516,0.9985765412603244,1.0,1.0,1.0,1.0,0.9943661971830986,0.9971751412429378,1.0,1.0,1.0,0.9942857142857143,1.0,0.997134670487106,hf_brain_tumor,classification
66,0.00012321149421088171,0.99875400498398,0.9987538574462131,0.99875400498398,0.9987537360402217,0.9984423676012462,0.9992205767731879,0.9988313206077133,0.9984996249062266,0.997003745318352,0.9977511244377811,0.9993857493857494,1.0,0.9996927803379416,0.9985433357611071,0.9985433357611071,0.9985433357611071,5.0332276698935085e-05,0.999288256227758,0.9992902956081942,0.999288256227758,0.9992882648693928,1.0,1.0,1.0,1.0,0.9971830985915493,0.998589562764457,1.0,1.0,1.0,0.997134670487106,1.0,0.9985652797704447,hf_brain_tumor,classification
67,5.988907962709872e-05,0.9991100035599858,0.9991106623554747,0.9991100035599858,0.9991101285151422,1.0,0.9984411535463756,0.999219968798752,0.9977544910179641,0.998501872659176,0.9981280419318608,1.0,1.0,1.0,0.9985443959243085,0.9992716678805535,0.9989078995267565,5.1658006938666546e-05,0.998576512455516,0.9985846466700559,0.998576512455516,0.9985765412603244,1.0,1.0,1.0,1.0,0.9943661971830986,0.9971751412429378,1.0,1.0,1.0,0.9942857142857143,1.0,0.997134670487106,hf_brain_tumor,classification
68,5.5546989469790566e-05,0.9996440014239943,0.9996442696009677,0.9996440014239943,0.9996439350607791,0.9992211838006231,1.0,0.9996104402025711,1.0,0.998501872659176,0.9992503748125937,1.0,1.0,1.0,0.9992721979621543,1.0,0.9996359665089188,5.258012748637153e-05,0.999288256227758,0.9992902956081942,0.999288256227758,0.9992882648693928,1.0,1.0,1.0,1.0,0.9971830985915493,0.998589562764457,1.0,1.0,1.0,0.997134670487106,1.0,0.9985652797704447,hf_brain_tumor,classification
69,6.941614194917027e-05,0.99875400498398,0.9987555764527405,0.99875400498398,0.9987538006855586,0.998443579766537,1.0,0.9992211838006231,0.9992486851990984,0.9962546816479401,0.9977494373593399,1.0,0.9993853718500307,0.9996925914540424,0.997093023255814,0.9992716678805535,0.9981811567842852,5.355550006906503e-05,0.998576512455516,0.9985846466700559,0.998576512455516,0.9985765412603244,1.0,1.0,1.0,1.0,0.9943661971830986,0.9971751412429378,1.0,1.0,1.0,0.9942857142857143,1.0,0.997134670487106,hf_brain_tumor,classification
70,0.00018358646984955275,0.9983980064079744,0.9983985718726424,0.9983980064079744,0.9983978187061162,0.9968871595330739,0.9984411535463756,0.9976635514018691,0.9984984984984985,0.9962546816479401,0.9973753280839895,0.9993853718500307,0.9993853718500307,0.9993853718500307,0.9985443959243085,0.9992716678805535,0.9989078995267565,5.050293770169233e-05,0.998576512455516,0.9985846466700559,0.998576512455516,0.9985765412603244,1.0,1.0,1.0,1.0,0.9943661971830986,0.9971751412429378,1.0,1.0,1.0,0.9942857142857143,1.0,0.997134670487106,hf_brain_tumor,classification
71,9.863148658272626e-05,0.9985760056959773,0.9985771573125631,0.9985760056959773,0.9985756968824815,0.9968919968919969,1.0,0.998443579766537,0.9984984984984985,0.9962546816479401,0.9973753280839895,1.0,1.0,1.0,0.9985422740524781,0.9978150036416606,0.9981785063752276,4.7425652558290154e-05,0.998576512455516,0.9985846466700559,0.998576512455516,0.9985765412603244,1.0,1.0,1.0,1.0,0.9943661971830986,0.9971751412429378,1.0,1.0,1.0,0.9942857142857143,1.0,0.997134670487106,hf_brain_tumor,classification
72,0.0001002710756575439,0.99875400498398,0.9987540227672571,0.99875400498398,0.9987539468837457,0.9984423676012462,0.9992205767731879,0.9988313206077133,0.9977528089887641,0.9977528089887641,0.9977528089887641,1.0,1.0,1.0,0.9985422740524781,0.9978150036416606,0.9981785063752276,5.03231445273673e-05,0.998576512455516,0.9985846466700559,0.998576512455516,0.9985765412603244,1.0,1.0,1.0,1.0,0.9943661971830986,0.9971751412429378,1.0,1.0,1.0,0.9942857142857143,1.0,0.997134670487106,hf_brain_tumor,classification
73,8.633042002079075e-05,0.9985760056959773,0.9985772123226848,0.9985760056959773,0.9985760184413577,0.9984411535463756,0.9984411535463756,0.9984411535463756,0.9970104633781763,0.9992509363295881,0.998129442573887,0.9993853718500307,0.9993853718500307,0.9993853718500307,0.9992700729927008,0.9970866715222141,0.998177178271965,5.523049461030544e-05,0.998576512455516,0.9985846466700559,0.998576512455516,0.9985765412603244,1.0,1.0,1.0,1.0,0.9943661971830986,0.9971751412429378,1.0,1.0,1.0,0.9942857142857143,1.0,0.997134670487106,hf_brain_tumor,classification
74,5.085179166349971e-05,0.9994660021359915,0.9994662686019915,0.9994660021359915,0.9994660674004355,1.0,0.9992205767731879,0.9996101364522417,0.9985029940119761,0.9992509363295881,0.9988768251591165,1.0,1.0,1.0,0.9992716678805535,0.9992716678805535,0.9992716678805535,5.1177374512801076e-05,0.999288256227758,0.9992902956081942,0.999288256227758,0.9992882648693928,1.0,1.0,1.0,1.0,0.9971830985915493,0.998589562764457,1.0,1.0,1.0,0.997134670487106,1.0,0.9985652797704447,hf_brain_tumor,classification
75,6.301773550846357e-05,0.9992880028479886,0.999288671910994,0.9992880028479886,0.9992881373489012,1.0,0.9992205767731879,0.9996101364522417,0.9977561705310396,0.9992509363295881,0.9985029940119761,1.0,1.0,1.0,0.999271137026239,0.9985433357611071,0.9989071038251366,5.825220197836847e-05,0.998576512455516,0.9985846466700559,0.998576512455516,0.9985765412603244,1.0,1.0,1.0,1.0,0.9943661971830986,0.9971751412429378,1.0,1.0,1.0,0.9942857142857143,1.0,0.997134670487106,hf_brain_tumor,classification
76,7.281351711771784e-05,0.9989320042719829,0.9989331506806582,0.9989320042719829,0.9989321189425289,0.999219968798752,0.9984411535463756,0.9988304093567252,0.9992498124531133,0.9977528089887641,0.9985007496251874,1.0,1.0,1.0,0.997093023255814,0.9992716678805535,0.9981811567842852,4.949256146073983e-05,0.998576512455516,0.9985846466700559,0.998576512455516,0.9985765412603244,1.0,1.0,1.0,1.0,0.9943661971830986,0.9971751412429378,1.0,1.0,1.0,0.9942857142857143,1.0,0.997134670487106,hf_brain_tumor,classification
77,7.753958223854703e-05,0.9989320042719829,0.9989324955351168,0.9989320042719829,0.9989317912581007,0.999219968798752,0.9984411535463756,0.9988304093567252,0.9984996249062266,0.997003745318352,0.9977511244377811,1.0,1.0,1.0,0.9978197674418605,1.0,0.9989086940705711,5.133964921549776e-05,0.998576512455516,0.9985846466700559,0.998576512455516,0.9985765412603244,1.0,1.0,1.0,1.0,0.9943661971830986,0.9971751412429378,1.0,1.0,1.0,0.9942857142857143,1.0,0.997134670487106,hf_brain_tumor,classification
78,7.864266551910468e-05,0.99875400498398,0.9987537433144601,0.99875400498398,0.9987538062348401,0.9992211838006231,1.0,0.9996104402025711,0.9977511244377811,0.997003745318352,0.9973772948669913,1.0,1.0,1.0,0.9978150036416606,0.9978150036416606,0.9978150036416606,6.133557499876889e-05,0.997864768683274,0.9978751481463068,0.997864768683274,0.9978628400688411,0.9968454258675079,1.0,0.9984202211690363,1.0,0.9915492957746479,0.9957567185289957,1.0,1.0,1.0,0.9942857142857143,1.0,0.997134670487106,hf_brain_tumor,classification
79,0.00010634228040031231,0.9985760056959773,0.9985762791537964,0.9985760056959773,0.9985760768287354,0.9984411535463756,0.9984411535463756,0.9984411535463756,0.9970059880239521,0.9977528089887641,0.997379258704605,1.0,1.0,1.0,0.9985422740524781,0.9978150036416606,0.9981785063752276,5.215814182327682e-05,0.998576512455516,0.9985846466700559,0.998576512455516,0.9985765412603244,1.0,1.0,1.0,1.0,0.9943661971830986,0.9971751412429378,1.0,1.0,1.0,0.9942857142857143,1.0,0.997134670487106,hf_brain_tumor,classification
80,0.00010287237550054018,0.9985760056959773,0.9985765045133701,0.9985760056959773,0.9985759871024692,0.9992193598750976,0.9976617303195635,0.9984399375975039,0.9977528089887641,0.9977528089887641,0.9977528089887641,0.9993853718500307,0.9993853718500307,0.9993853718500307,0.9978181818181818,0.9992716678805535,0.9985443959243085,5.250921489766703e-05,0.998576512455516,0.9985846466700559,0.998576512455516,0.9985765412603244,1.0,1.0,1.0,1.0,0.9943661971830986,0.9971751412429378,1.0,1.0,1.0,0.9942857142857143,1.0,0.997134670487106,hf_brain_tumor,classification
81,0.00012289462724103116,0.9982200071199715,0.9982211064612124,0.9982200071199715,0.9982192830635885,0.9968895800933126,0.9992205767731879,0.9980537173997664,0.9984962406015038,0.9947565543071161,0.9966228893058161,0.9993853718500307,0.9993853718500307,0.9993853718500307,0.9978181818181818,0.9992716678805535,0.9985443959243085,5.426041712065419e-05,0.998576512455516,0.9985846466700559,0.998576512455516,0.9985765412603244,1.0,1.0,1.0,1.0,0.9943661971830986,0.9971751412429378,1.0,1.0,1.0,0.9942857142857143,1.0,0.997134670487106,hf_brain_tumor,classification
82,6.848318377816897e-05,0.9991100035599858,0.9991105180135832,0.9991100035599858,0.9991097967667307,0.9992211838006231,1.0,0.9996104402025711,0.9992492492492493,0.997003745318352,0.9981252343457068,1.0,1.0,1.0,0.9978181818181818,0.9992716678805535,0.9985443959243085,4.7910040277017426e-05,0.998576512455516,0.9985846466700559,0.998576512455516,0.9985765412603244,1.0,1.0,1.0,1.0,0.9943661971830986,0.9971751412429378,1.0,1.0,1.0,0.9942857142857143,1.0,0.997134670487106,hf_brain_tumor,classification
83,9.376883989737311e-05,0.9983980064079744,0.9983992477249103,0.9983980064079744,0.9983970485009043,0.9976653696498055,0.9992205767731879,0.9984423676012462,0.999247554552295,0.9947565543071161,0.996996996996997,0.9987722529158993,1.0,0.9993857493857494,0.9978181818181818,0.9992716678805535,0.9985443959243085,4.88045418210746e-05,0.998576512455516,0.9985846466700559,0.998576512455516,0.9985765412603244,1.0,1.0,1.0,1.0,0.9943661971830986,0.9971751412429378,1.0,1.0,1.0,0.9942857142857143,1.0,0.997134670487106,hf_brain_tumor,classification
84,8.616354880158979e-05,0.99875400498398,0.9987546403179524,0.99875400498398,0.9987541255111736,1.0,0.9992205767731879,0.9996101364522417,0.9977511244377811,0.997003745318352,0.9973772948669913,1.0,1.0,1.0,0.9970909090909091,0.9985433357611071,0.9978165938864629,5.7418347216227366e-05,0.998576512455516,0.9985846466700559,0.998576512455516,0.9985765412603244,1.0,1.0,1.0,1.0,0.9943661971830986,0.9971751412429378,1.0,1.0,1.0,0.9942857142857143,1.0,0.997134670487106,hf_brain_tumor,classification
85,0.00016160549415278433,0.9983980064079744,0.9983978736747245,0.9983980064079744,0.9983977485511937,0.9984423676012462,0.9992205767731879,0.9988313206077133,0.997003745318352,0.997003745318352,0.997003745318352,0.9993857493857494,1.0,0.9996927803379416,0.9985412107950401,0.9970866715222141,0.9978134110787172,5.3490528416433234e-05,0.998576512455516,0.9985846466700559,0.998576512455516,0.9985765412603244,1.0,1.0,1.0,1.0,0.9943661971830986,0.9971751412429378,1.0,1.0,1.0,0.9942857142857143,1.0,0.997134670487106,hf_brain_tumor,classification
86,0.00011954903158001594,0.9989320042719829,0.9989334444157075,0.9989320042719829,0.9989315944461706,0.998443579766537,1.0,0.9992211838006231,1.0,0.9962546816479401,0.99812382739212,0.9993857493857494,1.0,0.9996927803379416,0.9978181818181818,0.9992716678805535,0.9985443959243085,5.285090147599379e-05,0.998576512455516,0.9985846466700559,0.998576512455516,0.9985765412603244,1.0,1.0,1.0,1.0,0.9943661971830986,0.9971751412429378,1.0,1.0,1.0,0.9942857142857143,1.0,0.997134670487106,hf_brain_tumor,classification
87,4.7969737682116415e-05,0.9991100035599858,0.9991104032589858,0.9991100035599858,0.9991101354658706,1.0,0.9992205767731879,0.9996101364522417,0.9977544910179641,0.998501872659176,0.9981280419318608,1.0,1.0,1.0,0.9985433357611071,0.9985433357611071,0.9985433357611071,4.893750168560787e-05,0.998576512455516,0.9985846466700559,0.998576512455516,0.9985765412603244,1.0,1.0,1.0,1.0,0.9943661971830986,0.9971751412429378,1.0,1.0,1.0,0.9942857142857143,1.0,0.997134670487106,hf_brain_tumor,classification
88,7.148225120135021e-05,0.9989320042719829,0.9989328181880435,0.9989320042719829,0.9989319519502117,0.9992211838006231,1.0,0.9996104402025711,0.9970082273747195,0.998501872659176,0.9977544910179641,1.0,1.0,1.0,0.9992700729927008,0.9970866715222141,0.998177178271965,5.491241971433857e-05,0.998576512455516,0.9985846466700559,0.998576512455516,0.9985765412603244,1.0,1.0,1.0,1.0,0.9943661971830986,0.9971751412429378,1.0,1.0,1.0,0.9942857142857143,1.0,0.997134670487106,hf_brain_tumor,classification
89,0.00011822025640769221,0.9978640085439658,0.9978649565310617,0.9978640085439658,0.9978632096266835,0.9968895800933126,0.9992205767731879,0.9980537173997664,0.9977443609022556,0.9940074906367041,0.9958724202626642,1.0,1.0,1.0,0.9963636363636363,0.9978150036416606,0.9970887918486172,5.098103659291356e-05,0.998576512455516,0.9985846466700559,0.998576512455516,0.9985765412603244,1.0,1.0,1.0,1.0,0.9943661971830986,0.9971751412429378,1.0,1.0,1.0,0.9942857142857143,1.0,0.997134670487106,hf_brain_tumor,classification
90,0.0001277088343170438,0.99875400498398,0.998754900612782,0.99875400498398,0.9987540656120805,0.9984423676012462,0.9992205767731879,0.9988313206077133,0.9977544910179641,0.998501872659176,0.9981280419318608,0.9987714987714987,0.9993853718500307,0.9990783410138249,1.0,0.9978150036416606,0.998906306963179,5.742857230880578e-05,0.998576512455516,0.9985846466700559,0.998576512455516,0.9985765412603244,1.0,1.0,1.0,1.0,0.9943661971830986,0.9971751412429378,1.0,1.0,1.0,0.9942857142857143,1.0,0.997134670487106,hf_brain_tumor,classification
91,0.00011023895757649165,0.9982200071199715,0.9982207648454199,0.9982200071199715,0.9982201180747082,0.9992193598750976,0.9976617303195635,0.9984399375975039,0.9962546816479401,0.9962546816479401,0.9962546816479401,1.0,1.0,1.0,0.9970909090909091,0.9985433357611071,0.9978165938864629,4.48064583448687e-05,0.998576512455516,0.9985846466700559,0.998576512455516,0.9985765412603244,1.0,1.0,1.0,1.0,0.9943661971830986,0.9971751412429378,1.0,1.0,1.0,0.9942857142857143,1.0,0.997134670487106,hf_brain_tumor,classification
92,5.855936765855756e-05,0.9985760056959773,0.9985781907178155,0.9985760056959773,0.9985762364771845,1.0,0.9976617303195635,0.9988294966835739,0.9977511244377811,0.997003745318352,0.9973772948669913,1.0,1.0,1.0,0.9963689179375453,0.9992716678805535,0.9978181818181818,4.623591342560337e-05,0.998576512455516,0.9985846466700559,0.998576512455516,0.9985765412603244,1.0,1.0,1.0,1.0,0.9943661971830986,0.9971751412429378,1.0,1.0,1.0,0.9942857142857143,1.0,0.997134670487106,hf_brain_tumor,classification
93,9.544530568130117e-05,0.99875400498398,0.9987537433144601,0.99875400498398,0.9987538062348401,0.9992211838006231,1.0,0.9996104402025711,0.9977511244377811,0.997003745318352,0.9973772948669913,1.0,1.0,1.0,0.9978150036416606,0.9978150036416606,0.9978150036416606,5.2618828872789154e-05,0.998576512455516,0.9985846466700559,0.998576512455516,0.9985765412603244,1.0,1.0,1.0,1.0,0.9943661971830986,0.9971751412429378,1.0,1.0,1.0,0.9942857142857143,1.0,0.997134670487106,hf_brain_tumor,classification
94,9.642003511654726e-05,0.9991100035599858,0.9991101051271477,0.9991100035599858,0.9991099266728176,1.0,0.9992205767731879,0.9996101364522417,0.9985007496251874,0.9977528089887641,0.9981266391907081,0.9993857493857494,1.0,0.9996927803379416,0.9985443959243085,0.9992716678805535,0.9989078995267565,5.0785802216675856e-05,0.998576512455516,0.9985846466700559,0.998576512455516,0.9985765412603244,1.0,1.0,1.0,1.0,0.9943661971830986,0.9971751412429378,1.0,1.0,1.0,0.9942857142857143,1.0,0.997134670487106,hf_brain_tumor,classification
95,9.302456350211701e-05,0.9983980064079744,0.99840040101723,0.9983980064079744,0.9983987391900279,1.0,0.9984411535463756,0.999219968798752,0.9955156950672646,0.9977528089887641,0.9966329966329966,1.0,0.9993853718500307,0.9996925914540424,0.9978150036416606,0.9978150036416606,0.9978150036416606,6.220724751229516e-05,0.997864768683274,0.9978751481463068,0.997864768683274,0.9978628400688411,0.9968454258675079,1.0,0.9984202211690363,1.0,0.9915492957746479,0.9957567185289957,1.0,1.0,1.0,0.9942857142857143,1.0,0.997134670487106,hf_brain_tumor,classification
96,9.778868961565632e-05,0.99875400498398,0.9987559495982105,0.99875400498398,0.9987540167810562,0.9984423676012462,0.9992205767731879,0.9988313206077133,0.9992492492492493,0.997003745318352,0.9981252343457068,1.0,0.9987707437000615,0.9993849938499385,0.9970951343500363,1.0,0.9985454545454545,4.895269164138933e-05,0.998576512455516,0.9985846466700559,0.998576512455516,0.9985765412603244,1.0,1.0,1.0,1.0,0.9943661971830986,0.9971751412429378,1.0,1.0,1.0,0.9942857142857143,1.0,0.997134670487106,hf_brain_tumor,classification
97,6.367469100969116e-05,0.9991100035599858,0.9991105180135832,0.9991100035599858,0.9991097967667307,0.9992211838006231,1.0,0.9996104402025711,0.9992492492492493,0.997003745318352,0.9981252343457068,1.0,1.0,1.0,0.9978181818181818,0.9992716678805535,0.9985443959243085,4.580243410073243e-05,0.998576512455516,0.9985846466700559,0.998576512455516,0.9985765412603244,1.0,1.0,1.0,1.0,0.9943661971830986,0.9971751412429378,1.0,1.0,1.0,0.9942857142857143,1.0,0.997134670487106,hf_brain_tumor,classification
98,0.0001105559779334412,0.9980420078319687,0.9980427113977892,0.9980420078319687,0.9980417702015387,0.9992193598750976,0.9976617303195635,0.9984399375975039,0.9969992498124531,0.9955056179775281,0.9962518740629686,0.9993857493857494,1.0,0.9996927803379416,0.9963662790697675,0.9985433357611071,0.9974536194979993,4.6525035390040236e-05,0.999288256227758,0.9992902956081942,0.999288256227758,0.9992882648693928,1.0,1.0,1.0,1.0,0.9971830985915493,0.998589562764457,1.0,1.0,1.0,0.997134670487106,1.0,0.9985652797704447,hf_brain_tumor,classification
99,9.712905244149605e-05,0.9982200071199715,0.9982213210261943,0.9982200071199715,0.9982205365391463,1.0,0.9992205767731879,0.9996101364522417,0.9962574850299402,0.997003745318352,0.9966304754773493,1.0,0.9993853718500307,0.9996925914540424,0.9963609898107715,0.9970866715222141,0.9967236985802694,5.9486805269498746e-05,0.998576512455516,0.9985807970844451,0.998576512455516,0.9985755746553546,0.9968454258675079,1.0,0.9984202211690363,1.0,0.9943661971830986,0.9971751412429378,1.0,1.0,1.0,0.997134670487106,1.0,0.9985652797704447,hf_brain_tumor,classification
100,0.00010282664824937949,0.9983980064079744,0.9983990410244107,0.9983980064079744,0.9983981926422814,0.9984387197501952,0.9968823070927514,0.9976599063962559,0.9962602842183994,0.9977528089887641,0.9970059880239521,1.0,0.9993853718500307,0.9996925914540424,0.9985443959243085,0.9992716678805535,0.9989078995267565,4.6104687791312474e-05,0.998576512455516,0.9985846466700559,0.998576512455516,0.9985765412603244,1.0,1.0,1.0,1.0,0.9943661971830986,0.9971751412429378,1.0,1.0,1.0,0.9942857142857143,1.0,0.997134670487106,hf_brain_tumor,classification
101,9.507540675532576e-05,0.9989320042719829,0.9989323854934808,0.9989320042719829,0.9989318703816551,0.9992211838006231,1.0,0.9996104402025711,0.9984996249062266,0.997003745318352,0.9977511244377811,1.0,0.9993853718500307,0.9996925914540424,0.9978181818181818,0.9992716678805535,0.9985443959243085,4.6871939625379645e-05,0.998576512455516,0.9985846466700559,0.998576512455516,0.9985765412603244,1.0,1.0,1.0,1.0,0.9943661971830986,0.9971751412429378,1.0,1.0,1.0,0.9942857142857143,1.0,0.997134670487106,hf_brain_tumor,classification
102,5.180076449509301e-05,0.9992880028479886,0.9992881425879927,0.9992880028479886,0.9992878723933902,0.9984423676012462,0.9992205767731879,0.9988313206077133,0.9992498124531133,0.9977528089887641,0.9985007496251874,1.0,1.0,1.0,0.9992721979621543,1.0,0.9996359665089188,4.672088121082702e-05,0.998576512455516,0.9985846466700559,0.998576512455516,0.9985765412603244,1.0,1.0,1.0,1.0,0.9943661971830986,0.9971751412429378,1.0,1.0,1.0,0.9942857142857143,1.0,0.997134670487106,hf_brain_tumor,classification
103,0.00012343947346850736,0.9985760056959773,0.9985765436772263,0.9985760056959773,0.9985754737871305,0.9976653696498055,0.9992205767731879,0.9984423676012462,0.9984973703981969,0.9955056179775281,0.9969992498124531,1.0,1.0,1.0,0.9978181818181818,0.9992716678805535,0.9985443959243085,5.52571564316284e-05,0.998576512455516,0.9985846466700559,0.998576512455516,0.9985765412603244,1.0,1.0,1.0,1.0,0.9943661971830986,0.9971751412429378,1.0,1.0,1.0,0.9942857142857143,1.0,0.997134670487106,hf_brain_tumor,classification
104,0.00011938551497787046,0.9989320042719829,0.9989328283172793,0.9989320042719829,0.9989321027662863,0.998443579766537,1.0,0.9992211838006231,0.9977544910179641,0.998501872659176,0.9981280419318608,1.0,0.9987707437000615,0.9993849938499385,0.999271137026239,0.9985433357611071,0.9989071038251366,5.118953601168186e-05,0.998576512455516,0.9985846466700559,0.998576512455516,0.9985765412603244,1.0,1.0,1.0,1.0,0.9943661971830986,0.9971751412429378,1.0,1.0,1.0,0.9942857142857143,1.0,0.997134670487106,hf_brain_tumor,classification
105,0.00011959145070689779,0.9980420078319687,0.9980418616842035,0.9980420078319687,0.9980412038953327,0.9976653696498055,0.9992205767731879,0.9984423676012462,0.9977460555972952,0.9947565543071161,0.9962490622655664,0.9993857493857494,1.0,0.9996927803379416,0.9970887918486172,0.9978150036416606,0.9974517655624318,4.4469778285168745e-05,1.0,1.0,1.0,1.0,1.0,1.0,1.0,1.0,1.0,1.0,1.0,1.0,1.0,1.0,1.0,1.0,hf_brain_tumor,classification
106,7.554681094884898e-05,0.99875400498398,0.9987538666049444,0.99875400498398,0.998753470170551,0.998443579766537,1.0,0.9992211838006231,0.9984984984984985,0.9962546816479401,0.9973753280839895,0.9993857493857494,1.0,0.9996927803379416,0.9985433357611071,0.9985433357611071,0.9985433357611071,5.765669889568217e-05,0.998576512455516,0.9985807970844451,0.998576512455516,0.9985755746553546,0.9968454258675079,1.0,0.9984202211690363,1.0,0.9943661971830986,0.9971751412429378,1.0,1.0,1.0,0.997134670487106,1.0,0.9985652797704447,hf_brain_tumor,classification
107,9.408763489404156e-05,0.9989320042719829,0.9989322353873893,0.9989320042719829,0.9989319921825169,1.0,0.9992205767731879,0.9996101364522417,0.9985007496251874,0.9977528089887641,0.9981266391907081,0.9993857493857494,1.0,0.9996927803379416,0.9978165938864629,0.9985433357611071,0.9981798325445941,5.5150449770735574e-05,0.998576512455516,0.9985846466700559,0.998576512455516,0.9985765412603244,1.0,1.0,1.0,1.0,0.9943661971830986,0.9971751412429378,1.0,1.0,1.0,0.9942857142857143,1.0,0.997134670487106,hf_brain_tumor,classification
108,0.00013143917496539882,0.9978640085439658,0.9978642235046057,0.9978640085439658,0.9978633921043089,0.9976635514018691,0.9984411535463756,0.9980522010128555,0.9977460555972952,0.9947565543071161,0.9962490622655664,0.9993857493857494,1.0,0.9996927803379416,0.9963636363636363,0.9978150036416606,0.9970887918486172,4.736784733785857e-05,0.998576512455516,0.9985846466700559,0.998576512455516,0.9985765412603244,1.0,1.0,1.0,1.0,0.9943661971830986,0.9971751412429378,1.0,1.0,1.0,0.9942857142857143,1.0,0.997134670487106,hf_brain_tumor,classification
109,0.0001142205380316229,0.9983980064079744,0.9984034486022705,0.9983980064079744,0.9983966601638583,0.9968919968919969,1.0,0.998443579766537,1.0,0.9932584269662922,0.9966178128523112,1.0,1.0,1.0,0.9963715529753265,1.0,0.9981824790985097,5.8676772554951976e-05,0.997864768683274,0.9978751481463068,0.997864768683274,0.9978628400688411,0.9968454258675079,1.0,0.9984202211690363,1.0,0.9915492957746479,0.9957567185289957,1.0,1.0,1.0,0.9942857142857143,1.0,0.997134670487106,hf_brain_tumor,classification
110,8.163041708132819e-05,0.9985760056959773,0.9985762622194354,0.9985760056959773,0.9985760063795439,0.9992211838006231,1.0,0.9996104402025711,0.9977511244377811,0.997003745318352,0.9973772948669913,1.0,0.9993853718500307,0.9996925914540424,0.9970887918486172,0.9978150036416606,0.9974517655624318,5.2259863628023596e-05,0.998576512455516,0.9985846466700559,0.998576512455516,0.9985765412603244,1.0,1.0,1.0,1.0,0.9943661971830986,0.9971751412429378,1.0,1.0,1.0,0.9942857142857143,1.0,0.997134670487106,hf_brain_tumor,classification
111,7.008982307674264e-05,0.9992880028479886,0.9992880028479886,0.9992880028479886,0.9992880028479886,0.9992205767731879,0.9992205767731879,0.9992205767731879,0.998501872659176,0.998501872659176,0.998501872659176,1.0,1.0,1.0,0.9992716678805535,0.9992716678805535,0.9992716678805535,4.393053521099736e-05,0.998576512455516,0.9985846466700559,0.998576512455516,0.9985765412603244,1.0,1.0,1.0,1.0,0.9943661971830986,0.9971751412429378,1.0,1.0,1.0,0.9942857142857143,1.0,0.997134670487106,hf_brain_tumor,classification
112,9.28653361955286e-05,0.9983980064079744,0.9983980443278753,0.9983980064079744,0.998397821441947,0.9976653696498055,0.9992205767731879,0.9984423676012462,0.9970014992503748,0.9962546816479401,0.9966279505432747,1.0,1.0,1.0,0.9985422740524781,0.9978150036416606,0.9981785063752276,5.2038128166335474e-05,0.998576512455516,0.9985846466700559,0.998576512455516,0.9985765412603244,1.0,1.0,1.0,1.0,0.9943661971830986,0.9971751412429378,1.0,1.0,1.0,0.9942857142857143,1.0,0.997134670487106,hf_brain_tumor,classification
113,0.00013232434401950918,0.9980420078319687,0.9980437040756732,0.9980420078319687,0.9980417706942551,0.9961149961149961,0.9992205767731879,0.9976653696498055,0.9984973703981969,0.9955056179775281,0.9969992498124531,1.0,1.0,1.0,0.9970866715222141,0.9970866715222141,0.9970866715222141,5.4219967884311046e-05,0.998576512455516,0.9985846466700559,0.998576512455516,0.9985765412603244,1.0,1.0,1.0,1.0,0.9943661971830986,0.9971751412429378,1.0,1.0,1.0,0.9942857142857143,1.0,0.997134670487106,hf_brain_tumor,classification
114,6.809093238922593e-05,0.9989320042719829,0.9989329341802382,0.9989320042719829,0.9989318740775224,0.998443579766537,1.0,0.9992211838006231,0.9992492492492493,0.997003745318352,0.9981252343457068,1.0,0.9993853718500307,0.9996925914540424,0.9978181818181818,0.9992716678805535,0.9985443959243085,5.4702568659162726e-05,0.998576512455516,0.9985846466700559,0.998576512455516,0.9985765412603244,1.0,1.0,1.0,1.0,0.9943661971830986,0.9971751412429378,1.0,1.0,1.0,0.9942857142857143,1.0,0.997134670487106,hf_brain_tumor,classification
115,4.525855661207515e-05,0.9991100035599858,0.9991098753232155,0.9991100035599858,0.999109871502224,0.9992211838006231,1.0,0.9996104402025711,0.9985007496251874,0.9977528089887641,0.9981266391907081,1.0,1.0,1.0,0.9985433357611071,0.9985433357611071,0.9985433357611071,5.209257602631967e-05,0.999288256227758,0.9992902956081942,0.999288256227758,0.9992882648693928,1.0,1.0,1.0,1.0,0.9971830985915493,0.998589562764457,1.0,1.0,1.0,0.997134670487106,1.0,0.9985652797704447,hf_brain_tumor,classification
116,6.598539805154524e-05,0.99875400498398,0.9987541185382802,0.99875400498398,0.998753597966554,0.9992211838006231,1.0,0.9996104402025711,0.9984984984984985,0.9962546816479401,0.9973753280839895,0.9993853718500307,0.9993853718500307,0.9993853718500307,0.9978181818181818,0.9992716678805535,0.9985443959243085,4.971803464610159e-05,0.998576512455516,0.9985846466700559,0.998576512455516,0.9985765412603244,1.0,1.0,1.0,1.0,0.9943661971830986,0.9971751412429378,1.0,1.0,1.0,0.9942857142857143,1.0,0.997134670487106,hf_brain_tumor,classification
117,8.702820440162328e-05,0.9985760056959773,0.9985758704010737,0.9985760056959773,0.9985757379712841,0.9984423676012462,0.9992205767731879,0.9988313206077133,0.9977494373593399,0.9962546816479401,0.9970014992503748,1.0,1.0,1.0,0.9978165938864629,0.9985433357611071,0.9981798325445941,5.16372435575191e-05,0.999288256227758,0.9992902956081942,0.999288256227758,0.9992882648693928,1.0,1.0,1.0,1.0,0.9971830985915493,0.998589562764457,1.0,1.0,1.0,0.997134670487106,1.0,0.9985652797704447,hf_brain_tumor,classification
118,5.849402684992246e-05,0.9992880028479886,0.9992893057162466,0.9992880028479886,0.9992877947647926,0.9992211838006231,1.0,0.9996104402025711,1.0,0.997003745318352,0.9984996249062266,1.0,1.0,1.0,0.9978197674418605,1.0,0.9989086940705711,4.603263270733915e-05,0.999288256227758,0.9992902956081942,0.999288256227758,0.9992882648693928,1.0,1.0,1.0,1.0,0.9971830985915493,0.998589562764457,1.0,1.0,1.0,0.997134670487106,1.0,0.9985652797704447,hf_brain_tumor,classification
119,0.00011559419280426449,0.9982200071199715,0.9982219909798242,0.9982200071199715,0.9982201544583955,0.9984411535463756,0.9984411535463756,0.9984411535463756,0.9955156950672646,0.9977528089887641,0.9966329966329966,0.9993857493857494,1.0,0.9996927803379416,0.9992695398100804,0.9963583394027676,0.9978118161925602,5.0117046409834195e-05,0.998576512455516,0.9985846466700559,0.998576512455516,0.9985765412603244,1.0,1.0,1.0,1.0,0.9943661971830986,0.9971751412429378,1.0,1.0,1.0,0.9942857142857143,1.0,0.997134670487106,hf_brain_tumor,classification
120,8.786765615506502e-05,0.9985760056959773,0.9985765914524783,0.9985760056959773,0.9985758245951986,0.9976671850699844,1.0,0.9988322304398599,0.9977511244377811,0.997003745318352,0.9973772948669913,0.9993853718500307,0.9993853718500307,0.9993853718500307,0.9992706053975201,0.9978150036416606,0.9985422740524781,4.705342360537808e-05,0.999288256227758,0.9992902956081942,0.999288256227758,0.9992882648693928,1.0,1.0,1.0,1.0,0.9971830985915493,0.998589562764457,1.0,1.0,1.0,0.997134670487106,1.0,0.9985652797704447,hf_brain_tumor,classification
121,0.00011669646770078168,0.99875400498398,0.9987545424492023,0.99875400498398,0.998754073466153,0.9976635514018691,0.9984411535463756,0.9980522010128555,0.9992498124531133,0.9977528089887641,0.9985007496251874,1.0,1.0,1.0,0.9978165938864629,0.9985433357611071,0.9981798325445941,5.505234175215591e-05,1.0,1.0,1.0,1.0,1.0,1.0,1.0,1.0,1.0,1.0,1.0,1.0,1.0,1.0,1.0,1.0,hf_brain_tumor,classification
122,4.314630331684132e-05,0.9996440014239943,0.9996445192401049,0.9996440014239943,0.9996439975394892,1.0,1.0,1.0,1.0,0.998501872659176,0.9992503748125937,1.0,1.0,1.0,0.9985454545454545,1.0,0.9992721979621543,5.2375461298577786e-05,0.998576512455516,0.9985846466700559,0.998576512455516,0.9985765412603244,1.0,1.0,1.0,1.0,0.9943661971830986,0.9971751412429378,1.0,1.0,1.0,0.9942857142857143,1.0,0.997134670487106,hf_brain_tumor,classification
123,0.0001101194755909897,0.9991100035599858,0.9991101156655986,0.9991100035599858,0.9991098622866343,0.999219968798752,0.9984411535463756,0.9988304093567252,0.9985007496251874,0.9977528089887641,0.9981266391907081,1.0,1.0,1.0,0.9985454545454545,1.0,0.9992721979621543,4.730685923164351e-05,0.998576512455516,0.9985846466700559,0.998576512455516,0.9985765412603244,1.0,1.0,1.0,1.0,0.9943661971830986,0.9971751412429378,1.0,1.0,1.0,0.9942857142857143,1.0,0.997134670487106,hf_brain_tumor,classification
124,7.509596290759858e-05,0.9989320042719829,0.9989320042719829,0.9989320042719829,0.9989320042719829,0.9992205767731879,0.9992205767731879,0.9992205767731879,0.9977528089887641,0.9977528089887641,0.9977528089887641,1.0,1.0,1.0,0.9985433357611071,0.9985433357611071,0.9985433357611071,4.899089214002587e-05,0.998576512455516,0.9985846466700559,0.998576512455516,0.9985765412603244,1.0,1.0,1.0,1.0,0.9943661971830986,0.9971751412429378,1.0,1.0,1.0,0.9942857142857143,1.0,0.997134670487106,hf_brain_tumor,classification
125,5.439745066164678e-05,0.9992880028479886,0.9992880028479886,0.9992880028479886,0.9992880028479886,0.9992205767731879,0.9992205767731879,0.9992205767731879,0.9992509363295881,0.9992509363295881,0.9992509363295881,0.9993853718500307,0.9993853718500307,0.9993853718500307,0.9992716678805535,0.9992716678805535,0.9992716678805535,5.0434890018466355e-05,0.998576512455516,0.9985846466700559,0.998576512455516,0.9985765412603244,1.0,1.0,1.0,1.0,0.9943661971830986,0.9971751412429378,1.0,1.0,1.0,0.9942857142857143,1.0,0.997134670487106,hf_brain_tumor,classification
126,9.440536845409601e-05,0.9983980064079744,0.9983987833109352,0.9983980064079744,0.998398190598716,0.9992193598750976,0.9976617303195635,0.9984399375975039,0.9962574850299402,0.997003745318352,0.9966304754773493,1.0,1.0,1.0,0.9978165938864629,0.9985433357611071,0.9981798325445941,4.623032906121704e-05,0.998576512455516,0.9985846466700559,0.998576512455516,0.9985765412603244,1.0,1.0,1.0,1.0,0.9943661971830986,0.9971751412429378,1.0,1.0,1.0,0.9942857142857143,1.0,0.997134670487106,hf_brain_tumor,classification
127,0.000118468283931553,0.9985760056959773,0.998575994042462,0.9985760056959773,0.9985759342704096,0.9984411535463756,0.9984411535463756,0.9984411535463756,0.9977511244377811,0.997003745318352,0.9973772948669913,1.0,1.0,1.0,0.9978165938864629,0.9985433357611071,0.9981798325445941,5.077969660954771e-05,0.998576512455516,0.9985846466700559,0.998576512455516,0.9985765412603244,1.0,1.0,1.0,1.0,0.9943661971830986,0.9971751412429378,1.0,1.0,1.0,0.9942857142857143,1.0,0.997134670487106,hf_brain_tumor,classification
128,0.00010034991120094687,0.9982200071199715,0.9982229502954952,0.9982200071199715,0.9982206806601044,1.0,0.9984411535463756,0.999219968798752,0.9947722180731889,0.9977528089887641,0.9962602842183994,1.0,1.0,1.0,0.9978118161925602,0.9963583394027676,0.9970845481049563,5.410738098025734e-05,0.998576512455516,0.9985846466700559,0.998576512455516,0.9985765412603244,1.0,1.0,1.0,1.0,0.9943661971830986,0.9971751412429378,1.0,1.0,1.0,0.9942857142857143,1.0,0.997134670487106,hf_brain_tumor,classification
129,0.0001369282322758561,0.9978640085439658,0.9978656852964108,0.9978640085439658,0.9978643723929752,0.99921875,0.9968823070927514,0.9980491611392899,0.9955089820359282,0.9962546816479401,0.9958816922500936,1.0,1.0,1.0,0.9963636363636363,0.9978150036416606,0.9970887918486172,5.135532145932723e-05,0.998576512455516,0.9985846466700559,0.998576512455516,0.9985765412603244,1.0,1.0,1.0,1.0,0.9943661971830986,0.9971751412429378,1.0,1.0,1.0,0.9942857142857143,1.0,0.997134670487106,hf_brain_tumor,classification
130,8.601956316624395e-05,0.9989320042719829,0.9989330399042041,0.9989320042719829,0.998932254071718,1.0,0.9984411535463756,0.999219968798752,0.998501872659176,0.998501872659176,0.998501872659176,1.0,1.0,1.0,0.9970909090909091,0.9985433357611071,0.9978165938864629,5.9560185418393115e-05,0.997864768683274,0.9978751481463068,0.997864768683274,0.9978628400688411,0.9968454258675079,1.0,0.9984202211690363,1.0,0.9915492957746479,0.9957567185289957,1.0,1.0,1.0,0.9942857142857143,1.0,0.997134670487106,hf_brain_tumor,classification
131,6.169550681736382e-05,0.9992880028479886,0.9992882619444776,0.9992880028479886,0.9992880653468249,1.0,0.9992205767731879,0.9996101364522417,0.998501872659176,0.998501872659176,0.998501872659176,1.0,1.0,1.0,0.9985443959243085,0.9992716678805535,0.9989078995267565,5.220190563667597e-05,0.998576512455516,0.9985846466700559,0.998576512455516,0.9985765412603244,1.0,1.0,1.0,1.0,0.9943661971830986,0.9971751412429378,1.0,1.0,1.0,0.9942857142857143,1.0,0.997134670487106,hf_brain_tumor,classification
132,0.00012588240164617412,0.9985760056959773,0.9985759645336355,0.9985760056959773,0.9985758575196992,0.999219968798752,0.9984411535463756,0.9988304093567252,0.9977511244377811,0.997003745318352,0.9973772948669913,0.9993857493857494,1.0,0.9996927803379416,0.9978165938864629,0.9985433357611071,0.9981798325445941,4.330333727974647e-05,0.998576512455516,0.9985846466700559,0.998576512455516,0.9985765412603244,1.0,1.0,1.0,1.0,0.9943661971830986,0.9971751412429378,1.0,1.0,1.0,0.9942857142857143,1.0,0.997134670487106,hf_brain_tumor,classification
133,0.00011590986933673463,0.9989320042719829,0.9989322353873893,0.9989320042719829,0.9989319921825169,1.0,0.9992205767731879,0.9996101364522417,0.9985007496251874,0.9977528089887641,0.9981266391907081,0.9993857493857494,1.0,0.9996927803379416,0.9978165938864629,0.9985433357611071,0.9981798325445941,5.18961165989919e-05,0.998576512455516,0.9985846466700559,0.998576512455516,0.9985765412603244,1.0,1.0,1.0,1.0,0.9943661971830986,0.9971751412429378,1.0,1.0,1.0,0.9942857142857143,1.0,0.997134670487106,hf_brain_tumor,classification
134,0.00014658458126794519,0.9978640085439658,0.9978640044545554,0.9978640085439658,0.9978636823794891,0.9968847352024922,0.9976617303195635,0.9972730814179976,0.9962490622655664,0.9947565543071161,0.9955022488755623,1.0,0.9993853718500307,0.9996925914540424,0.9978181818181818,0.9992716678805535,0.9985443959243085,5.1892501451010215e-05,0.998576512455516,0.9985846466700559,0.998576512455516,0.9985765412603244,1.0,1.0,1.0,1.0,0.9943661971830986,0.9971751412429378,1.0,1.0,1.0,0.9942857142857143,1.0,0.997134670487106,hf_brain_tumor,classification
135,0.00014502796252378303,0.9982200071199715,0.9982210489066173,0.9982200071199715,0.9982202567499763,0.9984387197501952,0.9968823070927514,0.9976599063962559,0.9955123410620793,0.997003745318352,0.9962574850299402,1.0,1.0,1.0,0.9985433357611071,0.9985433357611071,0.9985433357611071,4.6086281349501496e-05,0.998576512455516,0.9985846466700559,0.998576512455516,0.9985765412603244,1.0,1.0,1.0,1.0,0.9943661971830986,0.9971751412429378,1.0,1.0,1.0,0.9942857142857143,1.0,0.997134670487106,hf_brain_tumor,classification
136,7.11730095927596e-05,0.9992880028479886,0.9992885419846447,0.9992880028479886,0.9992880098398079,1.0,1.0,1.0,0.9977561705310396,0.9992509363295881,0.9985029940119761,1.0,1.0,1.0,0.9992706053975201,0.9978150036416606,0.9985422740524781,5.1295385641799665e-05,0.998576512455516,0.9985846466700559,0.998576512455516,0.9985765412603244,1.0,1.0,1.0,1.0,0.9943661971830986,0.9971751412429378,1.0,1.0,1.0,0.9942857142857143,1.0,0.997134670487106,hf_brain_tumor,classification
137,0.0001502872739861991,0.9983980064079744,0.9983997598462656,0.9983980064079744,0.9983983109496652,0.9984423676012462,0.9992205767731879,0.9988313206077133,0.9962630792227205,0.998501872659176,0.9973812196034418,1.0,0.9987707437000615,0.9993849938499385,0.9985412107950401,0.9970866715222141,0.9978134110787172,5.012229541447518e-05,0.998576512455516,0.9985846466700559,0.998576512455516,0.9985765412603244,1.0,1.0,1.0,1.0,0.9943661971830986,0.9971751412429378,1.0,1.0,1.0,0.9942857142857143,1.0,0.997134670487106,hf_brain_tumor,classification
138,7.78839475990253e-05,0.9985760056959773,0.9985765021849511,0.9985760056959773,0.9985760568277368,0.999219968798752,0.9984411535463756,0.9988304093567252,0.9977511244377811,0.997003745318352,0.9973772948669913,1.0,1.0,1.0,0.9970909090909091,0.9985433357611071,0.9978165938864629,4.750713785864349e-05,0.998576512455516,0.9985846466700559,0.998576512455516,0.9985765412603244,1.0,1.0,1.0,1.0,0.9943661971830986,0.9971751412429378,1.0,1.0,1.0,0.9942857142857143,1.0,0.997134670487106,hf_brain_tumor,classification
139,9.148660668552807e-05,0.9989320042719829,0.998932144496802,0.9989320042719829,0.9989320087633006,1.0,1.0,1.0,0.9977544910179641,0.998501872659176,0.9981280419318608,0.9993853718500307,0.9993853718500307,0.9993853718500307,0.9985422740524781,0.9978150036416606,0.9981785063752276,6.285714532930868e-05,0.997864768683274,0.9978751481463068,0.997864768683274,0.9978628400688411,0.9968454258675079,1.0,0.9984202211690363,1.0,0.9915492957746479,0.9957567185289957,1.0,1.0,1.0,0.9942857142857143,1.0,0.997134670487106,hf_brain_tumor,classification
140,9.257838517196895e-05,0.9989320042719829,0.9989326630674719,0.9989320042719829,0.9989321292271395,1.0,0.9984411535463756,0.999219968798752,0.9977544910179641,0.998501872659176,0.9981280419318608,0.9993853718500307,0.9993853718500307,0.9993853718500307,0.9985443959243085,0.9992716678805535,0.9989078995267565,4.867008789124059e-05,0.999288256227758,0.9992902956081942,0.999288256227758,0.9992882648693928,1.0,1.0,1.0,1.0,0.9971830985915493,0.998589562764457,1.0,1.0,1.0,0.997134670487106,1.0,0.9985652797704447,hf_brain_tumor,classification
141,8.857576097866146e-05,0.9985760056959773,0.9985760234792542,0.9985760056959773,0.9985759475957429,0.9984423676012462,0.9992205767731879,0.9988313206077133,0.9977528089887641,0.9977528089887641,0.9977528089887641,0.9993853718500307,0.9993853718500307,0.9993853718500307,0.9985422740524781,0.9978150036416606,0.9981785063752276,4.9361708229573644e-05,0.998576512455516,0.9985846466700559,0.998576512455516,0.9985765412603244,1.0,1.0,1.0,1.0,0.9943661971830986,0.9971751412429378,1.0,1.0,1.0,0.9942857142857143,1.0,0.997134670487106,hf_brain_tumor,classification
142,5.662886610196893e-05,0.9991100035599858,0.9991106468514019,0.9991100035599858,0.9991101352601567,0.9992205767731879,0.9992205767731879,0.9992205767731879,0.9992503748125937,0.998501872659176,0.9988759835144249,1.0,0.9993853718500307,0.9996925914540424,0.9978181818181818,0.9992716678805535,0.9985443959243085,5.408467871928942e-05,0.998576512455516,0.9985846466700559,0.998576512455516,0.9985765412603244,1.0,1.0,1.0,1.0,0.9943661971830986,0.9971751412429378,1.0,1.0,1.0,0.9942857142857143,1.0,0.997134670487106,hf_brain_tumor,classification
143,7.467195091284549e-05,0.99875400498398,0.9987542425648985,0.99875400498398,0.9987539265674952,0.999219968798752,0.9984411535463756,0.9988304093567252,0.9977511244377811,0.997003745318352,0.9973772948669913,1.0,1.0,1.0,0.9978181818181818,0.9992716678805535,0.9985443959243085,4.814439532838216e-05,0.998576512455516,0.9985846466700559,0.998576512455516,0.9985765412603244,1.0,1.0,1.0,1.0,0.9943661971830986,0.9971751412429378,1.0,1.0,1.0,0.9942857142857143,1.0,0.997134670487106,hf_brain_tumor,classification
144,8.601309277992267e-05,0.9989320042719829,0.9989321056389456,0.9989320042719829,0.9989318619454776,0.9984411535463756,0.9984411535463756,0.9984411535463756,0.9992498124531133,0.9977528089887641,0.9985007496251874,0.9993857493857494,1.0,0.9996927803379416,0.9985443959243085,0.9992716678805535,0.9989078995267565,5.2636249699237614e-05,0.999288256227758,0.9992902956081942,0.999288256227758,0.9992882648693928,1.0,1.0,1.0,1.0,0.9971830985915493,0.998589562764457,1.0,1.0,1.0,0.997134670487106,1.0,0.9985652797704447,hf_brain_tumor,classification
145,6.168409478539537e-05,0.9991100035599858,0.9991106726229911,0.9991100035599858,0.9991101453993643,0.9992205767731879,0.9992205767731879,0.9992205767731879,0.9977561705310396,0.9992509363295881,0.9985029940119761,1.0,0.9993853718500307,0.9996925914540424,0.999271137026239,0.9985433357611071,0.9989071038251366,5.04320235295446e-05,0.998576512455516,0.9985846466700559,0.998576512455516,0.9985765412603244,1.0,1.0,1.0,1.0,0.9943661971830986,0.9971751412429378,1.0,1.0,1.0,0.9942857142857143,1.0,0.997134670487106,hf_brain_tumor,classification
146,5.634311819893453e-05,0.9985760056959773,0.9985760056959773,0.9985760056959773,0.9985760056959773,0.9992205767731879,0.9992205767731879,0.9992205767731879,0.997003745318352,0.997003745318352,0.997003745318352,1.0,1.0,1.0,0.9978150036416606,0.9978150036416606,0.9978150036416606,4.873691393996941e-05,0.998576512455516,0.9985846466700559,0.998576512455516,0.9985765412603244,1.0,1.0,1.0,1.0,0.9943661971830986,0.9971751412429378,1.0,1.0,1.0,0.9942857142857143,1.0,0.997134670487106,hf_brain_tumor,classification
147,0.00015215166944373737,0.9982200071199715,0.9982200071199715,0.9982200071199715,0.9982200071199715,0.9992205767731879,0.9992205767731879,0.9992205767731879,0.9962546816479401,0.9962546816479401,0.9962546816479401,1.0,1.0,1.0,0.9970866715222141,0.9970866715222141,0.9970866715222141,5.367287397888782e-05,0.998576512455516,0.9985846466700559,0.998576512455516,0.9985765412603244,1.0,1.0,1.0,1.0,0.9943661971830986,0.9971751412429378,1.0,1.0,1.0,0.9942857142857143,1.0,0.997134670487106,hf_brain_tumor,classification
148,0.00010775669423653686,0.9983980064079744,0.9983992052421661,0.9983980064079744,0.9983982592745803,0.9984423676012462,0.9992205767731879,0.9988313206077133,0.9970059880239521,0.9977528089887641,0.997379258704605,1.0,0.9981561155500922,0.9990772070132267,0.9978165938864629,0.9985433357611071,0.9981798325445941,5.5593028988042145e-05,0.998576512455516,0.9985807970844451,0.998576512455516,0.9985755746553546,0.9968454258675079,1.0,0.9984202211690363,1.0,0.9943661971830986,0.9971751412429378,1.0,1.0,1.0,0.997134670487106,1.0,0.9985652797704447,hf_brain_tumor,classification
149,7.771736532578923e-05,0.9983980064079744,0.9983994661050251,0.9983980064079744,0.998397273662897,0.9976671850699844,1.0,0.9988322304398599,0.9984962406015038,0.9947565543071161,0.9966228893058161,1.0,0.9993853718500307,0.9996925914540424,0.997093023255814,0.9992716678805535,0.9981811567842852,5.108904874055932e-05,0.998576512455516,0.9985846466700559,0.998576512455516,0.9985765412603244,1.0,1.0,1.0,1.0,0.9943661971830986,0.9971751412429378,1.0,1.0,1.0,0.9942857142857143,1.0,0.997134670487106,hf_brain_tumor,classification
150,0.00010090218982552058,0.9983980064079744,0.9983978711130708,0.9983980064079744,0.9983977386832812,0.9984423676012462,0.9992205767731879,0.9988313206077133,0.9977494373593399,0.9962546816479401,0.9970014992503748,0.9993853718500307,0.9993853718500307,0.9993853718500307,0.9978165938864629,0.9985433357611071,0.9981798325445941,5.2814814715463895e-05,1.0,1.0,1.0,1.0,1.0,1.0,1.0,1.0,1.0,1.0,1.0,1.0,1.0,1.0,1.0,1.0,hf_brain_tumor,classification
151,8.447496632605915e-05,0.9989320042719829,0.9989328007566883,0.9989320042719829,0.9989322026104616,0.999219968798752,0.9984411535463756,0.9988304093567252,0.9970082273747195,0.998501872659176,0.9977544910179641,1.0,1.0,1.0,0.999271137026239,0.9985433357611071,0.9989071038251366,5.354304001754383e-05,0.998576512455516,0.9985846466700559,0.998576512455516,0.9985765412603244,1.0,1.0,1.0,1.0,0.9943661971830986,0.9971751412429378,1.0,1.0,1.0,0.9942857142857143,1.0,0.997134670487106,hf_brain_tumor,classification
152,7.330391402199501e-05,0.9989320042719829,0.9989322914898705,0.9989320042719829,0.9989319488130157,0.998443579766537,1.0,0.9992211838006231,0.9985007496251874,0.9977528089887641,0.9981266391907081,1.0,0.9993853718500307,0.9996925914540424,0.9985433357611071,0.9985433357611071,0.9985433357611071,6.715945387190185e-05,0.997864768683274,0.9978751481463068,0.997864768683274,0.9978628400688411,0.9968454258675079,1.0,0.9984202211690363,1.0,0.9915492957746479,0.9957567185289957,1.0,1.0,1.0,0.9942857142857143,1.0,0.997134670487106,hf_brain_tumor,classification
153,0.00010486872314831047,0.9994660021359915,0.9994661277997308,0.9994660021359915,0.9994659992954776,1.0,1.0,1.0,0.9992503748125937,0.998501872659176,0.9988759835144249,1.0,1.0,1.0,0.9985443959243085,0.9992716678805535,0.9989078995267565,5.547297357194286e-05,0.998576512455516,0.9985846466700559,0.998576512455516,0.9985765412603244,1.0,1.0,1.0,1.0,0.9943661971830986,0.9971751412429378,1.0,1.0,1.0,0.9942857142857143,1.0,0.997134670487106,hf_brain_tumor,classification
154,8.612051013191137e-05,0.99875400498398,0.9987549312057759,0.99875400498398,0.9987542732305781,0.999219968798752,0.9984411535463756,0.9988304093567252,0.9970082273747195,0.998501872659176,0.9977544910179641,1.0,0.9993853718500307,0.9996925914540424,0.9985433357611071,0.9985433357611071,0.9985433357611071,5.3875928323516184e-05,0.999288256227758,0.9992902956081942,0.999288256227758,0.9992882648693928,1.0,1.0,1.0,1.0,0.9971830985915493,0.998589562764457,1.0,1.0,1.0,0.997134670487106,1.0,0.9985652797704447,hf_brain_tumor,classification
155,4.431337226168055e-05,0.9992880028479886,0.9992880028479886,0.9992880028479886,0.9992880028479886,1.0,1.0,1.0,0.998501872659176,0.998501872659176,0.998501872659176,1.0,1.0,1.0,0.9985433357611071,0.9985433357611071,0.9985433357611071,4.316143928199349e-05,0.999288256227758,0.9992902956081942,0.999288256227758,0.9992882648693928,1.0,1.0,1.0,1.0,0.9971830985915493,0.998589562764457,1.0,1.0,1.0,0.997134670487106,1.0,0.9985652797704447,hf_brain_tumor,classification
156,5.168053341572551e-05,0.9994660021359915,0.9994661277997308,0.9994660021359915,0.9994659992954776,1.0,1.0,1.0,0.9992503748125937,0.998501872659176,0.9988759835144249,1.0,1.0,1.0,0.9985443959243085,0.9992716678805535,0.9989078995267565,5.347957594778007e-05,0.998576512455516,0.9985846466700559,0.998576512455516,0.9985765412603244,1.0,1.0,1.0,1.0,0.9943661971830986,0.9971751412429378,1.0,1.0,1.0,0.9942857142857143,1.0,0.997134670487106,hf_brain_tumor,classification
157,8.569568032548807e-05,0.9985760056959773,0.9985763943407109,0.9985760056959773,0.9985761403309817,0.9992205767731879,0.9992205767731879,0.9992205767731879,0.997003745318352,0.997003745318352,0.997003745318352,1.0,0.9993853718500307,0.9996925914540424,0.9978165938864629,0.9985433357611071,0.9981798325445941,5.626765899354613e-05,0.997864768683274,0.9978751481463068,0.997864768683274,0.9978628400688411,0.9968454258675079,1.0,0.9984202211690363,1.0,0.9915492957746479,0.9957567185289957,1.0,1.0,1.0,0.9942857142857143,1.0,0.997134670487106,hf_brain_tumor,classification
158,9.830692056538464e-05,0.99875400498398,0.9987553419159696,0.99875400498398,0.9987542328378742,0.9992205767731879,0.9992205767731879,0.9992205767731879,0.9970104633781763,0.9992509363295881,0.998129442573887,1.0,0.9987707437000615,0.9993849938499385,0.9985422740524781,0.9978150036416606,0.9981785063752276,5.6058566223104615e-05,0.998576512455516,0.9985846466700559,0.998576512455516,0.9985765412603244,1.0,1.0,1.0,1.0,0.9943661971830986,0.9971751412429378,1.0,1.0,1.0,0.9942857142857143,1.0,0.997134670487106,hf_brain_tumor,classification
159,9.358208103970172e-05,0.99875400498398,0.9987550876447925,0.99875400498398,0.998754221861598,0.9984423676012462,0.9992205767731879,0.9988313206077133,0.9970082273747195,0.998501872659176,0.9977544910179641,1.0,0.9993853718500307,0.9996925914540424,0.9992706053975201,0.9978150036416606,0.9985422740524781,4.6547646398993434e-05,0.998576512455516,0.9985846466700559,0.998576512455516,0.9985765412603244,1.0,1.0,1.0,1.0,0.9943661971830986,0.9971751412429378,1.0,1.0,1.0,0.9942857142857143,1.0,0.997134670487106,hf_brain_tumor,classification
160,9.443031058816402e-05,0.9989320042719829,0.9989321245234735,0.9989320042719829,0.9989319973753853,0.999219968798752,0.9984411535463756,0.9988304093567252,0.9977528089887641,0.9977528089887641,0.9977528089887641,1.0,1.0,1.0,0.9985443959243085,0.9992716678805535,0.9989078995267565,6.20697558124642e-05,0.997864768683274,0.9978751481463068,0.997864768683274,0.9978628400688411,0.9968454258675079,1.0,0.9984202211690363,1.0,0.9915492957746479,0.9957567185289957,1.0,1.0,1.0,0.9942857142857143,1.0,0.997134670487106,hf_brain_tumor,classification
161,9.037538609556986e-05,0.9983980064079744,0.9983982833617033,0.9983980064079744,0.9983980793372595,0.9992205767731879,0.9992205767731879,0.9992205767731879,0.9962574850299402,0.997003745318352,0.9966304754773493,1.0,1.0,1.0,0.9978134110787172,0.9970866715222141,0.9974499089253187,5.834743784431805e-05,0.997864768683274,0.9978751481463068,0.997864768683274,0.9978628400688411,0.9968454258675079,1.0,0.9984202211690363,1.0,0.9915492957746479,0.9957567185289957,1.0,1.0,1.0,0.9942857142857143,1.0,0.997134670487106,hf_brain_tumor,classification
162,0.0001005807495980754,0.99875400498398,0.9987538992949373,0.99875400498398,0.9987537480806017,0.998443579766537,1.0,0.9992211838006231,0.9977511244377811,0.997003745318352,0.9973772948669913,1.0,1.0,1.0,0.9985422740524781,0.9978150036416606,0.9981785063752276,4.904886499222563e-05,0.999288256227758,0.9992902956081942,0.999288256227758,0.9992882648693928,1.0,1.0,1.0,1.0,0.9971830985915493,0.998589562764457,1.0,1.0,1.0,0.997134670487106,1.0,0.9985652797704447,hf_brain_tumor,classification
163,0.0001168909924973125,0.9989320042719829,0.9989324039709829,0.9989320042719829,0.9989321435163334,0.9992205767731879,0.9992205767731879,0.9992205767731879,0.9977544910179641,0.998501872659176,0.9981280419318608,1.0,0.9993853718500307,0.9996925914540424,0.9985433357611071,0.9985433357611071,0.9985433357611071,5.435156777437707e-05,0.998576512455516,0.9985846466700559,0.998576512455516,0.9985765412603244,1.0,1.0,1.0,1.0,0.9943661971830986,0.9971751412429378,1.0,1.0,1.0,0.9942857142857143,1.0,0.997134670487106,hf_brain_tumor,classification
164,9.526417824726761e-05,0.9983980064079744,0.9983986383798844,0.9983980064079744,0.9983979981813861,0.9992211838006231,1.0,0.9996104402025711,0.9977494373593399,0.9962546816479401,0.9970014992503748,1.0,0.9993853718500307,0.9996925914540424,0.9963636363636363,0.9978150036416606,0.9970887918486172,4.937158285548933e-05,0.998576512455516,0.9985846466700559,0.998576512455516,0.9985765412603244,1.0,1.0,1.0,1.0,0.9943661971830986,0.9971751412429378,1.0,1.0,1.0,0.9942857142857143,1.0,0.997134670487106,hf_brain_tumor,classification
165,8.165311845972358e-05,0.9985760056959773,0.9985759645336355,0.9985760056959773,0.9985758575196992,0.999219968798752,0.9984411535463756,0.9988304093567252,0.9977511244377811,0.997003745318352,0.9973772948669913,0.9993857493857494,1.0,0.9996927803379416,0.9978165938864629,0.9985433357611071,0.9981798325445941,5.132461438965446e-05,0.998576512455516,0.9985846466700559,0.998576512455516,0.9985765412603244,1.0,1.0,1.0,1.0,0.9943661971830986,0.9971751412429378,1.0,1.0,1.0,0.9942857142857143,1.0,0.997134670487106,hf_brain_tumor,classification
166,5.951951194891229e-05,0.9992880028479886,0.9992882619444776,0.9992880028479886,0.9992880653468249,1.0,0.9992205767731879,0.9996101364522417,0.998501872659176,0.998501872659176,0.998501872659176,1.0,1.0,1.0,0.9985443959243085,0.9992716678805535,0.9989078995267565,5.218965880963341e-05,0.998576512455516,0.9985846466700559,0.998576512455516,0.9985765412603244,1.0,1.0,1.0,1.0,0.9943661971830986,0.9971751412429378,1.0,1.0,1.0,0.9942857142857143,1.0,0.997134670487106,hf_brain_tumor,classification
167,0.00011612723208112138,0.9992880028479886,0.9992882535984007,0.9992880028479886,0.9992878655307339,0.9992205767731879,0.9992205767731879,0.9992205767731879,0.9992498124531133,0.9977528089887641,0.9985007496251874,1.0,1.0,1.0,0.9985454545454545,1.0,0.9992721979621543,5.602740024166331e-05,0.998576512455516,0.9985846466700559,0.998576512455516,0.9985765412603244,1.0,1.0,1.0,1.0,0.9943661971830986,0.9971751412429378,1.0,1.0,1.0,0.9942857142857143,1.0,0.997134670487106,hf_brain_tumor,classification
168,0.0001586244641779265,0.9983980064079744,0.998398395052708,0.9983980064079744,0.9983981410429789,0.9984411535463756,0.9984411535463756,0.9984411535463756,0.997003745318352,0.997003745318352,0.997003745318352,1.0,0.9993853718500307,0.9996925914540424,0.9978165938864629,0.9985433357611071,0.9981798325445941,4.390279646654611e-05,0.998576512455516,0.9985846466700559,0.998576512455516,0.9985765412603244,1.0,1.0,1.0,1.0,0.9943661971830986,0.9971751412429378,1.0,1.0,1.0,0.9942857142857143,1.0,0.997134670487106,hf_brain_tumor,classification
169,0.0001309854947442912,0.9985760056959773,0.998576927272711,0.9985760056959773,0.9985762914646183,0.9992205767731879,0.9992205767731879,0.9992205767731879,0.9970059880239521,0.9977528089887641,0.997379258704605,1.0,0.9987707437000615,0.9993849938499385,0.9978165938864629,0.9985433357611071,0.9981798325445941,4.7818803335470216e-05,0.999288256227758,0.9992902956081942,0.999288256227758,0.9992882648693928,1.0,1.0,1.0,1.0,0.9971830985915493,0.998589562764457,1.0,1.0,1.0,0.997134670487106,1.0,0.9985652797704447,hf_brain_tumor,classification
170,5.429841064333915e-05,0.9992880028479886,0.9992882619444776,0.9992880028479886,0.9992880653468249,1.0,0.9992205767731879,0.9996101364522417,0.998501872659176,0.998501872659176,0.998501872659176,1.0,1.0,1.0,0.9985443959243085,0.9992716678805535,0.9989078995267565,4.704105787137043e-05,0.998576512455516,0.9985846466700559,0.998576512455516,0.9985765412603244,1.0,1.0,1.0,1.0,0.9943661971830986,0.9971751412429378,1.0,1.0,1.0,0.9942857142857143,1.0,0.997134670487106,hf_brain_tumor,classification
171,6.146888776888282e-05,0.9991100035599858,0.9991105426966418,0.9991100035599858,0.9991100105518051,0.9992205767731879,0.9992205767731879,0.9992205767731879,0.9977561705310396,0.9992509363295881,0.9985029940119761,1.0,1.0,1.0,0.9992706053975201,0.9978150036416606,0.9985422740524781,6.070821917292633e-05,0.998576512455516,0.9985807970844451,0.998576512455516,0.9985755746553546,0.9968454258675079,1.0,0.9984202211690363,1.0,0.9943661971830986,0.9971751412429378,1.0,1.0,1.0,0.997134670487106,1.0,0.9985652797704447,hf_brain_tumor,classification
172,6.356768473534469e-05,0.9991100035599858,0.9991098753232155,0.9991100035599858,0.999109871502224,0.9992211838006231,1.0,0.9996104402025711,0.9985007496251874,0.9977528089887641,0.9981266391907081,1.0,1.0,1.0,0.9985433357611071,0.9985433357611071,0.9985433357611071,4.6700689785975426e-05,0.998576512455516,0.9985846466700559,0.998576512455516,0.9985765412603244,1.0,1.0,1.0,1.0,0.9943661971830986,0.9971751412429378,1.0,1.0,1.0,0.9942857142857143,1.0,0.997134670487106,hf_brain_tumor,classification
173,0.00012610903284170316,0.997686009255963,0.9976870488636784,0.997686009255963,0.9976859453502642,0.99921875,0.9968823070927514,0.9980491611392899,0.9970014992503748,0.9962546816479401,0.9966279505432747,0.9987722529158993,1.0,0.9993857493857494,0.9956363636363637,0.9970866715222141,0.9963609898107715,5.159846645065077e-05,0.999288256227758,0.9992902956081942,0.999288256227758,0.9992882648693928,1.0,1.0,1.0,1.0,0.9971830985915493,0.998589562764457,1.0,1.0,1.0,0.997134670487106,1.0,0.9985652797704447,hf_brain_tumor,classification
174,4.090014706646151e-05,0.9992880028479886,0.9992889000218192,0.9992880028479886,0.99928799266229,1.0,0.9992205767731879,0.9996101364522417,0.9992498124531133,0.9977528089887641,0.9985007496251874,1.0,1.0,1.0,0.9978197674418605,1.0,0.9989086940705711,6.567686482024286e-05,0.997864768683274,0.9978751481463068,0.997864768683274,0.9978628400688411,0.9968454258675079,1.0,0.9984202211690363,1.0,0.9915492957746479,0.9957567185289957,1.0,1.0,1.0,0.9942857142857143,1.0,0.997134670487106,hf_brain_tumor,classification
175,0.00012139174916552938,0.9985760056959773,0.9985769788861328,0.9985760056959773,0.9985761678550927,0.9984423676012462,0.9992205767731879,0.9988313206077133,0.9970082273747195,0.998501872659176,0.9977544910179641,0.9993849938499385,0.9987707437000615,0.9990777743621273,0.9992706053975201,0.9978150036416606,0.9985422740524781,4.9543758448431436e-05,0.999288256227758,0.9992902956081942,0.999288256227758,0.9992882648693928,1.0,1.0,1.0,1.0,0.9971830985915493,0.998589562764457,1.0,1.0,1.0,0.997134670487106,1.0,0.9985652797704447,hf_brain_tumor,classification
176,7.01125064628705e-05,0.9991100035599858,0.9991104175463533,0.9991100035599858,0.999110082907575,0.9984423676012462,0.9992205767731879,0.9988313206077133,0.9985029940119761,0.9992509363295881,0.9988768251591165,1.0,0.9993853718500307,0.9996925914540424,0.999271137026239,0.9985433357611071,0.9989071038251366,4.7073916073380545e-05,0.998576512455516,0.9985846466700559,0.998576512455516,0.9985765412603244,1.0,1.0,1.0,1.0,0.9943661971830986,0.9971751412429378,1.0,1.0,1.0,0.9942857142857143,1.0,0.997134670487106,hf_brain_tumor,classification
177,8.303415865304145e-05,0.9983980064079744,0.9983991907659525,0.9983980064079744,0.9983983942414165,1.0,0.9984411535463756,0.999219968798752,0.9962574850299402,0.997003745318352,0.9966304754773493,1.0,1.0,1.0,0.9970887918486172,0.9978150036416606,0.9974517655624318,5.3696333049574155e-05,0.999288256227758,0.9992902956081942,0.999288256227758,0.9992882648693928,1.0,1.0,1.0,1.0,0.9971830985915493,0.998589562764457,1.0,1.0,1.0,0.997134670487106,1.0,0.9985652797704447,hf_brain_tumor,classification
178,8.166245371687805e-05,0.9989320042719829,0.9989335383966559,0.9989320042719829,0.9989320597328766,1.0,0.9992205767731879,0.9996101364522417,0.9984996249062266,0.997003745318352,0.9977511244377811,1.0,0.9993853718500307,0.9996925914540424,0.9970951343500363,1.0,0.9985454545454545,4.601397273465564e-05,0.998576512455516,0.9985846466700559,0.998576512455516,0.9985765412603244,1.0,1.0,1.0,1.0,0.9943661971830986,0.9971751412429378,1.0,1.0,1.0,0.9942857142857143,1.0,0.997134670487106,hf_brain_tumor,classification
179,6.327802120924034e-05,0.99875400498398,0.9987549199127657,0.99875400498398,0.9987541310681379,1.0,0.9984411535463756,0.999219968798752,0.9970082273747195,0.998501872659176,0.9977544910179641,0.9993857493857494,1.0,0.9996927803379416,0.9985422740524781,0.9978150036416606,0.9981785063752276,4.949134177494026e-05,0.999288256227758,0.9992902956081942,0.999288256227758,0.9992882648693928,1.0,1.0,1.0,1.0,0.9971830985915493,0.998589562764457,1.0,1.0,1.0,0.997134670487106,1.0,0.9985652797704447,hf_brain_tumor,classification
180,0.00014725674376528226,0.9978640085439658,0.997867730709809,0.9978640085439658,0.997864784063913,1.0,0.9968823070927514,0.9984387197501952,0.9947722180731889,0.9977528089887641,0.9962602842183994,0.9993853718500307,0.9993853718500307,0.9993853718500307,0.9970866715222141,0.9970866715222141,0.9970866715222141,4.8643814017876564e-05,0.998576512455516,0.9985846466700559,0.998576512455516,0.9985765412603244,1.0,1.0,1.0,1.0,0.9943661971830986,0.9971751412429378,1.0,1.0,1.0,0.9942857142857143,1.0,0.997134670487106,hf_brain_tumor,classification
181,7.497211839776742e-05,0.9991100035599858,0.9991105132184531,0.9991100035599858,0.9991099957909755,0.9992205767731879,0.9992205767731879,0.9992205767731879,0.9992498124531133,0.9977528089887641,0.9985007496251874,1.0,1.0,1.0,0.9978181818181818,0.9992716678805535,0.9985443959243085,4.642129438487252e-05,0.998576512455516,0.9985846466700559,0.998576512455516,0.9985765412603244,1.0,1.0,1.0,1.0,0.9943661971830986,0.9971751412429378,1.0,1.0,1.0,0.9942857142857143,1.0,0.997134670487106,hf_brain_tumor,classification
182,0.00011555221811274239,0.9982200071199715,0.9982206548611943,0.9982200071199715,0.9982202713503804,0.9984411535463756,0.9984411535463756,0.9984411535463756,0.9977528089887641,0.9977528089887641,0.9977528089887641,1.0,0.9993853718500307,0.9996925914540424,0.9963609898107715,0.9970866715222141,0.9967236985802694,4.670102878499424e-05,0.998576512455516,0.9985846466700559,0.998576512455516,0.9985765412603244,1.0,1.0,1.0,1.0,0.9943661971830986,0.9971751412429378,1.0,1.0,1.0,0.9942857142857143,1.0,0.997134670487106,hf_brain_tumor,classification
183,9.332722368933761e-05,0.9989320042719829,0.9989330693387772,0.9989320042719829,0.9989322651259844,1.0,0.9984411535463756,0.999219968798752,0.9970082273747195,0.998501872659176,0.9977544910179641,1.0,1.0,1.0,0.9985433357611071,0.9985433357611071,0.9985433357611071,4.812312389443172e-05,0.998576512455516,0.9985846466700559,0.998576512455516,0.9985765412603244,1.0,1.0,1.0,1.0,0.9943661971830986,0.9971751412429378,1.0,1.0,1.0,0.9942857142857143,1.0,0.997134670487106,hf_brain_tumor,classification
184,0.00011152357571208853,0.9980420078319687,0.998043140724839,0.9980420078319687,0.9980419910926587,0.9976671850699844,1.0,0.9988322304398599,0.9962574850299402,0.997003745318352,0.9966304754773493,1.0,0.9987707437000615,0.9993849938499385,0.9978118161925602,0.9963583394027676,0.9970845481049563,5.9260712012658446e-05,0.997864768683274,0.9978751481463068,0.997864768683274,0.9978628400688411,0.9968454258675079,1.0,0.9984202211690363,1.0,0.9915492957746479,0.9957567185289957,1.0,1.0,1.0,0.9942857142857143,1.0,0.997134670487106,hf_brain_tumor,classification
185,8.797655417163229e-05,0.9991100035599858,0.9991101097220785,0.9991100035599858,0.9991096622092354,0.9992211838006231,1.0,0.9996104402025711,0.9992492492492493,0.997003745318352,0.9981252343457068,0.9993857493857494,1.0,0.9996927803379416,0.9985443959243085,0.9992716678805535,0.9989078995267565,5.382403487593459e-05,0.998576512455516,0.9985846466700559,0.998576512455516,0.9985765412603244,1.0,1.0,1.0,1.0,0.9943661971830986,0.9971751412429378,1.0,1.0,1.0,0.9942857142857143,1.0,0.997134670487106,hf_brain_tumor,classification
186,4.554728873227232e-05,0.9996440014239943,0.9996440014239943,0.9996440014239943,0.9996440014239943,1.0,1.0,1.0,0.9992509363295881,0.9992509363295881,0.9992509363295881,1.0,1.0,1.0,0.9992716678805535,0.9992716678805535,0.9992716678805535,4.7151595395638604e-05,0.999288256227758,0.9992902956081942,0.999288256227758,0.9992882648693928,1.0,1.0,1.0,1.0,0.9971830985915493,0.998589562764457,1.0,1.0,1.0,0.997134670487106,1.0,0.9985652797704447,hf_brain_tumor,classification
187,6.507375625732204e-05,0.9991100035599858,0.9991113403027164,0.9991100035599858,0.9991102088249232,1.0,0.9992205767731879,0.9996101364522417,0.9970104633781763,0.9992509363295881,0.998129442573887,1.0,1.0,1.0,0.9992706053975201,0.9978150036416606,0.9985422740524781,5.271102784368539e-05,0.998576512455516,0.9985846466700559,0.998576512455516,0.9985765412603244,1.0,1.0,1.0,1.0,0.9943661971830986,0.9971751412429378,1.0,1.0,1.0,0.9942857142857143,1.0,0.997134670487106,hf_brain_tumor,classification
188,0.00010632851421857004,0.9989320042719829,0.9989318834265312,0.9989320042719829,0.9989318768303822,0.9992211838006231,1.0,0.9996104402025711,0.9977528089887641,0.9977528089887641,0.9977528089887641,1.0,1.0,1.0,0.9985422740524781,0.9978150036416606,0.9981785063752276,5.3002733526321395e-05,0.998576512455516,0.9985846466700559,0.998576512455516,0.9985765412603244,1.0,1.0,1.0,1.0,0.9943661971830986,0.9971751412429378,1.0,1.0,1.0,0.9942857142857143,1.0,0.997134670487106,hf_brain_tumor,classification
189,7.506765554624319e-05,0.9985760056959773,0.9985775742601986,0.9985760056959773,0.9985764613815036,1.0,0.9984411535463756,0.999219968798752,0.9970059880239521,0.9977528089887641,0.997379258704605,1.0,0.9993853718500307,0.9996925914540424,0.9970909090909091,0.9985433357611071,0.9978165938864629,5.715617998041345e-05,0.998576512455516,0.9985807970844451,0.998576512455516,0.9985755746553546,0.9968454258675079,1.0,0.9984202211690363,1.0,0.9943661971830986,0.9971751412429378,1.0,1.0,1.0,0.997134670487106,1.0,0.9985652797704447,hf_brain_tumor,classification
190,9.197269800987342e-05,0.9989320042719829,0.9989344032984312,0.9989320042719829,0.9989324047528993,1.0,0.9984411535463756,0.999219968798752,0.9962658700522778,0.9992509363295881,0.9977561705310396,1.0,1.0,1.0,0.9992706053975201,0.9978150036416606,0.9985422740524781,6.451629448643981e-05,0.998576512455516,0.9985807970844451,0.998576512455516,0.9985755746553546,0.9968454258675079,1.0,0.9984202211690363,1.0,0.9943661971830986,0.9971751412429378,1.0,1.0,1.0,0.997134670487106,1.0,0.9985652797704447,hf_brain_tumor,classification
191,0.00012813698287562377,0.9982200071199715,0.9982233400745436,0.9982200071199715,0.9982209452920171,1.0,0.9984411535463756,0.999219968798752,0.9947722180731889,0.9977528089887641,0.9962602842183994,1.0,0.9993853718500307,0.9996925914540424,0.9978134110787172,0.9970866715222141,0.9974499089253187,5.38442478139771e-05,0.998576512455516,0.9985846466700559,0.998576512455516,0.9985765412603244,1.0,1.0,1.0,1.0,0.9943661971830986,0.9971751412429378,1.0,1.0,1.0,0.9942857142857143,1.0,0.997134670487106,hf_brain_tumor,classification
192,0.00011113910304276907,0.9982200071199715,0.9982210526329512,0.9982200071199715,0.9982204023460102,0.999219968798752,0.9984411535463756,0.9988304093567252,0.9962574850299402,0.997003745318352,0.9966304754773493,1.0,0.9993853718500307,0.9996925914540424,0.9970887918486172,0.9978150036416606,0.9974517655624318,5.20717718963302e-05,0.999288256227758,0.9992902956081942,0.999288256227758,0.9992882648693928,1.0,1.0,1.0,1.0,0.9971830985915493,0.998589562764457,1.0,1.0,1.0,0.997134670487106,1.0,0.9985652797704447,hf_brain_tumor,classification
193,0.0001295376203532926,0.9982200071199715,0.9982208556233053,0.9982200071199715,0.9982201635319777,0.9968871595330739,0.9984411535463756,0.9976635514018691,0.9962546816479401,0.9962546816479401,0.9962546816479401,1.0,1.0,1.0,0.9992706053975201,0.9978150036416606,0.9985422740524781,4.7255358909910114e-05,0.999288256227758,0.9992902956081942,0.999288256227758,0.9992882648693928,1.0,1.0,1.0,1.0,0.9971830985915493,0.998589562764457,1.0,1.0,1.0,0.997134670487106,1.0,0.9985652797704447,hf_brain_tumor,classification
194,7.611223245649361e-05,0.9989320042719829,0.9989318467426557,0.9989320042719829,0.9989318648859784,1.0,1.0,1.0,0.9985007496251874,0.9977528089887641,0.9981266391907081,0.9993857493857494,1.0,0.9996927803379416,0.9978150036416606,0.9978150036416606,0.9978150036416606,4.714650873183701e-05,0.998576512455516,0.9985846466700559,0.998576512455516,0.9985765412603244,1.0,1.0,1.0,1.0,0.9943661971830986,0.9971751412429378,1.0,1.0,1.0,0.9942857142857143,1.0,0.997134670487106,hf_brain_tumor,classification
195,0.0001351332821578843,0.9980420078319687,0.9980429636419749,0.9980420078319687,0.9980423582417735,0.9976635514018691,0.9984411535463756,0.9980522010128555,0.9955089820359282,0.9962546816479401,0.9958816922500936,1.0,0.9993853718500307,0.9996925914540424,0.9985422740524781,0.9978150036416606,0.9981785063752276,5.3230541181564606e-05,0.998576512455516,0.9985846466700559,0.998576512455516,0.9985765412603244,1.0,1.0,1.0,1.0,0.9943661971830986,0.9971751412429378,1.0,1.0,1.0,0.9942857142857143,1.0,0.997134670487106,hf_brain_tumor,classification
196,7.20363169341223e-05,0.9985760056959773,0.9985758555579686,0.9985760056959773,0.9985758709261335,0.9992205767731879,0.9992205767731879,0.9992205767731879,0.997003745318352,0.997003745318352,0.997003745318352,0.9993857493857494,1.0,0.9996927803379416,0.9985422740524781,0.9978150036416606,0.9981785063752276,5.521411420711801e-05,0.999288256227758,0.9992902956081942,0.999288256227758,0.9992882648693928,1.0,1.0,1.0,1.0,0.9971830985915493,0.998589562764457,1.0,1.0,1.0,0.997134670487106,1.0,0.9985652797704447,hf_brain_tumor,classification
197,0.00014230154614863836,0.9980420078319687,0.9980457299978119,0.9980420078319687,0.9980430908498064,1.0,0.9984411535463756,0.999219968798752,0.9947722180731889,0.9977528089887641,0.9962602842183994,1.0,0.9987707437000615,0.9993849938499385,0.9970866715222141,0.9970866715222141,0.9970866715222141,4.6353186800496785e-05,0.998576512455516,0.9985846466700559,0.998576512455516,0.9985765412603244,1.0,1.0,1.0,1.0,0.9943661971830986,0.9971751412429378,1.0,1.0,1.0,0.9942857142857143,1.0,0.997134670487106,hf_brain_tumor,classification
198,0.00011415157924124622,0.9989320042719829,0.9989327809961487,0.9989320042719829,0.9989321245234735,1.0,0.9984411535463756,0.999219968798752,0.998501872659176,0.998501872659176,0.998501872659176,0.9993853718500307,0.9993853718500307,0.9993853718500307,0.9978181818181818,0.9992716678805535,0.9985443959243085,4.651844593917501e-05,0.998576512455516,0.9985846466700559,0.998576512455516,0.9985765412603244,1.0,1.0,1.0,1.0,0.9943661971830986,0.9971751412429378,1.0,1.0,1.0,0.9942857142857143,1.0,0.997134670487106,hf_brain_tumor,classification
199,7.51733269465305e-05,0.9985760056959773,0.9985760234792542,0.9985760056959773,0.9985759475957429,0.9984423676012462,0.9992205767731879,0.9988313206077133,0.997003745318352,0.997003745318352,0.997003745318352,1.0,1.0,1.0,0.9985422740524781,0.9978150036416606,0.9981785063752276,5.825472023965132e-05,0.998576512455516,0.9985807970844451,0.998576512455516,0.9985755746553546,0.9968454258675079,1.0,0.9984202211690363,1.0,0.9943661971830986,0.9971751412429378,1.0,1.0,1.0,0.997134670487106,1.0,0.9985652797704447,hf_brain_tumor,classification
200,0.0001127972215840074,0.9980420078319687,0.9980431937562555,0.9980420078319687,0.9980417862776888,0.9961149961149961,0.9992205767731879,0.9976653696498055,0.9977494373593399,0.9962546816479401,0.9970014992503748,1.0,1.0,1.0,0.9978118161925602,0.9963583394027676,0.9970845481049563,5.0044800674976004e-05,0.998576512455516,0.9985846466700559,0.998576512455516,0.9985765412603244,1.0,1.0,1.0,1.0,0.9943661971830986,0.9971751412429378,1.0,1.0,1.0,0.9942857142857143,1.0,0.997134670487106,hf_brain_tumor,classification
201,7.210398904617163e-05,0.9985760056959773,0.9985766913343942,0.9985760056959773,0.9985760172901907,0.9976653696498055,0.9992205767731879,0.9984423676012462,0.9984996249062266,0.997003745318352,0.9977511244377811,1.0,0.9993853718500307,0.9996925914540424,0.9978165938864629,0.9985433357611071,0.9981798325445941,5.1028292004051364e-05,0.998576512455516,0.9985846466700559,0.998576512455516,0.9985765412603244,1.0,1.0,1.0,1.0,0.9943661971830986,0.9971751412429378,1.0,1.0,1.0,0.9942857142857143,1.0,0.997134670487106,hf_brain_tumor,classification
202,6.141094899794099e-05,0.99875400498398,0.9987543936287137,0.99875400498398,0.9987541396189845,0.9992205767731879,0.9992205767731879,0.9992205767731879,0.9977528089887641,0.9977528089887641,0.9977528089887641,1.0,0.9993853718500307,0.9996925914540424,0.9978165938864629,0.9985433357611071,0.9981798325445941,4.9748714178394787e-05,0.998576512455516,0.9985846466700559,0.998576512455516,0.9985765412603244,1.0,1.0,1.0,1.0,0.9943661971830986,0.9971751412429378,1.0,1.0,1.0,0.9942857142857143,1.0,0.997134670487106,hf_brain_tumor,classification
203,7.444036755873292e-05,0.9982200071199715,0.998221967825248,0.9982200071199715,0.9982205126762972,1.0,0.9976617303195635,0.9988294966835739,0.9962574850299402,0.997003745318352,0.9966304754773493,1.0,1.0,1.0,0.9963636363636363,0.9978150036416606,0.9970887918486172,4.966091296863142e-05,0.998576512455516,0.9985846466700559,0.998576512455516,0.9985765412603244,1.0,1.0,1.0,1.0,0.9943661971830986,0.9971751412429378,1.0,1.0,1.0,0.9942857142857143,1.0,0.997134670487106,hf_brain_tumor,classification
204,0.00010921474453001143,0.9983980064079744,0.9984006728609005,0.9983980064079744,0.9983979663630222,0.999219968798752,0.9984411535463756,0.9988304093567252,0.9984973703981969,0.9955056179775281,0.9969992498124531,1.0,1.0,1.0,0.9956458635703919,0.9992716678805535,0.9974554707379135,4.6281891228104655e-05,0.999288256227758,0.9992902956081942,0.999288256227758,0.9992882648693928,1.0,1.0,1.0,1.0,0.9971830985915493,0.998589562764457,1.0,1.0,1.0,0.997134670487106,1.0,0.9985652797704447,hf_brain_tumor,classification
205,8.185832444415043e-05,0.9983980064079744,0.9983980363359592,0.9983980064079744,0.9983977499344338,0.9976653696498055,0.9992205767731879,0.9984423676012462,0.9977494373593399,0.9962546816479401,0.9970014992503748,1.0,1.0,1.0,0.9978150036416606,0.9978150036416606,0.9978150036416606,5.078634684152309e-05,0.998576512455516,0.9985846466700559,0.998576512455516,0.9985765412603244,1.0,1.0,1.0,1.0,0.9943661971830986,0.9971751412429378,1.0,1.0,1.0,0.9942857142857143,1.0,0.997134670487106,hf_brain_tumor,classification
206,0.00013873183200748532,0.9991100035599858,0.9991109822124772,0.9991100035599858,0.9991100211284608,0.9976671850699844,1.0,0.9988322304398599,0.9992498124531133,0.9977528089887641,0.9985007496251874,1.0,0.9993853718500307,0.9996925914540424,0.9992716678805535,0.9992716678805535,0.9992716678805535,4.9655202095959554e-05,0.998576512455516,0.9985846466700559,0.998576512455516,0.9985765412603244,1.0,1.0,1.0,1.0,0.9943661971830986,0.9971751412429378,1.0,1.0,1.0,0.9942857142857143,1.0,0.997134670487106,hf_brain_tumor,classification
207,0.00010348054423451136,0.9980420078319687,0.9980420986104448,0.9980420078319687,0.9980418561855383,0.9984399375975039,0.9976617303195635,0.9980506822612085,0.9962518740629686,0.9955056179775281,0.9958786062195579,1.0,1.0,1.0,0.9970909090909091,0.9985433357611071,0.9978165938864629,5.9555959987329154e-05,0.997864768683274,0.9978751481463068,0.997864768683274,0.9978628400688411,0.9968454258675079,1.0,0.9984202211690363,1.0,0.9915492957746479,0.9957567185289957,1.0,1.0,1.0,0.9942857142857143,1.0,0.997134670487106,hf_brain_tumor,classification
208,0.00015642735298591556,0.9982200071199715,0.9982199885264635,0.9982200071199715,0.99821993082794,0.9984399375975039,0.9976617303195635,0.9980506822612085,0.997003745318352,0.997003745318352,0.997003745318352,0.9987707437000615,0.9987707437000615,0.9987707437000615,0.9985443959243085,0.9992716678805535,0.9989078995267565,5.501011128726985e-05,0.998576512455516,0.9985846466700559,0.998576512455516,0.9985765412603244,1.0,1.0,1.0,1.0,0.9943661971830986,0.9971751412429378,1.0,1.0,1.0,0.9942857142857143,1.0,0.997134670487106,hf_brain_tumor,classification
209,9.482008577465793e-05,0.9989320042719829,0.9989319942630231,0.9989320042719829,0.9989318716306577,0.9984423676012462,0.9992205767731879,0.9988313206077133,0.9985007496251874,0.9977528089887641,0.9981266391907081,0.9993857493857494,1.0,0.9996927803379416,0.999271137026239,0.9985433357611071,0.9989071038251366,5.0224039049522275e-05,0.998576512455516,0.9985846466700559,0.998576512455516,0.9985765412603244,1.0,1.0,1.0,1.0,0.9943661971830986,0.9971751412429378,1.0,1.0,1.0,0.9942857142857143,1.0,0.997134670487106,hf_brain_tumor,classification
210,7.945617514298294e-05,0.9991100035599858,0.9991104032589858,0.9991100035599858,0.9991101354658706,1.0,0.9992205767731879,0.9996101364522417,0.9977544910179641,0.998501872659176,0.9981280419318608,1.0,1.0,1.0,0.9985433357611071,0.9985433357611071,0.9985433357611071,5.050480947998088e-05,0.998576512455516,0.9985846466700559,0.998576512455516,0.9985765412603244,1.0,1.0,1.0,1.0,0.9943661971830986,0.9971751412429378,1.0,1.0,1.0,0.9942857142857143,1.0,0.997134670487106,hf_brain_tumor,classification
211,5.623601091352921e-05,0.9989320042719829,0.9989318834265312,0.9989320042719829,0.9989318768303822,0.9992211838006231,1.0,0.9996104402025711,0.9977528089887641,0.9977528089887641,0.9977528089887641,1.0,1.0,1.0,0.9985422740524781,0.9978150036416606,0.9981785063752276,5.1726207169237934e-05,0.998576512455516,0.9985846466700559,0.998576512455516,0.9985765412603244,1.0,1.0,1.0,1.0,0.9943661971830986,0.9971751412429378,1.0,1.0,1.0,0.9942857142857143,1.0,0.997134670487106,hf_brain_tumor,classification
212,8.794694636920472e-05,0.9991100035599858,0.9991101344197046,0.9991100035599858,0.9991099413395261,0.9992211838006231,1.0,0.9996104402025711,0.9985007496251874,0.9977528089887641,0.9981266391907081,1.0,0.9993853718500307,0.9996925914540424,0.9985443959243085,0.9992716678805535,0.9989078995267565,4.852732896887771e-05,0.999288256227758,0.9992902956081942,0.999288256227758,0.9992882648693928,1.0,1.0,1.0,1.0,0.9971830985915493,0.998589562764457,1.0,1.0,1.0,0.997134670487106,1.0,0.9985652797704447,hf_brain_tumor,classification
213,9.479160380748007e-05,0.9985760056959773,0.9985777199701739,0.9985760056959773,0.9985755997317719,0.9976653696498055,0.9992205767731879,0.9984423676012462,0.9992481203007518,0.9955056179775281,0.9973733583489681,1.0,1.0,1.0,0.997093023255814,0.9992716678805535,0.9981811567842852,5.079531684775807e-05,0.999288256227758,0.9992902956081942,0.999288256227758,0.9992882648693928,1.0,1.0,1.0,1.0,0.9971830985915493,0.998589562764457,1.0,1.0,1.0,0.997134670487106,1.0,0.9985652797704447,hf_brain_tumor,classification
214,9.05894914955288e-05,0.9983980064079744,0.9983983934256905,0.9983980064079744,0.9983976053134165,0.998443579766537,1.0,0.9992211838006231,0.9977477477477478,0.9955056179775281,0.9966254218222722,1.0,0.9993853718500307,0.9996925914540424,0.9970909090909091,0.9985433357611071,0.9978165938864629,4.851750668794241e-05,0.999288256227758,0.9992902956081942,0.999288256227758,0.9992882648693928,1.0,1.0,1.0,1.0,0.9971830985915493,0.998589562764457,1.0,1.0,1.0,0.997134670487106,1.0,0.9985652797704447,hf_brain_tumor,classification
215,7.600133649805064e-05,0.9985760056959773,0.9985760056959773,0.9985760056959773,0.9985760056959773,0.9992205767731879,0.9992205767731879,0.9992205767731879,0.997003745318352,0.997003745318352,0.997003745318352,1.0,1.0,1.0,0.9978150036416606,0.9978150036416606,0.9978150036416606,5.104166361508624e-05,0.999288256227758,0.9992902956081942,0.999288256227758,0.9992882648693928,1.0,1.0,1.0,1.0,0.9971830985915493,0.998589562764457,1.0,1.0,1.0,0.997134670487106,1.0,0.9985652797704447,hf_brain_tumor,classification
216,7.899915661088779e-05,0.9985760056959773,0.9985770591226973,0.9985760056959773,0.9985762609379804,0.9992193598750976,0.9976617303195635,0.9984399375975039,0.9962602842183994,0.9977528089887641,0.9970059880239521,1.0,1.0,1.0,0.9985433357611071,0.9985433357611071,0.9985433357611071,5.010702797791764e-05,0.998576512455516,0.9985846466700559,0.998576512455516,0.9985765412603244,1.0,1.0,1.0,1.0,0.9943661971830986,0.9971751412429378,1.0,1.0,1.0,0.9942857142857143,1.0,0.997134670487106,hf_brain_tumor,classification
217,7.596904301527994e-05,0.9992880028479886,0.9992881395768982,0.9992880028479886,0.9992880055427792,0.9992205767731879,0.9992205767731879,0.9992205767731879,0.9985029940119761,0.9992509363295881,0.9988768251591165,1.0,1.0,1.0,0.999271137026239,0.9985433357611071,0.9989071038251366,6.0664743726959765e-05,0.997864768683274,0.9978751481463068,0.997864768683274,0.9978628400688411,0.9968454258675079,1.0,0.9984202211690363,1.0,0.9915492957746479,0.9957567185289957,1.0,1.0,1.0,0.9942857142857143,1.0,0.997134670487106,hf_brain_tumor,classification
218,0.00010289306218713167,0.9982200071199715,0.9982210220787527,0.9982200071199715,0.9982198626448753,0.9984423676012462,0.9992205767731879,0.9988313206077133,0.9977477477477478,0.9955056179775281,0.9966254218222722,1.0,0.9993853718500307,0.9996925914540424,0.9963662790697675,0.9985433357611071,0.9974536194979993,4.995604031994899e-05,0.999288256227758,0.9992902956081942,0.999288256227758,0.9992882648693928,1.0,1.0,1.0,1.0,0.9971830985915493,0.998589562764457,1.0,1.0,1.0,0.997134670487106,1.0,0.9985652797704447,hf_brain_tumor,classification
219,9.29500684209164e-05,0.9982200071199715,0.9982202840737004,0.9982200071199715,0.9982200800492567,0.9984411535463756,0.9984411535463756,0.9984411535463756,0.9962574850299402,0.997003745318352,0.9966304754773493,1.0,1.0,1.0,0.9978134110787172,0.9970866715222141,0.9974499089253187,4.881333263403505e-05,0.999288256227758,0.9992902956081942,0.999288256227758,0.9992882648693928,1.0,1.0,1.0,1.0,0.9971830985915493,0.998589562764457,1.0,1.0,1.0,0.997134670487106,1.0,0.9985652797704447,hf_brain_tumor,classification
220,6.950817393999306e-05,0.9985760056959773,0.9985770773660304,0.9985760056959773,0.9985762791537964,0.9984411535463756,0.9984411535463756,0.9984411535463756,0.9962602842183994,0.9977528089887641,0.9970059880239521,1.0,1.0,1.0,0.9992706053975201,0.9978150036416606,0.9985422740524781,5.3778833597258535e-05,0.999288256227758,0.9992902956081942,0.999288256227758,0.9992882648693928,1.0,1.0,1.0,1.0,0.9971830985915493,0.998589562764457,1.0,1.0,1.0,0.997134670487106,1.0,0.9985652797704447,hf_brain_tumor,classification
221,4.979276785649022e-05,0.9992880028479886,0.9992882937615354,0.9992880028479886,0.99928794417228,0.998443579766537,1.0,0.9992211838006231,0.9992503748125937,0.998501872659176,0.9988759835144249,1.0,1.0,1.0,0.999271137026239,0.9985433357611071,0.9989071038251366,5.952831214784434e-05,0.997864768683274,0.9978751481463068,0.997864768683274,0.9978628400688411,0.9968454258675079,1.0,0.9984202211690363,1.0,0.9915492957746479,0.9957567185289957,1.0,1.0,1.0,0.9942857142857143,1.0,0.997134670487106,hf_brain_tumor,classification
222,6.244041506152087e-05,0.9992880028479886,0.9992881335075082,0.9992880028479886,0.999287867849726,0.9992211838006231,1.0,0.9996104402025711,0.9992498124531133,0.9977528089887641,0.9985007496251874,1.0,1.0,1.0,0.9985443959243085,0.9992716678805535,0.9989078995267565,4.738119300167312e-05,0.998576512455516,0.9985846466700559,0.998576512455516,0.9985765412603244,1.0,1.0,1.0,1.0,0.9943661971830986,0.9971751412429378,1.0,1.0,1.0,0.9942857142857143,1.0,0.997134670487106,hf_brain_tumor,classification
223,7.646918290854492e-05,0.9985760056959773,0.9985785739486851,0.9985760056959773,0.9985765021849511,1.0,0.9984411535463756,0.999219968798752,0.9984996249062266,0.997003745318352,0.9977511244377811,1.0,1.0,1.0,0.9956427015250545,0.9985433357611071,0.9970909090909091,4.900213976964865e-05,0.999288256227758,0.9992902956081942,0.999288256227758,0.9992882648693928,1.0,1.0,1.0,1.0,0.9971830985915493,0.998589562764457,1.0,1.0,1.0,0.997134670487106,1.0,0.9985652797704447,hf_brain_tumor,classification
224,9.216130595821994e-05,0.9989320042719829,0.9989332499901726,0.9989320042719829,0.9989320240503355,0.9976671850699844,1.0,0.9988322304398599,0.9977528089887641,0.9977528089887641,0.9977528089887641,1.0,1.0,1.0,1.0,0.9978150036416606,0.998906306963179,6.106328241888432e-05,0.997864768683274,0.9978751481463068,0.997864768683274,0.9978628400688411,0.9968454258675079,1.0,0.9984202211690363,1.0,0.9915492957746479,0.9957567185289957,1.0,1.0,1.0,0.9942857142857143,1.0,0.997134670487106,hf_brain_tumor,classification
225,6.31110644032773e-05,0.9989320042719829,0.9989328096753374,0.9989320042719829,0.998932144496802,0.9992205767731879,0.9992205767731879,0.9992205767731879,0.9970082273747195,0.998501872659176,0.9977544910179641,1.0,1.0,1.0,0.9992706053975201,0.9978150036416606,0.9985422740524781,5.231192232957877e-05,0.998576512455516,0.9985846466700559,0.998576512455516,0.9985765412603244,1.0,1.0,1.0,1.0,0.9943661971830986,0.9971751412429378,1.0,1.0,1.0,0.9942857142857143,1.0,0.997134670487106,hf_brain_tumor,classification
226,0.00011583791756567625,0.9991100035599858,0.9991114157644159,0.9991100035599858,0.9991095220571562,0.9992211838006231,1.0,0.9996104402025711,1.0,0.9962546816479401,0.99812382739212,0.9993857493857494,1.0,0.9996927803379416,0.9978197674418605,1.0,0.9989086940705711,5.384468235055937e-05,0.999288256227758,0.9992902956081942,0.999288256227758,0.9992882648693928,1.0,1.0,1.0,1.0,0.9971830985915493,0.998589562764457,1.0,1.0,1.0,0.997134670487106,1.0,0.9985652797704447,hf_brain_tumor,classification
227,9.041761540493373e-05,0.9982200071199715,0.9982214235795495,0.9982200071199715,0.9982201478112405,0.9984423676012462,0.9992205767731879,0.9988313206077133,0.9977494373593399,0.9962546816479401,0.9970014992503748,1.0,0.9987707437000615,0.9993849938499385,0.9963662790697675,0.9985433357611071,0.9974536194979993,6.629172022578417e-05,0.997864768683274,0.9978751481463068,0.997864768683274,0.9978628400688411,0.9968454258675079,1.0,0.9984202211690363,1.0,0.9915492957746479,0.9957567185289957,1.0,1.0,1.0,0.9942857142857143,1.0,0.997134670487106,hf_brain_tumor,classification
228,7.905431648107216e-05,0.9989320042719829,0.998932853387583,0.9989320042719829,0.9989320247101415,0.9976671850699844,1.0,0.9988322304398599,0.9985007496251874,0.9977528089887641,0.9981266391907081,1.0,0.9993853718500307,0.9996925914540424,0.999271137026239,0.9985433357611071,0.9989071038251366,5.3533376200848126e-05,0.998576512455516,0.9985846466700559,0.998576512455516,0.9985765412603244,1.0,1.0,1.0,1.0,0.9943661971830986,0.9971751412429378,1.0,1.0,1.0,0.9942857142857143,1.0,0.997134670487106,hf_brain_tumor,classification
229,0.0001241610696233087,0.9991100035599858,0.9991106518471822,0.9991100035599858,0.9991100031024076,0.9992211838006231,1.0,0.9996104402025711,0.9992498124531133,0.9977528089887641,0.9985007496251874,1.0,0.9993853718500307,0.9996925914540424,0.9978181818181818,0.9992716678805535,0.9985443959243085,5.425128852775387e-05,0.998576512455516,0.9985846466700559,0.998576512455516,0.9985765412603244,1.0,1.0,1.0,1.0,0.9943661971830986,0.9971751412429378,1.0,1.0,1.0,0.9942857142857143,1.0,0.997134670487106,hf_brain_tumor,classification
230,0.00011539410981545819,0.9989320042719829,0.9989327628010143,0.9989320042719829,0.9989319974686534,0.999219968798752,0.9984411535463756,0.9988304093567252,0.9985007496251874,0.9977528089887641,0.9981266391907081,1.0,0.9993853718500307,0.9996925914540424,0.9978197674418605,1.0,0.9989086940705711,5.0742811871313026e-05,0.998576512455516,0.9985846466700559,0.998576512455516,0.9985765412603244,1.0,1.0,1.0,1.0,0.9943661971830986,0.9971751412429378,1.0,1.0,1.0,0.9942857142857143,1.0,0.997134670487106,hf_brain_tumor,classification
231,6.309362460374581e-05,0.9985760056959773,0.9985761443247062,0.9985760056959773,0.9985760130074093,0.9992211838006231,1.0,0.9996104402025711,0.997003745318352,0.997003745318352,0.997003745318352,1.0,0.9993853718500307,0.9996925914540424,0.9978150036416606,0.9978150036416606,0.9978150036416606,5.9478716331724815e-05,0.997864768683274,0.9978751481463068,0.997864768683274,0.9978628400688411,0.9968454258675079,1.0,0.9984202211690363,1.0,0.9915492957746479,0.9957567185289957,1.0,1.0,1.0,0.9942857142857143,1.0,0.997134670487106,hf_brain_tumor,classification
232,4.362909649293796e-05,0.9992880028479886,0.9992880117396271,0.9992880028479886,0.9992879402513015,0.9992211838006231,1.0,0.9996104402025711,0.998501872659176,0.998501872659176,0.998501872659176,1.0,1.0,1.0,0.999271137026239,0.9985433357611071,0.9989071038251366,5.319441732999589e-05,0.998576512455516,0.9985846466700559,0.998576512455516,0.9985765412603244,1.0,1.0,1.0,1.0,0.9943661971830986,0.9971751412429378,1.0,1.0,1.0,0.9942857142857143,1.0,0.997134670487106,hf_brain_tumor,classification
233,8.609585449883297e-05,0.99875400498398,0.9987559570023522,0.99875400498398,0.9987543173343912,1.0,0.9976617303195635,0.9988294966835739,0.9977544910179641,0.998501872659176,0.9981280419318608,1.0,0.9993853718500307,0.9996925914540424,0.997093023255814,0.9992716678805535,0.9981811567842852,5.093546058275781e-05,0.998576512455516,0.9985846466700559,0.998576512455516,0.9985765412603244,1.0,1.0,1.0,1.0,0.9943661971830986,0.9971751412429378,1.0,1.0,1.0,0.9942857142857143,1.0,0.997134670487106,hf_brain_tumor,classification
234,9.201276834859681e-05,0.9982200071199715,0.998219750646431,0.9982200071199715,0.9982198110208202,0.9984423676012462,0.9992205767731879,0.9988313206077133,0.9970014992503748,0.9962546816479401,0.9966279505432747,1.0,1.0,1.0,0.9970866715222141,0.9970866715222141,0.9970866715222141,4.522375963713403e-05,0.999288256227758,0.9992902956081942,0.999288256227758,0.9992882648693928,1.0,1.0,1.0,1.0,0.9971830985915493,0.998589562764457,1.0,1.0,1.0,0.997134670487106,1.0,0.9985652797704447,hf_brain_tumor,classification
235,0.00011419870408359696,0.9982200071199715,0.9982203298958917,0.9982200071199715,0.9982197644855467,0.9976671850699844,1.0,0.9988322304398599,0.9970014992503748,0.9962546816479401,0.9966279505432747,1.0,0.9993853718500307,0.9996925914540424,0.9978134110787172,0.9970866715222141,0.9974499089253187,6.127250497332969e-05,0.997864768683274,0.9978751481463068,0.997864768683274,0.9978628400688411,0.9968454258675079,1.0,0.9984202211690363,1.0,0.9915492957746479,0.9957567185289957,1.0,1.0,1.0,0.9942857142857143,1.0,0.997134670487106,hf_brain_tumor,classification
236,9.14268812582212e-05,0.99875400498398,0.9987541459135059,0.99875400498398,0.9987536048223662,0.998443579766537,1.0,0.9992211838006231,0.9984984984984985,0.9962546816479401,0.9973753280839895,1.0,1.0,1.0,0.9978165938864629,0.9985433357611071,0.9981798325445941,5.8892751698362855e-05,0.998576512455516,0.9985807970844451,0.998576512455516,0.9985755746553546,0.9968454258675079,1.0,0.9984202211690363,1.0,0.9943661971830986,0.9971751412429378,1.0,1.0,1.0,0.997134670487106,1.0,0.9985652797704447,hf_brain_tumor,classification
237,0.00013171099125052749,0.9982200071199715,0.9982213384534645,0.9982200071199715,0.9982204305813147,0.9984411535463756,0.9984411535463756,0.9984411535463756,0.9962602842183994,0.9977528089887641,0.9970059880239521,1.0,0.9987707437000615,0.9993849938499385,0.9978150036416606,0.9978150036416606,0.9978150036416606,5.246177638801067e-05,0.999288256227758,0.9992902956081942,0.999288256227758,0.9992882648693928,1.0,1.0,1.0,1.0,0.9971830985915493,0.998589562764457,1.0,1.0,1.0,0.997134670487106,1.0,0.9985652797704447,hf_brain_tumor,classification
238,6.731266536340758e-05,0.9985760056959773,0.998575861320589,0.9985760056959773,0.9985757334276198,0.9992211838006231,1.0,0.9996104402025711,0.9977494373593399,0.9962546816479401,0.9970014992503748,1.0,1.0,1.0,0.9970887918486172,0.9978150036416606,0.9974517655624318,5.2683847406312524e-05,0.998576512455516,0.9985846466700559,0.998576512455516,0.9985765412603244,1.0,1.0,1.0,1.0,0.9943661971830986,0.9971751412429378,1.0,1.0,1.0,0.9942857142857143,1.0,0.997134670487106,hf_brain_tumor,classification
239,8.840364547277336e-05,0.9989320042719829,0.998932144496802,0.9989320042719829,0.9989320087633006,0.9992205767731879,0.9992205767731879,0.9992205767731879,0.9977544910179641,0.998501872659176,0.9981280419318608,1.0,1.0,1.0,0.9985422740524781,0.9978150036416606,0.9981785063752276,5.540305917932389e-05,0.998576512455516,0.9985807970844451,0.998576512455516,0.9985755746553546,0.9968454258675079,1.0,0.9984202211690363,1.0,0.9943661971830986,0.9971751412429378,1.0,1.0,1.0,0.997134670487106,1.0,0.9985652797704447,hf_brain_tumor,classification
240,7.693068630884317e-05,0.9982200071199715,0.9982205683332475,0.9982200071199715,0.9982196173371342,0.9976671850699844,1.0,0.9988322304398599,0.9977477477477478,0.9955056179775281,0.9966254218222722,1.0,0.9993853718500307,0.9996925914540424,0.9970887918486172,0.9978150036416606,0.9974517655624318,6.091673694738535e-05,0.997864768683274,0.9978751481463068,0.997864768683274,0.9978628400688411,0.9968454258675079,1.0,0.9984202211690363,1.0,0.9915492957746479,0.9957567185289957,1.0,1.0,1.0,0.9942857142857143,1.0,0.997134670487106,hf_brain_tumor,classification
241,7.780062543294276e-05,0.9989320042719829,0.9989328096753374,0.9989320042719829,0.998932144496802,0.9992205767731879,0.9992205767731879,0.9992205767731879,0.9970082273747195,0.998501872659176,0.9977544910179641,1.0,1.0,1.0,0.9992706053975201,0.9978150036416606,0.9985422740524781,5.2372662034099206e-05,0.998576512455516,0.9985846466700559,0.998576512455516,0.9985765412603244,1.0,1.0,1.0,1.0,0.9943661971830986,0.9971751412429378,1.0,1.0,1.0,0.9942857142857143,1.0,0.997134670487106,hf_brain_tumor,classification
242,0.000177177097791902,0.99875400498398,0.998756803021542,0.99875400498398,0.9987535997085096,0.9976671850699844,1.0,0.9988322304398599,1.0,0.9955056179775281,0.9977477477477478,1.0,1.0,1.0,0.997093023255814,0.9992716678805535,0.9981811567842852,5.478404481715233e-05,0.998576512455516,0.9985846466700559,0.998576512455516,0.9985765412603244,1.0,1.0,1.0,1.0,0.9943661971830986,0.9971751412429378,1.0,1.0,1.0,0.9942857142857143,1.0,0.997134670487106,hf_brain_tumor,classification
243,0.00014011204754218228,0.9989320042719829,0.9989322633684719,0.9989320042719829,0.9989320741092852,0.9992205767731879,0.9992205767731879,0.9992205767731879,0.9977528089887641,0.9977528089887641,0.9977528089887641,1.0,0.9993853718500307,0.9996925914540424,0.9985443959243085,0.9992716678805535,0.9989078995267565,5.1475493360012346e-05,0.998576512455516,0.9985846466700559,0.998576512455516,0.9985765412603244,1.0,1.0,1.0,1.0,0.9943661971830986,0.9971751412429378,1.0,1.0,1.0,0.9942857142857143,1.0,0.997134670487106,hf_brain_tumor,classification
244,4.988917681638664e-05,0.9992880028479886,0.9992882693139886,0.9992880028479886,0.9992880681124326,1.0,0.9992205767731879,0.9996101364522417,0.9985029940119761,0.9992509363295881,0.9988768251591165,1.0,1.0,1.0,0.9985433357611071,0.9985433357611071,0.9985433357611071,4.832510506047684e-05,0.999288256227758,0.9992902956081942,0.999288256227758,0.9992882648693928,1.0,1.0,1.0,1.0,0.9971830985915493,0.998589562764457,1.0,1.0,1.0,0.997134670487106,1.0,0.9985652797704447,hf_brain_tumor,classification
245,4.571388252750143e-05,0.9994660021359915,0.9994660073319708,0.9994660021359915,0.9994659367696077,0.9992211838006231,1.0,0.9996104402025711,0.9992503748125937,0.998501872659176,0.9988759835144249,1.0,1.0,1.0,0.9992716678805535,0.9992716678805535,0.9992716678805535,5.15207803985365e-05,0.999288256227758,0.9992902956081942,0.999288256227758,0.9992882648693928,1.0,1.0,1.0,1.0,0.9971830985915493,0.998589562764457,1.0,1.0,1.0,0.997134670487106,1.0,0.9985652797704447,hf_brain_tumor,classification
246,6.83094260026517e-05,0.9991100035599858,0.9991102822242749,0.9991100035599858,0.99910994536009,0.9992211838006231,1.0,0.9996104402025711,0.9977544910179641,0.998501872659176,0.9981280419318608,1.0,1.0,1.0,0.9992706053975201,0.9978150036416606,0.9985422740524781,4.915858937968088e-05,0.998576512455516,0.9985846466700559,0.998576512455516,0.9985765412603244,1.0,1.0,1.0,1.0,0.9943661971830986,0.9971751412429378,1.0,1.0,1.0,0.9942857142857143,1.0,0.997134670487106,hf_brain_tumor,classification
247,0.00011707520377614173,0.9985760056959773,0.9985761947898905,0.9985760056959773,0.9985757908199463,0.9976635514018691,0.9984411535463756,0.9980522010128555,0.9984996249062266,0.997003745318352,0.9977511244377811,0.9987722529158993,1.0,0.9993857493857494,0.999271137026239,0.9985433357611071,0.9989071038251366,5.0368185339944424e-05,0.998576512455516,0.9985846466700559,0.998576512455516,0.9985765412603244,1.0,1.0,1.0,1.0,0.9943661971830986,0.9971751412429378,1.0,1.0,1.0,0.9942857142857143,1.0,0.997134670487106,hf_brain_tumor,classification
248,9.200708533889868e-05,0.9989320042719829,0.9989321517923504,0.9989320042719829,0.9989320110166622,0.9984423676012462,0.9992205767731879,0.9988313206077133,0.9977528089887641,0.9977528089887641,0.9977528089887641,1.0,1.0,1.0,0.999271137026239,0.9985433357611071,0.9989071038251366,4.532130824834092e-05,0.998576512455516,0.9985846466700559,0.998576512455516,0.9985765412603244,1.0,1.0,1.0,1.0,0.9943661971830986,0.9971751412429378,1.0,1.0,1.0,0.9942857142857143,1.0,0.997134670487106,hf_brain_tumor,classification
249,8.360393622777288e-05,0.9982200071199715,0.9982205683332475,0.9982200071199715,0.9982196173371342,0.9976671850699844,1.0,0.9988322304398599,0.9977477477477478,0.9955056179775281,0.9966254218222722,1.0,0.9993853718500307,0.9996925914540424,0.9970887918486172,0.9978150036416606,0.9974517655624318,4.630873933279594e-05,0.999288256227758,0.9992902956081942,0.999288256227758,0.9992882648693928,1.0,1.0,1.0,1.0,0.9971830985915493,0.998589562764457,1.0,1.0,1.0,0.997134670487106,1.0,0.9985652797704447,hf_brain_tumor,classification
250,6.270243598449514e-05,0.9989320042719829,0.9989341886927727,0.9989320042719829,0.9989322457380043,1.0,0.9992205767731879,0.9996101364522417,0.9992492492492493,0.997003745318352,0.9981252343457068,1.0,1.0,1.0,0.9963689179375453,0.9992716678805535,0.9978181818181818,5.0282896584858105e-05,0.998576512455516,0.9985846466700559,0.998576512455516,0.9985765412603244,1.0,1.0,1.0,1.0,0.9943661971830986,0.9971751412429378,1.0,1.0,1.0,0.9942857142857143,1.0,0.997134670487106,hf_brain_tumor,classification
251,0.00010303789232558314,0.9983980064079744,0.99839951223947,0.9983980064079744,0.998397908858957,0.9984399375975039,0.9976617303195635,0.9980506822612085,0.9984984984984985,0.9962546816479401,0.9973753280839895,1.0,1.0,1.0,0.9963689179375453,0.9992716678805535,0.9978181818181818,5.492181471353016e-05,0.998576512455516,0.9985846466700559,0.998576512455516,0.9985765412603244,1.0,1.0,1.0,1.0,0.9943661971830986,0.9971751412429378,1.0,1.0,1.0,0.9942857142857143,1.0,0.997134670487106,hf_brain_tumor,classification
252,6.364608687720344e-05,0.9989320042719829,0.998932375285651,0.9989320042719829,0.9989319925468759,0.999219968798752,0.9984411535463756,0.9988304093567252,0.9985007496251874,0.9977528089887641,0.9981266391907081,1.0,1.0,1.0,0.9978181818181818,0.9992716678805535,0.9985443959243085,4.9921255610240234e-05,0.998576512455516,0.9985846466700559,0.998576512455516,0.9985765412603244,1.0,1.0,1.0,1.0,0.9943661971830986,0.9971751412429378,1.0,1.0,1.0,0.9942857142857143,1.0,0.997134670487106,hf_brain_tumor,classification
253,4.602006770767255e-05,0.9991100035599858,0.9991112888136594,0.9991100035599858,0.9991101949644314,1.0,1.0,1.0,0.9992498124531133,0.9977528089887641,0.9985007496251874,1.0,0.9993853718500307,0.9996925914540424,0.997093023255814,0.9992716678805535,0.9981811567842852,5.418132199527631e-05,0.998576512455516,0.9985846466700559,0.998576512455516,0.9985765412603244,1.0,1.0,1.0,1.0,0.9943661971830986,0.9971751412429378,1.0,1.0,1.0,0.9942857142857143,1.0,0.997134670487106,hf_brain_tumor,classification
254,0.0001116970579895513,0.9985760056959773,0.9985764767700027,0.9985760056959773,0.9985754746705587,0.998443579766537,1.0,0.9992211838006231,0.9977528089887641,0.9977528089887641,0.9977528089887641,0.9987722529158993,1.0,0.9993857493857494,0.9992695398100804,0.9963583394027676,0.9978118161925602,5.850600471715348e-05,0.998576512455516,0.9985807970844451,0.998576512455516,0.9985755746553546,0.9968454258675079,1.0,0.9984202211690363,1.0,0.9943661971830986,0.9971751412429378,1.0,1.0,1.0,0.997134670487106,1.0,0.9985652797704447,hf_brain_tumor,classification
255,0.0001355497757492414,0.9978640085439658,0.9978640039085819,0.9978640085439658,0.9978638063232943,0.9976635514018691,0.9984411535463756,0.9980522010128555,0.9969992498124531,0.9955056179775281,0.9962518740629686,1.0,1.0,1.0,0.9963609898107715,0.9970866715222141,0.9967236985802694,4.598585203908455e-05,0.998576512455516,0.9985846466700559,0.998576512455516,0.9985765412603244,1.0,1.0,1.0,1.0,0.9943661971830986,0.9971751412429378,1.0,1.0,1.0,0.9942857142857143,1.0,0.997134670487106,hf_brain_tumor,classification
256,0.00016690764434858474,0.9982200071199715,0.9982201662291438,0.9982200071199715,0.9982192103766625,0.9976671850699844,1.0,0.9988322304398599,0.9977460555972952,0.9947565543071161,0.9962490622655664,1.0,1.0,1.0,0.9970887918486172,0.9978150036416606,0.9974517655624318,5.1311855322815724e-05,0.999288256227758,0.9992902956081942,0.999288256227758,0.9992882648693928,1.0,1.0,1.0,1.0,0.9971830985915493,0.998589562764457,1.0,1.0,1.0,0.997134670487106,1.0,0.9985652797704447,hf_brain_tumor,classification
257,4.9486487897719195e-05,0.9991100035599858,0.9991101610407829,0.9991100035599858,0.9991098781928992,0.998443579766537,1.0,0.9992211838006231,0.9985007496251874,0.9977528089887641,0.9981266391907081,1.0,1.0,1.0,0.999271137026239,0.9985433357611071,0.9989071038251366,5.477253173329477e-05,0.998576512455516,0.9985846466700559,0.998576512455516,0.9985765412603244,1.0,1.0,1.0,1.0,0.9943661971830986,0.9971751412429378,1.0,1.0,1.0,0.9942857142857143,1.0,0.997134670487106,hf_brain_tumor,classification
258,0.00014681673723517864,0.99875400498398,0.9987539886686938,0.99875400498398,0.9987537342339757,0.9976617303195635,0.9976617303195635,0.9976617303195635,0.9984996249062266,0.997003745318352,0.9977511244377811,1.0,1.0,1.0,0.9985454545454545,1.0,0.9992721979621543,5.580472308608617e-05,0.998576512455516,0.9985846466700559,0.998576512455516,0.9985765412603244,1.0,1.0,1.0,1.0,0.9943661971830986,0.9971751412429378,1.0,1.0,1.0,0.9942857142857143,1.0,0.997134670487106,hf_brain_tumor,classification
259,8.434450322201417e-05,0.9989320042719829,0.9989322538329742,0.9989320042719829,0.9989320014080241,1.0,0.9992205767731879,0.9996101364522417,0.9977544910179641,0.998501872659176,0.9981280419318608,0.9993857493857494,1.0,0.9996927803379416,0.9985422740524781,0.9978150036416606,0.9981785063752276,5.846338211788172e-05,0.998576512455516,0.9985807970844451,0.998576512455516,0.9985755746553546,0.9968454258675079,1.0,0.9984202211690363,1.0,0.9943661971830986,0.9971751412429378,1.0,1.0,1.0,0.997134670487106,1.0,0.9985652797704447,hf_brain_tumor,classification
260,0.00014681025135106278,0.9985760056959773,0.9985770591226973,0.9985760056959773,0.9985762609379804,0.9992193598750976,0.9976617303195635,0.9984399375975039,0.9962602842183994,0.9977528089887641,0.9970059880239521,1.0,1.0,1.0,0.9985433357611071,0.9985433357611071,0.9985433357611071,4.885021857597464e-05,0.998576512455516,0.9985846466700559,0.998576512455516,0.9985765412603244,1.0,1.0,1.0,1.0,0.9943661971830986,0.9971751412429378,1.0,1.0,1.0,0.9942857142857143,1.0,0.997134670487106,hf_brain_tumor,classification
261,6.33330809211183e-05,0.99875400498398,0.9987547555047577,0.99875400498398,0.9987537898285777,0.9992205767731879,0.9992205767731879,0.9992205767731879,0.9984984984984985,0.9962546816479401,0.9973753280839895,1.0,1.0,1.0,0.997093023255814,0.9992716678805535,0.9981811567842852,5.271197375636754e-05,0.999288256227758,0.9992902956081942,0.999288256227758,0.9992882648693928,1.0,1.0,1.0,1.0,0.9971830985915493,0.998589562764457,1.0,1.0,1.0,0.997134670487106,1.0,0.9985652797704447,hf_brain_tumor,classification
262,0.00017345003787803994,0.9983980064079744,0.9983999135230398,0.9983980064079744,0.9983982446630689,0.9992193598750976,0.9976617303195635,0.9984399375975039,0.9977511244377811,0.997003745318352,0.9973772948669913,1.0,0.9993853718500307,0.9996925914540424,0.9963689179375453,0.9992716678805535,0.9978181818181818,5.0724922901562976e-05,0.998576512455516,0.9985846466700559,0.998576512455516,0.9985765412603244,1.0,1.0,1.0,1.0,0.9943661971830986,0.9971751412429378,1.0,1.0,1.0,0.9942857142857143,1.0,0.997134670487106,hf_brain_tumor,classification
263,0.00012597356709693826,0.9978640085439658,0.9978643939908892,0.9978640085439658,0.9978636912193709,0.9992193598750976,0.9976617303195635,0.9984399375975039,0.9969992498124531,0.9955056179775281,0.9962518740629686,0.9987722529158993,1.0,0.9993857493857494,0.9963636363636363,0.9978150036416606,0.9970887918486172,4.847462909322035e-05,0.998576512455516,0.9985846466700559,0.998576512455516,0.9985765412603244,1.0,1.0,1.0,1.0,0.9943661971830986,0.9971751412429378,1.0,1.0,1.0,0.9942857142857143,1.0,0.997134670487106,hf_brain_tumor,classification
264,0.00010619966090885543,0.9982200071199715,0.9982203864679512,0.9982200071199715,0.9982201298187784,0.999219968798752,0.9984411535463756,0.9988304093567252,0.9962546816479401,0.9962546816479401,0.9962546816479401,1.0,1.0,1.0,0.9970887918486172,0.9978150036416606,0.9974517655624318,5.20036722898575e-05,0.998576512455516,0.9985846466700559,0.998576512455516,0.9985765412603244,1.0,1.0,1.0,1.0,0.9943661971830986,0.9971751412429378,1.0,1.0,1.0,0.9942857142857143,1.0,0.997134670487106,hf_brain_tumor,classification
265,7.587283606280977e-05,0.9989320042719829,0.9989325461008061,0.9989320042719829,0.9989318043345401,0.998443579766537,1.0,0.9992211838006231,0.9992492492492493,0.997003745318352,0.9981252343457068,1.0,1.0,1.0,0.9978165938864629,0.9985433357611071,0.9981798325445941,4.846063734419406e-05,0.999288256227758,0.9992902956081942,0.999288256227758,0.9992882648693928,1.0,1.0,1.0,1.0,0.9971830985915493,0.998589562764457,1.0,1.0,1.0,0.997134670487106,1.0,0.9985652797704447,hf_brain_tumor,classification
266,0.000139276493103292,0.9980420078319687,0.9980440843816979,0.9980420078319687,0.9980422289213838,0.9992181391712275,0.9961028838659393,0.9976580796252927,0.9955123410620793,0.997003745318352,0.9962574850299402,1.0,1.0,1.0,0.9970909090909091,0.9985433357611071,0.9978165938864629,4.962818389658197e-05,0.999288256227758,0.9992902956081942,0.999288256227758,0.9992882648693928,1.0,1.0,1.0,1.0,0.9971830985915493,0.998589562764457,1.0,1.0,1.0,0.997134670487106,1.0,0.9985652797704447,hf_brain_tumor,classification
267,4.911949989481205e-05,0.9991100035599858,0.9991101437848049,0.9991100035599858,0.9991100080513033,1.0,1.0,1.0,0.9977544910179641,0.998501872659176,0.9981280419318608,1.0,1.0,1.0,0.9985422740524781,0.9978150036416606,0.9981785063752276,5.3421627030584074e-05,0.999288256227758,0.9992902956081942,0.999288256227758,0.9992882648693928,1.0,1.0,1.0,1.0,0.9971830985915493,0.998589562764457,1.0,1.0,1.0,0.997134670487106,1.0,0.9985652797704447,hf_brain_tumor,classification
268,7.809791341190512e-05,0.9985760056959773,0.9985765255435881,0.9985760056959773,0.9985754647066462,0.998443579766537,1.0,0.9992211838006231,0.9984973703981969,0.9955056179775281,0.9969992498124531,1.0,1.0,1.0,0.9970909090909091,0.9985433357611071,0.9978165938864629,5.1575983405012804e-05,0.999288256227758,0.9992902956081942,0.999288256227758,0.9992882648693928,1.0,1.0,1.0,1.0,0.9971830985915493,0.998589562764457,1.0,1.0,1.0,0.997134670487106,1.0,0.9985652797704447,hf_brain_tumor,classification
269,5.4275776804476834e-05,0.99875400498398,0.9987545379159801,0.99875400498398,0.9987542035313054,1.0,0.9992205767731879,0.9996101364522417,0.9970059880239521,0.9977528089887641,0.997379258704605,1.0,1.0,1.0,0.9978150036416606,0.9978150036416606,0.9978150036416606,4.711122945145139e-05,0.999288256227758,0.9992902956081942,0.999288256227758,0.9992882648693928,1.0,1.0,1.0,1.0,0.9971830985915493,0.998589562764457,1.0,1.0,1.0,0.997134670487106,1.0,0.9985652797704447,hf_brain_tumor,classification
270,8.692900260131991e-05,0.9989320042719829,0.9989333412039725,0.9989320042719829,0.9989322027515354,1.0,0.9984411535463756,0.999219968798752,0.9970104633781763,0.9992509363295881,0.998129442573887,1.0,1.0,1.0,0.9985422740524781,0.9978150036416606,0.9981785063752276,5.1135009863299994e-05,0.998576512455516,0.9985846466700559,0.998576512455516,0.9985765412603244,1.0,1.0,1.0,1.0,0.9943661971830986,0.9971751412429378,1.0,1.0,1.0,0.9942857142857143,1.0,0.997134670487106,hf_brain_tumor,classification
271,0.00015418486527861815,0.9982200071199715,0.9982203256254877,0.9982200071199715,0.9982190528996094,0.9976653696498055,0.9992205767731879,0.9984423676012462,0.9984962406015038,0.9947565543071161,0.9966228893058161,0.9987722529158993,1.0,0.9993857493857494,0.9978165938864629,0.9985433357611071,0.9981798325445941,5.512792854776285e-05,0.998576512455516,0.9985846466700559,0.998576512455516,0.9985765412603244,1.0,1.0,1.0,1.0,0.9943661971830986,0.9971751412429378,1.0,1.0,1.0,0.9942857142857143,1.0,0.997134670487106,hf_brain_tumor,classification
272,0.00014064798854982442,0.9983980064079744,0.9983996972798019,0.9983980064079744,0.99839825020532,0.99921875,0.9968823070927514,0.9980491611392899,0.9962602842183994,0.9977528089887641,0.9970059880239521,1.0,0.9993853718500307,0.9996925914540424,0.9978181818181818,0.9992716678805535,0.9985443959243085,5.489189705629063e-05,0.998576512455516,0.9985807970844451,0.998576512455516,0.9985755746553546,0.9968454258675079,1.0,0.9984202211690363,1.0,0.9943661971830986,0.9971751412429378,1.0,1.0,1.0,0.997134670487106,1.0,0.9985652797704447,hf_brain_tumor,classification
273,0.0001398096828839368,0.9982200071199715,0.9982197343076139,0.9982200071199715,0.9982196707602309,0.9984423676012462,0.9992205767731879,0.9988313206077133,0.9969992498124531,0.9955056179775281,0.9962518740629686,1.0,1.0,1.0,0.9970887918486172,0.9978150036416606,0.9974517655624318,4.849494624503357e-05,0.999288256227758,0.9992902956081942,0.999288256227758,0.9992882648693928,1.0,1.0,1.0,1.0,0.9971830985915493,0.998589562764457,1.0,1.0,1.0,0.997134670487106,1.0,0.9985652797704447,hf_brain_tumor,classification
274,0.00010653351663439011,0.99875400498398,0.9987548910443179,0.99875400498398,0.9987539788997744,1.0,0.9976617303195635,0.9988294966835739,0.9977528089887641,0.9977528089887641,0.9977528089887641,0.9993857493857494,1.0,0.9996927803379416,0.9978181818181818,0.9992716678805535,0.9985443959243085,4.810173929951599e-05,0.999288256227758,0.9992902956081942,0.999288256227758,0.9992882648693928,1.0,1.0,1.0,1.0,0.9971830985915493,0.998589562764457,1.0,1.0,1.0,0.997134670487106,1.0,0.9985652797704447,hf_brain_tumor,classification
275,0.00013417123841633747,0.9982200071199715,0.9982199620731247,0.9982200071199715,0.9982198570500178,0.999219968798752,0.9984411535463756,0.9988304093567252,0.9970014992503748,0.9962546816479401,0.9966279505432747,0.9993857493857494,1.0,0.9996927803379416,0.9970887918486172,0.9978150036416606,0.9974517655624318,5.354196615101361e-05,0.998576512455516,0.9985846466700559,0.998576512455516,0.9985765412603244,1.0,1.0,1.0,1.0,0.9943661971830986,0.9971751412429378,1.0,1.0,1.0,0.9942857142857143,1.0,0.997134670487106,hf_brain_tumor,classification
276,8.746900752629255e-05,0.99875400498398,0.9987539754751537,0.99875400498398,0.9987539282332697,0.999219968798752,0.9984411535463756,0.9988304093567252,0.9977528089887641,0.9977528089887641,0.9977528089887641,0.9993857493857494,1.0,0.9996927803379416,0.9985433357611071,0.9985433357611071,0.9985433357611071,4.9049720217524194e-05,0.998576512455516,0.9985846466700559,0.998576512455516,0.9985765412603244,1.0,1.0,1.0,1.0,0.9943661971830986,0.9971751412429378,1.0,1.0,1.0,0.9942857142857143,1.0,0.997134670487106,hf_brain_tumor,classification
277,8.207112565258573e-05,0.99875400498398,0.9987541410396781,0.99875400498398,0.9987539454135088,0.9984423676012462,0.9992205767731879,0.9988313206077133,0.9977511244377811,0.997003745318352,0.9973772948669913,1.0,0.9993853718500307,0.9996925914540424,0.9985443959243085,0.9992716678805535,0.9989078995267565,4.937320920687536e-05,0.999288256227758,0.9992902956081942,0.999288256227758,0.9992882648693928,1.0,1.0,1.0,1.0,0.9971830985915493,0.998589562764457,1.0,1.0,1.0,0.997134670487106,1.0,0.9985652797704447,hf_brain_tumor,classification
278,0.00014174271857892435,0.9980420078319687,0.9980434665871618,0.9980420078319687,0.9980425425445668,0.999219968798752,0.9984411535463756,0.9988304093567252,0.9955123410620793,0.997003745318352,0.9962574850299402,1.0,0.9993853718500307,0.9996925914540424,0.9970866715222141,0.9970866715222141,0.9970866715222141,5.5860823801378104e-05,0.999288256227758,0.9992902956081942,0.999288256227758,0.9992882648693928,1.0,1.0,1.0,1.0,0.9971830985915493,0.998589562764457,1.0,1.0,1.0,0.997134670487106,1.0,0.9985652797704447,hf_brain_tumor,classification
279,0.00010862251497371198,0.99875400498398,0.9987556488236785,0.99875400498398,0.9987538256312538,0.9968895800933126,0.9992205767731879,0.9980537173997664,0.9992486851990984,0.9962546816479401,0.9977494373593399,1.0,0.9993853718500307,0.9996925914540424,0.9985454545454545,1.0,0.9992721979621543,5.0983302119293575e-05,0.998576512455516,0.9985846466700559,0.998576512455516,0.9985765412603244,1.0,1.0,1.0,1.0,0.9943661971830986,0.9971751412429378,1.0,1.0,1.0,0.9942857142857143,1.0,0.997134670487106,hf_brain_tumor,classification
280,0.00010209036393221103,0.9985760056959773,0.9985763317890384,0.9985760056959773,0.9985756948581084,0.9976671850699844,1.0,0.9988322304398599,0.9977511244377811,0.997003745318352,0.9973772948669913,1.0,1.0,1.0,0.9985412107950401,0.9970866715222141,0.9978134110787172,6.634910901011544e-05,0.998576512455516,0.9985807970844451,0.998576512455516,0.9985755746553546,0.9968454258675079,1.0,0.9984202211690363,1.0,0.9943661971830986,0.9971751412429378,1.0,1.0,1.0,0.997134670487106,1.0,0.9985652797704447,hf_brain_tumor,classification
281,9.51778752231466e-05,0.99875400498398,0.9987541319591938,0.99875400498398,0.9987539408698446,0.9992211838006231,1.0,0.9996104402025711,0.9977511244377811,0.997003745318352,0.9973772948669913,1.0,0.9993853718500307,0.9996925914540424,0.9978165938864629,0.9985433357611071,0.9981798325445941,5.503409392937664e-05,0.998576512455516,0.9985846466700559,0.998576512455516,0.9985765412603244,1.0,1.0,1.0,1.0,0.9943661971830986,0.9971751412429378,1.0,1.0,1.0,0.9942857142857143,1.0,0.997134670487106,hf_brain_tumor,classification
282,8.305956284352434e-05,0.9991100035599858,0.999110756187574,0.9991100035599858,0.9991100511168498,1.0,0.9984411535463756,0.999219968798752,0.9992503748125937,0.998501872659176,0.9988759835144249,0.9993857493857494,1.0,0.9996927803379416,0.9978181818181818,0.9992716678805535,0.9985443959243085,5.099046243279536e-05,0.998576512455516,0.9985846466700559,0.998576512455516,0.9985765412603244,1.0,1.0,1.0,1.0,0.9943661971830986,0.9971751412429378,1.0,1.0,1.0,0.9942857142857143,1.0,0.997134670487106,hf_brain_tumor,classification
283,5.529350194698752e-05,0.9991100035599858,0.9991107802841516,0.9991100035599858,0.9991101238114762,1.0,0.9984411535463756,0.999219968798752,0.998501872659176,0.998501872659176,0.998501872659176,1.0,1.0,1.0,0.9978181818181818,0.9992716678805535,0.9985443959243085,4.836583902942948e-05,0.998576512455516,0.9985846466700559,0.998576512455516,0.9985765412603244,1.0,1.0,1.0,1.0,0.9943661971830986,0.9971751412429378,1.0,1.0,1.0,0.9942857142857143,1.0,0.997134670487106,hf_brain_tumor,classification
284,6.42109586215674e-05,0.99875400498398,0.9987541459135059,0.99875400498398,0.9987536048223662,0.998443579766537,1.0,0.9992211838006231,0.9984984984984985,0.9962546816479401,0.9973753280839895,1.0,1.0,1.0,0.9978165938864629,0.9985433357611071,0.9981798325445941,5.47782684306803e-05,0.998576512455516,0.9985846466700559,0.998576512455516,0.9985765412603244,1.0,1.0,1.0,1.0,0.9943661971830986,0.9971751412429378,1.0,1.0,1.0,0.9942857142857143,1.0,0.997134670487106,hf_brain_tumor,classification
285,6.298888879088819e-05,0.9992880028479886,0.9992881335075082,0.9992880028479886,0.999287867849726,0.9992211838006231,1.0,0.9996104402025711,0.9992498124531133,0.9977528089887641,0.9985007496251874,1.0,1.0,1.0,0.9985443959243085,0.9992716678805535,0.9989078995267565,4.865939840403235e-05,0.999288256227758,0.9992902956081942,0.999288256227758,0.9992882648693928,1.0,1.0,1.0,1.0,0.9971830985915493,0.998589562764457,1.0,1.0,1.0,0.997134670487106,1.0,0.9985652797704447,hf_brain_tumor,classification
286,0.00013210455846371954,0.9982200071199715,0.9982200071199715,0.9982200071199715,0.9982200071199715,0.9984411535463756,0.9984411535463756,0.9984411535463756,0.9962546816479401,0.9962546816479401,0.9962546816479401,1.0,1.0,1.0,0.9978150036416606,0.9978150036416606,0.9978150036416606,5.203032837019745e-05,0.998576512455516,0.9985846466700559,0.998576512455516,0.9985765412603244,1.0,1.0,1.0,1.0,0.9943661971830986,0.9971751412429378,1.0,1.0,1.0,0.9942857142857143,1.0,0.997134670487106,hf_brain_tumor,classification
287,7.618346428458627e-05,0.9985760056959773,0.9985773370294702,0.9985760056959773,0.9985763997829789,1.0,0.9984411535463756,0.999219968798752,0.9962602842183994,0.9977528089887641,0.9970059880239521,1.0,1.0,1.0,0.9978150036416606,0.9978150036416606,0.9978150036416606,5.355145393946016e-05,0.998576512455516,0.9985846466700559,0.998576512455516,0.9985765412603244,1.0,1.0,1.0,1.0,0.9943661971830986,0.9971751412429378,1.0,1.0,1.0,0.9942857142857143,1.0,0.997134670487106,hf_brain_tumor,classification
288,8.539814192696199e-05,0.99875400498398,0.9987546580663065,0.99875400498398,0.9987538675320914,0.9984423676012462,0.9992205767731879,0.9988313206077133,0.9992492492492493,0.997003745318352,0.9981252343457068,0.9993853718500307,0.9993853718500307,0.9993853718500307,0.9978181818181818,0.9992716678805535,0.9985443959243085,5.745670501941684e-05,0.997864768683274,0.9978751481463068,0.997864768683274,0.9978628400688411,0.9968454258675079,1.0,0.9984202211690363,1.0,0.9915492957746479,0.9957567185289957,1.0,1.0,1.0,0.9942857142857143,1.0,0.997134670487106,hf_brain_tumor,classification
289,0.00011821159875064044,0.9978640085439658,0.9978634773913054,0.9978640085439658,0.9978636154800459,0.9976635514018691,0.9984411535463756,0.9980522010128555,0.9962518740629686,0.9955056179775281,0.9958786062195579,0.9993857493857494,1.0,0.9996927803379416,0.9978134110787172,0.9970866715222141,0.9974499089253187,5.9593845369598065e-05,0.998576512455516,0.9985807970844451,0.998576512455516,0.9985755746553546,0.9968454258675079,1.0,0.9984202211690363,1.0,0.9943661971830986,0.9971751412429378,1.0,1.0,1.0,0.997134670487106,1.0,0.9985652797704447,hf_brain_tumor,classification
290,0.00011857735701609652,0.9978640085439658,0.9978641102019487,0.9978640085439658,0.9978639924519048,0.9976599063962559,0.9968823070927514,0.997270955165692,0.9962546816479401,0.9962546816479401,0.9962546816479401,1.0,1.0,1.0,0.9970887918486172,0.9978150036416606,0.9974517655624318,4.986417195636462e-05,0.998576512455516,0.9985846466700559,0.998576512455516,0.9985765412603244,1.0,1.0,1.0,1.0,0.9943661971830986,0.9971751412429378,1.0,1.0,1.0,0.9942857142857143,1.0,0.997134670487106,hf_brain_tumor,classification
291,6.212314657991139e-05,0.9992880028479886,0.9992880117396271,0.9992880028479886,0.9992879402513015,0.9992211838006231,1.0,0.9996104402025711,0.998501872659176,0.998501872659176,0.998501872659176,1.0,1.0,1.0,0.999271137026239,0.9985433357611071,0.9989071038251366,5.337462240856449e-05,0.998576512455516,0.9985846466700559,0.998576512455516,0.9985765412603244,1.0,1.0,1.0,1.0,0.9943661971830986,0.9971751412429378,1.0,1.0,1.0,0.9942857142857143,1.0,0.997134670487106,hf_brain_tumor,classification
292,6.0728183250721514e-05,0.9989320042719829,0.9989328098645963,0.9989320042719829,0.9989322144994477,1.0,1.0,1.0,0.9970082273747195,0.998501872659176,0.9977544910179641,1.0,0.9993853718500307,0.9996925914540424,0.9985422740524781,0.9978150036416606,0.9981785063752276,5.035858541088206e-05,0.998576512455516,0.9985846466700559,0.998576512455516,0.9985765412603244,1.0,1.0,1.0,1.0,0.9943661971830986,0.9971751412429378,1.0,1.0,1.0,0.9942857142857143,1.0,0.997134670487106,hf_brain_tumor,classification
293,0.00011253531296788508,0.9983980064079744,0.9983984646676688,0.9983980064079744,0.9983976250545806,0.9968895800933126,0.9992205767731879,0.9980537173997664,0.9977477477477478,0.9955056179775281,0.9966254218222722,1.0,1.0,1.0,0.9985433357611071,0.9985433357611071,0.9985433357611071,4.81003226379594e-05,0.998576512455516,0.9985846466700559,0.998576512455516,0.9985765412603244,1.0,1.0,1.0,1.0,0.9943661971830986,0.9971751412429378,1.0,1.0,1.0,0.9942857142857143,1.0,0.997134670487106,hf_brain_tumor,classification
294,7.93884102335363e-05,0.9989320042719829,0.9989322737604306,0.9989320042719829,0.99893201139289,0.9984423676012462,0.9992205767731879,0.9988313206077133,0.9985007496251874,0.9977528089887641,0.9981266391907081,1.0,0.9993853718500307,0.9996925914540424,0.9985443959243085,0.9992716678805535,0.9989078995267565,5.621339688215709e-05,0.998576512455516,0.9985846466700559,0.998576512455516,0.9985765412603244,1.0,1.0,1.0,1.0,0.9943661971830986,0.9971751412429378,1.0,1.0,1.0,0.9942857142857143,1.0,0.997134670487106,hf_brain_tumor,classification
295,0.0001314998050115413,0.9980420078319687,0.9980424909512496,0.9980420078319687,0.9980420524251608,0.9984399375975039,0.9976617303195635,0.9980506822612085,0.9970014992503748,0.9962546816479401,0.9966279505432747,1.0,1.0,1.0,0.9963636363636363,0.9978150036416606,0.9970887918486172,4.3974025751663005e-05,0.998576512455516,0.9985846466700559,0.998576512455516,0.9985765412603244,1.0,1.0,1.0,1.0,0.9943661971830986,0.9971751412429378,1.0,1.0,1.0,0.9942857142857143,1.0,0.997134670487106,hf_brain_tumor,classification
296,0.000130936651223586,0.99875400498398,0.998754306073721,0.99875400498398,0.9987539515542443,0.9976653696498055,0.9992205767731879,0.9984423676012462,0.9977511244377811,0.997003745318352,0.9973772948669913,1.0,1.0,1.0,0.999271137026239,0.9985433357611071,0.9989071038251366,5.160762022215131e-05,0.998576512455516,0.9985846466700559,0.998576512455516,0.9985765412603244,1.0,1.0,1.0,1.0,0.9943661971830986,0.9971751412429378,1.0,1.0,1.0,0.9942857142857143,1.0,0.997134670487106,hf_brain_tumor,classification
297,5.9059078645056814e-05,0.9989320042719829,0.9989328096753374,0.9989320042719829,0.998932144496802,0.9992205767731879,0.9992205767731879,0.9992205767731879,0.9970082273747195,0.998501872659176,0.9977544910179641,1.0,1.0,1.0,0.9992706053975201,0.9978150036416606,0.9985422740524781,5.593405996326274e-05,0.999288256227758,0.9992902956081942,0.999288256227758,0.9992882648693928,1.0,1.0,1.0,1.0,0.9971830985915493,0.998589562764457,1.0,1.0,1.0,0.997134670487106,1.0,0.9985652797704447,hf_brain_tumor,classification
298,0.00010459826062439269,0.9982200071199715,0.9982206290842509,0.9982200071199715,0.9982201211085975,0.999219968798752,0.9984411535463756,0.9988304093567252,0.9970014992503748,0.9962546816479401,0.9966279505432747,1.0,1.0,1.0,0.9963636363636363,0.9978150036416606,0.9970887918486172,5.0435687543689436e-05,0.998576512455516,0.9985846466700559,0.998576512455516,0.9985765412603244,1.0,1.0,1.0,1.0,0.9943661971830986,0.9971751412429378,1.0,1.0,1.0,0.9942857142857143,1.0,0.997134670487106,hf_brain_tumor,classification
299,9.03465899984654e-05,0.9982200071199715,0.9982210296009665,0.9982200071199715,0.9982197731559109,0.9968919968919969,1.0,0.998443579766537,0.9977494373593399,0.9962546816479401,0.9970014992503748,1.0,0.9993853718500307,0.9996925914540424,0.9978134110787172,0.9970866715222141,0.9974499089253187,5.49830539328507e-05,0.998576512455516,0.9985846466700559,0.998576512455516,0.9985765412603244,1.0,1.0,1.0,1.0,0.9943661971830986,0.9971751412429378,1.0,1.0,1.0,0.9942857142857143,1.0,0.997134670487106,hf_brain_tumor,classification
300,5.452176301212049e-05,0.9996440014239943,0.9996441309722388,0.9996440014239943,0.9996439991251285,1.0,0.9992205767731879,0.9996101364522417,0.9992509363295881,0.9992509363295881,0.9992509363295881,1.0,1.0,1.0,0.9992721979621543,1.0,0.9996359665089188,5.2509830845914124e-05,0.998576512455516,0.9985846466700559,0.998576512455516,0.9985765412603244,1.0,1.0,1.0,1.0,0.9943661971830986,0.9971751412429378,1.0,1.0,1.0,0.9942857142857143,1.0,0.997134670487106,hf_brain_tumor,classification
301,0.00011449412797384222,0.9985760056959773,0.9985760296183299,0.9985760056959773,0.9985755762418064,0.9992205767731879,0.9992205767731879,0.9992205767731879,0.9984984984984985,0.9962546816479401,0.9973753280839895,0.9987722529158993,1.0,0.9993857493857494,0.9978165938864629,0.9985433357611071,0.9981798325445941,5.232649808157899e-05,0.998576512455516,0.9985846466700559,0.998576512455516,0.9985765412603244,1.0,1.0,1.0,1.0,0.9943661971830986,0.9971751412429378,1.0,1.0,1.0,0.9942857142857143,1.0,0.997134670487106,hf_brain_tumor,classification
302,6.917226352144076e-05,0.9985760056959773,0.9985781907178155,0.9985760056959773,0.9985762364771845,1.0,0.9976617303195635,0.9988294966835739,0.9977511244377811,0.997003745318352,0.9973772948669913,1.0,1.0,1.0,0.9963689179375453,0.9992716678805535,0.9978181818181818,5.1149371040577977e-05,0.999288256227758,0.9992902956081942,0.999288256227758,0.9992882648693928,1.0,1.0,1.0,1.0,0.9971830985915493,0.998589562764457,1.0,1.0,1.0,0.997134670487106,1.0,0.9985652797704447,hf_brain_tumor,classification
303,4.892236818842755e-05,0.9992880028479886,0.9992881335075082,0.9992880028479886,0.999287867849726,0.9992211838006231,1.0,0.9996104402025711,0.9992498124531133,0.9977528089887641,0.9985007496251874,1.0,1.0,1.0,0.9985443959243085,0.9992716678805535,0.9989078995267565,6.0778594596258474e-05,0.997864768683274,0.9978751481463068,0.997864768683274,0.9978628400688411,0.9968454258675079,1.0,0.9984202211690363,1.0,0.9915492957746479,0.9957567185289957,1.0,1.0,1.0,0.9942857142857143,1.0,0.997134670487106,hf_brain_tumor,classification
304,8.032996650530874e-05,0.9985760056959773,0.9985760056959773,0.9985760056959773,0.9985760056959773,0.9992205767731879,0.9992205767731879,0.9992205767731879,0.997003745318352,0.997003745318352,0.997003745318352,1.0,1.0,1.0,0.9978150036416606,0.9978150036416606,0.9978150036416606,4.877807296952435e-05,0.998576512455516,0.9985846466700559,0.998576512455516,0.9985765412603244,1.0,1.0,1.0,1.0,0.9943661971830986,0.9971751412429378,1.0,1.0,1.0,0.9942857142857143,1.0,0.997134670487106,hf_brain_tumor,classification
305,0.00010978904008139426,0.99875400498398,0.9987556212805329,0.99875400498398,0.9987539631480045,0.99921875,0.9968823070927514,0.9980491611392899,0.9970104633781763,0.9992509363295881,0.998129442573887,0.9987722529158993,1.0,0.9993857493857494,1.0,0.9985433357611071,0.999271137026239,6.559860426193002e-05,0.998576512455516,0.9985807970844451,0.998576512455516,0.9985755746553546,0.9968454258675079,1.0,0.9984202211690363,1.0,0.9943661971830986,0.9971751412429378,1.0,1.0,1.0,0.997134670487106,1.0,0.9985652797704447,hf_brain_tumor,classification
306,9.74186581610205e-05,0.99875400498398,0.9987547206668306,0.99875400498398,0.9987539587307608,0.9976671850699844,1.0,0.9988322304398599,0.9977511244377811,0.997003745318352,0.9973772948669913,1.0,0.9993853718500307,0.9996925914540424,0.999271137026239,0.9985433357611071,0.9989071038251366,5.2276239616035014e-05,0.999288256227758,0.9992902956081942,0.999288256227758,0.9992882648693928,1.0,1.0,1.0,1.0,0.9971830985915493,0.998589562764457,1.0,1.0,1.0,0.997134670487106,1.0,0.9985652797704447,hf_brain_tumor,classification
307,6.111844247857634e-05,0.9991100035599858,0.9991106225546251,0.9991100035599858,0.9991099884356992,1.0,0.9992205767731879,0.9996101364522417,0.9992498124531133,0.9977528089887641,0.9985007496251874,0.9993857493857494,1.0,0.9996927803379416,0.9978181818181818,0.9992716678805535,0.9985443959243085,5.1389856185921035e-05,0.998576512455516,0.9985846466700559,0.998576512455516,0.9985765412603244,1.0,1.0,1.0,1.0,0.9943661971830986,0.9971751412429378,1.0,1.0,1.0,0.9942857142857143,1.0,0.997134670487106,hf_brain_tumor,classification
308,0.00013302726892773536,0.9983980064079744,0.998398277487244,0.9983980064079744,0.9983978107384115,0.998443579766537,1.0,0.9992211838006231,0.9977494373593399,0.9962546816479401,0.9970014992503748,1.0,0.9993853718500307,0.9996925914540424,0.9970887918486172,0.9978150036416606,0.9974517655624318,4.6602821117999785e-05,0.998576512455516,0.9985846466700559,0.998576512455516,0.9985765412603244,1.0,1.0,1.0,1.0,0.9943661971830986,0.9971751412429378,1.0,1.0,1.0,0.9942857142857143,1.0,0.997134670487106,hf_brain_tumor,classification
309,0.00011288960714890904,0.9985760056959773,0.9985772731187972,0.9985760056959773,0.998576181185452,0.999219968798752,0.9984411535463756,0.9988304093567252,0.9984996249062266,0.997003745318352,0.9977511244377811,1.0,1.0,1.0,0.9963662790697675,0.9985433357611071,0.9974536194979993,5.725144324489093e-05,0.998576512455516,0.9985807970844451,0.998576512455516,0.9985755746553546,0.9968454258675079,1.0,0.9984202211690363,1.0,0.9943661971830986,0.9971751412429378,1.0,1.0,1.0,0.997134670487106,1.0,0.9985652797704447,hf_brain_tumor,classification
310,7.378045872904423e-05,0.9991100035599858,0.9991105244533087,0.9991100035599858,0.9991099923359889,0.9992193598750976,0.9976617303195635,0.9984399375975039,0.9977561705310396,0.9992509363295881,0.9985029940119761,1.0,1.0,1.0,0.9992716678805535,0.9992716678805535,0.9992716678805535,5.207555227959389e-05,0.998576512455516,0.9985846466700559,0.998576512455516,0.9985765412603244,1.0,1.0,1.0,1.0,0.9943661971830986,0.9971751412429378,1.0,1.0,1.0,0.9942857142857143,1.0,0.997134670487106,hf_brain_tumor,classification
311,8.514437659294762e-05,0.9989320042719829,0.9989319974140487,0.9989320042719829,0.998931800638673,0.9992211838006231,1.0,0.9996104402025711,0.9984996249062266,0.997003745318352,0.9977511244377811,1.0,1.0,1.0,0.9978165938864629,0.9985433357611071,0.9981798325445941,5.3132181198077795e-05,0.998576512455516,0.9985846466700559,0.998576512455516,0.9985765412603244,1.0,1.0,1.0,1.0,0.9943661971830986,0.9971751412429378,1.0,1.0,1.0,0.9942857142857143,1.0,0.997134670487106,hf_brain_tumor,classification
312,7.302052277348737e-05,0.9989320042719829,0.9989322986919299,0.9989320042719829,0.9989318834265312,0.998443579766537,1.0,0.9992211838006231,0.9977528089887641,0.9977528089887641,0.9977528089887641,1.0,1.0,1.0,0.9992706053975201,0.9978150036416606,0.9985422740524781,4.8542343037689174e-05,0.998576512455516,0.9985846466700559,0.998576512455516,0.9985765412603244,1.0,1.0,1.0,1.0,0.9943661971830986,0.9971751412429378,1.0,1.0,1.0,0.9942857142857143,1.0,0.997134670487106,hf_brain_tumor,classification
313,9.037554786505964e-05,0.99875400498398,0.9987549265607139,0.99875400498398,0.9987543381663099,1.0,0.9992205767731879,0.9996101364522417,0.9970059880239521,0.9977528089887641,0.997379258704605,1.0,0.9993853718500307,0.9996925914540424,0.9978165938864629,0.9985433357611071,0.9981798325445941,4.685543932861956e-05,0.998576512455516,0.9985846466700559,0.998576512455516,0.9985765412603244,1.0,1.0,1.0,1.0,0.9943661971830986,0.9971751412429378,1.0,1.0,1.0,0.9942857142857143,1.0,0.997134670487106,hf_brain_tumor,classification
314,9.766269973701142e-05,0.9978640085439658,0.9978650659465287,0.9978640085439658,0.9978640273599969,0.9976653696498055,0.9992205767731879,0.9984423676012462,0.9969992498124531,0.9955056179775281,0.9962518740629686,1.0,0.9987707437000615,0.9993849938499385,0.9963636363636363,0.9978150036416606,0.9970887918486172,4.7095302920185736e-05,0.998576512455516,0.9985846466700559,0.998576512455516,0.9985765412603244,1.0,1.0,1.0,1.0,0.9943661971830986,0.9971751412429378,1.0,1.0,1.0,0.9942857142857143,1.0,0.997134670487106,hf_brain_tumor,classification
315,6.374115348868762e-05,0.9991100035599858,0.999110371992647,0.9991100035599858,0.9991099892539812,1.0,0.9984411535463756,0.999219968798752,0.998501872659176,0.998501872659176,0.998501872659176,0.9993857493857494,1.0,0.9996927803379416,0.9985443959243085,0.9992716678805535,0.9989078995267565,5.446786478567e-05,0.998576512455516,0.9985846466700559,0.998576512455516,0.9985765412603244,1.0,1.0,1.0,1.0,0.9943661971830986,0.9971751412429378,1.0,1.0,1.0,0.9942857142857143,1.0,0.997134670487106,hf_brain_tumor,classification
316,0.00011661339889769564,0.9983980064079744,0.9983983182061748,0.9983980064079744,0.9983978944541612,0.9976653696498055,0.9992205767731879,0.9984423676012462,0.997003745318352,0.997003745318352,0.997003745318352,1.0,1.0,1.0,0.9985412107950401,0.9970866715222141,0.9978134110787172,5.162372485084748e-05,0.999288256227758,0.9992902956081942,0.999288256227758,0.9992882648693928,1.0,1.0,1.0,1.0,0.9971830985915493,0.998589562764457,1.0,1.0,1.0,0.997134670487106,1.0,0.9985652797704447,hf_brain_tumor,classification
317,8.520301137227498e-05,0.9978640085439658,0.9978650027174818,0.9978640085439658,0.9978643062976531,1.0,0.9984411535463756,0.999219968798752,0.9962574850299402,0.997003745318352,0.9966304754773493,0.9981572481572482,0.9987707437000615,0.9984639016897081,0.9970866715222141,0.9970866715222141,0.9970866715222141,5.067753461211642e-05,0.998576512455516,0.9985846466700559,0.998576512455516,0.9985765412603244,1.0,1.0,1.0,1.0,0.9943661971830986,0.9971751412429378,1.0,1.0,1.0,0.9942857142857143,1.0,0.997134670487106,hf_brain_tumor,classification
318,9.036024863824672e-05,0.9985760056959773,0.9985757585822688,0.9985760056959773,0.9985756105937077,0.998443579766537,1.0,0.9992211838006231,0.9977494373593399,0.9962546816479401,0.9970014992503748,1.0,1.0,1.0,0.9978150036416606,0.9978150036416606,0.9978150036416606,4.9125016321227527e-05,0.998576512455516,0.9985846466700559,0.998576512455516,0.9985765412603244,1.0,1.0,1.0,1.0,0.9943661971830986,0.9971751412429378,1.0,1.0,1.0,0.9942857142857143,1.0,0.997134670487106,hf_brain_tumor,classification
319,6.962285482974401e-05,0.9985760056959773,0.9985765238889553,0.9985760056959773,0.998576197790218,1.0,0.9992205767731879,0.9996101364522417,0.997003745318352,0.997003745318352,0.997003745318352,1.0,1.0,1.0,0.9970887918486172,0.9978150036416606,0.9974517655624318,4.8396389912240626e-05,0.999288256227758,0.9992902956081942,0.999288256227758,0.9992882648693928,1.0,1.0,1.0,1.0,0.9971830985915493,0.998589562764457,1.0,1.0,1.0,0.997134670487106,1.0,0.9985652797704447,hf_brain_tumor,classification
320,8.85320635889899e-05,0.9983980064079744,0.9983975820131479,0.9983980064079744,0.9983977336392138,0.9984411535463756,0.9984411535463756,0.9984411535463756,0.9970014992503748,0.9962546816479401,0.9966279505432747,0.9993857493857494,1.0,0.9996927803379416,0.9985433357611071,0.9985433357611071,0.9985433357611071,4.675170067559611e-05,0.998576512455516,0.9985846466700559,0.998576512455516,0.9985765412603244,1.0,1.0,1.0,1.0,0.9943661971830986,0.9971751412429378,1.0,1.0,1.0,0.9942857142857143,1.0,0.997134670487106,hf_brain_tumor,classification
321,8.085895821461321e-05,0.99875400498398,0.9987545339929381,0.99875400498398,0.9987536745653485,0.998443579766537,1.0,0.9992211838006231,0.9984984984984985,0.9962546816479401,0.9973753280839895,1.0,0.9993853718500307,0.9996925914540424,0.9978181818181818,0.9992716678805535,0.9985443959243085,6.676914683996456e-05,0.997864768683274,0.9978751481463068,0.997864768683274,0.9978628400688411,0.9968454258675079,1.0,0.9984202211690363,1.0,0.9915492957746479,0.9957567185289957,1.0,1.0,1.0,0.9942857142857143,1.0,0.997134670487106,hf_brain_tumor,classification
322,0.0001208439615299545,0.9983980064079744,0.9983976748858272,0.9983980064079744,0.9983975340793896,0.9984423676012462,0.9992205767731879,0.9988313206077133,0.9985007496251874,0.9977528089887641,0.9981266391907081,0.9987722529158993,1.0,0.9993857493857494,0.9978118161925602,0.9963583394027676,0.9970845481049563,5.44405869578405e-05,0.999288256227758,0.9992902956081942,0.999288256227758,0.9992882648693928,1.0,1.0,1.0,1.0,0.9971830985915493,0.998589562764457,1.0,1.0,1.0,0.997134670487106,1.0,0.9985652797704447,hf_brain_tumor,classification
323,0.00012257639594672625,0.9975080099679601,0.9975115132348028,0.9975080099679601,0.9975068564228726,0.9945694336695112,0.9992205767731879,0.9968895800933126,0.9977409638554217,0.9925093632958801,0.9951182876455126,1.0,1.0,1.0,0.9970887918486172,0.9978150036416606,0.9974517655624318,4.7178522739246625e-05,0.999288256227758,0.9992902956081942,0.999288256227758,0.9992882648693928,1.0,1.0,1.0,1.0,0.9971830985915493,0.998589562764457,1.0,1.0,1.0,0.997134670487106,1.0,0.9985652797704447,hf_brain_tumor,classification
324,7.430174833734004e-05,0.9989320042719829,0.9989321136081549,0.9989320042719829,0.9989319969167064,1.0,0.9992205767731879,0.9996101364522417,0.9977528089887641,0.9977528089887641,0.9977528089887641,0.9993857493857494,1.0,0.9996927803379416,0.9985433357611071,0.9985433357611071,0.9985433357611071,5.3534671953499366e-05,0.998576512455516,0.9985846466700559,0.998576512455516,0.9985765412603244,1.0,1.0,1.0,1.0,0.9943661971830986,0.9971751412429378,1.0,1.0,1.0,0.9942857142857143,1.0,0.997134670487106,hf_brain_tumor,classification
325,9.19820668718291e-05,0.9980420078319687,0.9980423054971072,0.9980420078319687,0.9980419594235808,0.9984423676012462,0.9992205767731879,0.9988313206077133,0.9955089820359282,0.9962546816479401,0.9958816922500936,1.0,1.0,1.0,0.9978118161925602,0.9963583394027676,0.9970845481049563,4.8304298700687953e-05,0.998576512455516,0.9985846466700559,0.998576512455516,0.9985765412603244,1.0,1.0,1.0,1.0,0.9943661971830986,0.9971751412429378,1.0,1.0,1.0,0.9942857142857143,1.0,0.997134670487106,hf_brain_tumor,classification
326,6.097750622529201e-05,0.9991100035599858,0.9991111677995149,0.9991100035599858,0.999109982414368,1.0,0.9976617303195635,0.9988294966835739,0.998501872659176,0.998501872659176,0.998501872659176,1.0,1.0,1.0,0.9978197674418605,1.0,0.9989086940705711,5.013000536054734e-05,0.998576512455516,0.9985846466700559,0.998576512455516,0.9985765412603244,1.0,1.0,1.0,1.0,0.9943661971830986,0.9971751412429378,1.0,1.0,1.0,0.9942857142857143,1.0,0.997134670487106,hf_brain_tumor,classification
327,0.00012523603670634175,0.9985760056959773,0.998575740852829,0.9985760056959773,0.9985756731735818,0.9984423676012462,0.9992205767731879,0.9988313206077133,0.9977494373593399,0.9962546816479401,0.9970014992503748,0.9993853718500307,0.9993853718500307,0.9993853718500307,0.9985443959243085,0.9992716678805535,0.9989078995267565,5.819826843860912e-05,0.997864768683274,0.9978751481463068,0.997864768683274,0.9978628400688411,0.9968454258675079,1.0,0.9984202211690363,1.0,0.9915492957746479,0.9957567185289957,1.0,1.0,1.0,0.9942857142857143,1.0,0.997134670487106,hf_brain_tumor,classification
328,6.133023602799532e-05,0.9989320042719829,0.998932375285651,0.9989320042719829,0.9989319925468759,0.999219968798752,0.9984411535463756,0.9988304093567252,0.9985007496251874,0.9977528089887641,0.9981266391907081,1.0,1.0,1.0,0.9978181818181818,0.9992716678805535,0.9985443959243085,5.413793645245643e-05,0.999288256227758,0.9992902956081942,0.999288256227758,0.9992882648693928,1.0,1.0,1.0,1.0,0.9971830985915493,0.998589562764457,1.0,1.0,1.0,0.997134670487106,1.0,0.9985652797704447,hf_brain_tumor,classification
329,9.577401410785106e-05,0.9985760056959773,0.9985765771576176,0.9985760056959773,0.9985760234792542,0.9976653696498055,0.9992205767731879,0.9984423676012462,0.997003745318352,0.997003745318352,0.997003745318352,1.0,1.0,1.0,0.9992706053975201,0.9978150036416606,0.9985422740524781,5.117650168416783e-05,0.998576512455516,0.9985846466700559,0.998576512455516,0.9985765412603244,1.0,1.0,1.0,1.0,0.9943661971830986,0.9971751412429378,1.0,1.0,1.0,0.9942857142857143,1.0,0.997134670487106,hf_brain_tumor,classification
330,9.514975655595858e-05,0.9983980064079744,0.9983987432732966,0.9983980064079744,0.9983981763822553,1.0,0.9984411535463756,0.999219968798752,0.9977528089887641,0.9977528089887641,0.9977528089887641,0.9987714987714987,0.9993853718500307,0.9990783410138249,0.9970887918486172,0.9978150036416606,0.9974517655624318,4.8808859171304866e-05,0.998576512455516,0.9985846466700559,0.998576512455516,0.9985765412603244,1.0,1.0,1.0,1.0,0.9943661971830986,0.9971751412429378,1.0,1.0,1.0,0.9942857142857143,1.0,0.997134670487106,hf_brain_tumor,classification
331,0.00014640502079295184,0.9985760056959773,0.9985765386279774,0.9985760056959773,0.9985762115817685,0.9992205767731879,0.9992205767731879,0.9992205767731879,0.9970059880239521,0.9977528089887641,0.997379258704605,1.0,0.9993853718500307,0.9996925914540424,0.9978150036416606,0.9978150036416606,0.9978150036416606,5.483339817484999e-05,0.998576512455516,0.9985807970844451,0.998576512455516,0.9985755746553546,0.9968454258675079,1.0,0.9984202211690363,1.0,0.9943661971830986,0.9971751412429378,1.0,1.0,1.0,0.997134670487106,1.0,0.9985652797704447,hf_brain_tumor,classification
332,6.329433227145207e-05,0.99875400498398,0.9987557410175122,0.99875400498398,0.998754480026297,1.0,0.9992205767731879,0.9996101364522417,0.9962630792227205,0.998501872659176,0.9973812196034418,1.0,0.9993853718500307,0.9996925914540424,0.9985422740524781,0.9978150036416606,0.9981785063752276,5.349937294500848e-05,0.998576512455516,0.9985807970844451,0.998576512455516,0.9985755746553546,0.9968454258675079,1.0,0.9984202211690363,1.0,0.9943661971830986,0.9971751412429378,1.0,1.0,1.0,0.997134670487106,1.0,0.9985652797704447,hf_brain_tumor,classification
333,6.6160400766091e-05,0.9989320042719829,0.9989322633684719,0.9989320042719829,0.9989320741092852,0.9992205767731879,0.9992205767731879,0.9992205767731879,0.9977528089887641,0.9977528089887641,0.9977528089887641,1.0,0.9993853718500307,0.9996925914540424,0.9985443959243085,0.9992716678805535,0.9989078995267565,5.3708403501966596e-05,0.999288256227758,0.9992902956081942,0.999288256227758,0.9992882648693928,1.0,1.0,1.0,1.0,0.9971830985915493,0.998589562764457,1.0,1.0,1.0,0.997134670487106,1.0,0.9985652797704447,hf_brain_tumor,classification
334,5.2446890167599286e-05,0.9992880028479886,0.9992900711040583,0.9992880028479886,0.9992879865327023,1.0,1.0,1.0,1.0,0.997003745318352,0.9984996249062266,1.0,1.0,1.0,0.9970951343500363,1.0,0.9985454545454545,5.099128433466119e-05,0.998576512455516,0.9985846466700559,0.998576512455516,0.9985765412603244,1.0,1.0,1.0,1.0,0.9943661971830986,0.9971751412429378,1.0,1.0,1.0,0.9942857142857143,1.0,0.997134670487106,hf_brain_tumor,classification
335,6.981290112103379e-05,0.9989320042719829,0.9989353722056467,0.9989320042719829,0.9989316450383403,0.9992211838006231,1.0,0.9996104402025711,1.0,0.9955056179775281,0.9977477477477478,1.0,1.0,1.0,0.9963715529753265,1.0,0.9981824790985097,4.7792042068669545e-05,0.998576512455516,0.9985846466700559,0.998576512455516,0.9985765412603244,1.0,1.0,1.0,1.0,0.9943661971830986,0.9971751412429378,1.0,1.0,1.0,0.9942857142857143,1.0,0.997134670487106,hf_brain_tumor,classification
336,0.00011424349440526477,0.9983980064079744,0.9983993555247446,0.9983980064079744,0.9983983717690833,0.9984423676012462,0.9992205767731879,0.9988313206077133,0.9962602842183994,0.9977528089887641,0.9970059880239521,1.0,0.9987707437000615,0.9993849938499385,0.9985422740524781,0.9978150036416606,0.9981785063752276,4.780215987380592e-05,0.999288256227758,0.9992902956081942,0.999288256227758,0.9992882648693928,1.0,1.0,1.0,1.0,0.9971830985915493,0.998589562764457,1.0,1.0,1.0,0.997134670487106,1.0,0.9985652797704447,hf_brain_tumor,classification
337,0.00017129316330941876,0.997686009255963,0.9976878355022855,0.997686009255963,0.9976865915516744,0.9984387197501952,0.9968823070927514,0.9976599063962559,0.9947643979057592,0.9962546816479401,0.9955089820359282,1.0,0.9993853718500307,0.9996925914540424,0.9970887918486172,0.9978150036416606,0.9974517655624318,5.341348871048448e-05,0.998576512455516,0.9985846466700559,0.998576512455516,0.9985765412603244,1.0,1.0,1.0,1.0,0.9943661971830986,0.9971751412429378,1.0,1.0,1.0,0.9942857142857143,1.0,0.997134670487106,hf_brain_tumor,classification
338,6.787217445539995e-05,0.9991100035599858,0.9991104032589858,0.9991100035599858,0.9991101354658706,1.0,0.9992205767731879,0.9996101364522417,0.9977544910179641,0.998501872659176,0.9981280419318608,1.0,1.0,1.0,0.9985433357611071,0.9985433357611071,0.9985433357611071,4.936915266355615e-05,0.998576512455516,0.9985846466700559,0.998576512455516,0.9985765412603244,1.0,1.0,1.0,1.0,0.9943661971830986,0.9971751412429378,1.0,1.0,1.0,0.9942857142857143,1.0,0.997134670487106,hf_brain_tumor,classification
339,0.00010592139339471016,0.9991100035599858,0.9991105134186523,0.9991100035599858,0.9991100685687785,1.0,1.0,1.0,0.9985007496251874,0.9977528089887641,0.9981266391907081,1.0,0.9993853718500307,0.9996925914540424,0.9978181818181818,0.9992716678805535,0.9985443959243085,5.260653555430324e-05,0.998576512455516,0.9985846466700559,0.998576512455516,0.9985765412603244,1.0,1.0,1.0,1.0,0.9943661971830986,0.9971751412429378,1.0,1.0,1.0,0.9942857142857143,1.0,0.997134670487106,hf_brain_tumor,classification
340,9.347340620168868e-05,0.9985760056959773,0.9985761472270024,0.9985760056959773,0.9985757452287122,0.998443579766537,1.0,0.9992211838006231,0.9977494373593399,0.9962546816479401,0.9970014992503748,1.0,0.9993853718500307,0.9996925914540424,0.9978165938864629,0.9985433357611071,0.9981798325445941,4.9332210265623016e-05,0.999288256227758,0.9992902956081942,0.999288256227758,0.9992882648693928,1.0,1.0,1.0,1.0,0.9971830985915493,0.998589562764457,1.0,1.0,1.0,0.997134670487106,1.0,0.9985652797704447,hf_brain_tumor,classification
341,0.0001023239368039601,0.9980420078319687,0.9980420795475731,0.9980420078319687,0.9980418454313716,0.9984387197501952,0.9968823070927514,0.9976599063962559,0.997003745318352,0.997003745318352,0.997003745318352,0.9993857493857494,1.0,0.9996927803379416,0.9970887918486172,0.9978150036416606,0.9974517655624318,4.743036311034866e-05,0.999288256227758,0.9992902956081942,0.999288256227758,0.9992882648693928,1.0,1.0,1.0,1.0,0.9971830985915493,0.998589562764457,1.0,1.0,1.0,0.997134670487106,1.0,0.9985652797704447,hf_brain_tumor,classification
342,6.523827986060575e-05,0.9994660021359915,0.9994662612324804,0.9994660021359915,0.9994660719732937,1.0,1.0,1.0,0.9992509363295881,0.9992509363295881,0.9992509363295881,1.0,0.9993853718500307,0.9996925914540424,0.9985443959243085,0.9992716678805535,0.9989078995267565,5.686798004697855e-05,0.997864768683274,0.9978751481463068,0.997864768683274,0.9978628400688411,0.9968454258675079,1.0,0.9984202211690363,1.0,0.9915492957746479,0.9957567185289957,1.0,1.0,1.0,0.9942857142857143,1.0,0.997134670487106,hf_brain_tumor,classification
343,7.587133771068001e-05,0.9992880028479886,0.9992883786501607,0.9992880028479886,0.9992879913075916,1.0,0.9984411535463756,0.999219968798752,0.9985029940119761,0.9992509363295881,0.9988768251591165,0.9993857493857494,1.0,0.9996927803379416,0.9992716678805535,0.9992716678805535,0.9992716678805535,5.452536507016774e-05,0.998576512455516,0.9985846466700559,0.998576512455516,0.9985765412603244,1.0,1.0,1.0,1.0,0.9943661971830986,0.9971751412429378,1.0,1.0,1.0,0.9942857142857143,1.0,0.997134670487106,hf_brain_tumor,classification
344,9.057675133680895e-05,0.9985760056959773,0.9985754746705587,0.9985760056959773,0.9985755487607395,0.9992211838006231,1.0,0.9996104402025711,0.9977528089887641,0.9977528089887641,0.9977528089887641,0.9993857493857494,1.0,0.9996927803379416,0.9978118161925602,0.9963583394027676,0.9970845481049563,5.323103570272094e-05,0.998576512455516,0.9985846466700559,0.998576512455516,0.9985765412603244,1.0,1.0,1.0,1.0,0.9943661971830986,0.9971751412429378,1.0,1.0,1.0,0.9942857142857143,1.0,0.997134670487106,hf_brain_tumor,classification
345,8.276793547860065e-05,0.99875400498398,0.9987538819431891,0.99875400498398,0.9987538755762069,0.9984423676012462,0.9992205767731879,0.9988313206077133,0.9977511244377811,0.997003745318352,0.9973772948669913,1.0,1.0,1.0,0.9985433357611071,0.9985433357611071,0.9985433357611071,4.5293512707806605e-05,0.998576512455516,0.9985846466700559,0.998576512455516,0.9985765412603244,1.0,1.0,1.0,1.0,0.9943661971830986,0.9971751412429378,1.0,1.0,1.0,0.9942857142857143,1.0,0.997134670487106,hf_brain_tumor,classification
346,6.54707938595834e-05,0.9996440014239943,0.9996441309722388,0.9996440014239943,0.9996439991251285,1.0,0.9992205767731879,0.9996101364522417,0.9992509363295881,0.9992509363295881,0.9992509363295881,1.0,1.0,1.0,0.9992721979621543,1.0,0.9996359665089188,4.766404960016878e-05,0.999288256227758,0.9992902956081942,0.999288256227758,0.9992882648693928,1.0,1.0,1.0,1.0,0.9971830985915493,0.998589562764457,1.0,1.0,1.0,0.997134670487106,1.0,0.9985652797704447,hf_brain_tumor,classification
347,0.00015815117971488605,0.9982200071199715,0.998219597507782,0.9982200071199715,0.9982197426603006,0.9992205767731879,0.9992205767731879,0.9992205767731879,0.997003745318352,0.997003745318352,0.997003745318352,0.9993857493857494,1.0,0.9996927803379416,0.9970845481049563,0.9963583394027676,0.9967213114754099,5.165330401050402e-05,0.999288256227758,0.9992902956081942,0.999288256227758,0.9992882648693928,1.0,1.0,1.0,1.0,0.9971830985915493,0.998589562764457,1.0,1.0,1.0,0.997134670487106,1.0,0.9985652797704447,hf_brain_tumor,classification
348,0.00010498794718663399,0.99875400498398,0.9987541459135059,0.99875400498398,0.9987536048223662,0.998443579766537,1.0,0.9992211838006231,0.9984984984984985,0.9962546816479401,0.9973753280839895,1.0,1.0,1.0,0.9978165938864629,0.9985433357611071,0.9981798325445941,5.2742410495166136e-05,0.998576512455516,0.9985846466700559,0.998576512455516,0.9985765412603244,1.0,1.0,1.0,1.0,0.9943661971830986,0.9971751412429378,1.0,1.0,1.0,0.9942857142857143,1.0,0.997134670487106,hf_brain_tumor,classification
349,9.89173296244026e-05,0.9985760056959773,0.9985781901167671,0.9985760056959773,0.9985762545004644,0.9984411535463756,0.9984411535463756,0.9984411535463756,0.9992492492492493,0.997003745318352,0.9981252343457068,1.0,0.9993853718500307,0.9996925914540424,0.9963689179375453,0.9992716678805535,0.9978181818181818,5.053312700064359e-05,0.999288256227758,0.9992902956081942,0.999288256227758,0.9992882648693928,1.0,1.0,1.0,1.0,0.9971830985915493,0.998589562764457,1.0,1.0,1.0,0.997134670487106,1.0,0.9985652797704447,hf_brain_tumor,classification
350,6.333968842861922e-05,0.9989320042719829,0.9989318834265312,0.9989320042719829,0.9989318768303822,0.9992211838006231,1.0,0.9996104402025711,0.9977528089887641,0.9977528089887641,0.9977528089887641,1.0,1.0,1.0,0.9985422740524781,0.9978150036416606,0.9981785063752276,4.904103262007501e-05,0.998576512455516,0.9985846466700559,0.998576512455516,0.9985765412603244,1.0,1.0,1.0,1.0,0.9943661971830986,0.9971751412429378,1.0,1.0,1.0,0.9942857142857143,1.0,0.997134670487106,hf_brain_tumor,classification
351,3.969578524178834e-05,0.9998220007119971,0.9998221302602417,0.9998220007119971,0.9998219997651593,1.0,1.0,1.0,1.0,0.9992509363295881,0.9996253278381416,1.0,1.0,1.0,0.9992721979621543,1.0,0.9996359665089188,6.1027068739744356e-05,0.997864768683274,0.9978751481463068,0.997864768683274,0.9978628400688411,0.9968454258675079,1.0,0.9984202211690363,1.0,0.9915492957746479,0.9957567185289957,1.0,1.0,1.0,0.9942857142857143,1.0,0.997134670487106,hf_brain_tumor,classification
352,0.00010681664822373882,0.9985760056959773,0.9985765341044878,0.9985760056959773,0.9985760786215618,0.999219968798752,0.9984411535463756,0.9988304093567252,0.9977528089887641,0.9977528089887641,0.9977528089887641,0.9993849938499385,0.9987707437000615,0.9990777743621273,0.9978181818181818,0.9992716678805535,0.9985443959243085,5.086476568468498e-05,0.999288256227758,0.9992902956081942,0.999288256227758,0.9992882648693928,1.0,1.0,1.0,1.0,0.9971830985915493,0.998589562764457,1.0,1.0,1.0,0.997134670487106,1.0,0.9985652797704447,hf_brain_tumor,classification
353,0.00013180554502173898,0.997686009255963,0.9976883655413651,0.997686009255963,0.9976864243381605,0.9976635514018691,0.9984411535463756,0.9980522010128555,0.9962546816479401,0.9962546816479401,0.9962546816479401,1.0,0.9975414874001229,0.9987692307692307,0.9963662790697675,0.9985433357611071,0.9974536194979993,5.2817796290582916e-05,0.999288256227758,0.9992902956081942,0.999288256227758,0.9992882648693928,1.0,1.0,1.0,1.0,0.9971830985915493,0.998589562764457,1.0,1.0,1.0,0.997134670487106,1.0,0.9985652797704447,hf_brain_tumor,classification
354,7.710690066298007e-05,0.9982200071199715,0.998219769982258,0.9982200071199715,0.9982196172136814,0.9976653696498055,0.9992205767731879,0.9984423676012462,0.9969992498124531,0.9955056179775281,0.9962518740629686,1.0,1.0,1.0,0.9978150036416606,0.9978150036416606,0.9978150036416606,4.758230235215204e-05,0.998576512455516,0.9985846466700559,0.998576512455516,0.9985765412603244,1.0,1.0,1.0,1.0,0.9943661971830986,0.9971751412429378,1.0,1.0,1.0,0.9942857142857143,1.0,0.997134670487106,hf_brain_tumor,classification
355,7.430144873095755e-05,0.99875400498398,0.99875499103873,0.99875400498398,0.9987540299437735,0.9976671850699844,1.0,0.9988322304398599,0.9977528089887641,0.9977528089887641,0.9977528089887641,1.0,0.9993853718500307,0.9996925914540424,0.9992706053975201,0.9978150036416606,0.9985422740524781,4.691208216036588e-05,0.999288256227758,0.9992902956081942,0.999288256227758,0.9992882648693928,1.0,1.0,1.0,1.0,0.9971830985915493,0.998589562764457,1.0,1.0,1.0,0.997134670487106,1.0,0.9985652797704447,hf_brain_tumor,classification
356,5.508114936591683e-05,0.9991100035599858,0.9991104032589858,0.9991100035599858,0.9991101354658706,1.0,0.9992205767731879,0.9996101364522417,0.9977544910179641,0.998501872659176,0.9981280419318608,1.0,1.0,1.0,0.9985433357611071,0.9985433357611071,0.9985433357611071,4.9954395719519405e-05,0.998576512455516,0.9985846466700559,0.998576512455516,0.9985765412603244,1.0,1.0,1.0,1.0,0.9943661971830986,0.9971751412429378,1.0,1.0,1.0,0.9942857142857143,1.0,0.997134670487106,hf_brain_tumor,classification
357,0.0001637444457695288,0.9973300106799573,0.997331591640548,0.9973300106799573,0.9973295584869067,0.9992175273865415,0.995323460639127,0.9972666926981648,0.9955056179775281,0.9955056179775281,0.9955056179775281,0.998159509202454,1.0,0.9990789069696039,0.9963636363636363,0.9978150036416606,0.9970887918486172,5.2389477741194386e-05,0.998576512455516,0.9985846466700559,0.998576512455516,0.9985765412603244,1.0,1.0,1.0,1.0,0.9943661971830986,0.9971751412429378,1.0,1.0,1.0,0.9942857142857143,1.0,0.997134670487106,hf_brain_tumor,classification
358,5.11756262980819e-05,0.9991100035599858,0.9991105428859007,0.9991100035599858,0.9991100732159848,1.0,0.9992205767731879,0.9996101364522417,0.9977561705310396,0.9992509363295881,0.9985029940119761,1.0,1.0,1.0,0.9985422740524781,0.9978150036416606,0.9981785063752276,5.5638282884466074e-05,0.998576512455516,0.9985846466700559,0.998576512455516,0.9985765412603244,1.0,1.0,1.0,1.0,0.9943661971830986,0.9971751412429378,1.0,1.0,1.0,0.9942857142857143,1.0,0.997134670487106,hf_brain_tumor,classification
359,7.182636355191278e-05,0.9985760056959773,0.9985765436772263,0.9985760056959773,0.9985754737871305,0.9976653696498055,0.9992205767731879,0.9984423676012462,0.9984973703981969,0.9955056179775281,0.9969992498124531,1.0,1.0,1.0,0.9978181818181818,0.9992716678805535,0.9985443959243085,5.938088554833022e-05,0.998576512455516,0.9985807970844451,0.998576512455516,0.9985755746553546,0.9968454258675079,1.0,0.9984202211690363,1.0,0.9943661971830986,0.9971751412429378,1.0,1.0,1.0,0.997134670487106,1.0,0.9985652797704447,hf_brain_tumor,classification
360,5.796526052863889e-05,0.9989320042719829,0.9989330224599583,0.9989320042719829,0.9989320549052131,1.0,0.9992205767731879,0.9996101364522417,0.9984996249062266,0.997003745318352,0.9977511244377811,1.0,1.0,1.0,0.997093023255814,0.9992716678805535,0.9981811567842852,4.702585864788651e-05,0.998576512455516,0.9985846466700559,0.998576512455516,0.9985765412603244,1.0,1.0,1.0,1.0,0.9943661971830986,0.9971751412429378,1.0,1.0,1.0,0.9942857142857143,1.0,0.997134670487106,hf_brain_tumor,classification
361,0.00010334513904937718,0.9985760056959773,0.998577018872102,0.9985760056959773,0.9985761264529481,0.999219968798752,0.9984411535463756,0.9988304093567252,0.9977511244377811,0.997003745318352,0.9973772948669913,1.0,0.9993853718500307,0.9996925914540424,0.997093023255814,0.9992716678805535,0.9981811567842852,4.836009286909142e-05,0.998576512455516,0.9985846466700559,0.998576512455516,0.9985765412603244,1.0,1.0,1.0,1.0,0.9943661971830986,0.9971751412429378,1.0,1.0,1.0,0.9942857142857143,1.0,0.997134670487106,hf_brain_tumor,classification
362,0.00010947770348968072,0.9980420078319687,0.9980428234190284,0.9980420078319687,0.9980421022995264,0.9976653696498055,0.9992205767731879,0.9984423676012462,0.9970014992503748,0.9962546816479401,0.9966279505432747,1.0,0.9987707437000615,0.9993849938499385,0.9970887918486172,0.9978150036416606,0.9974517655624318,4.674012990946456e-05,0.998576512455516,0.9985846466700559,0.998576512455516,0.9985765412603244,1.0,1.0,1.0,1.0,0.9943661971830986,0.9971751412429378,1.0,1.0,1.0,0.9942857142857143,1.0,0.997134670487106,hf_brain_tumor,classification
363,7.129421724457241e-05,0.9992880028479886,0.9992887871300993,0.9992880028479886,0.9992879198352586,1.0,0.9976617303195635,0.9988294966835739,0.9985029940119761,0.9992509363295881,0.9988768251591165,1.0,1.0,1.0,0.9985454545454545,1.0,0.9992721979621543,5.232430536227275e-05,0.998576512455516,0.9985846466700559,0.998576512455516,0.9985765412603244,1.0,1.0,1.0,1.0,0.9943661971830986,0.9971751412429378,1.0,1.0,1.0,0.9942857142857143,1.0,0.997134670487106,hf_brain_tumor,classification
364,5.4408066437398455e-05,0.9989320042719829,0.9989323929167165,0.9989320042719829,0.9989321315685216,1.0,0.9992205767731879,0.9996101364522417,0.9977528089887641,0.9977528089887641,0.9977528089887641,1.0,1.0,1.0,0.9978165938864629,0.9985433357611071,0.9981798325445941,5.5137688738287835e-05,0.999288256227758,0.9992902956081942,0.999288256227758,0.9992882648693928,1.0,1.0,1.0,1.0,0.9971830985915493,0.998589562764457,1.0,1.0,1.0,0.997134670487106,1.0,0.9985652797704447,hf_brain_tumor,classification
365,7.399959711496202e-05,0.99875400498398,0.9987539981260458,0.99875400498398,0.9987538013506702,0.9992211838006231,1.0,0.9996104402025711,0.9984996249062266,0.997003745318352,0.9977511244377811,0.9993853718500307,0.9993853718500307,0.9993853718500307,0.9978165938864629,0.9985433357611071,0.9981798325445941,4.782229250896854e-05,0.999288256227758,0.9992902956081942,0.999288256227758,0.9992882648693928,1.0,1.0,1.0,1.0,0.9971830985915493,0.998589562764457,1.0,1.0,1.0,0.997134670487106,1.0,0.9985652797704447,hf_brain_tumor,classification
366,8.229506951115733e-05,0.99875400498398,0.99875400498398,0.99875400498398,0.99875400498398,0.9992205767731879,0.9992205767731879,0.9992205767731879,0.9977528089887641,0.9977528089887641,0.9977528089887641,1.0,1.0,1.0,0.9978150036416606,0.9978150036416606,0.9978150036416606,4.7270798535662e-05,0.999288256227758,0.9992902956081942,0.999288256227758,0.9992882648693928,1.0,1.0,1.0,1.0,0.9971830985915493,0.998589562764457,1.0,1.0,1.0,0.997134670487106,1.0,0.9985652797704447,hf_brain_tumor,classification
367,8.001743998677351e-05,0.9985760056959773,0.9985773370294702,0.9985760056959773,0.9985764291573204,1.0,1.0,1.0,0.9962602842183994,0.9977528089887641,0.9970059880239521,1.0,0.9987707437000615,0.9993849938499385,0.9978150036416606,0.9978150036416606,0.9978150036416606,5.3648586013664615e-05,0.998576512455516,0.9985846466700559,0.998576512455516,0.9985765412603244,1.0,1.0,1.0,1.0,0.9943661971830986,0.9971751412429378,1.0,1.0,1.0,0.9942857142857143,1.0,0.997134670487106,hf_brain_tumor,classification
368,9.468423106436095e-05,0.9983980064079744,0.9983988861513495,0.9983980064079744,0.9983980604735672,0.999219968798752,0.9984411535463756,0.9988304093567252,0.9970014992503748,0.9962546816479401,0.9966279505432747,1.0,0.9993853718500307,0.9996925914540424,0.997093023255814,0.9992716678805535,0.9981811567842852,5.079102080211753e-05,0.998576512455516,0.9985846466700559,0.998576512455516,0.9985765412603244,1.0,1.0,1.0,1.0,0.9943661971830986,0.9971751412429378,1.0,1.0,1.0,0.9942857142857143,1.0,0.997134670487106,hf_brain_tumor,classification
369,6.77349016565282e-05,0.99875400498398,0.9987545231769582,0.99875400498398,0.9987542044166867,1.0,1.0,1.0,0.9977528089887641,0.9977528089887641,0.9977528089887641,1.0,0.9993853718500307,0.9996925914540424,0.9970887918486172,0.9978150036416606,0.9974517655624318,5.428953206183481e-05,0.998576512455516,0.9985846466700559,0.998576512455516,0.9985765412603244,1.0,1.0,1.0,1.0,0.9943661971830986,0.9971751412429378,1.0,1.0,1.0,0.9942857142857143,1.0,0.997134670487106,hf_brain_tumor,classification
370,0.00016773018125533327,0.9975080099679601,0.9975077993307735,0.9975080099679601,0.9975071811474858,0.9976635514018691,0.9984411535463756,0.9980522010128555,0.9969947407963937,0.9940074906367041,0.9954988747186797,0.9987714987714987,0.9993853718500307,0.9990783410138249,0.9963636363636363,0.9978150036416606,0.9970887918486172,4.993013098298508e-05,0.998576512455516,0.9985846466700559,0.998576512455516,0.9985765412603244,1.0,1.0,1.0,1.0,0.9943661971830986,0.9971751412429378,1.0,1.0,1.0,0.9942857142857143,1.0,0.997134670487106,hf_brain_tumor,classification
371,7.915106199221414e-05,0.9985760056959773,0.9985762401311031,0.9985760056959773,0.9985758606097124,0.9992205767731879,0.9992205767731879,0.9992205767731879,0.9977494373593399,0.9962546816479401,0.9970014992503748,1.0,1.0,1.0,0.9970909090909091,0.9985433357611071,0.9978165938864629,4.7423164703017314e-05,0.998576512455516,0.9985846466700559,0.998576512455516,0.9985765412603244,1.0,1.0,1.0,1.0,0.9943661971830986,0.9971751412429378,1.0,1.0,1.0,0.9942857142857143,1.0,0.997134670487106,hf_brain_tumor,classification
372,8.605435730890628e-05,0.9983980064079744,0.998399311613638,0.9983980064079744,0.9983978505501588,0.998443579766537,1.0,0.9992211838006231,0.9977494373593399,0.9962546816479401,0.9970014992503748,1.0,0.9981561155500922,0.9990772070132267,0.997093023255814,0.9992716678805535,0.9981811567842852,4.5915680446785285e-05,0.999288256227758,0.9992902956081942,0.999288256227758,0.9992882648693928,1.0,1.0,1.0,1.0,0.9971830985915493,0.998589562764457,1.0,1.0,1.0,0.997134670487106,1.0,0.9985652797704447,hf_brain_tumor,classification
373,6.802067060720943e-05,0.9985760056959773,0.9985765238889553,0.9985760056959773,0.998576197790218,1.0,0.9992205767731879,0.9996101364522417,0.997003745318352,0.997003745318352,0.997003745318352,1.0,1.0,1.0,0.9970887918486172,0.9978150036416606,0.9974517655624318,6.235733601434825e-05,0.998576512455516,0.9985807970844451,0.998576512455516,0.9985755746553546,0.9968454258675079,1.0,0.9984202211690363,1.0,0.9943661971830986,0.9971751412429378,1.0,1.0,1.0,0.997134670487106,1.0,0.9985652797704447,hf_brain_tumor,classification
374,6.282494917272786e-05,0.9991100035599858,0.9991106225546251,0.9991100035599858,0.9991099884356992,1.0,0.9992205767731879,0.9996101364522417,0.9992498124531133,0.9977528089887641,0.9985007496251874,0.9993857493857494,1.0,0.9996927803379416,0.9978181818181818,0.9992716678805535,0.9985443959243085,5.124945791288857e-05,0.998576512455516,0.9985846466700559,0.998576512455516,0.9985765412603244,1.0,1.0,1.0,1.0,0.9943661971830986,0.9971751412429378,1.0,1.0,1.0,0.9942857142857143,1.0,0.997134670487106,hf_brain_tumor,classification
375,9.247952688872912e-05,0.9983980064079744,0.9983981385791674,0.9983980064079744,0.9983979449438275,0.9984423676012462,0.9992205767731879,0.9988313206077133,0.9970014992503748,0.9962546816479401,0.9966279505432747,1.0,0.9993853718500307,0.9996925914540424,0.9978165938864629,0.9985433357611071,0.9981798325445941,5.6819610866282396e-05,0.998576512455516,0.9985846466700559,0.998576512455516,0.9985765412603244,1.0,1.0,1.0,1.0,0.9943661971830986,0.9971751412429378,1.0,1.0,1.0,0.9942857142857143,1.0,0.997134670487106,hf_brain_tumor,classification
376,0.00012287558711859017,0.9985760056959773,0.998575755113435,0.9985760056959773,0.9985758134094628,0.9992211838006231,1.0,0.9996104402025711,0.997003745318352,0.997003745318352,0.997003745318352,1.0,1.0,1.0,0.9978134110787172,0.9970866715222141,0.9974499089253187,5.47260324352704e-05,0.999288256227758,0.9992902956081942,0.999288256227758,0.9992882648693928,1.0,1.0,1.0,1.0,0.9971830985915493,0.998589562764457,1.0,1.0,1.0,0.997134670487106,1.0,0.9985652797704447,hf_brain_tumor,classification
377,7.431167333935976e-05,0.99875400498398,0.9987540227672571,0.99875400498398,0.9987539468837457,0.9984423676012462,0.9992205767731879,0.9988313206077133,0.9977528089887641,0.9977528089887641,0.9977528089887641,1.0,1.0,1.0,0.9985422740524781,0.9978150036416606,0.9981785063752276,5.291609950954387e-05,0.998576512455516,0.9985846466700559,0.998576512455516,0.9985765412603244,1.0,1.0,1.0,1.0,0.9943661971830986,0.9971751412429378,1.0,1.0,1.0,0.9942857142857143,1.0,0.997134670487106,hf_brain_tumor,classification
378,7.227080794647941e-05,0.9991100035599858,0.999110110780069,0.9991100035599858,0.999109929504066,0.999219968798752,0.9984411535463756,0.9988304093567252,0.9985029940119761,0.9992509363295881,0.9988768251591165,0.9993857493857494,1.0,0.9996927803379416,0.999271137026239,0.9985433357611071,0.9989071038251366,4.571837386034123e-05,0.998576512455516,0.9985846466700559,0.998576512455516,0.9985765412603244,1.0,1.0,1.0,1.0,0.9943661971830986,0.9971751412429378,1.0,1.0,1.0,0.9942857142857143,1.0,0.997134670487106,hf_brain_tumor,classification
379,0.0001269468737353394,0.9985760056959773,0.998575861320589,0.9985760056959773,0.9985757334276198,0.9992211838006231,1.0,0.9996104402025711,0.9977494373593399,0.9962546816479401,0.9970014992503748,1.0,1.0,1.0,0.9970887918486172,0.9978150036416606,0.9974517655624318,4.793336798341239e-05,0.999288256227758,0.9992902956081942,0.999288256227758,0.9992882648693928,1.0,1.0,1.0,1.0,0.9971830985915493,0.998589562764457,1.0,1.0,1.0,0.997134670487106,1.0,0.9985652797704447,hf_brain_tumor,classification
380,0.00017900186354584416,0.9982200071199715,0.9982200843113996,0.9982200071199715,0.9982194659718052,0.9976653696498055,0.9992205767731879,0.9984423676012462,0.9984984984984985,0.9962546816479401,0.9973753280839895,0.9987722529158993,1.0,0.9993857493857494,0.9978134110787172,0.9970866715222141,0.9974499089253187,5.8678066416922326e-05,0.997864768683274,0.9978751481463068,0.997864768683274,0.9978628400688411,0.9968454258675079,1.0,0.9984202211690363,1.0,0.9915492957746479,0.9957567185289957,1.0,1.0,1.0,0.9942857142857143,1.0,0.997134670487106,hf_brain_tumor,classification
381,0.00010503107038221319,0.9989320042719829,0.9989330693387772,0.9989320042719829,0.9989322651259844,1.0,0.9984411535463756,0.999219968798752,0.9970082273747195,0.998501872659176,0.9977544910179641,1.0,1.0,1.0,0.9985433357611071,0.9985433357611071,0.9985433357611071,5.416521780312141e-05,0.998576512455516,0.9985846466700559,0.998576512455516,0.9985765412603244,1.0,1.0,1.0,1.0,0.9943661971830986,0.9971751412429378,1.0,1.0,1.0,0.9942857142857143,1.0,0.997134670487106,hf_brain_tumor,classification
382,5.910716392648047e-05,0.9992880028479886,0.9992881335075082,0.9992880028479886,0.999287867849726,0.9992211838006231,1.0,0.9996104402025711,0.9992498124531133,0.9977528089887641,0.9985007496251874,1.0,1.0,1.0,0.9985443959243085,0.9992716678805535,0.9989078995267565,4.6919930029933995e-05,0.999288256227758,0.9992902956081942,0.999288256227758,0.9992882648693928,1.0,1.0,1.0,1.0,0.9971830985915493,0.998589562764457,1.0,1.0,1.0,0.997134670487106,1.0,0.9985652797704447,hf_brain_tumor,classification
383,0.00010253173523188396,0.9992880028479886,0.9992885099093786,0.9992880028479886,0.9992878617214092,0.9992211838006231,1.0,0.9996104402025711,1.0,0.9977528089887641,0.9988751406074241,0.9993857493857494,1.0,0.9996927803379416,0.9985443959243085,0.9992716678805535,0.9989078995267565,4.87507613398064e-05,0.998576512455516,0.9985846466700559,0.998576512455516,0.9985765412603244,1.0,1.0,1.0,1.0,0.9943661971830986,0.9971751412429378,1.0,1.0,1.0,0.9942857142857143,1.0,0.997134670487106,hf_brain_tumor,classification
384,6.22842201775809e-05,0.99875400498398,0.9987549123794309,0.99875400498398,0.9987541521002951,0.9992211838006231,1.0,0.9996104402025711,0.9985007496251874,0.9977528089887641,0.9981266391907081,1.0,0.9987707437000615,0.9993849938499385,0.9970909090909091,0.9985433357611071,0.9978165938864629,5.172608587541566e-05,0.999288256227758,0.9992902956081942,0.999288256227758,0.9992882648693928,1.0,1.0,1.0,1.0,0.9971830985915493,0.998589562764457,1.0,1.0,1.0,0.997134670487106,1.0,0.9985652797704447,hf_brain_tumor,classification
385,9.520742031568784e-05,0.9989320042719829,0.9989328007566883,0.9989320042719829,0.9989322026104616,0.999219968798752,0.9984411535463756,0.9988304093567252,0.9970082273747195,0.998501872659176,0.9977544910179641,1.0,1.0,1.0,0.999271137026239,0.9985433357611071,0.9989071038251366,4.977975492120192e-05,0.999288256227758,0.9992902956081942,0.999288256227758,0.9992882648693928,1.0,1.0,1.0,1.0,0.9971830985915493,0.998589562764457,1.0,1.0,1.0,0.997134670487106,1.0,0.9985652797704447,hf_brain_tumor,classification
386,0.00010395502906626062,0.9982200071199715,0.9982199153027821,0.9982200071199715,0.9982197573090306,0.9976653696498055,0.9992205767731879,0.9984423676012462,0.9970014992503748,0.9962546816479401,0.9966279505432747,1.0,1.0,1.0,0.9978134110787172,0.9970866715222141,0.9974499089253187,5.018350233265445e-05,0.999288256227758,0.9992902956081942,0.999288256227758,0.9992882648693928,1.0,1.0,1.0,1.0,0.9971830985915493,0.998589562764457,1.0,1.0,1.0,0.997134670487106,1.0,0.9985652797704447,hf_brain_tumor,classification
387,7.061699250939816e-05,0.9985760056959773,0.9985763787598321,0.9985760056959773,0.9985758679211445,0.9992211838006231,1.0,0.9996104402025711,0.9977494373593399,0.9962546816479401,0.9970014992503748,1.0,0.9993853718500307,0.9996925914540424,0.9970909090909091,0.9985433357611071,0.9978165938864629,5.1710573764473444e-05,0.998576512455516,0.9985846466700559,0.998576512455516,0.9985765412603244,1.0,1.0,1.0,1.0,0.9943661971830986,0.9971751412429378,1.0,1.0,1.0,0.9942857142857143,1.0,0.997134670487106,hf_brain_tumor,classification
388,6.889271303874491e-05,0.9985760056959773,0.998575755113435,0.9985760056959773,0.9985758134094628,0.9992211838006231,1.0,0.9996104402025711,0.997003745318352,0.997003745318352,0.997003745318352,1.0,1.0,1.0,0.9978134110787172,0.9970866715222141,0.9974499089253187,6.363768330205682e-05,0.997864768683274,0.9978751481463068,0.997864768683274,0.9978628400688411,0.9968454258675079,1.0,0.9984202211690363,1.0,0.9915492957746479,0.9957567185289957,1.0,1.0,1.0,0.9942857142857143,1.0,0.997134670487106,hf_brain_tumor,classification
389,6.716598542188663e-05,0.99875400498398,0.9987543936287137,0.99875400498398,0.9987541396189845,0.9992205767731879,0.9992205767731879,0.9992205767731879,0.9977528089887641,0.9977528089887641,0.9977528089887641,1.0,0.9993853718500307,0.9996925914540424,0.9978165938864629,0.9985433357611071,0.9981798325445941,5.153212208544729e-05,0.998576512455516,0.9985846466700559,0.998576512455516,0.9985765412603244,1.0,1.0,1.0,1.0,0.9943661971830986,0.9971751412429378,1.0,1.0,1.0,0.9942857142857143,1.0,0.997134670487106,hf_brain_tumor,classification
390,0.00012838014057698445,0.9985760056959773,0.9985777199701739,0.9985760056959773,0.9985755997317719,0.9976653696498055,0.9992205767731879,0.9984423676012462,0.9992481203007518,0.9955056179775281,0.9973733583489681,1.0,1.0,1.0,0.997093023255814,0.9992716678805535,0.9981811567842852,4.899768887622369e-05,0.999288256227758,0.9992902956081942,0.999288256227758,0.9992882648693928,1.0,1.0,1.0,1.0,0.9971830985915493,0.998589562764457,1.0,1.0,1.0,0.997134670487106,1.0,0.9985652797704447,hf_brain_tumor,classification
391,8.669856272949544e-05,0.9985760056959773,0.9985765386279774,0.9985760056959773,0.9985762115817685,0.9984411535463756,0.9984411535463756,0.9984411535463756,0.9970059880239521,0.9977528089887641,0.997379258704605,1.0,0.9993853718500307,0.9996925914540424,0.9985433357611071,0.9985433357611071,0.9985433357611071,5.06795380140318e-05,0.998576512455516,0.9985846466700559,0.998576512455516,0.9985765412603244,1.0,1.0,1.0,1.0,0.9943661971830986,0.9971751412429378,1.0,1.0,1.0,0.9942857142857143,1.0,0.997134670487106,hf_brain_tumor,classification
392,7.856925382931224e-05,0.99875400498398,0.9987543990709817,0.99875400498398,0.9987541341358716,0.999219968798752,0.9984411535463756,0.9988304093567252,0.9970059880239521,0.9977528089887641,0.997379258704605,1.0,1.0,1.0,0.9985433357611071,0.9985433357611071,0.9985433357611071,4.951252494979324e-05,0.999288256227758,0.9992902956081942,0.999288256227758,0.9992882648693928,1.0,1.0,1.0,1.0,0.9971830985915493,0.998589562764457,1.0,1.0,1.0,0.997134670487106,1.0,0.9985652797704447,hf_brain_tumor,classification
393,9.379942259442415e-05,0.9989320042719829,0.9989328182791751,0.9989320042719829,0.9989316098805902,0.9976653696498055,0.9992205767731879,0.9984423676012462,0.9992486851990984,0.9962546816479401,0.9977494373593399,1.0,1.0,1.0,0.9985454545454545,1.0,0.9992721979621543,5.3692214732063965e-05,0.998576512455516,0.9985846466700559,0.998576512455516,0.9985765412603244,1.0,1.0,1.0,1.0,0.9943661971830986,0.9971751412429378,1.0,1.0,1.0,0.9942857142857143,1.0,0.997134670487106,hf_brain_tumor,classification
394,4.262336140756049e-05,0.9994660021359915,0.9994661277997308,0.9994660021359915,0.9994659992954776,1.0,1.0,1.0,0.9992503748125937,0.998501872659176,0.9988759835144249,1.0,1.0,1.0,0.9985443959243085,0.9992716678805535,0.9989078995267565,5.058932935819897e-05,0.998576512455516,0.9985846466700559,0.998576512455516,0.9985765412603244,1.0,1.0,1.0,1.0,0.9943661971830986,0.9971751412429378,1.0,1.0,1.0,0.9942857142857143,1.0,0.997134670487106,hf_brain_tumor,classification
395,0.0001435468540182719,0.9982200071199715,0.9982205253129497,0.9982200071199715,0.9982202065526782,0.9984411535463756,0.9984411535463756,0.9984411535463756,0.997003745318352,0.997003745318352,0.997003745318352,1.0,0.9993853718500307,0.9996925914540424,0.9970887918486172,0.9978150036416606,0.9974517655624318,5.4604777616802636e-05,0.998576512455516,0.9985846466700559,0.998576512455516,0.9985765412603244,1.0,1.0,1.0,1.0,0.9943661971830986,0.9971751412429378,1.0,1.0,1.0,0.9942857142857143,1.0,0.997134670487106,hf_brain_tumor,classification
396,0.00015344432492825726,0.9982200071199715,0.9982197343076139,0.9982200071199715,0.9982196707602309,0.9984423676012462,0.9992205767731879,0.9988313206077133,0.9969992498124531,0.9955056179775281,0.9962518740629686,1.0,1.0,1.0,0.9970887918486172,0.9978150036416606,0.9974517655624318,5.641106340954462e-05,0.998576512455516,0.9985846466700559,0.998576512455516,0.9985765412603244,1.0,1.0,1.0,1.0,0.9943661971830986,0.9971751412429378,1.0,1.0,1.0,0.9942857142857143,1.0,0.997134670487106,hf_brain_tumor,classification
397,0.0001626634369991147,0.9982200071199715,0.9982200104537967,0.9982200071199715,0.9982198087366452,0.9976635514018691,0.9984411535463756,0.9980522010128555,0.9977494373593399,0.9962546816479401,0.9970014992503748,0.9993853718500307,0.9993853718500307,0.9993853718500307,0.9978165938864629,0.9985433357611071,0.9981798325445941,5.171441416888517e-05,0.999288256227758,0.9992902956081942,0.999288256227758,0.9992882648693928,1.0,1.0,1.0,1.0,0.9971830985915493,0.998589562764457,1.0,1.0,1.0,0.997134670487106,1.0,0.9985652797704447,hf_brain_tumor,classification
398,6.774957614150665e-05,0.9989320042719829,0.9989320320156898,0.9989320042719829,0.9989318140599827,0.998443579766537,1.0,0.9992211838006231,0.9985007496251874,0.9977528089887641,0.9981266391907081,1.0,1.0,1.0,0.9985422740524781,0.9978150036416606,0.9981785063752276,5.1908138473686366e-05,0.998576512455516,0.9985846466700559,0.998576512455516,0.9985765412603244,1.0,1.0,1.0,1.0,0.9943661971830986,0.9971751412429378,1.0,1.0,1.0,0.9942857142857143,1.0,0.997134670487106,hf_brain_tumor,classification
399,6.45986888484016e-05,0.9992880028479886,0.9992886461394048,0.9992880028479886,0.9992881272096935,1.0,0.9992205767731879,0.9996101364522417,0.9992503748125937,0.998501872659176,0.9988759835144249,1.0,1.0,1.0,0.9978181818181818,0.9992716678805535,0.9985443959243085,6.168029972836832e-05,0.997864768683274,0.9978751481463068,0.997864768683274,0.9978628400688411,0.9968454258675079,1.0,0.9984202211690363,1.0,0.9915492957746479,0.9957567185289957,1.0,1.0,1.0,0.9942857142857143,1.0,0.997134670487106,hf_brain_tumor,classification
400,0.00012434949153176592,0.9982200071199715,0.998220318918172,0.9982200071199715,0.9982198951661583,0.9976653696498055,0.9992205767731879,0.9984423676012462,0.9962546816479401,0.9962546816479401,0.9962546816479401,1.0,1.0,1.0,0.9985412107950401,0.9970866715222141,0.9978134110787172,5.450829974796311e-05,0.998576512455516,0.9985846466700559,0.998576512455516,0.9985765412603244,1.0,1.0,1.0,1.0,0.9943661971830986,0.9971751412429378,1.0,1.0,1.0,0.9942857142857143,1.0,0.997134670487106,hf_brain_tumor,classification
401,0.00011000198959092992,0.9982200071199715,0.9982203957647051,0.9982200071199715,0.998220141754976,0.9984411535463756,0.9984411535463756,0.9984411535463756,0.9962546816479401,0.9962546816479401,0.9962546816479401,1.0,0.9993853718500307,0.9996925914540424,0.9978165938864629,0.9985433357611071,0.9981798325445941,5.2650427741261226e-05,0.998576512455516,0.9985846466700559,0.998576512455516,0.9985765412603244,1.0,1.0,1.0,1.0,0.9943661971830986,0.9971751412429378,1.0,1.0,1.0,0.9942857142857143,1.0,0.997134670487106,hf_brain_tumor,classification
402,0.0001935636180277816,0.9978640085439658,0.9978636327191397,0.9978640085439658,0.9978629447349584,0.9976671850699844,1.0,0.9988322304398599,0.9969947407963937,0.9940074906367041,0.9954988747186797,0.9993853718500307,0.9993853718500307,0.9993853718500307,0.9970887918486172,0.9978150036416606,0.9974517655624318,4.7553778698884633e-05,0.998576512455516,0.9985846466700559,0.998576512455516,0.9985765412603244,1.0,1.0,1.0,1.0,0.9943661971830986,0.9971751412429378,1.0,1.0,1.0,0.9942857142857143,1.0,0.997134670487106,hf_brain_tumor,classification
403,5.748350408090658e-05,0.9991100035599858,0.9991101610407829,0.9991100035599858,0.9991098781928992,0.998443579766537,1.0,0.9992211838006231,0.9985007496251874,0.9977528089887641,0.9981266391907081,1.0,1.0,1.0,0.999271137026239,0.9985433357611071,0.9989071038251366,4.790908752499985e-05,0.998576512455516,0.9985846466700559,0.998576512455516,0.9985765412603244,1.0,1.0,1.0,1.0,0.9943661971830986,0.9971751412429378,1.0,1.0,1.0,0.9942857142857143,1.0,0.997134670487106,hf_brain_tumor,classification
404,6.509717132173844e-05,0.99875400498398,0.9987542658379815,0.99875400498398,0.998754067494431,0.999219968798752,0.9984411535463756,0.9988304093567252,0.9977544910179641,0.998501872659176,0.9981280419318608,1.0,1.0,1.0,0.9978150036416606,0.9978150036416606,0.9978150036416606,4.97904187577466e-05,0.998576512455516,0.9985846466700559,0.998576512455516,0.9985765412603244,1.0,1.0,1.0,1.0,0.9943661971830986,0.9971751412429378,1.0,1.0,1.0,0.9942857142857143,1.0,0.997134670487106,hf_brain_tumor,classification
405,8.291761959998886e-05,0.9991100035599858,0.9991107728512552,0.9991100035599858,0.999110063538185,0.999219968798752,0.9984411535463756,0.9988304093567252,0.9977561705310396,0.9992509363295881,0.9985029940119761,0.9993857493857494,1.0,0.9996927803379416,1.0,0.9985433357611071,0.999271137026239,5.7822879404845876e-05,0.997864768683274,0.9978751481463068,0.997864768683274,0.9978628400688411,0.9968454258675079,1.0,0.9984202211690363,1.0,0.9915492957746479,0.9957567185289957,1.0,1.0,1.0,0.9942857142857143,1.0,0.997134670487106,hf_brain_tumor,classification
406,0.00010012907894829066,0.9985760056959773,0.9985762554957124,0.9985760056959773,0.998576063597082,0.999219968798752,0.9984411535463756,0.9988304093567252,0.9977528089887641,0.9977528089887641,0.9977528089887641,0.9993853718500307,0.9993853718500307,0.9993853718500307,0.9978165938864629,0.9985433357611071,0.9981798325445941,5.236340022490441e-05,0.998576512455516,0.9985846466700559,0.998576512455516,0.9985765412603244,1.0,1.0,1.0,1.0,0.9943661971830986,0.9971751412429378,1.0,1.0,1.0,0.9942857142857143,1.0,0.997134670487106,hf_brain_tumor,classification
407,5.823274223859259e-05,0.99875400498398,0.9987543877779712,0.99875400498398,0.9987540687614618,1.0,0.9992205767731879,0.9996101364522417,0.9970059880239521,0.9977528089887641,0.997379258704605,0.9993857493857494,1.0,0.9996927803379416,0.9985422740524781,0.9978150036416606,0.9981785063752276,5.277021249384108e-05,0.998576512455516,0.9985846466700559,0.998576512455516,0.9985765412603244,1.0,1.0,1.0,1.0,0.9943661971830986,0.9971751412429378,1.0,1.0,1.0,0.9942857142857143,1.0,0.997134670487106,hf_brain_tumor,classification
408,0.00010335560206616076,0.9983980064079744,0.998398129498683,0.9983980064079744,0.9983979404001632,0.9992211838006231,1.0,0.9996104402025711,0.9970014992503748,0.9962546816479401,0.9966279505432747,1.0,0.9993853718500307,0.9996925914540424,0.9970887918486172,0.9978150036416606,0.9974517655624318,6.078007072833041e-05,0.997864768683274,0.9978751481463068,0.997864768683274,0.9978628400688411,0.9968454258675079,1.0,0.9984202211690363,1.0,0.9915492957746479,0.9957567185289957,1.0,1.0,1.0,0.9942857142857143,1.0,0.997134670487106,hf_brain_tumor,classification
409,0.00011224835496713473,0.9985760056959773,0.998577178940128,0.9985760056959773,0.9985761149526381,0.99921875,0.9968823070927514,0.9980491611392899,0.9962602842183994,0.9977528089887641,0.9970059880239521,1.0,1.0,1.0,0.9985443959243085,0.9992716678805535,0.9989078995267565,4.966876507714073e-05,0.998576512455516,0.9985846466700559,0.998576512455516,0.9985765412603244,1.0,1.0,1.0,1.0,0.9943661971830986,0.9971751412429378,1.0,1.0,1.0,0.9942857142857143,1.0,0.997134670487106,hf_brain_tumor,classification
410,0.00016621393494848353,0.9978640085439658,0.9978636391017303,0.9978640085439658,0.9978629531475913,0.9968895800933126,0.9992205767731879,0.9980537173997664,0.9969947407963937,0.9940074906367041,0.9954988747186797,0.9993857493857494,1.0,0.9996927803379416,0.9978150036416606,0.9978150036416606,0.9978150036416606,4.7918658545077246e-05,0.998576512455516,0.9985846466700559,0.998576512455516,0.9985765412603244,1.0,1.0,1.0,1.0,0.9943661971830986,0.9971751412429378,1.0,1.0,1.0,0.9942857142857143,1.0,0.997134670487106,hf_brain_tumor,classification
411,7.960324682967713e-05,0.9989320042719829,0.9989318541339742,0.9989320042719829,0.9989318695021393,1.0,1.0,1.0,0.9977528089887641,0.9977528089887641,0.9977528089887641,0.9993857493857494,1.0,0.9996927803379416,0.9985422740524781,0.9978150036416606,0.9981785063752276,5.572580051014021e-05,0.998576512455516,0.9985846466700559,0.998576512455516,0.9985765412603244,1.0,1.0,1.0,1.0,0.9943661971830986,0.9971751412429378,1.0,1.0,1.0,0.9942857142857143,1.0,0.997134670487106,hf_brain_tumor,classification
412,0.00011323764328079646,0.9989320042719829,0.9989323854934808,0.9989320042719829,0.9989318703816551,0.9992211838006231,1.0,0.9996104402025711,0.9984996249062266,0.997003745318352,0.9977511244377811,1.0,0.9993853718500307,0.9996925914540424,0.9978181818181818,0.9992716678805535,0.9985443959243085,4.9702900953733825e-05,0.999288256227758,0.9992902956081942,0.999288256227758,0.9992882648693928,1.0,1.0,1.0,1.0,0.9971830985915493,0.998589562764457,1.0,1.0,1.0,0.997134670487106,1.0,0.9985652797704447,hf_brain_tumor,classification
413,0.00011933397169353624,0.9982200071199715,0.998219769982258,0.9982200071199715,0.9982196172136814,0.9976653696498055,0.9992205767731879,0.9984423676012462,0.9969992498124531,0.9955056179775281,0.9962518740629686,1.0,1.0,1.0,0.9978150036416606,0.9978150036416606,0.9978150036416606,4.886401244937821e-05,0.998576512455516,0.9985846466700559,0.998576512455516,0.9985765412603244,1.0,1.0,1.0,1.0,0.9943661971830986,0.9971751412429378,1.0,1.0,1.0,0.9942857142857143,1.0,0.997134670487106,hf_brain_tumor,classification
414,9.255397654760632e-05,0.9985760056959773,0.9985761584405292,0.9985760056959773,0.9985757726350051,0.999219968798752,0.9984411535463756,0.9988304093567252,0.9984996249062266,0.997003745318352,0.9977511244377811,0.9987722529158993,1.0,0.9993857493857494,0.9978165938864629,0.9985433357611071,0.9981798325445941,5.2082391443800456e-05,0.998576512455516,0.9985846466700559,0.998576512455516,0.9985765412603244,1.0,1.0,1.0,1.0,0.9943661971830986,0.9971751412429378,1.0,1.0,1.0,0.9942857142857143,1.0,0.997134670487106,hf_brain_tumor,classification
415,9.058266805301291e-05,0.9989320042719829,0.9989327919751567,0.9989320042719829,0.9989319467062479,0.9992205767731879,0.9992205767731879,0.9992205767731879,0.9992498124531133,0.9977528089887641,0.9985007496251874,0.9993849938499385,0.9987707437000615,0.9990777743621273,0.9978197674418605,1.0,0.9989086940705711,5.564348748124809e-05,0.998576512455516,0.9985846466700559,0.998576512455516,0.9985765412603244,1.0,1.0,1.0,1.0,0.9943661971830986,0.9971751412429378,1.0,1.0,1.0,0.9942857142857143,1.0,0.997134670487106,hf_brain_tumor,classification
416,0.00010792627814825976,0.9989320042719829,0.9989344032984312,0.9989320042719829,0.99893248154093,1.0,0.9992205767731879,0.9996101364522417,0.9962658700522778,0.9992509363295881,0.9977561705310396,1.0,0.9993853718500307,0.9996925914540424,0.9992706053975201,0.9978150036416606,0.9985422740524781,4.907158008831615e-05,0.998576512455516,0.9985846466700559,0.998576512455516,0.9985765412603244,1.0,1.0,1.0,1.0,0.9943661971830986,0.9971751412429378,1.0,1.0,1.0,0.9942857142857143,1.0,0.997134670487106,hf_brain_tumor,classification
417,0.00011281374323661717,0.9978640085439658,0.997864613126533,0.9978640085439658,0.9978639070803134,0.9968895800933126,0.9992205767731879,0.9980537173997664,0.9962518740629686,0.9955056179775281,0.9958786062195579,1.0,0.9993853718500307,0.9996925914540424,0.9978134110787172,0.9970866715222141,0.9974499089253187,4.939949133317556e-05,0.999288256227758,0.9992902956081942,0.999288256227758,0.9992882648693928,1.0,1.0,1.0,1.0,0.9971830985915493,0.998589562764457,1.0,1.0,1.0,0.997134670487106,1.0,0.9985652797704447,hf_brain_tumor,classification
418,5.800543630662262e-05,0.9994660021359915,0.9994671663755206,0.9994660021359915,0.9994659931772527,1.0,1.0,1.0,1.0,0.9977528089887641,0.9988751406074241,1.0,1.0,1.0,0.9978197674418605,1.0,0.9989086940705711,5.944855960417394e-05,0.998576512455516,0.9985846466700559,0.998576512455516,0.9985765412603244,1.0,1.0,1.0,1.0,0.9943661971830986,0.9971751412429378,1.0,1.0,1.0,0.9942857142857143,1.0,0.997134670487106,hf_brain_tumor,classification
419,8.963074928430281e-05,0.99875400498398,0.998755314640146,0.99875400498398,0.9987543531571378,1.0,0.9992205767731879,0.9996101364522417,0.9970059880239521,0.9977528089887641,0.997379258704605,1.0,0.9987707437000615,0.9993849938499385,0.9978181818181818,0.9992716678805535,0.9985443959243085,4.829295186307562e-05,0.998576512455516,0.9985846466700559,0.998576512455516,0.9985765412603244,1.0,1.0,1.0,1.0,0.9943661971830986,0.9971751412429378,1.0,1.0,1.0,0.9942857142857143,1.0,0.997134670487106,hf_brain_tumor,classification
420,0.00010993810024902565,0.9983980064079744,0.9983985348164849,0.9983980064079744,0.9983980793335591,0.999219968798752,0.9984411535463756,0.9988304093567252,0.997003745318352,0.997003745318352,0.997003745318352,0.9993849938499385,0.9987707437000615,0.9990777743621273,0.9978181818181818,0.9992716678805535,0.9985443959243085,5.4659739509517485e-05,0.998576512455516,0.9985846466700559,0.998576512455516,0.9985765412603244,1.0,1.0,1.0,1.0,0.9943661971830986,0.9971751412429378,1.0,1.0,1.0,0.9942857142857143,1.0,0.997134670487106,hf_brain_tumor,classification
421,9.793910246756976e-05,0.9980420078319687,0.9980425468289679,0.9980420078319687,0.998041477034397,0.9968871595330739,0.9984411535463756,0.9976635514018691,0.9977460555972952,0.9947565543071161,0.9962490622655664,1.0,1.0,1.0,0.9970909090909091,0.9985433357611071,0.9978165938864629,6.0092675605420444e-05,0.997864768683274,0.9978751481463068,0.997864768683274,0.9978628400688411,0.9968454258675079,1.0,0.9984202211690363,1.0,0.9915492957746479,0.9957567185289957,1.0,1.0,1.0,0.9942857142857143,1.0,0.997134670487106,hf_brain_tumor,classification
422,6.0594806617391135e-05,0.9989320042719829,0.9989318834265312,0.9989320042719829,0.9989318768303822,0.9992211838006231,1.0,0.9996104402025711,0.9977528089887641,0.9977528089887641,0.9977528089887641,1.0,1.0,1.0,0.9985422740524781,0.9978150036416606,0.9981785063752276,4.9735894768524577e-05,0.998576512455516,0.9985846466700559,0.998576512455516,0.9985765412603244,1.0,1.0,1.0,1.0,0.9943661971830986,0.9971751412429378,1.0,1.0,1.0,0.9942857142857143,1.0,0.997134670487106,hf_brain_tumor,classification
423,6.504158776584323e-05,0.9991100035599858,0.9991102644139873,0.9991100035599858,0.9991100660704366,0.999219968798752,0.9984411535463756,0.9988304093567252,0.9977544910179641,0.998501872659176,0.9981280419318608,1.0,1.0,1.0,0.9992716678805535,0.9992716678805535,0.9992716678805535,4.863918127834933e-05,0.999288256227758,0.9992902956081942,0.999288256227758,0.9992882648693928,1.0,1.0,1.0,1.0,0.9971830985915493,0.998589562764457,1.0,1.0,1.0,0.997134670487106,1.0,0.9985652797704447,hf_brain_tumor,classification
424,7.439214075366854e-05,0.9989320042719829,0.9989322353873893,0.9989320042719829,0.9989319921825169,1.0,0.9992205767731879,0.9996101364522417,0.9985007496251874,0.9977528089887641,0.9981266391907081,0.9993857493857494,1.0,0.9996927803379416,0.9978165938864629,0.9985433357611071,0.9981798325445941,4.6889811968773574e-05,0.999288256227758,0.9992902956081942,0.999288256227758,0.9992882648693928,1.0,1.0,1.0,1.0,0.9971830985915493,0.998589562764457,1.0,1.0,1.0,0.997134670487106,1.0,0.9985652797704447,hf_brain_tumor,classification
425,6.018662909238483e-05,0.9989320042719829,0.9989318467426557,0.9989320042719829,0.9989318648859784,1.0,1.0,1.0,0.9985007496251874,0.9977528089887641,0.9981266391907081,0.9993857493857494,1.0,0.9996927803379416,0.9978150036416606,0.9978150036416606,0.9978150036416606,4.600144778494244e-05,0.998576512455516,0.9985846466700559,0.998576512455516,0.9985765412603244,1.0,1.0,1.0,1.0,0.9943661971830986,0.9971751412429378,1.0,1.0,1.0,0.9942857142857143,1.0,0.997134670487106,hf_brain_tumor,classification
426,9.463751367640558e-05,0.9989320042719829,0.9989325438339378,0.9989320042719829,0.9989318083114539,0.9976653696498055,0.9992205767731879,0.9984423676012462,0.9992492492492493,0.997003745318352,0.9981252343457068,0.9993857493857494,1.0,0.9996927803379416,0.9992716678805535,0.9992716678805535,0.9992716678805535,5.0419531747581954e-05,0.998576512455516,0.9985846466700559,0.998576512455516,0.9985765412603244,1.0,1.0,1.0,1.0,0.9943661971830986,0.9971751412429378,1.0,1.0,1.0,0.9942857142857143,1.0,0.997134670487106,hf_brain_tumor,classification
427,0.00011224814519707082,0.9983980064079744,0.998397990869954,0.9983980064079744,0.9983979330887308,0.9992205767731879,0.9992205767731879,0.9992205767731879,0.9970014992503748,0.9962546816479401,0.9966279505432747,1.0,1.0,1.0,0.9970887918486172,0.9978150036416606,0.9974517655624318,5.012820341324581e-05,0.999288256227758,0.9992902956081942,0.999288256227758,0.9992882648693928,1.0,1.0,1.0,1.0,0.9971830985915493,0.998589562764457,1.0,1.0,1.0,0.997134670487106,1.0,0.9985652797704447,hf_brain_tumor,classification
428,4.927929039648352e-05,0.9992880028479886,0.9992881414767175,0.9992880028479886,0.9992880101594207,0.9992211838006231,1.0,0.9996104402025711,0.998501872659176,0.998501872659176,0.998501872659176,1.0,0.9993853718500307,0.9996925914540424,0.9992716678805535,0.9992716678805535,0.9992716678805535,5.124443119409316e-05,0.998576512455516,0.9985846466700559,0.998576512455516,0.9985765412603244,1.0,1.0,1.0,1.0,0.9943661971830986,0.9971751412429378,1.0,1.0,1.0,0.9942857142857143,1.0,0.997134670487106,hf_brain_tumor,classification
429,0.00017170585314636366,0.99875400498398,0.9987559011758547,0.99875400498398,0.9987544427326908,0.9976653696498055,0.9992205767731879,0.9984423676012462,0.9970082273747195,0.998501872659176,0.9977544910179641,1.0,0.9987707437000615,0.9993849938499385,1.0,0.9985433357611071,0.999271137026239,4.7374713154062955e-05,0.999288256227758,0.9992902956081942,0.999288256227758,0.9992882648693928,1.0,1.0,1.0,1.0,0.9971830985915493,0.998589562764457,1.0,1.0,1.0,0.997134670487106,1.0,0.9985652797704447,hf_brain_tumor,classification
430,6.741500853692006e-05,0.9991100035599858,0.9991104032589858,0.9991100035599858,0.9991101354658706,1.0,0.9992205767731879,0.9996101364522417,0.9977544910179641,0.998501872659176,0.9981280419318608,1.0,1.0,1.0,0.9985433357611071,0.9985433357611071,0.9985433357611071,5.323207262297088e-05,0.998576512455516,0.9985846466700559,0.998576512455516,0.9985765412603244,1.0,1.0,1.0,1.0,0.9943661971830986,0.9971751412429378,1.0,1.0,1.0,0.9942857142857143,1.0,0.997134670487106,hf_brain_tumor,classification
431,0.00022066700606904017,0.9982200071199715,0.998220318918172,0.9982200071199715,0.9982198951661583,0.9976653696498055,0.9992205767731879,0.9984423676012462,0.997003745318352,0.997003745318352,0.997003745318352,0.9993853718500307,0.9993853718500307,0.9993853718500307,0.9985412107950401,0.9970866715222141,0.9978134110787172,5.5598035532400195e-05,0.998576512455516,0.9985846466700559,0.998576512455516,0.9985765412603244,1.0,1.0,1.0,1.0,0.9943661971830986,0.9971751412429378,1.0,1.0,1.0,0.9942857142857143,1.0,0.997134670487106,hf_brain_tumor,classification
432,9.331302101979141e-05,0.99875400498398,0.9987567882960063,0.99875400498398,0.998754272232925,0.9992193598750976,0.9976617303195635,0.9984399375975039,0.996268656716418,1.0,0.9981308411214953,1.0,0.9993853718500307,0.9996925914540424,0.9992706053975201,0.9978150036416606,0.9985422740524781,4.4067523620330556e-05,0.999288256227758,0.9992902956081942,0.999288256227758,0.9992882648693928,1.0,1.0,1.0,1.0,0.9971830985915493,0.998589562764457,1.0,1.0,1.0,0.997134670487106,1.0,0.9985652797704447,hf_brain_tumor,classification
433,0.00016259323797113986,0.9982200071199715,0.9982197391371511,0.9982200071199715,0.9982197455923432,0.9976635514018691,0.9984411535463756,0.9980522010128555,0.9970014992503748,0.9962546816479401,0.9966279505432747,0.9993857493857494,1.0,0.9996927803379416,0.9985422740524781,0.9978150036416606,0.9981785063752276,5.160420130897976e-05,0.998576512455516,0.9985846466700559,0.998576512455516,0.9985765412603244,1.0,1.0,1.0,1.0,0.9943661971830986,0.9971751412429378,1.0,1.0,1.0,0.9942857142857143,1.0,0.997134670487106,hf_brain_tumor,classification
434,9.155913553490055e-05,0.9992880028479886,0.9992888016480844,0.9992880028479886,0.9992881395768982,0.9992205767731879,0.9992205767731879,0.9992205767731879,0.9977561705310396,0.9992509363295881,0.9985029940119761,1.0,1.0,1.0,1.0,0.9985433357611071,0.999271137026239,4.935120037630619e-05,0.998576512455516,0.9985846466700559,0.998576512455516,0.9985765412603244,1.0,1.0,1.0,1.0,0.9943661971830986,0.9971751412429378,1.0,1.0,1.0,0.9942857142857143,1.0,0.997134670487106,hf_brain_tumor,classification
435,0.0001154648862787942,0.9982200071199715,0.9982203957647051,0.9982200071199715,0.998220141754976,0.9976617303195635,0.9976617303195635,0.9976617303195635,0.997003745318352,0.997003745318352,0.997003745318352,1.0,0.9993853718500307,0.9996925914540424,0.9978165938864629,0.9985433357611071,0.9981798325445941,5.919381063648744e-05,0.997864768683274,0.9978751481463068,0.997864768683274,0.9978628400688411,0.9968454258675079,1.0,0.9984202211690363,1.0,0.9915492957746479,0.9957567185289957,1.0,1.0,1.0,0.9942857142857143,1.0,0.997134670487106,hf_brain_tumor,classification
436,0.00013413308225738324,0.9985760056959773,0.9985781014686034,0.9985760056959773,0.9985751971723565,0.9976653696498055,0.9992205767731879,0.9984423676012462,0.999247554552295,0.9947565543071161,0.996996996996997,1.0,1.0,1.0,0.9970951343500363,1.0,0.9985454545454545,5.779664865035055e-05,0.998576512455516,0.9985807970844451,0.998576512455516,0.9985755746553546,0.9968454258675079,1.0,0.9984202211690363,1.0,0.9943661971830986,0.9971751412429378,1.0,1.0,1.0,0.997134670487106,1.0,0.9985652797704447,hf_brain_tumor,classification
437,7.353472190244374e-05,0.9989320042719829,0.9989335375940541,0.9989320042719829,0.9989317208909982,0.9992205767731879,0.9992205767731879,0.9992205767731879,0.9992486851990984,0.9962546816479401,0.9977494373593399,1.0,1.0,1.0,0.9970951343500363,1.0,0.9985454545454545,5.0937579147416904e-05,0.998576512455516,0.9985846466700559,0.998576512455516,0.9985765412603244,1.0,1.0,1.0,1.0,0.9943661971830986,0.9971751412429378,1.0,1.0,1.0,0.9942857142857143,1.0,0.997134670487106,hf_brain_tumor,classification
438,9.830625190724348e-05,0.9989320042719829,0.9989333412039725,0.9989320042719829,0.9989322027515354,1.0,0.9984411535463756,0.999219968798752,0.9970104633781763,0.9992509363295881,0.998129442573887,1.0,1.0,1.0,0.9985422740524781,0.9978150036416606,0.9981785063752276,5.0703598733507596e-05,0.999288256227758,0.9992902956081942,0.999288256227758,0.9992882648693928,1.0,1.0,1.0,1.0,0.9971830985915493,0.998589562764457,1.0,1.0,1.0,0.997134670487106,1.0,0.9985652797704447,hf_brain_tumor,classification
439,9.057862098934127e-05,0.9989320042719829,0.9989327926157165,0.9989320042719829,0.9989322708128721,1.0,0.9992205767731879,0.9996101364522417,0.9977544910179641,0.998501872659176,0.9981280419318608,1.0,0.9993853718500307,0.9996925914540424,0.9978165938864629,0.9985433357611071,0.9981798325445941,5.082343050170399e-05,0.998576512455516,0.9985846466700559,0.998576512455516,0.9985765412603244,1.0,1.0,1.0,1.0,0.9943661971830986,0.9971751412429378,1.0,1.0,1.0,0.9942857142857143,1.0,0.997134670487106,hf_brain_tumor,classification
440,0.00013451642105983608,0.9985760056959773,0.9985766410299495,0.9985760056959773,0.9985761335616365,0.9992205767731879,0.9992205767731879,0.9992205767731879,0.9977511244377811,0.997003745318352,0.9973772948669913,1.0,0.9993853718500307,0.9996925914540424,0.9970909090909091,0.9985433357611071,0.9978165938864629,5.0316377627288825e-05,0.998576512455516,0.9985846466700559,0.998576512455516,0.9985765412603244,1.0,1.0,1.0,1.0,0.9943661971830986,0.9971751412429378,1.0,1.0,1.0,0.9942857142857143,1.0,0.997134670487106,hf_brain_tumor,classification
441,6.992270338874533e-05,0.9991100035599858,0.9991098534219771,0.9991100035599858,0.9991098687901421,1.0,1.0,1.0,0.998501872659176,0.998501872659176,0.998501872659176,0.9993857493857494,1.0,0.9996927803379416,0.9985422740524781,0.9978150036416606,0.9981785063752276,4.7118273542534854e-05,0.999288256227758,0.9992902956081942,0.999288256227758,0.9992882648693928,1.0,1.0,1.0,1.0,0.9971830985915493,0.998589562764457,1.0,1.0,1.0,0.997134670487106,1.0,0.9985652797704447,hf_brain_tumor,classification
442,8.135192700465838e-05,0.9989320042719829,0.998932800145537,0.9989320042719829,0.9989316008001056,0.998443579766537,1.0,0.9992211838006231,0.9992486851990984,0.9962546816479401,0.9977494373593399,1.0,1.0,1.0,0.9978181818181818,0.9992716678805535,0.9985443959243085,5.206553949148035e-05,0.998576512455516,0.9985846466700559,0.998576512455516,0.9985765412603244,1.0,1.0,1.0,1.0,0.9943661971830986,0.9971751412429378,1.0,1.0,1.0,0.9942857142857143,1.0,0.997134670487106,hf_brain_tumor,classification
443,0.00011027665079782646,0.9982200071199715,0.9982204077474858,0.9982200071199715,0.9982198762481109,0.998443579766537,1.0,0.9992211838006231,0.9977494373593399,0.9962546816479401,0.9970014992503748,1.0,0.9993853718500307,0.9996925914540424,0.9963609898107715,0.9970866715222141,0.9967236985802694,6.651576470129293e-05,0.998576512455516,0.9985807970844451,0.998576512455516,0.9985755746553546,0.9968454258675079,1.0,0.9984202211690363,1.0,0.9943661971830986,0.9971751412429378,1.0,1.0,1.0,0.997134670487106,1.0,0.9985652797704447,hf_brain_tumor,classification
444,0.0001275676489003361,0.9985760056959773,0.998578399189067,0.9985760056959773,0.9985759108557511,0.9961180124223602,1.0,0.9980552314274601,0.9984984984984985,0.9962546816479401,0.9973753280839895,1.0,1.0,1.0,0.9992706053975201,0.9978150036416606,0.9985422740524781,5.076870881398414e-05,0.998576512455516,0.9985846466700559,0.998576512455516,0.9985765412603244,1.0,1.0,1.0,1.0,0.9943661971830986,0.9971751412429378,1.0,1.0,1.0,0.9942857142857143,1.0,0.997134670487106,hf_brain_tumor,classification
445,0.0001290944054403108,0.9982200071199715,0.9982197822130389,0.9982200071199715,0.9982196268003389,0.998443579766537,1.0,0.9992211838006231,0.997003745318352,0.997003745318352,0.997003745318352,0.9993853718500307,0.9993853718500307,0.9993853718500307,0.9978118161925602,0.9963583394027676,0.9970845481049563,5.0034709116772445e-05,0.998576512455516,0.9985846466700559,0.998576512455516,0.9985765412603244,1.0,1.0,1.0,1.0,0.9943661971830986,0.9971751412429378,1.0,1.0,1.0,0.9942857142857143,1.0,0.997134670487106,hf_brain_tumor,classification
446,5.82263803550459e-05,0.9989320042719829,0.9989323854934808,0.9989320042719829,0.9989318703816551,0.9992211838006231,1.0,0.9996104402025711,0.9984996249062266,0.997003745318352,0.9977511244377811,1.0,0.9993853718500307,0.9996925914540424,0.9978181818181818,0.9992716678805535,0.9985443959243085,4.8964786859710893e-05,0.999288256227758,0.9992902956081942,0.999288256227758,0.9992882648693928,1.0,1.0,1.0,1.0,0.9971830985915493,0.998589562764457,1.0,1.0,1.0,0.997134670487106,1.0,0.9985652797704447,hf_brain_tumor,classification
447,8.110898584736086e-05,0.99875400498398,0.9987543936287137,0.99875400498398,0.9987541396189845,0.9992205767731879,0.9992205767731879,0.9992205767731879,0.9977528089887641,0.9977528089887641,0.9977528089887641,1.0,0.9993853718500307,0.9996925914540424,0.9978165938864629,0.9985433357611071,0.9981798325445941,4.902316480950882e-05,0.998576512455516,0.9985846466700559,0.998576512455516,0.9985765412603244,1.0,1.0,1.0,1.0,0.9943661971830986,0.9971751412429378,1.0,1.0,1.0,0.9942857142857143,1.0,0.997134670487106,hf_brain_tumor,classification
448,9.881218309742542e-05,0.9989320042719829,0.9989325461008061,0.9989320042719829,0.9989318043345401,0.998443579766537,1.0,0.9992211838006231,0.9992492492492493,0.997003745318352,0.9981252343457068,1.0,1.0,1.0,0.9978165938864629,0.9985433357611071,0.9981798325445941,5.332781912755283e-05,0.998576512455516,0.9985846466700559,0.998576512455516,0.9985765412603244,1.0,1.0,1.0,1.0,0.9943661971830986,0.9971751412429378,1.0,1.0,1.0,0.9942857142857143,1.0,0.997134670487106,hf_brain_tumor,classification
449,0.00011875024616682427,0.9978640085439658,0.9978644686305778,0.9978640085439658,0.9978637826188597,0.9984411535463756,0.9984411535463756,0.9984411535463756,0.9977477477477478,0.9955056179775281,0.9966254218222722,0.9993857493857494,1.0,0.9996927803379416,0.9956363636363637,0.9970866715222141,0.9963609898107715,5.158844622790354e-05,0.998576512455516,0.9985846466700559,0.998576512455516,0.9985765412603244,1.0,1.0,1.0,1.0,0.9943661971830986,0.9971751412429378,1.0,1.0,1.0,0.9942857142857143,1.0,0.997134670487106,hf_brain_tumor,classification
450,5.25635523736895e-05,0.9991100035599858,0.9991098753232155,0.9991100035599858,0.999109871502224,0.9992211838006231,1.0,0.9996104402025711,0.9985007496251874,0.9977528089887641,0.9981266391907081,1.0,1.0,1.0,0.9985433357611071,0.9985433357611071,0.9985433357611071,4.723816963442037e-05,0.998576512455516,0.9985846466700559,0.998576512455516,0.9985765412603244,1.0,1.0,1.0,1.0,0.9943661971830986,0.9971751412429378,1.0,1.0,1.0,0.9942857142857143,1.0,0.997134670487106,hf_brain_tumor,classification
451,7.853505919486307e-05,0.9985760056959773,0.9985769799735946,0.9985760056959773,0.9985760295070228,0.9976653696498055,0.9992205767731879,0.9984423676012462,0.9970059880239521,0.9977528089887641,0.997379258704605,1.0,1.0,1.0,0.9992700729927008,0.9970866715222141,0.998177178271965,5.543803219165723e-05,0.999288256227758,0.9992902956081942,0.999288256227758,0.9992882648693928,1.0,1.0,1.0,1.0,0.9971830985915493,0.998589562764457,1.0,1.0,1.0,0.997134670487106,1.0,0.9985652797704447,hf_brain_tumor,classification
452,6.674086879385172e-05,0.99875400498398,0.9987545379159801,0.99875400498398,0.9987542035313054,1.0,0.9992205767731879,0.9996101364522417,0.9970059880239521,0.9977528089887641,0.997379258704605,1.0,1.0,1.0,0.9978150036416606,0.9978150036416606,0.9978150036416606,4.7452985735750104e-05,0.999288256227758,0.9992902956081942,0.999288256227758,0.9992882648693928,1.0,1.0,1.0,1.0,0.9971830985915493,0.998589562764457,1.0,1.0,1.0,0.997134670487106,1.0,0.9985652797704447,hf_brain_tumor,classification
453,9.486734724418277e-05,0.99875400498398,0.9987538474546529,0.99875400498398,0.9987538655979755,0.9984411535463756,0.9984411535463756,0.9984411535463756,0.9985007496251874,0.9977528089887641,0.9981266391907081,0.9993857493857494,1.0,0.9996927803379416,0.9985433357611071,0.9985433357611071,0.9985433357611071,5.364049336039444e-05,0.998576512455516,0.9985846466700559,0.998576512455516,0.9985765412603244,1.0,1.0,1.0,1.0,0.9943661971830986,0.9971751412429378,1.0,1.0,1.0,0.9942857142857143,1.0,0.997134670487106,hf_brain_tumor,classification
454,5.773641469161548e-05,0.9989320042719829,0.9989319974140487,0.9989320042719829,0.998931800638673,0.9992211838006231,1.0,0.9996104402025711,0.9984996249062266,0.997003745318352,0.9977511244377811,1.0,1.0,1.0,0.9978165938864629,0.9985433357611071,0.9981798325445941,5.259727104882887e-05,0.998576512455516,0.9985846466700559,0.998576512455516,0.9985765412603244,1.0,1.0,1.0,1.0,0.9943661971830986,0.9971751412429378,1.0,1.0,1.0,0.9942857142857143,1.0,0.997134670487106,hf_brain_tumor,classification
455,8.055486365929976e-05,0.9985760056959773,0.9985768177025904,0.9985760056959773,0.9985761494167062,0.9992205767731879,0.9992205767731879,0.9992205767731879,0.9962602842183994,0.9977528089887641,0.9970059880239521,1.0,1.0,1.0,0.9985412107950401,0.9970866715222141,0.9978134110787172,5.635236422945467e-05,0.998576512455516,0.9985846466700559,0.998576512455516,0.9985765412603244,1.0,1.0,1.0,1.0,0.9943661971830986,0.9971751412429378,1.0,1.0,1.0,0.9942857142857143,1.0,0.997134670487106,hf_brain_tumor,classification
456,0.0001312602080060798,0.9982200071199715,0.9982218046127286,0.9982200071199715,0.9982200610065036,0.9976671850699844,1.0,0.9988322304398599,0.9962602842183994,0.9977528089887641,0.9970059880239521,1.0,0.9987707437000615,0.9993849938499385,0.9985401459854014,0.9963583394027676,0.997448049580751,6.257600074211601e-05,0.997864768683274,0.9978751481463068,0.997864768683274,0.9978628400688411,0.9968454258675079,1.0,0.9984202211690363,1.0,0.9915492957746479,0.9957567185289957,1.0,1.0,1.0,0.9942857142857143,1.0,0.997134670487106,hf_brain_tumor,classification
457,7.30646434212794e-05,0.9982200071199715,0.998223012448893,0.9982200071199715,0.9982201959765702,1.0,0.9968823070927514,0.9984387197501952,0.9984996249062266,0.997003745318352,0.9977511244377811,0.9987722529158993,1.0,0.9993857493857494,0.9956427015250545,0.9985433357611071,0.9970909090909091,5.5032115748623235e-05,0.999288256227758,0.9992902956081942,0.999288256227758,0.9992882648693928,1.0,1.0,1.0,1.0,0.9971830985915493,0.998589562764457,1.0,1.0,1.0,0.997134670487106,1.0,0.9985652797704447,hf_brain_tumor,classification
458,9.285082307604491e-05,0.9982200071199715,0.9982207648454199,0.9982200071199715,0.9982201180747082,0.9992193598750976,0.9976617303195635,0.9984399375975039,0.9962546816479401,0.9962546816479401,0.9962546816479401,1.0,1.0,1.0,0.9970909090909091,0.9985433357611071,0.9978165938864629,5.395546854831868e-05,0.999288256227758,0.9992902956081942,0.999288256227758,0.9992882648693928,1.0,1.0,1.0,1.0,0.9971830985915493,0.998589562764457,1.0,1.0,1.0,0.997134670487106,1.0,0.9985652797704447,hf_brain_tumor,classification
459,0.00012770378668207653,0.9982200071199715,0.9982226329937408,0.9982200071199715,0.998220502431404,1.0,0.9968823070927514,0.9984387197501952,0.9962602842183994,0.9977528089887641,0.9970059880239521,1.0,1.0,1.0,0.9963636363636363,0.9978150036416606,0.9970887918486172,4.998978552422576e-05,0.998576512455516,0.9985846466700559,0.998576512455516,0.9985765412603244,1.0,1.0,1.0,1.0,0.9943661971830986,0.9971751412429378,1.0,1.0,1.0,0.9942857142857143,1.0,0.997134670487106,hf_brain_tumor,classification
460,0.00010079138367741295,0.99875400498398,0.9987546893526238,0.99875400498398,0.9987540227831411,0.9992211838006231,1.0,0.9996104402025711,0.9970082273747195,0.998501872659176,0.9977544910179641,1.0,0.9993853718500307,0.9996925914540424,0.9985412107950401,0.9970866715222141,0.9978134110787172,4.733465788808725e-05,0.999288256227758,0.9992902956081942,0.999288256227758,0.9992882648693928,1.0,1.0,1.0,1.0,0.9971830985915493,0.998589562764457,1.0,1.0,1.0,0.997134670487106,1.0,0.9985652797704447,hf_brain_tumor,classification
461,0.00010467538697154671,0.9985760056959773,0.9985765916417374,0.9985760056959773,0.9985758945978442,0.9976671850699844,1.0,0.9988322304398599,0.9977511244377811,0.997003745318352,0.9973772948669913,1.0,0.9993853718500307,0.9996925914540424,0.9985422740524781,0.9978150036416606,0.9981785063752276,5.1076213803899136e-05,0.999288256227758,0.9992902956081942,0.999288256227758,0.9992882648693928,1.0,1.0,1.0,1.0,0.9971830985915493,0.998589562764457,1.0,1.0,1.0,0.997134670487106,1.0,0.9985652797704447,hf_brain_tumor,classification
462,7.207618969244721e-05,0.9992880028479886,0.9992882619444776,0.9992880028479886,0.9992880653468249,1.0,0.9992205767731879,0.9996101364522417,0.998501872659176,0.998501872659176,0.998501872659176,1.0,1.0,1.0,0.9985443959243085,0.9992716678805535,0.9989078995267565,4.4343570507925866e-05,0.998576512455516,0.9985846466700559,0.998576512455516,0.9985765412603244,1.0,1.0,1.0,1.0,0.9943661971830986,0.9971751412429378,1.0,1.0,1.0,0.9942857142857143,1.0,0.997134670487106,hf_brain_tumor,classification
463,9.360362385876503e-05,0.9983980064079744,0.9984000633740822,0.9983980064079744,0.9983980447836291,0.9976671850699844,1.0,0.9988322304398599,0.9962602842183994,0.9977528089887641,0.9970059880239521,1.0,0.9993853718500307,0.9996925914540424,0.9992695398100804,0.9963583394027676,0.9978118161925602,4.771543316284961e-05,0.998576512455516,0.9985846466700559,0.998576512455516,0.9985765412603244,1.0,1.0,1.0,1.0,0.9943661971830986,0.9971751412429378,1.0,1.0,1.0,0.9942857142857143,1.0,0.997134670487106,hf_brain_tumor,classification
464,0.00011603703318091726,0.9982200071199715,0.9982198883826394,0.9982200071199715,0.9982196999211483,0.9984387197501952,0.9968823070927514,0.9976599063962559,0.997003745318352,0.997003745318352,0.997003745318352,0.9987722529158993,1.0,0.9993857493857494,0.9985433357611071,0.9985433357611071,0.9985433357611071,4.894783784286339e-05,0.999288256227758,0.9992902956081942,0.999288256227758,0.9992882648693928,1.0,1.0,1.0,1.0,0.9971830985915493,0.998589562764457,1.0,1.0,1.0,0.997134670487106,1.0,0.9985652797704447,hf_brain_tumor,classification
465,0.00010357413930627307,0.9985760056959773,0.998576938710291,0.9985760056959773,0.9985762724225423,0.999219968798752,0.9984411535463756,0.9988304093567252,0.9962602842183994,0.9977528089887641,0.9970059880239521,1.0,1.0,1.0,0.9985422740524781,0.9978150036416606,0.9981785063752276,4.9491376339784725e-05,0.998576512455516,0.9985846466700559,0.998576512455516,0.9985765412603244,1.0,1.0,1.0,1.0,0.9943661971830986,0.9971751412429378,1.0,1.0,1.0,0.9942857142857143,1.0,0.997134670487106,hf_brain_tumor,classification
466,0.00012377131419201754,0.9985760056959773,0.9985781681545502,0.9985760056959773,0.9985762965585555,0.9976653696498055,0.9992205767731879,0.9984423676012462,0.9962602842183994,0.9977528089887641,0.9970059880239521,1.0,1.0,1.0,1.0,0.9970866715222141,0.9985412107950401,5.817122895567994e-05,0.998576512455516,0.9985846466700559,0.998576512455516,0.9985765412603244,1.0,1.0,1.0,1.0,0.9943661971830986,0.9971751412429378,1.0,1.0,1.0,0.9942857142857143,1.0,0.997134670487106,hf_brain_tumor,classification
467,8.516521981680364e-05,0.9983980064079744,0.998399313331192,0.9983980064079744,0.9983975308017471,0.9976653696498055,0.9992205767731879,0.9984423676012462,0.9992481203007518,0.9955056179775281,0.9973733583489681,0.9993857493857494,1.0,0.9996927803379416,0.9970909090909091,0.9985433357611071,0.9978165938864629,5.0881949920327974e-05,0.999288256227758,0.9992902956081942,0.999288256227758,0.9992882648693928,1.0,1.0,1.0,1.0,0.9971830985915493,0.998589562764457,1.0,1.0,1.0,0.997134670487106,1.0,0.9985652797704447,hf_brain_tumor,classification
468,5.6237321851348806e-05,0.9989320042719829,0.9989318834265312,0.9989320042719829,0.9989318768303822,0.9992211838006231,1.0,0.9996104402025711,0.9977528089887641,0.9977528089887641,0.9977528089887641,1.0,1.0,1.0,0.9985422740524781,0.9978150036416606,0.9981785063752276,5.69959935043352e-05,0.999288256227758,0.999290501476251,0.999288256227758,0.9992883164916709,0.9968454258675079,1.0,0.9984202211690363,1.0,0.9971830985915493,0.998589562764457,1.0,1.0,1.0,1.0,1.0,1.0,hf_brain_tumor,classification
469,5.6342716290425137e-05,0.9991100035599858,0.9991101421887147,0.9991100035599858,0.9991100108714179,0.9992211838006231,1.0,0.9996104402025711,0.998501872659176,0.998501872659176,0.998501872659176,1.0,0.9993853718500307,0.9996925914540424,0.9985433357611071,0.9985433357611071,0.9985433357611071,5.435349556799118e-05,0.998576512455516,0.9985846466700559,0.998576512455516,0.9985765412603244,1.0,1.0,1.0,1.0,0.9943661971830986,0.9971751412429378,1.0,1.0,1.0,0.9942857142857143,1.0,0.997134670487106,hf_brain_tumor,classification
470,6.295747855872475e-05,0.9989320042719829,0.9989320064945332,0.9989320042719829,0.998931805182337,0.9984423676012462,0.9992205767731879,0.9988313206077133,0.9984996249062266,0.997003745318352,0.9977511244377811,1.0,1.0,1.0,0.9985443959243085,0.9992716678805535,0.9989078995267565,4.890004579060733e-05,0.998576512455516,0.9985846466700559,0.998576512455516,0.9985765412603244,1.0,1.0,1.0,1.0,0.9943661971830986,0.9971751412429378,1.0,1.0,1.0,0.9942857142857143,1.0,0.997134670487106,hf_brain_tumor,classification
471,4.825127999354151e-05,0.9992880028479886,0.9992882535984007,0.9992880028479886,0.9992878655307339,0.9992205767731879,0.9992205767731879,0.9992205767731879,0.9992498124531133,0.9977528089887641,0.9985007496251874,1.0,1.0,1.0,0.9985454545454545,1.0,0.9992721979621543,5.126120375076244e-05,0.998576512455516,0.9985846466700559,0.998576512455516,0.9985765412603244,1.0,1.0,1.0,1.0,0.9943661971830986,0.9971751412429378,1.0,1.0,1.0,0.9942857142857143,1.0,0.997134670487106,hf_brain_tumor,classification
472,7.736023284370762e-05,0.99875400498398,0.9987540824545642,0.99875400498398,0.998753916090315,1.0,0.9992205767731879,0.9996101364522417,0.9977511244377811,0.997003745318352,0.9973772948669913,0.9987714987714987,0.9993853718500307,0.9990783410138249,0.9985443959243085,0.9992716678805535,0.9989078995267565,5.442619013265875e-05,0.998576512455516,0.9985846466700559,0.998576512455516,0.9985765412603244,1.0,1.0,1.0,1.0,0.9943661971830986,0.9971751412429378,1.0,1.0,1.0,0.9942857142857143,1.0,0.997134670487106,hf_brain_tumor,classification
473,5.626622983192391e-05,0.9992880028479886,0.999289074747486,0.9992880028479886,0.9992877368935652,0.998443579766537,1.0,0.9992211838006231,1.0,0.997003745318352,0.9984996249062266,1.0,1.0,1.0,0.9985454545454545,1.0,0.9992721979621543,5.6100303803924815e-05,0.998576512455516,0.9985846466700559,0.998576512455516,0.9985765412603244,1.0,1.0,1.0,1.0,0.9943661971830986,0.9971751412429378,1.0,1.0,1.0,0.9942857142857143,1.0,0.997134670487106,hf_brain_tumor,classification
474,6.172685584865257e-05,0.9989320042719829,0.9989320042719829,0.9989320042719829,0.9989320042719829,1.0,1.0,1.0,0.9977528089887641,0.9977528089887641,0.9977528089887641,1.0,1.0,1.0,0.9978150036416606,0.9978150036416606,0.9978150036416606,5.601074607660576e-05,0.998576512455516,0.9985846466700559,0.998576512455516,0.9985765412603244,1.0,1.0,1.0,1.0,0.9943661971830986,0.9971751412429378,1.0,1.0,1.0,0.9942857142857143,1.0,0.997134670487106,hf_brain_tumor,classification
475,0.00015431722557833103,0.9983980064079744,0.9983998066182247,0.9983980064079744,0.9983972486628291,0.998443579766537,1.0,0.9992211838006231,0.999247554552295,0.9947565543071161,0.996996996996997,0.9993857493857494,1.0,0.9996927803379416,0.9963662790697675,0.9985433357611071,0.9974536194979993,4.795636287041664e-05,0.998576512455516,0.9985846466700559,0.998576512455516,0.9985765412603244,1.0,1.0,1.0,1.0,0.9943661971830986,0.9971751412429378,1.0,1.0,1.0,0.9942857142857143,1.0,0.997134670487106,hf_brain_tumor,classification
476,0.00010323123926706176,0.9980420078319687,0.998042324777642,0.9980420078319687,0.9980418951831364,0.9961089494163424,0.9976617303195635,0.9968847352024922,0.9969992498124531,0.9955056179775281,0.9962518740629686,1.0,1.0,1.0,0.9985433357611071,0.9985433357611071,0.9985433357611071,5.246959761059777e-05,0.998576512455516,0.9985846466700559,0.998576512455516,0.9985765412603244,1.0,1.0,1.0,1.0,0.9943661971830986,0.9971751412429378,1.0,1.0,1.0,0.9942857142857143,1.0,0.997134670487106,hf_brain_tumor,classification
477,7.31736840611212e-05,0.9991100035599858,0.9991100139519444,0.9991100035599858,0.9991099408435905,0.9984423676012462,0.9992205767731879,0.9988313206077133,0.9985007496251874,0.9977528089887641,0.9981266391907081,1.0,1.0,1.0,0.9992716678805535,0.9992716678805535,0.9992716678805535,5.304853796772338e-05,0.998576512455516,0.9985846466700559,0.998576512455516,0.9985765412603244,1.0,1.0,1.0,1.0,0.9943661971830986,0.9971751412429378,1.0,1.0,1.0,0.9942857142857143,1.0,0.997134670487106,hf_brain_tumor,classification
478,5.614934000726005e-05,0.9989320042719829,0.9989328098645963,0.9989320042719829,0.9989322071609819,1.0,0.9992205767731879,0.9996101364522417,0.9970082273747195,0.998501872659176,0.9977544910179641,1.0,1.0,1.0,0.9985422740524781,0.9978150036416606,0.9981785063752276,5.375705503650666e-05,0.998576512455516,0.9985846466700559,0.998576512455516,0.9985765412603244,1.0,1.0,1.0,1.0,0.9943661971830986,0.9971751412429378,1.0,1.0,1.0,0.9942857142857143,1.0,0.997134670487106,hf_brain_tumor,classification
479,9.719316004306626e-05,0.9985760056959773,0.9985761594811151,0.9985760056959773,0.9985758835456319,0.998443579766537,1.0,0.9992211838006231,0.9977511244377811,0.997003745318352,0.9973772948669913,1.0,0.9993853718500307,0.9996925914540424,0.9978150036416606,0.9978150036416606,0.9978150036416606,4.744414109890939e-05,0.998576512455516,0.9985846466700559,0.998576512455516,0.9985765412603244,1.0,1.0,1.0,1.0,0.9943661971830986,0.9971751412429378,1.0,1.0,1.0,0.9942857142857143,1.0,0.997134670487106,hf_brain_tumor,classification
480,9.09169591115944e-05,0.99875400498398,0.9987538819431891,0.99875400498398,0.9987538755762069,0.9984423676012462,0.9992205767731879,0.9988313206077133,0.9977511244377811,0.997003745318352,0.9973772948669913,1.0,1.0,1.0,0.9985433357611071,0.9985433357611071,0.9985433357611071,5.070060848857369e-05,0.998576512455516,0.9985846466700559,0.998576512455516,0.9985765412603244,1.0,1.0,1.0,1.0,0.9943661971830986,0.9971751412429378,1.0,1.0,1.0,0.9942857142857143,1.0,0.997134670487106,hf_brain_tumor,classification
481,7.085676906875097e-05,0.99875400498398,0.99875400498398,0.99875400498398,0.99875400498398,0.9992205767731879,0.9992205767731879,0.9992205767731879,0.9977528089887641,0.9977528089887641,0.9977528089887641,0.9993853718500307,0.9993853718500307,0.9993853718500307,0.9985433357611071,0.9985433357611071,0.9985433357611071,6.604154365823464e-05,0.997864768683274,0.9978751481463068,0.997864768683274,0.9978628400688411,0.9968454258675079,1.0,0.9984202211690363,1.0,0.9915492957746479,0.9957567185289957,1.0,1.0,1.0,0.9942857142857143,1.0,0.997134670487106,hf_brain_tumor,classification
482,8.337996547127593e-05,0.9985760056959773,0.9985775580153494,0.9985760056959773,0.9985763251209236,1.0,0.9984411535463756,0.999219968798752,0.997003745318352,0.997003745318352,0.997003745318352,1.0,0.9993853718500307,0.9996925914540424,0.997093023255814,0.9992716678805535,0.9981811567842852,5.517995575320902e-05,0.998576512455516,0.9985846466700559,0.998576512455516,0.9985765412603244,1.0,1.0,1.0,1.0,0.9943661971830986,0.9971751412429378,1.0,1.0,1.0,0.9942857142857143,1.0,0.997134670487106,hf_brain_tumor,classification
483,5.202216329879975e-05,0.9992880028479886,0.9992880117396271,0.9992880028479886,0.9992879402513015,0.9992211838006231,1.0,0.9996104402025711,0.998501872659176,0.998501872659176,0.998501872659176,1.0,1.0,1.0,0.999271137026239,0.9985433357611071,0.9989071038251366,5.231089090497484e-05,0.998576512455516,0.9985846466700559,0.998576512455516,0.9985765412603244,1.0,1.0,1.0,1.0,0.9943661971830986,0.9971751412429378,1.0,1.0,1.0,0.9942857142857143,1.0,0.997134670487106,hf_brain_tumor,classification
484,6.836758048900551e-05,0.9994660021359915,0.9994661388649011,0.9994660021359915,0.999466004830782,1.0,1.0,1.0,0.9985029940119761,0.9992509363295881,0.9988768251591165,1.0,1.0,1.0,0.999271137026239,0.9985433357611071,0.9989071038251366,4.90122291897305e-05,0.998576512455516,0.9985846466700559,0.998576512455516,0.9985765412603244,1.0,1.0,1.0,1.0,0.9943661971830986,0.9971751412429378,1.0,1.0,1.0,0.9942857142857143,1.0,0.997134670487106,hf_brain_tumor,classification
485,8.380232465225931e-05,0.9989320042719829,0.9989330224599583,0.9989320042719829,0.9989320549052131,1.0,0.9992205767731879,0.9996101364522417,0.9984996249062266,0.997003745318352,0.9977511244377811,1.0,1.0,1.0,0.997093023255814,0.9992716678805535,0.9981811567842852,5.5549931216304676e-05,0.998576512455516,0.9985846466700559,0.998576512455516,0.9985765412603244,1.0,1.0,1.0,1.0,0.9943661971830986,0.9971751412429378,1.0,1.0,1.0,0.9942857142857143,1.0,0.997134670487106,hf_brain_tumor,classification
486,5.4759472278076824e-05,0.9989320042719829,0.9989320042719829,0.9989320042719829,0.9989320042719829,0.9992205767731879,0.9992205767731879,0.9992205767731879,0.998501872659176,0.998501872659176,0.998501872659176,0.9993853718500307,0.9993853718500307,0.9993853718500307,0.9985433357611071,0.9985433357611071,0.9985433357611071,7.163579391350574e-05,0.997864768683274,0.9978751481463068,0.997864768683274,0.9978628400688411,0.9968454258675079,1.0,0.9984202211690363,1.0,0.9915492957746479,0.9957567185289957,1.0,1.0,1.0,0.9942857142857143,1.0,0.997134670487106,hf_brain_tumor,classification
487,0.00013128903746749876,0.9982200071199715,0.998220534439973,0.9982200071199715,0.9982202029133036,0.999219968798752,0.9984411535463756,0.9988304093567252,0.9962574850299402,0.997003745318352,0.9966304754773493,1.0,1.0,1.0,0.9970866715222141,0.9970866715222141,0.9970866715222141,5.4349986032735175e-05,0.998576512455516,0.9985846466700559,0.998576512455516,0.9985765412603244,1.0,1.0,1.0,1.0,0.9943661971830986,0.9971751412429378,1.0,1.0,1.0,0.9942857142857143,1.0,0.997134670487106,hf_brain_tumor,classification
488,0.00010756161895174413,0.9983980064079744,0.9983985079087987,0.9983980064079744,0.9983979947544591,0.9984411535463756,0.9984411535463756,0.9984411535463756,0.9984996249062266,0.997003745318352,0.9977511244377811,0.9993853718500307,0.9993853718500307,0.9993853718500307,0.9970909090909091,0.9985433357611071,0.9978165938864629,5.0378645133132914e-05,0.999288256227758,0.9992902956081942,0.999288256227758,0.9992882648693928,1.0,1.0,1.0,1.0,0.9971830985915493,0.998589562764457,1.0,1.0,1.0,0.997134670487106,1.0,0.9985652797704447,hf_brain_tumor,classification
489,0.00013959213541545737,0.9983980064079744,0.9983984862266498,0.9983980064079744,0.9983979785177127,0.9984387197501952,0.9968823070927514,0.9976599063962559,0.9977528089887641,0.9977528089887641,0.9977528089887641,1.0,1.0,1.0,0.9970909090909091,0.9985433357611071,0.9978165938864629,5.463476944074578e-05,0.998576512455516,0.9985846466700559,0.998576512455516,0.9985765412603244,1.0,1.0,1.0,1.0,0.9943661971830986,0.9971751412429378,1.0,1.0,1.0,0.9942857142857143,1.0,0.997134670487106,hf_brain_tumor,classification
490,0.00013385699551257075,0.9982200071199715,0.9982197448833318,0.9982200071199715,0.9982194107111005,0.9976653696498055,0.9992205767731879,0.9984423676012462,0.9977477477477478,0.9955056179775281,0.9966254218222722,0.9993857493857494,1.0,0.9996927803379416,0.9978150036416606,0.9978150036416606,0.9978150036416606,5.714471070952116e-05,0.998576512455516,0.9985846466700559,0.998576512455516,0.9985765412603244,1.0,1.0,1.0,1.0,0.9943661971830986,0.9971751412429378,1.0,1.0,1.0,0.9942857142857143,1.0,0.997134670487106,hf_brain_tumor,classification
491,7.851423201521885e-05,0.9985760056959773,0.9985762554957124,0.9985760056959773,0.998576063597082,0.999219968798752,0.9984411535463756,0.9988304093567252,0.997003745318352,0.997003745318352,0.997003745318352,1.0,1.0,1.0,0.9978165938864629,0.9985433357611071,0.9981798325445941,5.121825913947015e-05,0.998576512455516,0.9985846466700559,0.998576512455516,0.9985765412603244,1.0,1.0,1.0,1.0,0.9943661971830986,0.9971751412429378,1.0,1.0,1.0,0.9942857142857143,1.0,0.997134670487106,hf_brain_tumor,classification
492,0.00014560039389117685,0.9978640085439658,0.9978640085439658,0.9978640085439658,0.9978640085439658,0.9976617303195635,0.9976617303195635,0.9976617303195635,0.9962546816479401,0.9962546816479401,0.9962546816479401,0.9993853718500307,0.9993853718500307,0.9993853718500307,0.9978150036416606,0.9978150036416606,0.9978150036416606,5.464388547557954e-05,0.997864768683274,0.9978751481463068,0.997864768683274,0.9978628400688411,0.9968454258675079,1.0,0.9984202211690363,1.0,0.9915492957746479,0.9957567185289957,1.0,1.0,1.0,0.9942857142857143,1.0,0.997134670487106,hf_brain_tumor,classification
493,0.00012947949802813167,0.9982200071199715,0.9982201180747082,0.9982200071199715,0.9982199956256423,0.9984399375975039,0.9976617303195635,0.9980506822612085,0.9962546816479401,0.9962546816479401,0.9962546816479401,1.0,1.0,1.0,0.9978165938864629,0.9985433357611071,0.9981798325445941,5.3340013475456435e-05,0.998576512455516,0.9985846466700559,0.998576512455516,0.9985765412603244,1.0,1.0,1.0,1.0,0.9943661971830986,0.9971751412429378,1.0,1.0,1.0,0.9942857142857143,1.0,0.997134670487106,hf_brain_tumor,classification
494,9.39577467308848e-05,0.9989320042719829,0.9989331556920578,0.9989320042719829,0.9989319893407516,0.9992205767731879,0.9992205767731879,0.9992205767731879,0.9992492492492493,0.997003745318352,0.9981252343457068,1.0,1.0,1.0,0.997093023255814,0.9992716678805535,0.9981811567842852,4.8065313904493403e-05,0.998576512455516,0.9985846466700559,0.998576512455516,0.9985765412603244,1.0,1.0,1.0,1.0,0.9943661971830986,0.9971751412429378,1.0,1.0,1.0,0.9942857142857143,1.0,0.997134670487106,hf_brain_tumor,classification
495,6.828844435246362e-05,0.9992880028479886,0.9992885125064559,0.9992880028479886,0.9992879950789784,1.0,1.0,1.0,0.9992498124531133,0.9977528089887641,0.9985007496251874,1.0,1.0,1.0,0.9978181818181818,0.9992716678805535,0.9985443959243085,5.032805996592566e-05,0.998576512455516,0.9985846466700559,0.998576512455516,0.9985765412603244,1.0,1.0,1.0,1.0,0.9943661971830986,0.9971751412429378,1.0,1.0,1.0,0.9942857142857143,1.0,0.997134670487106,hf_brain_tumor,classification
496,8.261045441519552e-05,0.9982200071199715,0.9982269154832023,0.9982200071199715,0.998221129236304,1.0,0.9968823070927514,0.9984387197501952,0.9940387481371088,0.9992509363295881,0.9966380276428838,1.0,0.9993853718500307,0.9996925914540424,0.9985412107950401,0.9970866715222141,0.9978134110787172,5.5544042928485144e-05,0.998576512455516,0.9985846466700559,0.998576512455516,0.9985765412603244,1.0,1.0,1.0,1.0,0.9943661971830986,0.9971751412429378,1.0,1.0,1.0,0.9942857142857143,1.0,0.997134670487106,hf_brain_tumor,classification
497,8.342404571337356e-05,0.9985760056959773,0.998576258752878,0.9985760056959773,0.9985760046285453,1.0,0.9992205767731879,0.9996101364522417,0.9970059880239521,0.9977528089887641,0.997379258704605,0.9993857493857494,1.0,0.9996927803379416,0.9978134110787172,0.9970866715222141,0.9974499089253187,5.572437533615016e-05,0.998576512455516,0.9985846466700559,0.998576512455516,0.9985765412603244,1.0,1.0,1.0,1.0,0.9943661971830986,0.9971751412429378,1.0,1.0,1.0,0.9942857142857143,1.0,0.997134670487106,hf_brain_tumor,classification
498,6.565918738079337e-05,0.9989320042719829,0.9989330693387772,0.9989320042719829,0.9989322651259844,1.0,0.9984411535463756,0.999219968798752,0.9970082273747195,0.998501872659176,0.9977544910179641,1.0,1.0,1.0,0.9985433357611071,0.9985433357611071,0.9985433357611071,5.707898848368293e-05,0.998576512455516,0.9985846466700559,0.998576512455516,0.9985765412603244,1.0,1.0,1.0,1.0,0.9943661971830986,0.9971751412429378,1.0,1.0,1.0,0.9942857142857143,1.0,0.997134670487106,hf_brain_tumor,classification
499,0.00013232072210543337,0.9980420078319687,0.9980444376400764,0.9980420078319687,0.9980425297891808,0.999219968798752,0.9984411535463756,0.9988304093567252,0.9970014992503748,0.9962546816479401,0.9966279505432747,1.0,0.9987707437000615,0.9993849938499385,0.9956427015250545,0.9985433357611071,0.9970909090909091,5.086515449164709e-05,0.998576512455516,0.9985846466700559,0.998576512455516,0.9985765412603244,1.0,1.0,1.0,1.0,0.9943661971830986,0.9971751412429378,1.0,1.0,1.0,0.9942857142857143,1.0,0.997134670487106,hf_brain_tumor,classification
500,8.349857403225068e-05,0.99875400498398,0.9987543990709817,0.99875400498398,0.9987541341358716,0.999219968798752,0.9984411535463756,0.9988304093567252,0.9970059880239521,0.9977528089887641,0.997379258704605,1.0,1.0,1.0,0.9985433357611071,0.9985433357611071,0.9985433357611071,5.265062335204795e-05,0.999288256227758,0.9992902956081942,0.999288256227758,0.9992882648693928,1.0,1.0,1.0,1.0,0.9971830985915493,0.998589562764457,1.0,1.0,1.0,0.997134670487106,1.0,0.9985652797704447,hf_brain_tumor,classification
