epoch,train_loss,train_accuracy,train_precision,train_recall,train_f1_score,train_precision_glioma,train_recall_glioma,train_f1_glioma,train_precision_meningioma,train_recall_meningioma,train_f1_meningioma,train_precision_none,train_recall_none,train_f1_none,train_precision_pituitary,train_recall_pituitary,train_f1_pituitary,val_loss,val_accuracy,val_precision,val_recall,val_f1_score,val_precision_glioma,val_recall_glioma,val_f1_glioma,val_precision_meningioma,val_recall_meningioma,val_f1_meningioma,val_precision_none,val_recall_none,val_f1_none,val_precision_pituitary,val_recall_pituitary,val_f1_pituitary,dataset,task
1,0.018375477457889446,0.7725451606101076,0.7713663912801851,0.7725451606101076,0.7716431564035265,0.7618114522098846,0.7654780135637717,0.7636403317328677,0.7130017974835231,0.6692913385826772,0.6904554685233536,0.8422953451043339,0.8436495176848875,0.8429718875502008,0.7920609884332281,0.8341638981173864,0.8125674217907227,0.008458019850845246,0.9041326960922126,0.9046123626465253,0.9041326960922126,0.9034505132044186,0.8678260869565217,0.924074074074074,0.895067264573991,0.9011124845488258,0.8127090301003345,0.854630715123095,0.933933933933934,0.97339593114241,0.9532567049808429,0.9302575107296137,0.9213602550478215,0.9257875066737854,brain_mri_nd5,classification
2,0.010410527614839314,0.879595136008997,0.8792589122577814,0.879595136008997,0.8793912302398457,0.876431718061674,0.8704878582367097,0.8734496762155636,0.834333047700657,0.8214285714285714,0.8278305228850786,0.9212410501193318,0.9308681672025724,0.9260295881647341,0.8981481481481481,0.9130675526024363,0.9055464030752334,0.009046499175170114,0.893168400337363,0.9007903368263305,0.893168400337363,0.893130759784568,0.8052959501557633,0.9574074074074074,0.8747884940778342,0.9089820359281438,0.8461538461538461,0.8764434180138568,0.9765625,0.9780907668231612,0.9773260359655981,0.9511278195488722,0.8065887353878852,0.8729154686601495,brain_mri_nd5,classification
3,0.008043753358307596,0.90799184648907,0.9078136604685619,0.90799184648907,0.9078858511619927,0.9036515618125824,0.8987092539925619,0.9011736316770868,0.8764906303236797,0.8681102362204725,0.8722803051709522,0.9396346306592533,0.9509646302250804,0.9452656811825809,0.921999450700357,0.9294019933554817,0.9256859230663174,0.004247005205441215,0.9555805454034298,0.9557315675555472,0.9555805454034298,0.9555560353453525,0.9426229508196722,0.9583333333333334,0.9504132231404959,0.9405162738496072,0.9342251950947603,0.9373601789709173,0.9678899082568807,0.9906103286384976,0.9791183294663574,0.9770240700218819,0.9489904357066951,0.9628032345013477,brain_mri_nd5,classification
4,0.0064954029300209595,0.9257046460954523,0.9256384657426865,0.9257046460954523,0.9256569968346099,0.9216417910447762,0.918617370378473,0.9201270954311384,0.900481996030621,0.8931383577052868,0.8967951433008612,0.9609657947686117,0.9598070739549839,0.9603860848582345,0.9311287236949987,0.9432447397563677,0.9371475725484802,0.010198232872552473,0.8796738824852404,0.905139554114067,0.8796738824852404,0.8821282550603258,0.9557344064386318,0.8796296296296297,0.9161041465766635,0.916030534351145,0.9364548494983278,0.9261300992282249,0.679144385026738,0.9937402190923318,0.806861499364676,0.9901547116736991,0.7481402763018066,0.8523002421307506,brain_mri_nd5,classification
5,0.0060496064686026115,0.9359668236451817,0.9358747896360979,0.9359668236451817,0.9359110547053451,0.9331872946330778,0.9319623714723255,0.9325744308231173,0.9148211243611585,0.90607424071991,0.9104266742017519,0.9552894211576847,0.9618167202572347,0.9585419587422391,0.9466299862448418,0.9526578073089701,0.9496343314474955,0.0025935230678743883,0.9710430137756536,0.9714421768422064,0.9710430137756536,0.9709927956058774,0.989310009718173,0.9425925925925925,0.9653864390706496,0.9452954048140044,0.9632107023411371,0.9541689674213142,0.9876160990712074,0.9984350547730829,0.9929961089494164,0.9648760330578512,0.9925611052072264,0.9785227867993714,brain_mri_nd5,classification
6,0.005427650912497446,0.9424334012792578,0.9423546168780982,0.9424334012792578,0.9423835627860715,0.9407244785949506,0.9374316342157077,0.9390751698444006,0.9228806351006521,0.9153543307086615,0.9191020753917831,0.961246504194966,0.9670418006430869,0.9641354437988379,0.9505766062602965,0.9584717607973422,0.9545078577336642,0.002682145664534912,0.9761034579701996,0.9762576624533664,0.9761034579701996,0.9761345141697971,0.9693877551020408,0.9675925925925926,0.9684893419833179,0.9584699453551913,0.9777034559643255,0.9679911699779249,0.990625,0.9921752738654147,0.9913995308835027,0.9913419913419913,0.973432518597237,0.9823056300268097,brain_mri_nd5,classification
7,0.004866853205472338,0.9467913122935264,0.9467292077432461,0.9467913122935264,0.9467337427293873,0.9475547687541491,0.9367753226865019,0.9421342134213422,0.929641141565414,0.9251968503937008,0.9274136715997181,0.9564348521183054,0.9618167202572347,0.9591182364729459,0.9558221979820016,0.9703765227021041,0.963044374227229,0.0019934269361222036,0.9772280011245431,0.9775693727032636,0.9772280011245431,0.9771904220626035,0.991321118611379,0.9518518518518518,0.971185640056684,0.962800875273523,0.9810479375696767,0.9718387631143015,0.9623493975903614,1.0,0.9808135072908672,0.9861995753715499,0.9872476089266737,0.9867233138608603,brain_mri_nd5,classification
8,0.004943698893326785,0.9466507345188726,0.9466174343030082,0.9466507345188726,0.9466212072228405,0.9396177237185056,0.9464012251148545,0.9429972752043597,0.9336749217193282,0.922384701912261,0.9279954731928137,0.9635270541082165,0.9662379421221865,0.9648805940196669,0.956569847856155,0.9573643410852714,0.9569669295696693,0.0026351789151058376,0.9704807421984819,0.9708359483285162,0.9704807421984819,0.9704598154852065,0.957542908762421,0.9814814814814815,0.9693644261545497,0.9849710982658959,0.9498327759197325,0.9670828603859251,0.9855072463768116,0.9577464788732394,0.9714285714285714,0.9626556016597511,0.9861849096705633,0.9742782152230971,brain_mri_nd5,classification
9,0.007059570042653555,0.9239474239122795,0.9239121956367954,0.9239474239122795,0.9239234932108717,0.925317564607972,0.9243054036315904,0.9248112071795994,0.9110985277463194,0.904949381327334,0.9080135440180587,0.9311031461569096,0.9397106109324759,0.9353870774154831,0.9297954671088999,0.9313399778516057,0.930567081604426,0.002015388157561166,0.9786336800674726,0.9787601098950809,0.9786336800674726,0.9786399790350006,0.9794584500466853,0.9712962962962963,0.9753602975360297,0.9669603524229075,0.9788182831661093,0.9728531855955679,0.9967897271268058,0.971830985915493,0.9841521394611727,0.9769633507853404,0.9914984059511158,0.9841772151898734,brain_mri_nd5,classification
10,0.004286273931696253,0.9550854009981022,0.9550599401136209,0.9550854009981022,0.9550672736542853,0.9525899912203687,0.9494640122511485,0.951024433000986,0.9435347261434218,0.9398200224971879,0.9416737109044802,0.9682603455202893,0.9686495176848875,0.9684548925055254,0.9604395604395605,0.9678848283499446,0.9641478212906784,0.0014607304257512489,0.9848186674163621,0.9849125810735989,0.9848186674163621,0.9847900760135765,0.9814643188137164,0.9805555555555555,0.9810097267253358,0.9942726231386025,0.967670011148272,0.9807909604519774,0.9875968992248062,0.9968701095461658,0.9922118380062306,0.978125,0.997874601487779,0.9879011046817464,brain_mri_nd5,classification
11,0.0036277707143349386,0.9607788008715822,0.9607860508968669,0.9607788008715822,0.9607749008390833,0.961133069828722,0.9575585211113542,0.9593424657534246,0.9468204839617332,0.9462879640044994,0.9465541490857946,0.9761519805982215,0.9706591639871383,0.973397823458283,0.9635116598079561,0.9723145071982281,0.9678930687611961,0.0013991416298095643,0.9856620747821198,0.985754589581472,0.9856620747821198,0.985645006035719,0.9924314096499527,0.9712962962962963,0.9817501169864296,0.980110497237569,0.9888517279821628,0.9844617092119867,0.9770642201834863,1.0,0.988399071925754,0.9893730074388948,0.9893730074388948,0.9893730074388948,brain_mri_nd5,classification
12,0.0036925962573495894,0.961762845294159,0.9617403492326904,0.961762845294159,0.9617472271798978,0.9615722441809398,0.9579960621308248,0.9597808219178082,0.9514535704205476,0.9479752530933633,0.9497112269333708,0.9684,0.9730707395498392,0.970729751403368,0.9674931129476584,0.9723145071982281,0.9698978182822425,0.001250718376313336,0.9870677537250492,0.9871287857406545,0.9870677537250492,0.9870670581139076,0.9781021897810219,0.9925925925925926,0.9852941176470589,0.9898190045248869,0.9754738015607581,0.982594048287479,0.9968503937007874,0.9906103286384976,0.9937205651491365,0.9883227176220807,0.9893730074388948,0.9888475836431226,brain_mri_nd5,classification
13,0.0029614042893997103,0.9667533562943699,0.966732709858902,0.9667533562943699,0.9667356455683944,0.9658364558078025,0.9586523736600306,0.9622310057092666,0.9530503233061569,0.9533183352080989,0.9531843104175454,0.9788,0.9835209003215434,0.9811547714514836,0.9730250481695568,0.9786821705426356,0.9758454106280193,0.0013753918792512021,0.9856620747821198,0.9858169778403552,0.9856620747821198,0.9856907812687894,0.9842592592592593,0.9842592592592593,0.9842592592592593,0.9683060109289617,0.987736900780379,0.977924944812362,0.9937402190923318,0.9937402190923318,0.9937402190923318,0.9989165763813651,0.9798087141339001,0.9892703862660944,brain_mri_nd5,classification
14,0.0031757946833148583,0.9667533562943699,0.9667165790253708,0.9667533562943699,0.9667287024135716,0.9630520332313074,0.9636840953839423,0.9633679606342264,0.9571874113977885,0.9493813273340832,0.9532683891006636,0.979632587859425,0.9859324758842444,0.9827724358974359,0.9718387631143015,0.9745293466223699,0.9731821951893834,0.0011854480409320253,0.9881922968793927,0.9882666346260967,0.9881922968793927,0.9882049309362777,0.9852670349907919,0.9907407407407407,0.9879963065558633,0.9779735682819384,0.9899665551839465,0.9839335180055402,0.9968404423380727,0.9874804381846636,0.9921383647798742,0.9956989247311828,0.9840595111583422,0.9898450026723677,brain_mri_nd5,classification
15,0.0030667612317440505,0.9664722007450622,0.966466601561465,0.9664722007450622,0.9664691717715599,0.9630115999124534,0.9625902428352658,0.962800875273523,0.9566563467492261,0.9558492688413949,0.9562526375017584,0.9751303650220617,0.9770900321543409,0.9761092150170648,0.9745293466223699,0.9745293466223699,0.9745293466223699,0.001586463642510586,0.982569581107675,0.9827269226322146,0.982569581107675,0.9825540204870626,0.9886578449905482,0.9685185185185186,0.9784845650140318,0.9809203142536476,0.9743589743589743,0.9776286353467561,0.9968652037617555,0.9953051643192489,0.9960845732184808,0.9680412371134021,0.997874601487779,0.9827315541601256,brain_mri_nd5,classification
16,0.0029059151560130317,0.9673156673929851,0.9672977647205514,0.9673156673929851,0.9673028818366894,0.9645824223874071,0.9652154889520893,0.964898851831602,0.9575671852899575,0.9519122609673791,0.954731349598082,0.9806996381182147,0.9803054662379421,0.9805025125628141,0.97108234646103,0.9761904761904762,0.9736297114455336,0.0008592281591629996,0.992690469496767,0.9926948264450809,0.992690469496767,0.9926875888322075,0.9934762348555451,0.987037037037037,0.9902461681374826,0.9866666666666667,0.9899665551839465,0.988313856427379,0.9968701095461658,0.9968701095461658,0.9968701095461658,0.9947089947089947,0.9989373007438895,0.9968186638388123,brain_mri_nd5,classification
17,0.002527803228089577,0.9757503338722148,0.9757545210410354,0.9757503338722148,0.9757484746970759,0.9757975797579758,0.9702472106760008,0.9730144800351032,0.9680582796301485,0.9715973003374578,0.9698245614035088,0.983132530120482,0.9839228295819936,0.9835275210928084,0.978194866133039,0.9811738648947951,0.9796821008984105,0.0010002034694445471,0.9895979758223222,0.9896586700958034,0.9895979758223222,0.9895959484886407,0.9825688073394495,0.9916666666666667,0.9870967741935484,0.994343891402715,0.979933110367893,0.987085906793936,0.9984177215189873,0.9874804381846636,0.992918961447679,0.9873817034700315,0.997874601487779,0.992600422832981,brain_mri_nd5,classification
18,0.002803208452214815,0.9724467561678498,0.9724320725555786,0.9724467561678498,0.9724342979864021,0.9693654266958425,0.9691533581273244,0.9692593808117274,0.9671574178935447,0.9606299212598425,0.963882618510158,0.9823364110798876,0.9835209003215434,0.9829282988551918,0.9746835443037974,0.9806201550387597,0.9776428374275462,0.001012702826728653,0.9907225189766657,0.9907679096386994,0.9907225189766657,0.9907334270970094,0.9925857275254866,0.9916666666666667,0.9921259842519685,0.9790518191841234,0.9899665551839465,0.9844789356984479,0.9984301412872841,0.9953051643192489,0.9968652037617555,0.9946466809421841,0.9872476089266737,0.9909333333333333,brain_mri_nd5,classification
19,0.002729964215661135,0.9720250228438884,0.9720210294887172,0.9720250228438884,0.9720221261340468,0.9702081051478642,0.9689345876175891,0.9695709281961471,0.9654105736782902,0.9654105736782902,0.9654105736782902,0.978382706164932,0.9823151125401929,0.9803449659045327,0.9764412416851441,0.9753599114064231,0.9759002770083103,0.0007584112439790805,0.9915659263424234,0.9915963928186312,0.9915659263424234,0.9915600004842133,0.9844179651695693,0.9944444444444445,0.9894058037770612,0.994343891402715,0.979933110367893,0.987085906793936,0.99375,0.9953051643192489,0.9945269741985927,0.9957537154989384,0.9968119022316685,0.9962825278810409,brain_mri_nd5,classification
20,0.0023349528765285454,0.977156111618753,0.9771517315324014,0.977156111618753,0.9771527522993788,0.9740288083806198,0.9763727849485889,0.9751993881787392,0.968961625282167,0.9656917885264342,0.9673239436619718,0.9879372738238842,0.987540192926045,0.9877386934673367,0.981737686773658,0.982281284606866,0.9820094104622198,0.0011310140563147329,0.9901602473994939,0.9901781635871441,0.9901602473994939,0.9901596389394236,0.9888372093023255,0.9842592592592593,0.9865429234338747,0.9834254143646409,0.992196209587514,0.9877913429522752,0.9952681388012619,0.9874804381846636,0.9913589945011784,0.9946977730646872,0.9968119022316685,0.9957537154989384,brain_mri_nd5,classification
21,0.0026603173681214653,0.9725873339425037,0.9725869890704233,0.9725873339425037,0.9725863334281813,0.9663828858327876,0.9684970465981185,0.9674388111888111,0.963631237665633,0.9611923509561305,0.9624102491904829,0.9815261044176706,0.9823151125401929,0.9819204499799116,0.9830978110279855,0.982281284606866,0.982689378202465,0.0009229722517755407,0.9907225189766657,0.9907495669395127,0.9907225189766657,0.9907255283780116,0.9843893480257117,0.9925925925925926,0.9884739511295528,0.9876819708846585,0.9832775919732442,0.9854748603351955,0.9937597503900156,0.9968701095461658,0.9953125,0.9989293361884368,0.9914984059511158,0.9952,brain_mri_nd5,classification
22,0.0024016911381733327,0.9758206227595417,0.9758139487759095,0.9758206227595417,0.9758160855170512,0.9715971160148569,0.9728724567928243,0.9722343681679055,0.9700818515382444,0.9665354330708661,0.968305395126074,0.9823576583801122,0.9847266881028939,0.9835407466880771,0.982286188762801,0.9825581395348837,0.9824221453287197,0.0005744002215394194,0.9943772842282823,0.9943807959248968,0.9943772842282823,0.9943747394331915,0.9962756052141527,0.9907407407407407,0.9935004642525533,0.9910813823857302,0.9910813823857302,0.9910813823857302,0.996875,0.9984350547730829,0.9976544175136826,0.9936575052854123,0.9989373007438895,0.9962904080551139,brain_mri_nd5,classification
23,0.002198245582041203,0.9768749560694454,0.9768657902973649,0.9768749560694454,0.9768687892583922,0.9726596675415573,0.9728724567928243,0.9727660505304605,0.9720496894409938,0.96822272215973,0.9701324316708932,0.9811774128954746,0.9847266881028939,0.9829488465396189,0.9839601769911505,0.9850498338870431,0.9845047039291643,0.0005641396115841492,0.9940961484396964,0.994121794882859,0.9940961484396964,0.9940998876842626,0.9898804047838087,0.9962962962962963,0.9930779880018459,0.9911111111111112,0.9944258639910813,0.9927657206455203,0.9968602825745683,0.9937402190923318,0.9952978056426333,1.0,0.9914984059511158,0.9957310565635006,brain_mri_nd5,classification
24,0.0019896403914968176,0.9800379559991566,0.9800385866386533,0.9800379559991566,0.9800375714448366,0.9791666666666666,0.9768103259680595,0.977987076990472,0.9730488489612578,0.9746906636670416,0.9738690643439168,0.9887550200803212,0.9895498392282959,0.9891522699879469,0.9820193637621023,0.9828349944629015,0.9824270098242701,0.0009814242305376314,0.9904413831880798,0.9906221219610013,0.9904413831880798,0.9904656597999988,0.99812734082397,0.987037037037037,0.9925512104283054,0.9706840390879479,0.9966555183946488,0.9834983498349835,0.9968152866242038,0.9796557120500783,0.9881610102604578,0.9968085106382979,0.9957492029755579,0.9962785752259437,brain_mri_nd5,classification
25,0.0025648541931022548,0.9746257116749841,0.9746181367914724,0.9746257116749841,0.9746199125964218,0.9720401922236784,0.9735287683220302,0.9727839108099245,0.9672316384180791,0.9628796400449944,0.9650507328072153,0.9859211584875301,0.985128617363344,0.985524728588661,0.9773668230747999,0.980343300110742,0.978852798894264,0.0005842818401953448,0.9940961484396964,0.9941061128716631,0.9940961484396964,0.9940962151335013,0.9944186046511628,0.9898148148148148,0.9921113689095128,0.9889258028792912,0.9955406911928651,0.9922222222222222,0.9968602825745683,0.9937402190923318,0.9952978056426333,0.9968152866242038,0.997874601487779,0.997344662772172,brain_mri_nd5,classification
26,0.0018647600443281555,0.9817951781823294,0.9817951398859217,0.9817951781823294,0.9817928038724799,0.9781849912739965,0.98096696565303,0.9795740032768979,0.9774011299435028,0.9730033745781778,0.9751972942502819,0.9907370116794201,0.9887459807073955,0.9897404948702474,0.9845303867403314,0.9867109634551495,0.9856194690265486,0.00046252649226777754,0.9971886421141412,0.9971891414011514,0.9971886421141412,0.9971883010749977,0.9962962962962963,0.9962962962962963,0.9962962962962963,0.9955357142857143,0.9944258639910813,0.9949804796430564,0.9968798751950078,1.0,0.9984375,1.0,0.9989373007438895,0.9994683678894205,brain_mri_nd5,classification
27,0.002635908523959746,0.9759612005341955,0.9759582906088802,0.9759612005341955,0.9759543161135295,0.9733972961186219,0.9765915554583242,0.9749918095446107,0.9736394557823129,0.9659730033745781,0.9697910784867306,0.9823151125401929,0.9823151125401929,0.9823151125401929,0.977103448275862,0.9806201550387597,0.9788586430841509,0.0010753986312088952,0.9890357042451504,0.9890706165484405,0.9890357042451504,0.98903550760272,0.9843317972350231,0.9888888888888889,0.9866050808314087,0.987736900780379,0.987736900780379,0.987736900780379,0.9984076433121019,0.9812206572769953,0.98973954222573,0.989440337909187,0.9957492029755579,0.9925847457627118,brain_mri_nd5,classification
28,0.0032227965976117023,0.9706192450973501,0.9706111133866635,0.9706192450973501,0.9706066848170809,0.9686069326357096,0.9719973747538831,0.9702991919633107,0.9673295454545454,0.9575365579302587,0.962408140192199,0.9795345104333868,0.9811093247588425,0.9803212851405623,0.9702315325248071,0.9745293466223699,0.9723756906077348,0.0076135265847300446,0.9749789148158561,0.9766315439238132,0.9749789148158561,0.9750150974932587,0.9916434540389972,0.9888888888888889,0.9902642559109874,0.9951749095295537,0.919732441471572,0.9559675550405562,0.9063829787234042,1.0,0.9508928571428571,0.9894291754756871,0.9946865037194474,0.9920508744038156,brain_mri_nd5,classification
29,0.00228860765368542,0.9794053560132143,0.979396949866841,0.9794053560132143,0.9793993780223027,0.9765915554583242,0.9765915554583242,0.9765915554583242,0.9751482632024852,0.9710348706411699,0.9730872199520925,0.9875601926163724,0.9891479099678456,0.9883534136546185,0.9815070383659951,0.9844961240310077,0.9829993089149965,0.0010545954171175152,0.9879111610908069,0.9881356802147008,0.9879111610908069,0.9879094113456015,0.9888991674375578,0.9898148148148148,0.989356779268857,0.9696969696969697,0.9988851727982163,0.9840746842394289,0.9968701095461658,0.9968701095461658,0.9968701095461658,0.9989047097480832,0.9691817215727949,0.9838187702265372,brain_mri_nd5,classification
30,0.0019733318313324556,0.9808111337597526,0.980811112633065,0.9808111337597526,0.9808050899769682,0.9811775005471657,0.9807481951432947,0.9809628008752735,0.9776267346360804,0.9707536557930259,0.9741780725271624,0.9903614457831326,0.9911575562700965,0.9907593411008437,0.9769040417926863,0.9836655592469546,0.9802731411229135,0.0004098577222163431,0.9969075063255552,0.9969114002548379,0.9969075063255552,0.9969061371284093,0.9981412639405205,0.9944444444444445,0.9962894248608535,0.9966480446927374,0.9944258639910813,0.9955357142857143,0.9984375,1.0,0.9992181391712275,0.9947145877378436,1.0,0.9973502914679385,brain_mri_nd5,classification
31,0.003113837608904036,0.968299711815562,0.9683131177883376,0.968299711815562,0.9682964543879418,0.9603658536585366,0.9647779479326187,0.9625668449197861,0.9673202614379085,0.9572553430821147,0.96226148409894,0.9851106639839035,0.9839228295819936,0.9845163884978886,0.967777471770862,0.9728682170542635,0.9703161673339776,0.0007967593202377309,0.9915659263424234,0.9915755004358032,0.9915659263424234,0.9915600173227911,0.987072945521699,0.9898148148148148,0.9884419787332409,0.9943630214205186,0.9832775919732442,0.9887892376681614,0.9953198127925117,0.9984350547730829,0.996875,0.9915433403805497,0.9968119022316685,0.9941706412294647,brain_mri_nd5,classification
32,0.001973692736379972,0.9798973782245027,0.9798987410086497,0.9798973782245027,0.9798965971825951,0.9763365468886941,0.9748413913804419,0.9755883962780515,0.9741282339707537,0.9741282339707537,0.9741282339707537,0.9911326078194277,0.9883440514469454,0.9897363654658885,0.9823496966354109,0.9861572535991141,0.984249792760431,0.0015638419886485962,0.9895979758223222,0.9896925434160665,0.9895979758223222,0.98958056352666,0.9916820702402958,0.9935185185185185,0.9925994449583718,0.9954285714285714,0.9710144927536232,0.9830699774266366,0.9953125,0.9968701095461658,0.9960906958561376,0.978125,0.997874601487779,0.9879011046817464,brain_mri_nd5,classification
33,0.0018664684811389148,0.9806705559850988,0.9806721465717347,0.9806705559850988,0.9806697118563947,0.9768760907504364,0.9796543425946183,0.9782632441288913,0.9768557719446797,0.9732845894263217,0.9750669108325116,0.9891304347826086,0.987540192926045,0.9883346741753821,0.9834070796460177,0.9844961240310077,0.9839513004980631,0.00044141360275979177,0.9960640989597975,0.99607176321206,0.9960640989597975,0.9960633105859673,0.9990689013035382,0.9935185185185185,0.9962859795728877,0.9944382647385984,0.9966555183946488,0.9955456570155902,0.9952978056426333,0.9937402190923318,0.9945184025058731,0.9947145877378436,1.0,0.9973502914679385,brain_mri_nd5,classification
34,0.0015268600118706912,0.9855204892106558,0.985522259503722,0.9855204892106558,0.9855210945512431,0.984029752789324,0.984029752789324,0.984029752789324,0.9820174206237707,0.9828458942632171,0.9824314827828531,0.9879566439181052,0.9891479099678456,0.9885519180558345,0.9891846921797005,0.9875415282392026,0.9883624272651704,0.0005202130330770769,0.9952206915940399,0.9952302153005229,0.9952206915940399,0.9952181937391662,0.9962859795728877,0.9935185185185185,0.9949003245248029,0.9955156950672646,0.9899665551839465,0.9927333705980995,0.9984350547730829,0.9984350547730829,0.9984350547730829,0.9915700737618546,1.0,0.9957671957671957,brain_mri_nd5,classification
35,0.0014985943652079624,0.9847473114500598,0.9847427634679082,0.9847473114500598,0.9847440768573131,0.9822950819672132,0.9831546707503829,0.9827246883883665,0.9810948081264108,0.9777840269966255,0.9794366197183099,0.9891566265060241,0.989951768488746,0.9895540377661711,0.988391376451078,0.9900332225913622,0.9892116182572614,0.0011334023795656475,0.9893168400337363,0.9894415706714875,0.9893168400337363,0.9893340414395078,0.9934944237918215,0.9898148148148148,0.9916512059369202,0.9726775956284153,0.992196209587514,0.9823399558498896,0.9937597503900156,0.9968701095461658,0.9953125,0.9978378378378379,0.9808714133900106,0.9892818863879957,brain_mri_nd5,classification
36,0.0014817040220661758,0.984466155900752,0.9844747084072638,0.984466155900752,0.9844690413036364,0.9833369875027407,0.9811857361627653,0.9822601839684626,0.9770308123249299,0.9808773903262092,0.9789503227617177,0.993158953722334,0.9919614147909968,0.99255982304444,0.9872611464968153,0.9869878183831672,0.9871244635193133,0.0005725193015505112,0.9943772842282823,0.9943846452032395,0.9943772842282823,0.9943745485157622,0.9917127071823204,0.9972222222222222,0.9944598337950139,0.9932810750279956,0.9888517279821628,0.9910614525139665,0.9953271028037384,1.0,0.9976580796252927,0.9978632478632479,0.9925611052072264,0.9952051145444859,brain_mri_nd5,classification
37,0.0010329016189337796,0.9895269557882899,0.9895267188911067,0.9895269557882899,0.9895254316339722,0.9864658371534599,0.9886239334937651,0.9875437062937062,0.9881422924901185,0.984251968503937,0.9861932938856016,0.9935768767563228,0.9947749196141479,0.9941755372564772,0.9919734292831442,0.9922480620155039,0.9921107266435986,0.00025296238297535105,0.9963452347483834,0.9963572253682065,0.9963452347483834,0.9963465928693358,0.9917127071823204,0.9972222222222222,0.9944598337950139,0.9988801791713325,0.9944258639910813,0.9966480446927374,0.9984276729559748,0.9937402190923318,0.996078431372549,0.9978768577494692,0.9989373007438895,0.9984067976633032,brain_mri_nd5,classification
38,0.0008552131734566683,0.9911436001968089,0.991143763199066,0.9911436001968089,0.9911420969180433,0.9890829694323144,0.9910304091008532,0.9900557316140313,0.9903981926009602,0.9862204724409449,0.9883049175708045,0.9947749196141479,0.9947749196141479,0.9947749196141479,0.9919845218352681,0.9936323366555925,0.992807745504841,0.0002784904338785293,0.9977509136913129,0.9977560165585194,0.9977509136913129,0.9977504409237914,0.9990706319702602,0.9953703703703703,0.9972170686456401,0.9955604883462819,1.0,0.9977753058954394,0.9968798751950078,1.0,0.9984375,0.9989350372736954,0.9968119022316685,0.997872340425532,brain_mri_nd5,classification
39,0.0007655170854306607,0.9921276446193856,0.9921249833601739,0.9921276446193856,0.9921256169294272,0.9910284463894967,0.9908116385911179,0.9909200306312219,0.9904144347335777,0.9879077615298087,0.9891595100661692,0.9959887685519454,0.9979903536977492,0.996988556514756,0.9925352502073541,0.9939091915836102,0.9932217457462996,0.000354131728444558,0.9971886421141412,0.9971910277166316,0.9971886421141412,0.9971884642165055,0.9962962962962963,0.9962962962962963,0.9962962962962963,0.9977653631284916,0.9955406911928651,0.9966517857142857,0.9953271028037384,1.0,0.9976580796252927,0.9989361702127659,0.997874601487779,0.9984051036682615,brain_mri_nd5,classification
40,0.0008125276073965784,0.9921979335067126,0.9921962871694154,0.9921979335067126,0.9921966826266517,0.9916849015317286,0.9914679501203237,0.9915764139590855,0.9904198365736827,0.9884701912260967,0.9894440534834623,0.9955841027699719,0.9967845659163987,0.9961839726852781,0.9922587779928117,0.9936323366555925,0.9929450823073731,0.00019324387542819785,0.9980320494798988,0.9980340732054381,0.9980320494798988,0.9980314092999463,0.9990706319702602,0.9953703703703703,0.9972170686456401,0.996662958843159,0.9988851727982163,0.9977728285077951,0.9984350547730829,0.9984350547730829,0.9984350547730829,0.9978791092258749,1.0,0.9989384288747346,brain_mri_nd5,classification
41,0.0008605147727760053,0.9907921557601743,0.9907955513764297,0.9907921557601743,0.9907923861523575,0.9877782627673505,0.990155327061912,0.9889653665464875,0.990975747320925,0.9881889763779528,0.9895803998873557,0.9939540507859734,0.9911575562700965,0.9925538337693701,0.992260917634052,0.9939091915836102,0.9930843706777317,0.00021410023764887259,0.9977509136913129,0.9977522555160063,0.9977509136913129,0.9977510126688882,0.9953789279112755,0.9972222222222222,0.996299722479186,0.9977653631284916,0.9955406911928651,0.9966517857142857,0.9984350547730829,0.9984350547730829,0.9984350547730829,1.0,1.0,1.0,brain_mri_nd5,classification
42,0.0007276285950816489,0.9924088001686934,0.9924079114195553,0.9924088001686934,0.9924082951094002,0.9910245183887916,0.9903740975716473,0.990699201225517,0.9890326209223848,0.9890326209223848,0.9890326209223848,0.9967858577742065,0.9971864951768489,0.9969861362266426,0.9944659656889873,0.9950166112956811,0.9947412122889565,0.00021298341284316455,0.9983131852684847,0.9983147011618957,0.9983131852684847,0.9983130921974482,0.9990723562152134,0.9972222222222222,0.9981464318813716,0.9988839285714286,0.9977703455964325,0.9983268265476855,0.9968798751950078,1.0,0.9984375,0.9978768577494692,0.9989373007438895,0.9984067976633032,brain_mri_nd5,classification
43,0.0008557165830595349,0.9917059112954242,0.9917050123864624,0.9917059112954242,0.9917045519280026,0.9912510936132983,0.9914679501203237,0.9913595100076561,0.9887228643924443,0.9862204724409449,0.9874700830634943,0.997184231697506,0.9963826366559485,0.9967832730197025,0.9914411927112092,0.9941860465116279,0.9928117224218966,0.00022887986948134193,0.9980320494798988,0.9980339336960928,0.9980320494798988,0.9980319985611565,0.9990714948932219,0.9962962962962963,0.9976819656930923,0.9988851727982163,0.9988851727982163,0.9988851727982163,0.996875,0.9984350547730829,0.9976544175136826,0.9968186638388123,0.9989373007438895,0.9978768577494692,brain_mri_nd5,classification
44,0.0008351172407420482,0.9913544668587896,0.9913530235229974,0.9913544668587896,0.9913536034605853,0.990151017728168,0.9897177860424414,0.9899343544857768,0.9893048128342246,0.9884701912260967,0.9888873259248839,0.9943797671617824,0.9955787781350482,0.9949789114279975,0.9928057553956835,0.9933554817275747,0.9930805424854692,0.00018164990045651814,0.9988754568456565,0.9988755467723649,0.9988754568456565,0.9988750887031589,0.9990723562152134,0.9972222222222222,0.9981464318813716,0.9988864142538976,1.0,0.9994428969359331,0.9984350547730829,0.9984350547730829,0.9984350547730829,0.9989384288747346,1.0,0.9994689325544344,brain_mri_nd5,classification
45,0.0007711435729338206,0.9921276446193856,0.9921281641308108,0.9921276446193856,0.9921278675833841,0.9903762029746281,0.9905928680813826,0.9904845236793175,0.9895950506186727,0.9895950506186727,0.9895950506186727,0.99597747385358,0.9951768488745981,0.9955770004020909,0.9941876556877941,0.9944629014396457,0.9943252595155709,0.00032875170335272693,0.9974697779027271,0.9974763051702071,0.9974697779027271,0.9974695641225302,0.9990723562152134,0.9972222222222222,0.9981464318813716,0.9988801791713325,0.9944258639910813,0.9966480446927374,0.996875,0.9984350547730829,0.9976544175136826,0.9947145877378436,1.0,0.9973502914679385,brain_mri_nd5,classification
46,0.0008040565123182448,0.992619666830674,0.9926204871059645,0.992619666830674,0.9926192389731316,0.9917066783064165,0.9940931962371472,0.992898503222987,0.9912626832018039,0.9890326209223848,0.9901463963963963,0.9967806841046277,0.9955787781350482,0.9961793685903881,0.9922480620155039,0.9922480620155039,0.9922480620155039,0.0002912706553099877,0.9966263705369693,0.9966430327108451,0.9966263705369693,0.9966271235930007,0.9917203311867525,0.9981481481481481,0.9949238578680203,0.9977753058954394,1.0,0.9988864142538976,0.9984301412872841,0.9953051643192489,0.9968652037617555,1.0,0.9925611052072264,0.9962666666666666,brain_mri_nd5,classification
47,0.0007707426502805228,0.9920573557320588,0.9920599917546649,0.9920573557320588,0.9920584189657605,0.9916830816371197,0.9912491796105884,0.9914660831509847,0.9879247402415052,0.9893138357705287,0.9886188000562035,0.9967793880837359,0.9951768488745981,0.99597747385358,0.9933573207860503,0.9936323366555925,0.9934948096885813,0.00022692953306252422,0.9974697779027271,0.9974697233379611,0.9974697779027271,0.9974688605206528,0.9981464318813716,0.9972222222222222,0.9976841130152848,0.9966480446927374,0.9944258639910813,0.9955357142857143,0.9968798751950078,1.0,0.9984375,0.9978768577494692,0.9989373007438895,0.9984067976633032,brain_mri_nd5,classification
48,0.0008094969251789552,0.9914950446334434,0.9914931809306854,0.9914950446334434,0.9914939190279356,0.9908116385911179,0.9908116385911179,0.9908116385911179,0.9884539566319347,0.9870641169853769,0.9877585479105108,0.9951807228915662,0.9959807073954984,0.995580554439534,0.992807745504841,0.9936323366555925,0.9932198699321987,0.0003072014027582256,0.9971886421141412,0.9971922942171849,0.9971886421141412,0.9971880507940366,0.9990706319702602,0.9953703703703703,0.9972170686456401,0.9966517857142857,0.9955406911928651,0.9960959286112661,0.996875,0.9984350547730829,0.9976544175136826,0.9957671957671957,1.0,0.9978791092258749,brain_mri_nd5,classification
49,0.000800510578490361,0.9919870668447318,0.9919866239196621,0.9919870668447318,0.9919867578755268,0.9908116385911179,0.9908116385911179,0.9908116385911179,0.9904306220095693,0.9895950506186727,0.99001266000844,0.9955787781350482,0.9955787781350482,0.9955787781350482,0.9925311203319502,0.9933554817275747,0.9929431299294313,0.00043308284036078335,0.9952206915940399,0.9952294870703579,0.9952206915940399,0.9952221478926337,0.9944598337950139,0.9972222222222222,0.9958391123439667,0.9988801791713325,0.9944258639910813,0.9966480446927374,0.9968602825745683,0.9937402190923318,0.9952978056426333,0.9915254237288136,0.9946865037194474,0.993103448275862,brain_mri_nd5,classification
50,0.0007177462728814453,0.9921276446193856,0.9921282724805086,0.9921276446193856,0.9921278272132291,0.9914604773374206,0.9905928680813826,0.9910264828189976,0.9890418656926103,0.9898762654668166,0.9894588896697118,0.9963811821471653,0.9959807073954984,0.9961809045226131,0.9930824571112341,0.9936323366555925,0.9933573207860503,0.0005129988819601232,0.9957829631712117,0.9957903787890044,0.9957829631712117,0.995782675109961,0.9953746530989824,0.9962962962962963,0.995835261453031,0.9988776655443322,0.992196209587514,0.9955257270693513,0.9968798751950078,1.0,0.9984375,0.9925847457627118,0.9957492029755579,0.9941644562334218,brain_mri_nd5,classification
51,0.0006177570700169933,0.9940957334645393,0.9940948957457835,0.9940957334645393,0.9940937677621978,0.9932151455460714,0.9927805731787355,0.9929978118161925,0.9937923250564334,0.9904386951631046,0.992112676056338,0.995580554439534,0.9959807073954984,0.9957805907172996,0.9944827586206897,0.998062015503876,0.9962691723089678,0.00021852716692969927,0.9980320494798988,0.9980332100184005,0.9980320494798988,0.9980320188359273,0.9981481481481481,0.9981481481481481,0.9981481481481481,0.9988826815642458,0.9966555183946488,0.9977678571428571,0.9984350547730829,0.9984350547730829,0.9984350547730829,0.9968186638388123,0.9989373007438895,0.9978768577494692,brain_mri_nd5,classification
52,0.0004682895915459109,0.9952203556617699,0.9952202476929294,0.9952203556617699,0.9952200057728032,0.9934411893310013,0.9940931962371472,0.9937670858392564,0.9940845070422535,0.9924071991001124,0.9932451449479314,0.9987937273823885,0.9983922829581994,0.9985929648241206,0.9961283185840708,0.9972314507198228,0.9966795794133924,0.00027756133778459436,0.9977509136913129,0.9977531149348133,0.9977509136913129,0.9977500253666315,0.9972247918593895,0.9981481481481481,0.997686256362795,0.9988801791713325,0.9944258639910813,0.9966480446927374,0.9984350547730829,0.9984350547730829,0.9984350547730829,0.996822033898305,1.0,0.9984084880636604,brain_mri_nd5,classification
53,0.00040507360162334385,0.9956420889857314,0.9956432187349689,0.9956420889857314,0.995642440723753,0.9943169398907103,0.9951870487858236,0.9947518040673519,0.9949352841868317,0.9943757030371203,0.9946554149085794,0.998792270531401,0.9971864951768489,0.99798873692679,0.9958494742667404,0.9964008859357697,0.9961251037918627,0.00021980964204687726,0.9980320494798988,0.9980322021549856,0.9980320494798988,0.9980319827271882,0.9972247918593895,0.9981481481481481,0.997686256362795,0.9977678571428571,0.9966555183946488,0.9972113775794758,0.9984350547730829,0.9984350547730829,0.9984350547730829,0.9989373007438895,0.9989373007438895,0.9989373007438895,brain_mri_nd5,classification
54,0.00042688249588008586,0.9950094889997891,0.99500912686873,0.9950094889997891,0.9950092154412102,0.9938771047452438,0.9943119667468825,0.9940944881889764,0.9935265972417675,0.9926884139482565,0.9931073287382192,0.9971887550200803,0.9979903536977492,0.9975893933306549,0.9963998892273609,0.9961240310077519,0.9962619410217362,0.0002443444224650023,0.9980320494798988,0.9980320188359273,0.9980320494798988,0.9980318814422149,0.9981481481481481,0.9981481481481481,0.9981481481481481,0.9977678571428571,0.9966555183946488,0.9972113775794758,0.9984350547730829,0.9984350547730829,0.9984350547730829,0.9978768577494692,0.9989373007438895,0.9984067976633032,brain_mri_nd5,classification
55,0.00035512608598234395,0.9962746889716736,0.9962751558942383,0.9962746889716736,0.9962746584540482,0.9967141292442497,0.9954058192955589,0.9960595446584939,0.9943772842282823,0.9946569178852643,0.9945170814002531,0.9987942122186495,0.9987942122186495,0.9987942122186495,0.9958529167818634,0.9972314507198228,0.9965417070134182,0.0002853425188210239,0.9977509136913129,0.997751735856508,0.9977509136913129,0.9977507525987785,0.9963031423290203,0.9981481481481481,0.9972247918593895,0.9977653631284916,0.9955406911928651,0.9966517857142857,0.9984350547730829,0.9984350547730829,0.9984350547730829,0.9989373007438895,0.9989373007438895,0.9989373007438895,brain_mri_nd5,classification
56,0.00043922533587383364,0.9950797778871161,0.9950798966867382,0.9950797778871161,0.9950798166718673,0.9945295404814004,0.9943119667468825,0.9944207417131605,0.9935338768625246,0.9938132733408324,0.9936735554618304,0.9959823222177582,0.9963826366559485,0.9961824392204139,0.9966768208252562,0.9964008859357697,0.9965388342793853,0.00022898404849456926,0.9980320494798988,0.9980337863912305,0.9980320494798988,0.9980315433407969,0.9981481481481481,0.9981481481481481,0.9981481481481481,0.9988814317673378,0.9955406911928651,0.9972082635399219,0.9984350547730829,0.9984350547730829,0.9984350547730829,0.996822033898305,1.0,0.9984084880636604,brain_mri_nd5,classification
57,0.0003602293918400539,0.9961341111970198,0.9961349420837926,0.9961341111970198,0.9961342544728229,0.9949737762237763,0.9960621308247648,0.9955176560620969,0.9954967632986209,0.9946569178852643,0.9950766633844422,0.998389694041868,0.9967845659163987,0.997586484312148,0.9966795794133924,0.9972314507198228,0.9969554386936064,0.0002027516744672243,0.9974697779027271,0.9974705666146182,0.9974697779027271,0.9974691338663881,0.9963031423290203,0.9981481481481481,0.9972247918593895,0.9977628635346756,0.9944258639910813,0.9960915689558906,0.9984350547730829,0.9984350547730829,0.9984350547730829,0.9978768577494692,0.9989373007438895,0.9984067976633032,brain_mri_nd5,classification
58,0.00038267036408197246,0.9964152667463274,0.9964151044478561,0.9964152667463274,0.9964146448741261,0.9956274595540009,0.9962809013345001,0.9959540732640787,0.9963349309275444,0.9938132733408324,0.9950725045755314,0.9971898835808912,0.9983922829581994,0.9977907210283189,0.996957123098202,0.9977851605758582,0.9973709699737097,0.0002192999914403263,0.9985943210570706,0.9985946866425169,0.9985943210570706,0.9985943606658703,0.9990732159406858,0.9981481481481481,0.998610467809171,0.9977728285077951,0.9988851727982163,0.9983286908077994,0.9984350547730829,0.9984350547730829,0.9984350547730829,0.9989373007438895,0.9989373007438895,0.9989373007438895,brain_mri_nd5,classification
59,0.00033119595892425755,0.9966261334083082,0.9966260523633135,0.9966261334083082,0.9966258572480674,0.9962784588441331,0.9956245898052942,0.9959514170040485,0.996060776589758,0.9955005624296963,0.9957805907172996,0.997989545637314,0.997588424437299,0.9977889447236181,0.9966832504145937,0.9983388704318937,0.9975103734439834,0.00019962238141614814,0.9980320494798988,0.9980320188359273,0.9980320494798988,0.9980318814422149,0.9981481481481481,0.9981481481481481,0.9981481481481481,0.9977678571428571,0.9966555183946488,0.9972113775794758,0.9984350547730829,0.9984350547730829,0.9984350547730829,0.9978768577494692,0.9989373007438895,0.9984067976633032,brain_mri_nd5,classification
60,0.00036315744208747765,0.9963449778590004,0.996345477001164,0.9963449778590004,0.996345075550065,0.9947540983606558,0.9956245898052942,0.9951891537284059,0.9963400900900901,0.9952193475815523,0.9957794034890265,0.997989545637314,0.997588424437299,0.9977889447236181,0.9972322169941876,0.9975083056478405,0.9973702422145329,0.0001685044400965075,0.9985943210570706,0.9985946866425169,0.9985943210570706,0.9985943606658703,0.9990732159406858,0.9981481481481481,0.998610467809171,0.9977728285077951,0.9988851727982163,0.9983286908077994,0.9984350547730829,0.9984350547730829,0.9984350547730829,0.9989373007438895,0.9989373007438895,0.9989373007438895,brain_mri_nd5,classification
61,0.0002995396914882549,0.9964855556336544,0.9964851499283679,0.9964855556336544,0.9964852057585928,0.9956245898052942,0.9956245898052942,0.9956245898052942,0.9960585585585585,0.9949381327334084,0.9954980303882949,0.997591328783621,0.9987942122186495,0.9981924081140792,0.9972322169941876,0.9975083056478405,0.9973702422145329,0.00021209630761660233,0.9980320494798988,0.9980320188359273,0.9980320494798988,0.9980318814422149,0.9981481481481481,0.9981481481481481,0.9981481481481481,0.9977678571428571,0.9966555183946488,0.9972113775794758,0.9984350547730829,0.9984350547730829,0.9984350547730829,0.9978768577494692,0.9989373007438895,0.9984067976633032,brain_mri_nd5,classification
62,0.0003090823879221401,0.996696422295635,0.996696397860049,0.996696422295635,0.9966963797886004,0.9962800875273523,0.9960621308247648,0.9961710972541298,0.9952193475815523,0.9952193475815523,0.9952193475815523,0.9983916365098512,0.9979903536977492,0.9981909547738693,0.9975096845600443,0.998062015503876,0.9977857735953501,0.0002788886310820732,0.9977509136913129,0.9977514459934156,0.9977509136913129,0.9977505692797203,0.9981481481481481,0.9981481481481481,0.9981481481481481,0.9977653631284916,0.9955406911928651,0.9966517857142857,0.9984350547730829,0.9984350547730829,0.9984350547730829,0.9968186638388123,0.9989373007438895,0.9978768577494692,brain_mri_nd5,classification
63,0.0003313017551885244,0.9966261334083082,0.9966257910134565,0.9966261334083082,0.9966256180184954,0.9962833406209007,0.996937212863706,0.9966101694915255,0.9963369963369964,0.9943757030371203,0.9953553835327235,0.9979927739863509,0.9991961414790996,0.9985940951998393,0.996401882092444,0.9966777408637874,0.9965397923875432,0.00015861934818228496,0.9983131852684847,0.9983135216075881,0.9983131852684847,0.9983132138979682,0.9990732159406858,0.9981481481481481,0.998610467809171,0.9977703455964325,0.9977703455964325,0.9977703455964325,0.9984350547730829,0.9984350547730829,0.9984350547730829,0.9978768577494692,0.9989373007438895,0.9984067976633032,brain_mri_nd5,classification
64,0.00027111853977714094,0.9969072889576158,0.9969073751248213,0.9969072889576158,0.996907323358145,0.9962817147856518,0.9964996718442354,0.9963906813956032,0.9957817772778402,0.9957817772778402,0.9957817772778402,0.9987942122186495,0.9987942122186495,0.9987942122186495,0.9975076156189421,0.9972314507198228,0.9973695140523329,0.00020402011603768436,0.9983131852684847,0.9983137495486862,0.9983131852684847,0.9983128561788777,0.9981481481481481,0.9981481481481481,0.9981481481481481,0.9988826815642458,0.9966555183946488,0.9977678571428571,0.9984350547730829,0.9984350547730829,0.9984350547730829,0.9978791092258749,1.0,0.9989384288747346,brain_mri_nd5,classification
65,0.00029070720400156273,0.9974696000562311,0.9974699477291914,0.9974696000562311,0.9974697099151866,0.9967198775420949,0.9971559833734412,0.9969378827646544,0.9966263705369693,0.9969066366704162,0.9967664839027134,0.9987942122186495,0.9987942122186495,0.9987942122186495,0.99833748960931,0.9975083056478405,0.9979227253842958,0.00016967582463366332,0.9988754568456565,0.9988770886369266,0.9988754568456565,0.9988751588244942,0.9990740740740741,0.9990740740740741,0.9990740740740741,1.0,0.9966555183946488,0.998324958123953,0.9984375,1.0,0.9992181391712275,0.9978791092258749,1.0,0.9989384288747346,brain_mri_nd5,classification
66,0.0003522047591846355,0.9962746889716736,0.9962745766226947,0.9962746889716736,0.9962746022466376,0.9954068241469817,0.9956245898052942,0.9955156950672646,0.9954980303882949,0.9949381327334084,0.9952180028129395,0.9971876255524307,0.997588424437299,0.9973879847297569,0.9975083056478405,0.9975083056478405,0.9975083056478405,0.00020451891088904884,0.9980320494798988,0.998033499881493,0.9980320494798988,0.9980322021549856,0.9963031423290203,0.9981481481481481,0.9972247918593895,0.9988826815642458,0.9966555183946488,0.9977678571428571,0.9984350547730829,0.9984350547730829,0.9984350547730829,0.9989373007438895,0.9989373007438895,0.9989373007438895,brain_mri_nd5,classification
67,0.0002640503448533481,0.9971181556195965,0.9971176277737539,0.9971181556195965,0.9971176070938801,0.9960621308247648,0.9960621308247648,0.9960621308247648,0.9969014084507042,0.9952193475815523,0.9960596678862933,0.9987956643918106,1.0,0.9993974693713598,0.9975103734439834,0.9983388704318937,0.9979244499792445,0.00020300870529152794,0.9983131852684847,0.9983136517111926,0.9983131852684847,0.9983132753120866,0.9972247918593895,0.9981481481481481,0.997686256362795,0.9988839285714286,0.9977703455964325,0.9983268265476855,0.9984350547730829,0.9984350547730829,0.9984350547730829,0.9989373007438895,0.9989373007438895,0.9989373007438895,brain_mri_nd5,classification
68,0.00023857517042798586,0.9969775778449427,0.9969794506868647,0.9969775778449427,0.9969781605802274,0.9951923076923077,0.9962809013345001,0.995736306985897,0.9957841483979764,0.9963442069741283,0.9960640989597975,0.9987942122186495,0.9987942122186495,0.9987942122186495,0.9991678224687933,0.9972314507198228,0.998198697519745,0.00017138337614280508,0.9985943210570706,0.9985943057350849,0.9985943210570706,0.9985941605136343,0.9981481481481481,0.9981481481481481,0.9981481481481481,0.9988839285714286,0.9977703455964325,0.9983268265476855,0.9984350547730829,0.9984350547730829,0.9984350547730829,0.9989384288747346,1.0,0.9994689325544344,brain_mri_nd5,classification
69,0.00026071994091574107,0.9971884445069235,0.9971883842977604,0.9971884445069235,0.9971882191125303,0.9965019676432006,0.9971559833734412,0.9968288682340076,0.9969048958919527,0.9963442069741283,0.9966244725738397,0.9983942191890807,0.9995980707395499,0.9989957822855995,0.9975055432372506,0.9964008859357697,0.9969529085872576,0.00018867075165951658,0.9983131852684847,0.9983136356880502,0.9983131852684847,0.9983129576223458,0.9972247918593895,0.9981481481481481,0.997686256362795,0.9988826815642458,0.9966555183946488,0.9977678571428571,0.9984350547730829,0.9984350547730829,0.9984350547730829,0.9989384288747346,1.0,0.9994689325544344,brain_mri_nd5,classification
70,0.0001878441233557019,0.9979616222675195,0.9979618817805147,0.9979616222675195,0.9979616373730282,0.9973741794310722,0.9971559833734412,0.9972650694672356,0.9974683544303797,0.9971878515185602,0.9973280832513008,1.0,0.9991961414790996,0.9995979091274628,0.9977876106194691,0.9988925802879292,0.9983397897066962,0.00020748416301441473,0.9988754568456565,0.9988754947391244,0.9988754568456565,0.9988753361730748,0.9990732159406858,0.9981481481481481,0.998610467809171,0.9988851727982163,0.9988851727982163,0.9988851727982163,0.9984350547730829,0.9984350547730829,0.9984350547730829,0.9989384288747346,1.0,0.9994689325544344,brain_mri_nd5,classification
71,0.00022520427576223548,0.9973290222815773,0.997330598611507,0.9973290222815773,0.9973292901282509,0.995414847161572,0.9973747538831765,0.9963938367391542,0.9971830985915493,0.9955005624296963,0.9963411201801294,1.0,0.9991961414790996,0.9995979091274628,0.9980614788147327,0.9977851605758582,0.9979233005676312,0.00021450733847600467,0.9985943210570706,0.9985943057350849,0.9985943210570706,0.9985941605136343,0.9981481481481481,0.9981481481481481,0.9981481481481481,0.9988839285714286,0.9977703455964325,0.9983268265476855,0.9984350547730829,0.9984350547730829,0.9984350547730829,0.9989384288747346,1.0,0.9994689325544344,brain_mri_nd5,classification
72,0.00019374823562156917,0.9978913333801926,0.9978913561764107,0.9978913333801926,0.9978911188177941,0.9980284775465499,0.9967184423539707,0.9973730297723292,0.9971886421141412,0.9974690663667042,0.9973288345283284,0.9979927739863509,0.9991961414790996,0.9985940951998393,0.9983397897066962,0.9988925802879292,0.9986161084970938,0.00021539325514049746,0.9985943210570706,0.9985943057350849,0.9985943210570706,0.9985941605136343,0.9981481481481481,0.9981481481481481,0.9981481481481481,0.9988839285714286,0.9977703455964325,0.9983268265476855,0.9984350547730829,0.9984350547730829,0.9984350547730829,0.9989384288747346,1.0,0.9994689325544344,brain_mri_nd5,classification
73,0.00020457123856502672,0.9980319111548465,0.9980324758867477,0.9980319111548465,0.9980320449311618,0.9969405594405595,0.9980310654123824,0.9974855143762983,0.9971862689926843,0.9966254218222722,0.9969057665260197,0.999597747385358,0.9987942122186495,0.9991958182549256,0.999169205206314,0.9988925802879292,0.9990308735982278,0.00024347201273354244,0.9985943210570706,0.9985943057350849,0.9985943210570706,0.9985941605136343,0.9981481481481481,0.9981481481481481,0.9981481481481481,0.9988839285714286,0.9977703455964325,0.9983268265476855,0.9984350547730829,0.9984350547730829,0.9984350547730829,0.9989384288747346,1.0,0.9994689325544344,brain_mri_nd5,classification
74,0.0001856460622894063,0.9981724889295003,0.998172792993574,0.9981724889295003,0.9981725748111743,0.9975945768642029,0.9980310654123824,0.9978127734033246,0.9980314960629921,0.9980314960629921,0.9980314960629921,0.9979911611088791,0.9983922829581994,0.9981916817359855,0.999168744804655,0.9983388704318937,0.9987536352305775,0.00022192818863315847,0.9985943210570706,0.9985943057350849,0.9985943210570706,0.9985941605136343,0.9981481481481481,0.9981481481481481,0.9981481481481481,0.9988839285714286,0.9977703455964325,0.9983268265476855,0.9984350547730829,0.9984350547730829,0.9984350547730829,0.9989384288747346,1.0,0.9994689325544344,brain_mri_nd5,classification
75,0.00019417642116742928,0.9982427778168271,0.9982427820975962,0.9982427778168271,0.9982427711911577,0.9978118161925602,0.9975935243929118,0.9977026583524778,0.9977509136913129,0.9980314960629921,0.9978911851539435,0.9991961414790996,0.9991961414790996,0.9991961414790996,0.9986157253599114,0.9986157253599114,0.9986157253599114,0.00023230185153663488,0.9985943210570706,0.9985943057350849,0.9985943210570706,0.9985941605136343,0.9981481481481481,0.9981481481481481,0.9981481481481481,0.9988839285714286,0.9977703455964325,0.9983268265476855,0.9984350547730829,0.9984350547730829,0.9984350547730829,0.9989384288747346,1.0,0.9994689325544344,brain_mri_nd5,classification
76,0.0001574100922421349,0.9981724889295003,0.9981722949607486,0.9981724889295003,0.9981723279626382,0.9978113372729263,0.9973747538831765,0.9975929978118162,0.9974683544303797,0.9971878515185602,0.9973280832513008,0.9991961414790996,0.9991961414790996,0.9991961414790996,0.9986168741355463,0.9994462901439646,0.9990314099903141,0.00024310808515967805,0.9980320494798988,0.998033483154841,0.9980320494798988,0.9980317270557137,0.9963031423290203,0.9981481481481481,0.9972247918593895,0.9988814317673378,0.9955406911928651,0.9972082635399219,0.9984350547730829,0.9984350547730829,0.9984350547730829,0.9989384288747346,1.0,0.9994689325544344,brain_mri_nd5,classification
77,0.00026145439653144233,0.9976101778308849,0.9976102352970656,0.9976101778308849,0.9976101814554037,0.996938552372622,0.9973747538831765,0.9971566054243219,0.9971870604781997,0.9969066366704162,0.9970468288567009,0.9995980707395499,0.9995980707395499,0.9995980707395499,0.9975076156189421,0.9972314507198228,0.9973695140523329,0.00020355678630132212,0.9983131852684847,0.9983136356880502,0.9983131852684847,0.9983129576223458,0.9972247918593895,0.9981481481481481,0.997686256362795,0.9988826815642458,0.9966555183946488,0.9977678571428571,0.9984350547730829,0.9984350547730829,0.9984350547730829,0.9989384288747346,1.0,0.9994689325544344,brain_mri_nd5,classification
78,0.0001517743252320411,0.9981724889295003,0.9981737029821905,0.9981724889295003,0.9981725155689536,0.9971584699453552,0.9980310654123824,0.9975945768642029,0.9988726042841037,0.9966254218222722,0.9977477477477478,1.0,0.9991961414790996,0.9995979091274628,0.9975124378109452,0.9991694352159468,0.9983402489626556,0.00021149649315440168,0.9983131852684847,0.9983131852684847,0.9983131852684847,0.9983131852684847,0.9981481481481481,0.9981481481481481,0.9981481481481481,0.9977703455964325,0.9977703455964325,0.9977703455964325,0.9984350547730829,0.9984350547730829,0.9984350547730829,0.9989373007438895,0.9989373007438895,0.9989373007438895,brain_mri_nd5,classification
79,0.00017567302020054848,0.9982427778168271,0.9982436949220845,0.9982427778168271,0.9982426605326873,0.9978113372729263,0.9973747538831765,0.9975929978118162,0.9971941638608305,0.999437570303712,0.998314606741573,0.9991964644435516,0.9995980707395499,0.9993972272453285,0.9991678224687933,0.9972314507198228,0.998198697519745,0.00020985648561614971,0.9985943210570706,0.9985943057350849,0.9985943210570706,0.9985941605136343,0.9981481481481481,0.9981481481481481,0.9981481481481481,0.9988839285714286,0.9977703455964325,0.9983268265476855,0.9984350547730829,0.9984350547730829,0.9984350547730829,0.9989384288747346,1.0,0.9994689325544344,brain_mri_nd5,classification
80,0.0001868235713288345,0.9983130667041541,0.9983131587103762,0.9983130667041541,0.9983130776409389,0.9973759020336759,0.9978122949026471,0.997594050743657,0.998030388294879,0.9974690663667042,0.9977496483825598,0.9991961414790996,0.9991961414790996,0.9991961414790996,0.9991694352159468,0.9991694352159468,0.9991694352159468,0.00021176557651686985,0.9985943210570706,0.9985943057350849,0.9985943210570706,0.9985941605136343,0.9981481481481481,0.9981481481481481,0.9981481481481481,0.9988839285714286,0.9977703455964325,0.9983268265476855,0.9984350547730829,0.9984350547730829,0.9984350547730829,0.9989384288747346,1.0,0.9994689325544344,brain_mri_nd5,classification
81,0.0002492984677489106,0.9971884445069235,0.9971891638046161,0.9971884445069235,0.9971886744954664,0.9962841530054645,0.9971559833734412,0.9967198775420949,0.9963442069741283,0.9963442069741283,0.9963442069741283,0.999195171026157,0.9979903536977492,0.9985923989543535,0.9977845472168374,0.9975083056478405,0.997646407309982,0.00018853339754599415,0.9985943210570706,0.9985943057350849,0.9985943210570706,0.9985941605136343,0.9981481481481481,0.9981481481481481,0.9981481481481481,0.9988839285714286,0.9977703455964325,0.9983268265476855,0.9984350547730829,0.9984350547730829,0.9984350547730829,0.9989384288747346,1.0,0.9994689325544344,brain_mri_nd5,classification
82,0.0002030819620171651,0.9979616222675195,0.9979616333192662,0.9979616222675195,0.997961534986777,0.996938552372622,0.9973747538831765,0.9971566054243219,0.9980298339431466,0.9971878515185602,0.9976086650724434,0.9991967871485944,1.0,0.9995982322217758,0.998338410412628,0.998062015503876,0.9982001938252804,0.00019738454289863367,0.9985943210570706,0.9985943057350849,0.9985943210570706,0.9985941605136343,0.9981481481481481,0.9981481481481481,0.9981481481481481,0.9988839285714286,0.9977703455964325,0.9983268265476855,0.9984350547730829,0.9984350547730829,0.9984350547730829,0.9989384288747346,1.0,0.9994689325544344,brain_mri_nd5,classification
83,0.0002385227077708511,0.9973993111689042,0.9973992417890125,0.9973993111689042,0.9973992264736314,0.9969365426695842,0.9967184423539707,0.9968274805819932,0.9974676420934159,0.9969066366704162,0.9971870604781997,0.9983929288871033,0.9987942122186495,0.9985935302390999,0.9972329828444937,0.9977851605758582,0.9975089952947689,0.00020889244344279298,0.9985943210570706,0.9985943057350849,0.9985943210570706,0.9985941605136343,0.9981481481481481,0.9981481481481481,0.9981481481481481,0.9988839285714286,0.9977703455964325,0.9983268265476855,0.9984350547730829,0.9984350547730829,0.9984350547730829,0.9989384288747346,1.0,0.9994689325544344,brain_mri_nd5,classification
84,0.00017779497991738714,0.998383355591481,0.9983837593269385,0.998383355591481,0.9983832675742869,0.9975956284153006,0.998468606431853,0.998031926525257,0.9985915492957746,0.9969066366704162,0.9977483816493105,0.9995979091274628,0.9991961414790996,0.9993969849246231,0.9983402489626556,0.9991694352159468,0.9987546699875467,0.00018740727717816494,0.9985943210570706,0.9985943057350849,0.9985943210570706,0.9985941605136343,0.9981481481481481,0.9981481481481481,0.9981481481481481,0.9988839285714286,0.9977703455964325,0.9983268265476855,0.9984350547730829,0.9984350547730829,0.9984350547730829,0.9989384288747346,1.0,0.9994689325544344,brain_mri_nd5,classification
85,0.00014415511103930612,0.9985942222534617,0.9985946104069685,0.9985942222534617,0.9985943454768518,0.998468606431853,0.998468606431853,0.998468606431853,0.9974711997752178,0.9983127109111362,0.9978917779339423,0.9995979091274628,0.9991961414790996,0.9993969849246231,0.9991689750692521,0.9986157253599114,0.9988922736084187,0.00023027141989547407,0.9985943210570706,0.9985943057350849,0.9985943210570706,0.9985941605136343,0.9981481481481481,0.9981481481481481,0.9981481481481481,0.9988839285714286,0.9977703455964325,0.9983268265476855,0.9984350547730829,0.9984350547730829,0.9984350547730829,0.9989384288747346,1.0,0.9994689325544344,brain_mri_nd5,classification
86,0.0001910037395823804,0.9978210444928657,0.9978214791065592,0.9978210444928657,0.9978212138375634,0.9973747538831765,0.9973747538831765,0.9973747538831765,0.9969083754918494,0.9974690663667042,0.9971886421141412,1.0,0.9991961414790996,0.9995979091274628,0.9977851605758582,0.9977851605758582,0.9977851605758582,0.00020305558940373963,0.9985943210570706,0.9985943057350849,0.9985943210570706,0.9985941605136343,0.9981481481481481,0.9981481481481481,0.9981481481481481,0.9988839285714286,0.9977703455964325,0.9983268265476855,0.9984350547730829,0.9984350547730829,0.9984350547730829,0.9989384288747346,1.0,0.9994689325544344,brain_mri_nd5,classification
87,0.00012905340416332982,0.9986645111407887,0.9986655213898731,0.9986645111407887,0.9986643874783785,0.9993423936869794,0.9973747538831765,0.9983576042921275,0.9983127109111362,0.9983127109111362,0.9983127109111362,0.9995982322217758,1.0,0.9997990757484428,0.9975138121546961,0.9997231450719822,0.9986172566371682,0.00021508808992337904,0.9985943210570706,0.9985943057350849,0.9985943210570706,0.9985941605136343,0.9981481481481481,0.9981481481481481,0.9981481481481481,0.9988839285714286,0.9977703455964325,0.9983268265476855,0.9984350547730829,0.9984350547730829,0.9984350547730829,0.9989384288747346,1.0,0.9994689325544344,brain_mri_nd5,classification
88,0.00024646239202008287,0.9977507556055387,0.9977512262022845,0.9977507556055387,0.997750887656195,0.9967198775420949,0.9971559833734412,0.9969378827646544,0.9974683544303797,0.9971878515185602,0.9973280832513008,0.9995975855130784,0.9983922829581994,0.9989945706816811,0.9980630879911455,0.9986157253599114,0.9983393301965126,0.00021508534177410867,0.9985943210570706,0.9985943057350849,0.9985943210570706,0.9985941605136343,0.9981481481481481,0.9981481481481481,0.9981481481481481,0.9988839285714286,0.9977703455964325,0.9983268265476855,0.9984350547730829,0.9984350547730829,0.9984350547730829,0.9989384288747346,1.0,0.9994689325544344,brain_mri_nd5,classification
89,0.0002309469727377068,0.9973290222815773,0.9973304880695362,0.9973290222815773,0.9973292946168614,0.9956331877729258,0.9975935243929118,0.9966123920882963,0.9966216216216216,0.9955005624296963,0.996060776589758,0.999195494770716,0.9983922829581994,0.9987937273823885,0.9988916597395401,0.998062015503876,0.9984766652818169,0.00019259076364217965,0.9985943210570706,0.9985943057350849,0.9985943210570706,0.9985941605136343,0.9981481481481481,0.9981481481481481,0.9981481481481481,0.9988839285714286,0.9977703455964325,0.9983268265476855,0.9984350547730829,0.9984350547730829,0.9984350547730829,0.9989384288747346,1.0,0.9994689325544344,brain_mri_nd5,classification
90,0.00012736961228093646,0.9988050889154425,0.9988052856038112,0.9988050889154425,0.9988051492057114,0.998468606431853,0.998468606431853,0.998468606431853,0.9980320494798988,0.9983127109111362,0.9981723604667511,1.0,0.9991961414790996,0.9995979091274628,0.9991696650982563,0.9994462901439646,0.9993079584775086,0.00021847393569921002,0.9985943210570706,0.9985943057350849,0.9985943210570706,0.9985941605136343,0.9981481481481481,0.9981481481481481,0.9981481481481481,0.9988839285714286,0.9977703455964325,0.9983268265476855,0.9984350547730829,0.9984350547730829,0.9984350547730829,0.9989384288747346,1.0,0.9994689325544344,brain_mri_nd5,classification
91,0.0002069629246632437,0.9978210444928657,0.9978208353590374,0.9978210444928657,0.9978208624864614,0.9975935243929118,0.9975935243929118,0.9975935243929118,0.9974669293554742,0.9966254218222722,0.9970459980306654,0.9987951807228915,0.9995980707395499,0.9991964644435516,0.9977857735953501,0.998062015503876,0.9979238754325259,0.00019102771089937122,0.9985943210570706,0.9985943057350849,0.9985943210570706,0.9985941605136343,0.9981481481481481,0.9981481481481481,0.9981481481481481,0.9988839285714286,0.9977703455964325,0.9983268265476855,0.9984350547730829,0.9984350547730829,0.9984350547730829,0.9989384288747346,1.0,0.9994689325544344,brain_mri_nd5,classification
92,0.0002122357585348105,0.9983130667041541,0.9983135232802314,0.9983130667041541,0.9983131849247795,0.9991241515217867,0.9982498359221177,0.9986868023637557,0.9974697779027271,0.9977502812148481,0.9976100098411359,0.9991961414790996,0.9991961414790996,0.9991961414790996,0.9975103734439834,0.9983388704318937,0.9979244499792445,0.00020645174305123861,0.9988754568456565,0.9988754947391244,0.9988754568456565,0.9988753361730748,0.9990732159406858,0.9981481481481481,0.998610467809171,0.9988851727982163,0.9988851727982163,0.9988851727982163,0.9984350547730829,0.9984350547730829,0.9984350547730829,0.9989384288747346,1.0,0.9994689325544344,brain_mri_nd5,classification
93,0.00016326624812257657,0.998383355591481,0.9983837696860484,0.998383355591481,0.9983834696541014,0.9973770491803279,0.9982498359221177,0.9978132516947299,0.9985931344963421,0.9980314960629921,0.9983122362869198,0.9995979091274628,0.9991961414790996,0.9993969849246231,0.9986153420105234,0.9983388704318937,0.9984770870829295,0.0001987545025286126,0.9985943210570706,0.9985943057350849,0.9985943210570706,0.9985941605136343,0.9981481481481481,0.9981481481481481,0.9981481481481481,0.9988839285714286,0.9977703455964325,0.9983268265476855,0.9984350547730829,0.9984350547730829,0.9984350547730829,0.9989384288747346,1.0,0.9994689325544344,brain_mri_nd5,classification
94,0.00016972864375907593,0.9983130667041541,0.9983140623020813,0.9983130667041541,0.9983132847278638,0.9969418960244648,0.998468606431853,0.9977046671767407,0.998592738530819,0.9977502812148481,0.9981713321142214,0.999597747385358,0.9987942122186495,0.9991958182549256,0.9988919667590028,0.9983388704318937,0.9986153420105234,0.00020755539571519092,0.9985943210570706,0.9985943057350849,0.9985943210570706,0.9985941605136343,0.9981481481481481,0.9981481481481481,0.9981481481481481,0.9988839285714286,0.9977703455964325,0.9983268265476855,0.9984350547730829,0.9984350547730829,0.9984350547730829,0.9989384288747346,1.0,0.9994689325544344,brain_mri_nd5,classification
95,0.00016963616168136293,0.998383355591481,0.998383230026286,0.998383355591481,0.9983832819140579,0.9978118161925602,0.9975935243929118,0.9977026583524778,0.9980314960629921,0.9980314960629921,0.9980314960629921,0.9995982322217758,1.0,0.9997990757484428,0.9986157253599114,0.9986157253599114,0.9986157253599114,0.00018964047686301975,0.9985943210570706,0.9985943057350849,0.9985943210570706,0.9985941605136343,0.9981481481481481,0.9981481481481481,0.9981481481481481,0.9988839285714286,0.9977703455964325,0.9983268265476855,0.9984350547730829,0.9984350547730829,0.9984350547730829,0.9989384288747346,1.0,0.9994689325544344,brain_mri_nd5,classification
96,0.0001622448840070661,0.9978210444928657,0.9978216403295138,0.9978210444928657,0.9978212716336169,0.9975935243929118,0.9975935243929118,0.9975935243929118,0.9960663107614498,0.9969066366704162,0.9964862965565706,1.0,0.9995980707395499,0.9997989949748743,0.9983379501385041,0.9977851605758582,0.9980614788147327,0.00019946208657972217,0.9985943210570706,0.9985943057350849,0.9985943210570706,0.9985941605136343,0.9981481481481481,0.9981481481481481,0.9981481481481481,0.9988839285714286,0.9977703455964325,0.9983268265476855,0.9984350547730829,0.9984350547730829,0.9984350547730829,0.9989384288747346,1.0,0.9994689325544344,brain_mri_nd5,classification
97,0.0001323839620667147,0.9984536444788079,0.9984544246018898,0.9984536444788079,0.9984537783113352,0.9973770491803279,0.9982498359221177,0.9978132516947299,0.9980326025857224,0.9985939257592801,0.9983131852684847,0.9995980707395499,0.9995980707395499,0.9995980707395499,0.9994453688297282,0.9977851605758582,0.998614574674425,0.0001878450554597484,0.9988754568456565,0.9988754947391244,0.9988754568456565,0.9988753361730748,0.9990732159406858,0.9981481481481481,0.998610467809171,0.9988851727982163,0.9988851727982163,0.9988851727982163,0.9984350547730829,0.9984350547730829,0.9984350547730829,0.9989384288747346,1.0,0.9994689325544344,brain_mri_nd5,classification
98,0.00014393650668391103,0.9981724889295003,0.9981725181221918,0.9981724889295003,0.9981723342800394,0.998466929478756,0.9973747538831765,0.9979205428477619,0.9974697779027271,0.9977502812148481,0.9976100098411359,0.9987956643918106,1.0,0.9993974693713598,0.9980625518959314,0.9983388704318937,0.9982006920415225,0.00019356542515341633,0.9985943210570706,0.9985943057350849,0.9985943210570706,0.9985941605136343,0.9981481481481481,0.9981481481481481,0.9981481481481481,0.9988839285714286,0.9977703455964325,0.9983268265476855,0.9984350547730829,0.9984350547730829,0.9984350547730829,0.9989384288747346,1.0,0.9994689325544344,brain_mri_nd5,classification
99,0.0001454673312636278,0.9986645111407887,0.9986645111407887,0.9986645111407887,0.9986645111407887,0.9982498359221177,0.9982498359221177,0.9982498359221177,0.9983127109111362,0.9983127109111362,0.9983127109111362,0.9995980707395499,0.9995980707395499,0.9995980707395499,0.9988925802879292,0.9988925802879292,0.9988925802879292,0.00020419099466814118,0.9985943210570706,0.9985943057350849,0.9985943210570706,0.9985941605136343,0.9981481481481481,0.9981481481481481,0.9981481481481481,0.9988839285714286,0.9977703455964325,0.9983268265476855,0.9984350547730829,0.9984350547730829,0.9984350547730829,0.9989384288747346,1.0,0.9994689325544344,brain_mri_nd5,classification
100,0.00015874743632939762,0.9985942222534617,0.9985941120903994,0.9985942222534617,0.9985941551808636,0.9982498359221177,0.9982498359221177,0.9982498359221177,0.9980309423347398,0.9977502812148481,0.9978905920405007,0.9995982322217758,1.0,0.9997990757484428,0.9988925802879292,0.9988925802879292,0.9988925802879292,0.00019569766983381845,0.9988754568456565,0.9988754947391244,0.9988754568456565,0.9988753361730748,0.9990732159406858,0.9981481481481481,0.998610467809171,0.9988851727982163,0.9988851727982163,0.9988851727982163,0.9984350547730829,0.9984350547730829,0.9984350547730829,0.9989384288747346,1.0,0.9994689325544344,brain_mri_nd5,classification
101,0.00018481419654622978,0.9982427778168271,0.9982431235949719,0.9982427778168271,0.9982427873152565,0.9982490698183409,0.9978122949026471,0.9980306345733042,0.9985931344963421,0.9980314960629921,0.9983122362869198,0.9987937273823885,0.9983922829581994,0.9985929648241206,0.9975117500691181,0.9988925802879292,0.9982016876469775,0.00020578730770225842,0.9985943210570706,0.9985943057350849,0.9985943210570706,0.9985941605136343,0.9981481481481481,0.9981481481481481,0.9981481481481481,0.9988839285714286,0.9977703455964325,0.9983268265476855,0.9984350547730829,0.9984350547730829,0.9984350547730829,0.9989384288747346,1.0,0.9994689325544344,brain_mri_nd5,classification
102,0.0002036293030530419,0.9978210444928657,0.9978212941732397,0.9978210444928657,0.9978209184361935,0.9969398907103825,0.9978122949026471,0.9973759020336759,0.9980281690140845,0.9963442069741283,0.9971854770616381,0.9987946966653274,0.9991961414790996,0.9989953787422142,0.9980625518959314,0.9983388704318937,0.9982006920415225,0.0002097458266218826,0.9985943210570706,0.9985943057350849,0.9985943210570706,0.9985941605136343,0.9981481481481481,0.9981481481481481,0.9981481481481481,0.9988839285714286,0.9977703455964325,0.9983268265476855,0.9984350547730829,0.9984350547730829,0.9984350547730829,0.9989384288747346,1.0,0.9994689325544344,brain_mri_nd5,classification
103,0.000158456266649396,0.9983130667041541,0.9983130248281802,0.9983130667041541,0.9983129046032652,0.9980306345733042,0.9978122949026471,0.997921452795099,0.998030388294879,0.9974690663667042,0.9977496483825598,0.9983948635634029,1.0,0.9991967871485944,0.9988922736084187,0.9986157253599114,0.9987539803405787,0.00020415711088111059,0.9988754568456565,0.9988754947391244,0.9988754568456565,0.9988753361730748,0.9990732159406858,0.9981481481481481,0.998610467809171,0.9988851727982163,0.9988851727982163,0.9988851727982163,0.9984350547730829,0.9984350547730829,0.9984350547730829,0.9989384288747346,1.0,0.9994689325544344,brain_mri_nd5,classification
104,0.00015143428178057464,0.9984536444788079,0.9984538829295007,0.9984536444788079,0.9984534800066452,0.9982498359221177,0.9982498359221177,0.9982498359221177,0.9988732394366198,0.9971878515185602,0.9980298339431466,0.9987951807228915,0.9995980707395499,0.9991964644435516,0.9980641592920354,0.9991694352159468,0.9986164914222468,0.00020272669085721814,0.9985943210570706,0.9985943057350849,0.9985943210570706,0.9985941605136343,0.9981481481481481,0.9981481481481481,0.9981481481481481,0.9988839285714286,0.9977703455964325,0.9983268265476855,0.9984350547730829,0.9984350547730829,0.9984350547730829,0.9989384288747346,1.0,0.9994689325544344,brain_mri_nd5,classification
105,0.0002102475051880974,0.9978913333801926,0.9978918792712566,0.9978913333801926,0.9978914577345684,0.9969405594405595,0.9980310654123824,0.9974855143762983,0.9974676420934159,0.9969066366704162,0.9971870604781997,0.999597747385358,0.9987942122186495,0.9991958182549256,0.998338410412628,0.998062015503876,0.9982001938252804,0.00019519535110523996,0.9988754568456565,0.9988754947391244,0.9988754568456565,0.9988753361730748,0.9990732159406858,0.9981481481481481,0.998610467809171,0.9988851727982163,0.9988851727982163,0.9988851727982163,0.9984350547730829,0.9984350547730829,0.9984350547730829,0.9989384288747346,1.0,0.9994689325544344,brain_mri_nd5,classification
106,0.00011092524048880675,0.9988753778027694,0.9988755486894761,0.9988753778027694,0.998875396441181,0.9986868023637557,0.9982498359221177,0.9984682713347921,0.9983141331834785,0.999156355455568,0.9987350667603654,1.0,0.9995980707395499,0.9997989949748743,0.9988925802879292,0.9988925802879292,0.9988925802879292,0.00022595960941517948,0.9985943210570706,0.9985943057350849,0.9985943210570706,0.9985941605136343,0.9981481481481481,0.9981481481481481,0.9981481481481481,0.9988839285714286,0.9977703455964325,0.9983268265476855,0.9984350547730829,0.9984350547730829,0.9984350547730829,0.9989384288747346,1.0,0.9994689325544344,brain_mri_nd5,classification
107,0.00023418034681778197,0.9977507556055387,0.9977506623784188,0.9977507556055387,0.9977506970093664,0.9971559833734412,0.9971559833734412,0.9971559833734412,0.9974683544303797,0.9971878515185602,0.9973280832513008,0.9987946966653274,0.9991961414790996,0.9989953787422142,0.998062015503876,0.998062015503876,0.998062015503876,0.00020472592351377425,0.9985943210570706,0.9985943057350849,0.9985943210570706,0.9985941605136343,0.9981481481481481,0.9981481481481481,0.9981481481481481,0.9988839285714286,0.9977703455964325,0.9983268265476855,0.9984350547730829,0.9984350547730829,0.9984350547730829,0.9989384288747346,1.0,0.9994689325544344,brain_mri_nd5,classification
108,0.00016953562872572787,0.9981724889295003,0.9981726501134319,0.9981724889295003,0.9981724645541168,0.9982490698183409,0.9978122949026471,0.9980306345733042,0.9977496483825598,0.9974690663667042,0.9976093376459008,0.9991958182549256,0.9987942122186495,0.9989949748743718,0.9977876106194691,0.9988925802879292,0.9983397897066962,0.00020169998721297734,0.9985943210570706,0.9985943057350849,0.9985943210570706,0.9985941605136343,0.9981481481481481,0.9981481481481481,0.9981481481481481,0.9988839285714286,0.9977703455964325,0.9983268265476855,0.9984350547730829,0.9984350547730829,0.9984350547730829,0.9989384288747346,1.0,0.9994689325544344,brain_mri_nd5,classification
109,0.00016486421146616261,0.9981724889295003,0.9981729813738813,0.9981724889295003,0.9981725856643489,0.9973770491803279,0.9982498359221177,0.9978132516947299,0.998030388294879,0.9974690663667042,0.9977496483825598,0.9995975855130784,0.9983922829581994,0.9989945706816811,0.9983393301965126,0.9986157253599114,0.998477508650519,0.00019823943216824914,0.9985943210570706,0.9985943057350849,0.9985943210570706,0.9985941605136343,0.9981481481481481,0.9981481481481481,0.9981481481481481,0.9988839285714286,0.9977703455964325,0.9983268265476855,0.9984350547730829,0.9984350547730829,0.9984350547730829,0.9989384288747346,1.0,0.9994689325544344,brain_mri_nd5,classification
110,0.00011432617626310553,0.9987348000281155,0.9987347884458149,0.9987348000281155,0.9987347302368432,0.9986868023637557,0.9982498359221177,0.9984682713347921,0.9983122362869198,0.9980314960629921,0.9981718464351006,0.9995980707395499,0.9995980707395499,0.9995980707395499,0.9986168741355463,0.9994462901439646,0.9990314099903141,0.00021538626448169124,0.9985943210570706,0.9985943057350849,0.9985943210570706,0.9985941605136343,0.9981481481481481,0.9981481481481481,0.9981481481481481,0.9988839285714286,0.9977703455964325,0.9983268265476855,0.9984350547730829,0.9984350547730829,0.9984350547730829,0.9989384288747346,1.0,0.9994689325544344,brain_mri_nd5,classification
111,0.0001692527506540129,0.9982427778168271,0.9982431773591008,0.9982427778168271,0.9982428387303769,0.9975956284153006,0.998468606431853,0.998031926525257,0.9983112862369828,0.9974690663667042,0.9978899985933324,0.999597747385358,0.9987942122186495,0.9991958182549256,0.9980625518959314,0.9983388704318937,0.9982006920415225,0.00020143322600641036,0.9985943210570706,0.9985943057350849,0.9985943210570706,0.9985941605136343,0.9981481481481481,0.9981481481481481,0.9981481481481481,0.9988839285714286,0.9977703455964325,0.9983268265476855,0.9984350547730829,0.9984350547730829,0.9984350547730829,0.9989384288747346,1.0,0.9994689325544344,brain_mri_nd5,classification
112,0.00020893005212405994,0.9979616222675195,0.9979618919794824,0.9979616222675195,0.9979616305952411,0.9978108581436077,0.9971559833734412,0.9974833132727869,0.9974711997752178,0.9983127109111362,0.9978917779339423,0.999195494770716,0.9983922829581994,0.9987937273823885,0.9977863862755949,0.9983388704318937,0.9980625518959314,0.00020292434579365299,0.9985943210570706,0.9985943057350849,0.9985943210570706,0.9985941605136343,0.9981481481481481,0.9981481481481481,0.9981481481481481,0.9988839285714286,0.9977703455964325,0.9983268265476855,0.9984350547730829,0.9984350547730829,0.9984350547730829,0.9989384288747346,1.0,0.9994689325544344,brain_mri_nd5,classification
113,0.00015175130056950133,0.9982427778168271,0.9982431467066797,0.9982427778168271,0.9982429186658034,0.9973759020336759,0.9978122949026471,0.997594050743657,0.9974690663667042,0.9974690663667042,0.9974690663667042,1.0,0.9991961414790996,0.9995979091274628,0.9988925802879292,0.9988925802879292,0.9988925802879292,0.00021284916002619085,0.9985943210570706,0.9985943057350849,0.9985943210570706,0.9985941605136343,0.9981481481481481,0.9981481481481481,0.9981481481481481,0.9988839285714286,0.9977703455964325,0.9983268265476855,0.9984350547730829,0.9984350547730829,0.9984350547730829,0.9989384288747346,1.0,0.9994689325544344,brain_mri_nd5,classification
114,0.00017586892815731398,0.9978210444928657,0.9978235745184986,0.9978210444928657,0.9978213328492463,0.9960707269155207,0.9982498359221177,0.9971590909090909,0.9971886421141412,0.9974690663667042,0.9973288345283284,0.9995980707395499,0.9995980707395499,0.9995980707395499,0.9994445987225771,0.9964008859357697,0.9979204214612505,0.00020402250715694122,0.9985943210570706,0.9985943057350849,0.9985943210570706,0.9985941605136343,0.9981481481481481,0.9981481481481481,0.9981481481481481,0.9988839285714286,0.9977703455964325,0.9983268265476855,0.9984350547730829,0.9984350547730829,0.9984350547730829,0.9989384288747346,1.0,0.9994689325544344,brain_mri_nd5,classification
115,0.0001966890877590269,0.9976804667182119,0.9976810327625277,0.9976804667182119,0.9976800938669277,0.9967234600262124,0.9982498359221177,0.9974860640507159,0.9980265012686778,0.9955005624296963,0.9967619315782064,0.9983942191890807,0.9995980707395499,0.9989957822855995,0.9980614788147327,0.9977851605758582,0.9979233005676312,0.00020393256997417673,0.9985943210570706,0.9985943057350849,0.9985943210570706,0.9985941605136343,0.9981481481481481,0.9981481481481481,0.9981481481481481,0.9988839285714286,0.9977703455964325,0.9983268265476855,0.9984350547730829,0.9984350547730829,0.9984350547730829,0.9989384288747346,1.0,0.9994689325544344,brain_mri_nd5,classification
116,0.00014937331459620164,0.9985942222534617,0.9985946609270493,0.9985942222534617,0.9985943322554588,0.9975956284153006,0.998468606431853,0.998031926525257,0.9983117613956106,0.9977502812148481,0.9980309423347398,1.0,0.9991961414790996,0.9995979091274628,0.9991694352159468,0.9991694352159468,0.9991694352159468,0.0002089126359531272,0.9988754568456565,0.9988754947391244,0.9988754568456565,0.9988753361730748,0.9990732159406858,0.9981481481481481,0.998610467809171,0.9988851727982163,0.9988851727982163,0.9988851727982163,0.9984350547730829,0.9984350547730829,0.9984350547730829,0.9989384288747346,1.0,0.9994689325544344,brain_mri_nd5,classification
117,0.00012201445511994542,0.9985942222534617,0.9985943456446078,0.9985942222534617,0.9985941966071464,0.9984676007005254,0.9978122949026471,0.9981398402451034,0.9977515458122541,0.9983127109111362,0.9980320494798988,0.9987951807228915,0.9995980707395499,0.9991964644435516,0.9994461368042094,0.9991694352159468,0.9993077668558771,0.0001924159727518929,0.9985943210570706,0.9985943057350849,0.9985943210570706,0.9985941605136343,0.9981481481481481,0.9981481481481481,0.9981481481481481,0.9988839285714286,0.9977703455964325,0.9983268265476855,0.9984350547730829,0.9984350547730829,0.9984350547730829,0.9989384288747346,1.0,0.9994689325544344,brain_mri_nd5,classification
118,0.000150837298313321,0.9981724889295003,0.9981733309366995,0.9981724889295003,0.9981727011601297,0.9967227441555604,0.9980310654123824,0.9973764757324005,0.9983112862369828,0.9974690663667042,0.9978899985933324,0.9995979091274628,0.9991961414790996,0.9993969849246231,0.9988919667590028,0.9983388704318937,0.9986153420105234,0.0001940309640353596,0.9985943210570706,0.9985943057350849,0.9985943210570706,0.9985941605136343,0.9981481481481481,0.9981481481481481,0.9981481481481481,0.9988839285714286,0.9977703455964325,0.9983268265476855,0.9984350547730829,0.9984350547730829,0.9984350547730829,0.9989384288747346,1.0,0.9994689325544344,brain_mri_nd5,classification
119,0.00017305114778473185,0.9980319111548465,0.9980322588286055,0.9980319111548465,0.9980317096599132,0.9982467674775367,0.9964996718442354,0.9973724545653602,0.9969101123595505,0.9980314960629921,0.9974704890387859,0.9991964644435516,0.9995980707395499,0.9993972272453285,0.9980636237897649,0.9988925802879292,0.9984779299847792,0.00020010358319500193,0.9988754568456565,0.9988754947391244,0.9988754568456565,0.9988753361730748,0.9990732159406858,0.9981481481481481,0.998610467809171,0.9988851727982163,0.9988851727982163,0.9988851727982163,0.9984350547730829,0.9984350547730829,0.9984350547730829,0.9989384288747346,1.0,0.9994689325544344,brain_mri_nd5,classification
120,0.00018796023727804984,0.9977507556055387,0.9977521167529813,0.9977507556055387,0.9977507836710079,0.9984655852696186,0.9964996718442354,0.9974816599145955,0.9966329966329966,0.9988751406074241,0.9977528089887641,0.9995979091274628,0.9991961414790996,0.9993969849246231,0.9966795794133924,0.9972314507198228,0.9969554386936064,0.00020253445394470397,0.9985943210570706,0.9985943057350849,0.9985943210570706,0.9985941605136343,0.9981481481481481,0.9981481481481481,0.9981481481481481,0.9988839285714286,0.9977703455964325,0.9983268265476855,0.9984350547730829,0.9984350547730829,0.9984350547730829,0.9989384288747346,1.0,0.9994689325544344,brain_mri_nd5,classification
121,0.00017684834248118053,0.9981724889295003,0.9981726428383605,0.9981724889295003,0.998172378015644,0.9980293409240202,0.9971559833734412,0.9975924710002189,0.9971910112359551,0.9983127109111362,0.9977515458122541,0.9991967871485944,1.0,0.9995982322217758,0.9986149584487535,0.998062015503876,0.998338410412628,0.00020772079915356163,0.9985943210570706,0.9985943057350849,0.9985943210570706,0.9985941605136343,0.9981481481481481,0.9981481481481481,0.9981481481481481,0.9988839285714286,0.9977703455964325,0.9983268265476855,0.9984350547730829,0.9984350547730829,0.9984350547730829,0.9989384288747346,1.0,0.9994689325544344,brain_mri_nd5,classification
122,0.00011255023182647784,0.9986645111407887,0.9986650912673296,0.9986645111407887,0.998664566799441,0.9982502187226596,0.998468606431853,0.9983594006343651,0.9980342600393148,0.999437570303712,0.998735422228467,1.0,0.9987942122186495,0.9993967424090087,0.9988916597395401,0.998062015503876,0.9984766652818169,0.0002018593437421935,0.9985943210570706,0.9985943057350849,0.9985943210570706,0.9985941605136343,0.9981481481481481,0.9981481481481481,0.9981481481481481,0.9988839285714286,0.9977703455964325,0.9983268265476855,0.9984350547730829,0.9984350547730829,0.9984350547730829,0.9989384288747346,1.0,0.9994689325544344,brain_mri_nd5,classification
123,0.00015022559873763578,0.9981724889295003,0.9981725556354699,0.9981724889295003,0.9981722222765824,0.9980280455740579,0.9964996718442354,0.9972632731253421,0.9971910112359551,0.9983127109111362,0.9977515458122541,0.9987951807228915,0.9995980707395499,0.9991964644435516,0.9988928867976751,0.9991694352159468,0.9990311418685122,0.0001919435963179545,0.9988754568456565,0.9988754947391244,0.9988754568456565,0.9988753361730748,0.9990732159406858,0.9981481481481481,0.998610467809171,0.9988851727982163,0.9988851727982163,0.9988851727982163,0.9984350547730829,0.9984350547730829,0.9984350547730829,0.9989384288747346,1.0,0.9994689325544344,brain_mri_nd5,classification
124,0.00018925833060847447,0.9977507556055387,0.9977510919186691,0.9977507556055387,0.9977506132370079,0.9978089395267309,0.9962809013345001,0.9970443349753695,0.996629213483146,0.9977502812148481,0.9971894322653176,0.9991961414790996,0.9991961414790996,0.9991961414790996,0.9977869986168741,0.9986157253599114,0.9982011899820119,0.00020881003310067818,0.9985943210570706,0.9985943057350849,0.9985943210570706,0.9985941605136343,0.9981481481481481,0.9981481481481481,0.9981481481481481,0.9988839285714286,0.9977703455964325,0.9983268265476855,0.9984350547730829,0.9984350547730829,0.9984350547730829,0.9989384288747346,1.0,0.9994689325544344,brain_mri_nd5,classification
125,0.00017869613028146452,0.9983130667041541,0.9983131978321457,0.9983130667041541,0.9983129424773791,0.9982483030435735,0.9973747538831765,0.9978113372729263,0.9980314960629921,0.9980314960629921,0.9980314960629921,0.9991958182549256,0.9987942122186495,0.9989949748743718,0.9980646944982029,0.9994462901439646,0.9987550145248305,0.0002087744912444673,0.9985943210570706,0.9985943057350849,0.9985943210570706,0.9985941605136343,0.9981481481481481,0.9981481481481481,0.9981481481481481,0.9988839285714286,0.9977703455964325,0.9983268265476855,0.9984350547730829,0.9984350547730829,0.9984350547730829,0.9989384288747346,1.0,0.9994689325544344,brain_mri_nd5,classification
126,0.0002118593921630733,0.9981724889295003,0.9981725181697586,0.9981724889295003,0.9981724173442744,0.9973759020336759,0.9978122949026471,0.997594050743657,0.9974669293554742,0.9966254218222722,0.9970459980306654,1.0,0.9995980707395499,0.9997989949748743,0.9986164914222468,0.9991694352159468,0.9988928867976751,0.0002078957231557392,0.9985943210570706,0.9985943057350849,0.9985943210570706,0.9985941605136343,0.9981481481481481,0.9981481481481481,0.9981481481481481,0.9988839285714286,0.9977703455964325,0.9983268265476855,0.9984350547730829,0.9984350547730829,0.9984350547730829,0.9989384288747346,1.0,0.9994689325544344,brain_mri_nd5,classification
127,0.000161563677322781,0.998383355591481,0.9983834404818352,0.998383355591481,0.9983833698525454,0.9984682713347921,0.9982498359221177,0.9983590416803413,0.9983122362869198,0.9980314960629921,0.9981718464351006,0.9991961414790996,0.9991961414790996,0.9991961414790996,0.9977863862755949,0.9983388704318937,0.9980625518959314,0.00021707991999907525,0.9988754568456565,0.9988754947391244,0.9988754568456565,0.9988753361730748,0.9990732159406858,0.9981481481481481,0.998610467809171,0.9988851727982163,0.9988851727982163,0.9988851727982163,0.9984350547730829,0.9984350547730829,0.9984350547730829,0.9989384288747346,1.0,0.9994689325544344,brain_mri_nd5,classification
128,0.00019802594118577952,0.9978210444928657,0.9978221245782455,0.9978210444928657,0.9978212860119753,0.9965050240279598,0.9980310654123824,0.9972674609246912,0.9977496483825598,0.9974690663667042,0.9976093376459008,0.998793242156074,0.9979903536977492,0.9983916365098512,0.9988913525498891,0.9977851605758582,0.9983379501385041,0.00020066294448591493,0.9985943210570706,0.9985943057350849,0.9985943210570706,0.9985941605136343,0.9981481481481481,0.9981481481481481,0.9981481481481481,0.9988839285714286,0.9977703455964325,0.9983268265476855,0.9984350547730829,0.9984350547730829,0.9984350547730829,0.9989384288747346,1.0,0.9994689325544344,brain_mri_nd5,classification
129,0.0001164543965178555,0.9984536444788079,0.9984539825646586,0.9984536444788079,0.9984536869323257,0.9982486865148862,0.9975935243929118,0.997920997920998,0.9977521775779713,0.9985939257592801,0.9981728742094167,1.0,0.9991961414790996,0.9995979091274628,0.9983397897066962,0.9988925802879292,0.9986161084970938,0.00021541630059419213,0.9985943210570706,0.9985943057350849,0.9985943210570706,0.9985941605136343,0.9981481481481481,0.9981481481481481,0.9981481481481481,0.9988839285714286,0.9977703455964325,0.9983268265476855,0.9984350547730829,0.9984350547730829,0.9984350547730829,0.9989384288747346,1.0,0.9994689325544344,brain_mri_nd5,classification
130,0.00023966827999778178,0.9981022000421733,0.9981028054574602,0.9981022000421733,0.9981021634483666,0.9971603320227174,0.9986873769415883,0.9979232703027653,0.997747113489158,0.9963442069741283,0.9970451667370198,1.0,0.9991961414790996,0.9995979091274628,0.9983388704318937,0.9983388704318937,0.9983388704318937,0.00019841604244008826,0.9985943210570706,0.9985943057350849,0.9985943210570706,0.9985941605136343,0.9981481481481481,0.9981481481481481,0.9981481481481481,0.9988839285714286,0.9977703455964325,0.9983268265476855,0.9984350547730829,0.9984350547730829,0.9984350547730829,0.9989384288747346,1.0,0.9994689325544344,brain_mri_nd5,classification
131,0.00011782034430990643,0.9988753778027694,0.9988754577321801,0.9988753778027694,0.9988754079747358,0.9989061474513236,0.9989061474513236,0.9989061474513236,0.9980320494798988,0.9983127109111362,0.9981723604667511,0.9995980707395499,0.9995980707395499,0.9995980707395499,0.999169205206314,0.9988925802879292,0.9990308735982278,0.00022506657200151885,0.9988754568456565,0.9988754947391244,0.9988754568456565,0.9988753361730748,0.9990732159406858,0.9981481481481481,0.998610467809171,0.9988851727982163,0.9988851727982163,0.9988851727982163,0.9984350547730829,0.9984350547730829,0.9984350547730829,0.9989384288747346,1.0,0.9994689325544344,brain_mri_nd5,classification
132,0.0001485324816502202,0.9982427778168271,0.9982427098588138,0.9982427778168271,0.998242695893575,0.9975935243929118,0.9975935243929118,0.9975935243929118,0.9983117613956106,0.9977502812148481,0.9980309423347398,0.9987951807228915,0.9995980707395499,0.9991964644435516,0.9986157253599114,0.9986157253599114,0.9986157253599114,0.00020258460101755935,0.9985943210570706,0.9985943057350849,0.9985943210570706,0.9985941605136343,0.9981481481481481,0.9981481481481481,0.9981481481481481,0.9988839285714286,0.9977703455964325,0.9983268265476855,0.9984350547730829,0.9984350547730829,0.9984350547730829,0.9989384288747346,1.0,0.9994689325544344,brain_mri_nd5,classification
133,0.0002038278640170892,0.9977507556055387,0.9977504946711887,0.9977507556055387,0.997750470519231,0.9973741794310722,0.9971559833734412,0.9972650694672356,0.9974662162162162,0.9963442069741283,0.9969048958919527,0.9987951807228915,0.9995980707395499,0.9991964644435516,0.9977869986168741,0.9986157253599114,0.9982011899820119,0.00020737762540858396,0.9988754568456565,0.9988754947391244,0.9988754568456565,0.9988753361730748,0.9990732159406858,0.9981481481481481,0.998610467809171,0.9988851727982163,0.9988851727982163,0.9988851727982163,0.9984350547730829,0.9984350547730829,0.9984350547730829,0.9989384288747346,1.0,0.9994689325544344,brain_mri_nd5,classification
134,0.00015070117738491263,0.998383355591481,0.9983836821943521,0.998383355591481,0.9983834512699369,0.9978137297770004,0.998468606431853,0.9981410606889011,0.9977502812148481,0.9977502812148481,0.9977502812148481,0.999597747385358,0.9987942122186495,0.9991958182549256,0.9988922736084187,0.9986157253599114,0.9987539803405787,0.00019770605151750933,0.9988754568456565,0.9988754947391244,0.9988754568456565,0.9988753361730748,0.9990732159406858,0.9981481481481481,0.998610467809171,0.9988851727982163,0.9988851727982163,0.9988851727982163,0.9984350547730829,0.9984350547730829,0.9984350547730829,0.9989384288747346,1.0,0.9994689325544344,brain_mri_nd5,classification
135,0.00014777082507692776,0.9986645111407887,0.998664482092238,0.9986645111407887,0.9986644692712802,0.9984679360910483,0.9980310654123824,0.9982494529540481,0.9977509136913129,0.9980314960629921,0.9978911851539435,0.9995982322217758,1.0,0.9997990757484428,0.9991694352159468,0.9991694352159468,0.9991694352159468,0.0001994075372256948,0.9985943210570706,0.9985943057350849,0.9985943210570706,0.9985941605136343,0.9981481481481481,0.9981481481481481,0.9981481481481481,0.9988839285714286,0.9977703455964325,0.9983268265476855,0.9984350547730829,0.9984350547730829,0.9984350547730829,0.9989384288747346,1.0,0.9994689325544344,brain_mri_nd5,classification
136,0.00020847346036378817,0.997539888943558,0.997542202925111,0.997539888943558,0.9975402767989082,0.9960698689956332,0.9980310654123824,0.9970495027865807,0.9969092441697106,0.9977502812148481,0.9973295853829937,0.999597261377366,0.997588424437299,0.9985918326292497,0.9986130374479889,0.9966777408637874,0.9976444506027435,0.00020684661735154226,0.9985943210570706,0.9985943057350849,0.9985943210570706,0.9985941605136343,0.9981481481481481,0.9981481481481481,0.9981481481481481,0.9988839285714286,0.9977703455964325,0.9983268265476855,0.9984350547730829,0.9984350547730829,0.9984350547730829,0.9989384288747346,1.0,0.9994689325544344,brain_mri_nd5,classification
137,0.00016883141008902476,0.9978913333801926,0.9978913877729944,0.9978913333801926,0.9978912413354556,0.9978108581436077,0.9971559833734412,0.9974833132727869,0.9966254218222722,0.9966254218222722,0.9966254218222722,0.9995979091274628,0.9991961414790996,0.9993969849246231,0.9980641592920354,0.9991694352159468,0.9986164914222468,0.0001803369090799199,0.9988754568456565,0.9988754947391244,0.9988754568456565,0.9988753361730748,0.9990732159406858,0.9981481481481481,0.998610467809171,0.9988851727982163,0.9988851727982163,0.9988851727982163,0.9984350547730829,0.9984350547730829,0.9984350547730829,0.9989384288747346,1.0,0.9994689325544344,brain_mri_nd5,classification
138,0.00018684166176102988,0.9979616222675195,0.9979618397685541,0.9979616222675195,0.9979613787646234,0.9975935243929118,0.9975935243929118,0.9975935243929118,0.9980281690140845,0.9963442069741283,0.9971854770616381,0.9991961414790996,0.9991961414790996,0.9991961414790996,0.9975124378109452,0.9991694352159468,0.9983402489626556,0.0002201756573156071,0.9985943210570706,0.9985943057350849,0.9985943210570706,0.9985941605136343,0.9981481481481481,0.9981481481481481,0.9981481481481481,0.9988839285714286,0.9977703455964325,0.9983268265476855,0.9984350547730829,0.9984350547730829,0.9984350547730829,0.9989384288747346,1.0,0.9994689325544344,brain_mri_nd5,classification
139,0.00020973359516654843,0.9981724889295003,0.9981724889295003,0.9981724889295003,0.9981724889295003,0.9975935243929118,0.9975935243929118,0.9975935243929118,0.9971878515185602,0.9971878515185602,0.9971878515185602,0.9995980707395499,0.9995980707395499,0.9995980707395499,0.9988925802879292,0.9988925802879292,0.9988925802879292,0.00020663247774040184,0.9985943210570706,0.9985943057350849,0.9985943210570706,0.9985941605136343,0.9981481481481481,0.9981481481481481,0.9981481481481481,0.9988839285714286,0.9977703455964325,0.9983268265476855,0.9984350547730829,0.9984350547730829,0.9984350547730829,0.9989384288747346,1.0,0.9994689325544344,brain_mri_nd5,classification
140,0.00015325002367399577,0.9982427778168271,0.998242764041142,0.9982427778168271,0.9982427107647079,0.997594050743657,0.9978122949026471,0.9977031608881112,0.9983112862369828,0.9974690663667042,0.9978899985933324,0.9991964644435516,0.9995980707395499,0.9993972272453285,0.9983393301965126,0.9986157253599114,0.998477508650519,0.0002118867232535019,0.9985943210570706,0.9985943057350849,0.9985943210570706,0.9985941605136343,0.9981481481481481,0.9981481481481481,0.9981481481481481,0.9988839285714286,0.9977703455964325,0.9983268265476855,0.9984350547730829,0.9984350547730829,0.9984350547730829,0.9989384288747346,1.0,0.9994689325544344,brain_mri_nd5,classification
141,0.0001534762786914885,0.9980319111548465,0.9980343036429749,0.9980319111548465,0.9980319253006025,0.9962906393192232,0.9989061474513236,0.997596679047411,0.9988716502115655,0.9957817772778402,0.9973243205182368,1.0,0.9991961414790996,0.9995979091274628,0.9980625518959314,0.9983388704318937,0.9982006920415225,0.00019391101536071116,0.9985943210570706,0.9985943057350849,0.9985943210570706,0.9985941605136343,0.9981481481481481,0.9981481481481481,0.9981481481481481,0.9988839285714286,0.9977703455964325,0.9983268265476855,0.9984350547730829,0.9984350547730829,0.9984350547730829,0.9989384288747346,1.0,0.9994689325544344,brain_mri_nd5,classification
142,0.00016060595693749433,0.9981022000421733,0.998102274928972,0.9981022000421733,0.9981019807165454,0.9982479194042926,0.9971559833734412,0.9977016526212105,0.998030388294879,0.9974690663667042,0.9977496483825598,0.9979927739863509,0.9991961414790996,0.9985940951998393,0.9980641592920354,0.9991694352159468,0.9986164914222468,0.000197824368251306,0.9988754568456565,0.9988754947391244,0.9988754568456565,0.9988753361730748,0.9990732159406858,0.9981481481481481,0.998610467809171,0.9988851727982163,0.9988851727982163,0.9988851727982163,0.9984350547730829,0.9984350547730829,0.9984350547730829,0.9989384288747346,1.0,0.9994689325544344,brain_mri_nd5,classification
143,0.0001962157565483407,0.9981724889295003,0.9981726556596986,0.9981724889295003,0.9981723825509049,0.9980293409240202,0.9971559833734412,0.9975924710002189,0.9980314960629921,0.9980314960629921,0.9980314960629921,0.9991958182549256,0.9987942122186495,0.9989949748743718,0.9977882222836605,0.9991694352159468,0.998478351085904,0.000219807892401982,0.9985943210570706,0.9985943057350849,0.9985943210570706,0.9985941605136343,0.9981481481481481,0.9981481481481481,0.9981481481481481,0.9988839285714286,0.9977703455964325,0.9983268265476855,0.9984350547730829,0.9984350547730829,0.9984350547730829,0.9989384288747346,1.0,0.9994689325544344,brain_mri_nd5,classification
144,0.00018908569086636395,0.9979616222675195,0.9979615552363462,0.9979616222675195,0.9979615680757083,0.9973741794310722,0.9971559833734412,0.9972650694672356,0.9974697779027271,0.9977502812148481,0.9976100098411359,0.9991964644435516,0.9995980707395499,0.9993972272453285,0.998338410412628,0.998062015503876,0.9982001938252804,0.00020682319719351756,0.9985943210570706,0.9985943057350849,0.9985943210570706,0.9985941605136343,0.9981481481481481,0.9981481481481481,0.9981481481481481,0.9988839285714286,0.9977703455964325,0.9983268265476855,0.9984350547730829,0.9984350547730829,0.9984350547730829,0.9989384288747346,1.0,0.9994689325544344,brain_mri_nd5,classification
145,0.00012386579476832062,0.9985239333661348,0.998524062827795,0.9985239333661348,0.9985239707628488,0.9978132516947299,0.9982498359221177,0.9980314960629921,0.9974683544303797,0.9971878515185602,0.9973280832513008,1.0,0.9995980707395499,0.9997989949748743,0.9994462901439646,0.9994462901439646,0.9994462901439646,0.00019741460683939566,0.9988754568456565,0.9988754947391244,0.9988754568456565,0.9988753361730748,0.9990732159406858,0.9981481481481481,0.998610467809171,0.9988851727982163,0.9988851727982163,0.9988851727982163,0.9984350547730829,0.9984350547730829,0.9984350547730829,0.9989384288747346,1.0,0.9994689325544344,brain_mri_nd5,classification
146,0.00019146943901277288,0.9974696000562311,0.9974730808028088,0.9974696000562311,0.9974696843006062,0.9952017448200654,0.9982498359221177,0.9967234600262124,0.9985887665819927,0.9949381327334084,0.996760107057332,0.9979919678714859,0.9987942122186495,0.9983929288871033,0.9988916597395401,0.998062015503876,0.9984766652818169,0.0001647359767012206,0.9988754568456565,0.9988754947391244,0.9988754568456565,0.9988753361730748,0.9990732159406858,0.9981481481481481,0.998610467809171,0.9988851727982163,0.9988851727982163,0.9988851727982163,0.9984350547730829,0.9984350547730829,0.9984350547730829,0.9989384288747346,1.0,0.9994689325544344,brain_mri_nd5,classification
147,0.00019115816746457538,0.9979616222675195,0.9979617341423134,0.9979616222675195,0.997961525995091,0.9980289093298291,0.996937212863706,0.997482762394659,0.9971902219724642,0.9980314960629921,0.997610681658468,0.9991964644435516,0.9995980707395499,0.9993972272453285,0.9977857735953501,0.998062015503876,0.9979238754325259,0.00020925374230801,0.9988754568456565,0.9988754947391244,0.9988754568456565,0.9988753361730748,0.9990732159406858,0.9981481481481481,0.998610467809171,0.9988851727982163,0.9988851727982163,0.9988851727982163,0.9984350547730829,0.9984350547730829,0.9984350547730829,0.9989384288747346,1.0,0.9994689325544344,brain_mri_nd5,classification
148,0.00016278616778341829,0.9982427778168271,0.9982435040427249,0.9982427778168271,0.9982428934283476,0.9982483030435735,0.9973747538831765,0.9978113372729263,0.9969101123595505,0.9980314960629921,0.9974704890387859,1.0,0.9987942122186495,0.9993967424090087,0.9983402489626556,0.9991694352159468,0.9987546699875467,0.0002081181204434888,0.9985943210570706,0.9985943057350849,0.9985943210570706,0.9985941605136343,0.9981481481481481,0.9981481481481481,0.9981481481481481,0.9988839285714286,0.9977703455964325,0.9983268265476855,0.9984350547730829,0.9984350547730829,0.9984350547730829,0.9989384288747346,1.0,0.9994689325544344,brain_mri_nd5,classification
149,0.0001752901182295596,0.9978913333801926,0.9978914896029412,0.9978913333801926,0.997891400596423,0.9973753280839895,0.9975935243929118,0.9974844143060265,0.9969066366704162,0.9969066366704162,0.9969066366704162,0.9995979091274628,0.9991961414790996,0.9993969849246231,0.9983388704318937,0.9983388704318937,0.9983388704318937,0.00019871119984736185,0.9988754568456565,0.9988754947391244,0.9988754568456565,0.9988753361730748,0.9990732159406858,0.9981481481481481,0.998610467809171,0.9988851727982163,0.9988851727982163,0.9988851727982163,0.9984350547730829,0.9984350547730829,0.9984350547730829,0.9989384288747346,1.0,0.9994689325544344,brain_mri_nd5,classification
150,0.0001596856060311856,0.9978913333801926,0.9978916779452957,0.9978913333801926,0.9978914446925634,0.9969392216878006,0.9975935243929118,0.9972662657189721,0.9977502812148481,0.9977502812148481,0.9977502812148481,0.9995979091274628,0.9991961414790996,0.9993969849246231,0.9980609418282549,0.9975083056478405,0.9977845472168374,0.0002096853884382762,0.9985943210570706,0.9985943057350849,0.9985943210570706,0.9985941605136343,0.9981481481481481,0.9981481481481481,0.9981481481481481,0.9988839285714286,0.9977703455964325,0.9983268265476855,0.9984350547730829,0.9984350547730829,0.9984350547730829,0.9989384288747346,1.0,0.9994689325544344,brain_mri_nd5,classification
151,0.00013309708800472023,0.9984536444788079,0.9984539506508693,0.9984536444788079,0.9984536178335522,0.9986859395532195,0.9975935243929118,0.9981394330743132,0.9977528089887641,0.9988751406074241,0.9983136593591906,0.9995980707395499,0.9995980707395499,0.9995980707395499,0.9980625518959314,0.9983388704318937,0.9982006920415225,0.000177911254243806,0.9988754568456565,0.9988754947391244,0.9988754568456565,0.9988753361730748,0.9990732159406858,0.9981481481481481,0.998610467809171,0.9988851727982163,0.9988851727982163,0.9988851727982163,0.9984350547730829,0.9984350547730829,0.9984350547730829,0.9989384288747346,1.0,0.9994689325544344,brain_mri_nd5,classification
152,0.00016081984685435542,0.9983130667041541,0.9983130480185836,0.9983130667041541,0.998312917082679,0.9978142076502732,0.9986873769415883,0.9982506013557839,0.9977477477477478,0.9966254218222722,0.9971862689926843,0.9987942122186495,0.9987942122186495,0.9987942122186495,0.9991694352159468,0.9991694352159468,0.9991694352159468,0.00019583848162899956,0.9988754568456565,0.9988754947391244,0.9988754568456565,0.9988753361730748,0.9990732159406858,0.9981481481481481,0.998610467809171,0.9988851727982163,0.9988851727982163,0.9988851727982163,0.9984350547730829,0.9984350547730829,0.9984350547730829,0.9989384288747346,1.0,0.9994689325544344,brain_mri_nd5,classification
153,0.00017558745997774304,0.9979616222675195,0.9979617752140484,0.9979616222675195,0.99796158870722,0.9982483030435735,0.9973747538831765,0.9978113372729263,0.9966263705369693,0.9969066366704162,0.9967664839027134,0.9991961414790996,0.9991961414790996,0.9991961414790996,0.9980636237897649,0.9988925802879292,0.9984779299847792,0.0001953831053400949,0.9985943210570706,0.9985943057350849,0.9985943210570706,0.9985941605136343,0.9981481481481481,0.9981481481481481,0.9981481481481481,0.9988839285714286,0.9977703455964325,0.9983268265476855,0.9984350547730829,0.9984350547730829,0.9984350547730829,0.9989384288747346,1.0,0.9994689325544344,brain_mri_nd5,classification
154,0.0001878236278373727,0.9977507556055387,0.9977519103099938,0.9977507556055387,0.9977507690195047,0.9982463831652784,0.9962809013345001,0.9972626738202124,0.9957900645523435,0.9977502812148481,0.9967692091585897,0.9991964644435516,0.9995980707395499,0.9993972272453285,0.9980625518959314,0.9983388704318937,0.9982006920415225,0.00021476860070168685,0.9985943210570706,0.9985943057350849,0.9985943210570706,0.9985941605136343,0.9981481481481481,0.9981481481481481,0.9981481481481481,0.9988839285714286,0.9977703455964325,0.9983268265476855,0.9984350547730829,0.9984350547730829,0.9984350547730829,0.9989384288747346,1.0,0.9994689325544344,brain_mri_nd5,classification
155,0.00018859223936835832,0.9980319111548465,0.9980320881398522,0.9980319111548465,0.9980318265787835,0.9978118161925602,0.9975935243929118,0.9977026583524778,0.998030388294879,0.9974690663667042,0.9977496483825598,0.998793242156074,0.9979903536977492,0.9983916365098512,0.9977882222836605,0.9991694352159468,0.998478351085904,0.00020047454130540422,0.9985943210570706,0.9985943057350849,0.9985943210570706,0.9985941605136343,0.9981481481481481,0.9981481481481481,0.9981481481481481,0.9988839285714286,0.9977703455964325,0.9983268265476855,0.9984350547730829,0.9984350547730829,0.9984350547730829,0.9989384288747346,1.0,0.9994689325544344,brain_mri_nd5,classification
156,0.00015180388867593722,0.9984536444788079,0.9984537795760001,0.9984536444788079,0.9984536337464442,0.9982509838216004,0.9989061474513236,0.9985784581738655,0.9977502812148481,0.9977502812148481,0.9977502812148481,0.9991961414790996,0.9991961414790996,0.9991961414790996,0.9988916597395401,0.998062015503876,0.9984766652818169,0.0001965922790405106,0.9985943210570706,0.9985943057350849,0.9985943210570706,0.9985941605136343,0.9981481481481481,0.9981481481481481,0.9981481481481481,0.9988839285714286,0.9977703455964325,0.9983268265476855,0.9984350547730829,0.9984350547730829,0.9984350547730829,0.9989384288747346,1.0,0.9994689325544344,brain_mri_nd5,classification
157,0.00022356889350531907,0.9976101778308849,0.9976105814781476,0.9976101778308849,0.9976101287517286,0.9975929978118162,0.9973747538831765,0.9974838639098567,0.9969040247678018,0.9960629921259843,0.9964833309888873,0.999597747385358,0.9987942122186495,0.9991958182549256,0.9969596462133775,0.9986157253599114,0.9977869986168741,0.00020744137863077167,0.9985943210570706,0.9985943057350849,0.9985943210570706,0.9985941605136343,0.9981481481481481,0.9981481481481481,0.9981481481481481,0.9988839285714286,0.9977703455964325,0.9983268265476855,0.9984350547730829,0.9984350547730829,0.9984350547730829,0.9989384288747346,1.0,0.9994689325544344,brain_mri_nd5,classification
158,0.000269758053654948,0.9973993111689042,0.9973992514774073,0.9973993111689042,0.9973992726367171,0.9969365426695842,0.9967184423539707,0.9968274805819932,0.9960629921259843,0.9960629921259843,0.9960629921259843,0.9995980707395499,0.9995980707395499,0.9995980707395499,0.9977857735953501,0.998062015503876,0.9979238754325259,0.00021235829182953455,0.9988754568456565,0.9988754947391244,0.9988754568456565,0.9988753361730748,0.9990732159406858,0.9981481481481481,0.998610467809171,0.9988851727982163,0.9988851727982163,0.9988851727982163,0.9984350547730829,0.9984350547730829,0.9984350547730829,0.9989384288747346,1.0,0.9994689325544344,brain_mri_nd5,classification
159,0.0001667258733301265,0.9985239333661348,0.9985242661817443,0.9985239333661348,0.9985240118118074,0.9980310654123824,0.9980310654123824,0.9980310654123824,0.9980320494798988,0.9983127109111362,0.9981723604667511,1.0,0.9987942122186495,0.9993967424090087,0.9986164914222468,0.9991694352159468,0.9988928867976751,0.0002037896098257306,0.9985943210570706,0.9985943057350849,0.9985943210570706,0.9985941605136343,0.9981481481481481,0.9981481481481481,0.9981481481481481,0.9988839285714286,0.9977703455964325,0.9983268265476855,0.9984350547730829,0.9984350547730829,0.9984350547730829,0.9989384288747346,1.0,0.9994689325544344,brain_mri_nd5,classification
160,0.0002578647717411769,0.9974696000562311,0.9974715795692229,0.9974696000562311,0.9974694973559451,0.9960698689956332,0.9980310654123824,0.9970495027865807,0.9983074753173484,0.9952193475815523,0.9967610195747078,0.999195171026157,0.9979903536977492,0.9985923989543535,0.9972352778545757,0.9986157253599114,0.997925024208051,0.00019393856245208453,0.9985943210570706,0.9985943057350849,0.9985943210570706,0.9985941605136343,0.9981481481481481,0.9981481481481481,0.9981481481481481,0.9988839285714286,0.9977703455964325,0.9983268265476855,0.9984350547730829,0.9984350547730829,0.9984350547730829,0.9989384288747346,1.0,0.9994689325544344,brain_mri_nd5,classification
161,0.00019859866110545017,0.997539888943558,0.9975399323193173,0.997539888943558,0.9975398756039898,0.9969358721820968,0.9964996718442354,0.9967177242888403,0.9966273187183811,0.9971878515185602,0.9969075063255552,0.9995980707395499,0.9995980707395499,0.9995980707395499,0.9977851605758582,0.9977851605758582,0.9977851605758582,0.0002049466078353983,0.9985943210570706,0.9985943057350849,0.9985943210570706,0.9985941605136343,0.9981481481481481,0.9981481481481481,0.9981481481481481,0.9988839285714286,0.9977703455964325,0.9983268265476855,0.9984350547730829,0.9984350547730829,0.9984350547730829,0.9989384288747346,1.0,0.9994689325544344,brain_mri_nd5,classification
162,0.0001806398581501363,0.9980319111548465,0.9980327266772114,0.9980319111548465,0.9980321494965617,0.9975919439579685,0.996937212863706,0.9972644709486814,0.9960685200786296,0.9974690663667042,0.996768301250527,1.0,0.9995980707395499,0.9997989949748743,0.999169205206314,0.9988925802879292,0.9990308735982278,0.00019226465726351536,0.9985943210570706,0.9985943057350849,0.9985943210570706,0.9985941605136343,0.9981481481481481,0.9981481481481481,0.9981481481481481,0.9988839285714286,0.9977703455964325,0.9983268265476855,0.9984350547730829,0.9984350547730829,0.9984350547730829,0.9989384288747346,1.0,0.9994689325544344,brain_mri_nd5,classification
163,0.00020917988162226912,0.9979616222675195,0.9979624403257075,0.9979616222675195,0.9979611681797377,0.9969418960244648,0.998468606431853,0.9977046671767407,0.9983074753173484,0.9952193475815523,0.9967610195747078,0.9995980707395499,0.9995980707395499,0.9995980707395499,0.9977876106194691,0.9988925802879292,0.9983397897066962,0.00020729876812487812,0.9985943210570706,0.9985943057350849,0.9985943210570706,0.9985941605136343,0.9981481481481481,0.9981481481481481,0.9981481481481481,0.9988839285714286,0.9977703455964325,0.9983268265476855,0.9984350547730829,0.9984350547730829,0.9984350547730829,0.9989384288747346,1.0,0.9994689325544344,brain_mri_nd5,classification
164,0.0002588905356553471,0.9978210444928657,0.9978226746265597,0.9978210444928657,0.9978210439581332,0.9960707269155207,0.9982498359221177,0.9971590909090909,0.9980265012686778,0.9955005624296963,0.9967619315782064,1.0,0.9991961414790996,0.9995979091274628,0.9983393301965126,0.9986157253599114,0.998477508650519,0.00018516197129686646,0.9985943210570706,0.9985943057350849,0.9985943210570706,0.9985941605136343,0.9981481481481481,0.9981481481481481,0.9981481481481481,0.9988839285714286,0.9977703455964325,0.9983268265476855,0.9984350547730829,0.9984350547730829,0.9984350547730829,0.9989384288747346,1.0,0.9994689325544344,brain_mri_nd5,classification
165,0.0001988155954578368,0.9976101778308849,0.9976100892794117,0.9976101778308849,0.9976101216390694,0.996937212863706,0.996937212863706,0.996937212863706,0.9963442069741283,0.9963442069741283,0.9963442069741283,0.9995982322217758,1.0,0.9997990757484428,0.998338410412628,0.998062015503876,0.9982001938252804,0.00018346149883800443,0.9988754568456565,0.9988754947391244,0.9988754568456565,0.9988753361730748,0.9990732159406858,0.9981481481481481,0.998610467809171,0.9988851727982163,0.9988851727982163,0.9988851727982163,0.9984350547730829,0.9984350547730829,0.9984350547730829,0.9989384288747346,1.0,0.9994689325544344,brain_mri_nd5,classification
166,0.00018101824260033833,0.9977507556055387,0.9977511070194236,0.9977507556055387,0.9977508943630095,0.9969378827646544,0.9971559833734412,0.9970469211418571,0.9969066366704162,0.9969066366704162,0.9969066366704162,1.0,0.9991961414790996,0.9995979091274628,0.9980625518959314,0.9983388704318937,0.9982006920415225,0.00022153684041130976,0.9985943210570706,0.9985943057350849,0.9985943210570706,0.9985941605136343,0.9981481481481481,0.9981481481481481,0.9981481481481481,0.9988839285714286,0.9977703455964325,0.9983268265476855,0.9984350547730829,0.9984350547730829,0.9984350547730829,0.9989384288747346,1.0,0.9994689325544344,brain_mri_nd5,classification
167,0.00018470059775126072,0.9981724889295003,0.9981723949579518,0.9981724889295003,0.9981724137549928,0.9975929978118162,0.9973747538831765,0.9974838639098567,0.9977496483825598,0.9974690663667042,0.9976093376459008,0.9995980707395499,0.9995980707395499,0.9995980707395499,0.9983397897066962,0.9988925802879292,0.9986161084970938,0.00019711528995056926,0.9985943210570706,0.9985943057350849,0.9985943210570706,0.9985941605136343,0.9981481481481481,0.9981481481481481,0.9981481481481481,0.9988839285714286,0.9977703455964325,0.9983268265476855,0.9984350547730829,0.9984350547730829,0.9984350547730829,0.9989384288747346,1.0,0.9994689325544344,brain_mri_nd5,classification
168,0.00020035252374067452,0.9980319111548465,0.9980322989253811,0.9980319111548465,0.9980319139907176,0.9982479194042926,0.9971559833734412,0.9977016526212105,0.9969092441697106,0.9977502812148481,0.9973295853829937,0.9991958182549256,0.9987942122186495,0.9989949748743718,0.9980636237897649,0.9988925802879292,0.9984779299847792,0.0002136438125773242,0.9985943210570706,0.9985943057350849,0.9985943210570706,0.9985941605136343,0.9981481481481481,0.9981481481481481,0.9981481481481481,0.9988839285714286,0.9977703455964325,0.9983268265476855,0.9984350547730829,0.9984350547730829,0.9984350547730829,0.9989384288747346,1.0,0.9994689325544344,brain_mri_nd5,classification
169,0.00020877694748847248,0.9972587333942504,0.9972586737370206,0.9972587333942504,0.9972584386490014,0.9971528690319754,0.9960621308247648,0.9966072014884535,0.9969048958919527,0.9963442069741283,0.9966244725738397,0.9991967871485944,1.0,0.9995982322217758,0.9964058612109483,0.9977851605758582,0.9970950338912713,0.00020352254997647943,0.9985943210570706,0.9985943057350849,0.9985943210570706,0.9985941605136343,0.9981481481481481,0.9981481481481481,0.9981481481481481,0.9988839285714286,0.9977703455964325,0.9983268265476855,0.9984350547730829,0.9984350547730829,0.9984350547730829,0.9989384288747346,1.0,0.9994689325544344,brain_mri_nd5,classification
170,0.00016282063193553305,0.9985942222534617,0.9985944572284241,0.9985942222534617,0.9985942784239625,0.9978137297770004,0.998468606431853,0.9981410606889011,0.9985931344963421,0.9980314960629921,0.9983122362869198,0.9995979091274628,0.9991961414790996,0.9993969849246231,0.9988925802879292,0.9988925802879292,0.9988925802879292,0.00020358141745058814,0.9985943210570706,0.9985943057350849,0.9985943210570706,0.9985941605136343,0.9981481481481481,0.9981481481481481,0.9981481481481481,0.9988839285714286,0.9977703455964325,0.9983268265476855,0.9984350547730829,0.9984350547730829,0.9984350547730829,0.9989384288747346,1.0,0.9994689325544344,brain_mri_nd5,classification
171,0.0002482408217315766,0.9974696000562311,0.9974705877881606,0.9974696000562311,0.9974698631966211,0.9978098992553658,0.9967184423539707,0.9972638721681077,0.9952260600954788,0.9966254218222722,0.9959252494028382,0.9991958182549256,0.9987942122186495,0.9989949748743718,0.9980625518959314,0.9983388704318937,0.9982006920415225,0.00020306707075838076,0.9988754568456565,0.9988754947391244,0.9988754568456565,0.9988753361730748,0.9990732159406858,0.9981481481481481,0.998610467809171,0.9988851727982163,0.9988851727982163,0.9988851727982163,0.9984350547730829,0.9984350547730829,0.9984350547730829,0.9989384288747346,1.0,0.9994689325544344,brain_mri_nd5,classification
172,0.0001929056667101577,0.9973290222815773,0.9973314368747973,0.9973290222815773,0.9973296015710713,0.9951965065502183,0.9971559833734412,0.996175281390012,0.9966254218222722,0.9966254218222722,0.9966254218222722,1.0,0.9995980707395499,0.9997989949748743,0.9988901220865705,0.9966777408637874,0.9977827050997783,0.00021187072787486164,0.9985943210570706,0.9985943057350849,0.9985943210570706,0.9985941605136343,0.9981481481481481,0.9981481481481481,0.9981481481481481,0.9988839285714286,0.9977703455964325,0.9983268265476855,0.9984350547730829,0.9984350547730829,0.9984350547730829,0.9989384288747346,1.0,0.9994689325544344,brain_mri_nd5,classification
173,0.00018581612579678743,0.9978913333801926,0.997892343917826,0.9978913333801926,0.9978913976036079,0.9982471516213848,0.9967184423539707,0.9974822112753148,0.9960707269155207,0.9980314960629921,0.9970501474926253,0.9991964644435516,0.9995980707395499,0.9993972272453285,0.998338410412628,0.998062015503876,0.9982001938252804,0.0002181249525291276,0.9985943210570706,0.9985943057350849,0.9985943210570706,0.9985941605136343,0.9981481481481481,0.9981481481481481,0.9981481481481481,0.9988839285714286,0.9977703455964325,0.9983268265476855,0.9984350547730829,0.9984350547730829,0.9984350547730829,0.9989384288747346,1.0,0.9994689325544344,brain_mri_nd5,classification
174,0.00018167448077957668,0.9981724889295003,0.9981727433686239,0.9981724889295003,0.998172195741755,0.9978127734033246,0.9980310654123824,0.9979219074701958,0.9983093829247676,0.9963442069741283,0.9973258268824772,0.9991961414790996,0.9991961414790996,0.9991961414790996,0.9977888336097291,0.9994462901439646,0.9986168741355463,0.0001969233481629629,0.9988754568456565,0.9988754947391244,0.9988754568456565,0.9988753361730748,0.9990732159406858,0.9981481481481481,0.998610467809171,0.9988851727982163,0.9988851727982163,0.9988851727982163,0.9984350547730829,0.9984350547730829,0.9984350547730829,0.9989384288747346,1.0,0.9994689325544344,brain_mri_nd5,classification
175,0.00020523148484797457,0.9976804667182119,0.9976810032615808,0.9976804667182119,0.9976805304720368,0.9973747538831765,0.9973747538831765,0.9973747538831765,0.9969048958919527,0.9963442069741283,0.9966244725738397,1.0,0.9987942122186495,0.9993967424090087,0.9972352778545757,0.9986157253599114,0.997925024208051,0.00020311125578510044,0.9985943210570706,0.9985943057350849,0.9985943210570706,0.9985941605136343,0.9981481481481481,0.9981481481481481,0.9981481481481481,0.9988839285714286,0.9977703455964325,0.9983268265476855,0.9984350547730829,0.9984350547730829,0.9984350547730829,0.9989384288747346,1.0,0.9994689325544344,brain_mri_nd5,classification
176,0.00020679685362216937,0.9978913333801926,0.9978912540121632,0.9978913333801926,0.9978911800348074,0.9971572272031489,0.9975935243929118,0.9973753280839895,0.9974662162162162,0.9963442069741283,0.9969048958919527,0.9991961414790996,0.9991961414790996,0.9991961414790996,0.9983397897066962,0.9988925802879292,0.9986161084970938,0.00020346260319388084,0.9985943210570706,0.9985943057350849,0.9985943210570706,0.9985941605136343,0.9981481481481481,0.9981481481481481,0.9981481481481481,0.9988839285714286,0.9977703455964325,0.9983268265476855,0.9984350547730829,0.9984350547730829,0.9984350547730829,0.9989384288747346,1.0,0.9994689325544344,brain_mri_nd5,classification
177,0.0002154538244719373,0.9972587333942504,0.9972611195478408,0.9972587333942504,0.9972589105636145,0.9952006980802792,0.9980310654123824,0.9966138722009831,0.9971823048746126,0.9952193475815523,0.9961998592540464,0.9995979091274628,0.9991961414790996,0.9993969849246231,0.9983365677848628,0.9969545957918051,0.9976451031998892,0.00021947642056346697,0.9985943210570706,0.9985943057350849,0.9985943210570706,0.9985941605136343,0.9981481481481481,0.9981481481481481,0.9981481481481481,0.9988839285714286,0.9977703455964325,0.9983268265476855,0.9984350547730829,0.9984350547730829,0.9984350547730829,0.9989384288747346,1.0,0.9994689325544344,brain_mri_nd5,classification
178,0.00017715581429430326,0.9981022000421733,0.9981027037225646,0.9981022000421733,0.9981023127443247,0.9973770491803279,0.9982498359221177,0.9978132516947299,0.9971878515185602,0.9971878515185602,0.9971878515185602,0.9991961414790996,0.9991961414790996,0.9991961414790996,0.9991685144124168,0.998062015503876,0.9986149584487535,0.0001927790449976477,0.9988754568456565,0.9988754947391244,0.9988754568456565,0.9988753361730748,0.9990732159406858,0.9981481481481481,0.998610467809171,0.9988851727982163,0.9988851727982163,0.9988851727982163,0.9984350547730829,0.9984350547730829,0.9984350547730829,0.9989384288747346,1.0,0.9994689325544344,brain_mri_nd5,classification
179,0.0001543608031823837,0.998383355591481,0.9983835993514304,0.998383355591481,0.9983833180335989,0.9986859395532195,0.9975935243929118,0.9981394330743132,0.9974704890387859,0.9980314960629921,0.9977509136913129,0.9991961414790996,0.9991961414790996,0.9991961414790996,0.9983402489626556,0.9991694352159468,0.9987546699875467,0.0002068561545799421,0.9985943210570706,0.9985943057350849,0.9985943210570706,0.9985941605136343,0.9981481481481481,0.9981481481481481,0.9981481481481481,0.9988839285714286,0.9977703455964325,0.9983268265476855,0.9984350547730829,0.9984350547730829,0.9984350547730829,0.9989384288747346,1.0,0.9994689325544344,brain_mri_nd5,classification
180,0.00017309512894655508,0.9980319111548465,0.9980318446807884,0.9980319111548465,0.998031789843421,0.9973747538831765,0.9973747538831765,0.9973747538831765,0.9977483816493105,0.9969066366704162,0.9973273315515544,0.9995980707395499,0.9995980707395499,0.9995980707395499,0.9980636237897649,0.9988925802879292,0.9984779299847792,0.0001808095160869963,0.9988754568456565,0.9988754947391244,0.9988754568456565,0.9988753361730748,0.9990732159406858,0.9981481481481481,0.998610467809171,0.9988851727982163,0.9988851727982163,0.9988851727982163,0.9984350547730829,0.9984350547730829,0.9984350547730829,0.9989384288747346,1.0,0.9994689325544344,brain_mri_nd5,classification
181,0.00017861251969574375,0.9981022000421733,0.9981030418268405,0.9981022000421733,0.9981022595232258,0.9984676007005254,0.9978122949026471,0.9981398402451034,0.9963503649635036,0.9980314960629921,0.9971902219724642,0.9991967871485944,1.0,0.9995982322217758,0.9986138064873856,0.9972314507198228,0.9979221498822551,0.00020099993276262288,0.9985943210570706,0.9985943057350849,0.9985943210570706,0.9985941605136343,0.9981481481481481,0.9981481481481481,0.9981481481481481,0.9988839285714286,0.9977703455964325,0.9983268265476855,0.9984350547730829,0.9984350547730829,0.9984350547730829,0.9989384288747346,1.0,0.9994689325544344,brain_mri_nd5,classification
182,0.00014655785923315523,0.9985239333661348,0.9985240306383288,0.9985239333661348,0.9985239700804707,0.9982498359221177,0.9982498359221177,0.9982498359221177,0.9977502812148481,0.9977502812148481,0.9977502812148481,1.0,0.9995980707395499,0.9997989949748743,0.9986161084970938,0.9988925802879292,0.9987543252595156,0.0002101798215141802,0.9985943210570706,0.9985943057350849,0.9985943210570706,0.9985941605136343,0.9981481481481481,0.9981481481481481,0.9981481481481481,0.9988839285714286,0.9977703455964325,0.9983268265476855,0.9984350547730829,0.9984350547730829,0.9984350547730829,0.9989384288747346,1.0,0.9994689325544344,brain_mri_nd5,classification
183,0.00017422021823181692,0.9982427778168271,0.9982432298828775,0.9982427778168271,0.9982429164975495,0.9973764757324005,0.9980310654123824,0.9977036632039366,0.9983117613956106,0.9977502812148481,0.9980309423347398,1.0,0.9991961414790996,0.9995979091274628,0.9980625518959314,0.9983388704318937,0.9982006920415225,0.00020470533816247907,0.9988754568456565,0.9988754947391244,0.9988754568456565,0.9988753361730748,0.9990732159406858,0.9981481481481481,0.998610467809171,0.9988851727982163,0.9988851727982163,0.9988851727982163,0.9984350547730829,0.9984350547730829,0.9984350547730829,0.9989384288747346,1.0,0.9994689325544344,brain_mri_nd5,classification
184,0.0001535408874549305,0.998383355591481,0.9983835420709121,0.998383355591481,0.9983831518453097,0.9978137297770004,0.998468606431853,0.9981410606889011,0.9983098591549295,0.9966254218222722,0.9974669293554742,0.9995979091274628,0.9991961414790996,0.9993969849246231,0.9983407079646017,0.9994462901439646,0.9988931931377975,0.0002032676713333181,0.9985943210570706,0.9985943057350849,0.9985943210570706,0.9985941605136343,0.9981481481481481,0.9981481481481481,0.9981481481481481,0.9988839285714286,0.9977703455964325,0.9983268265476855,0.9984350547730829,0.9984350547730829,0.9984350547730829,0.9989384288747346,1.0,0.9994689325544344,brain_mri_nd5,classification
185,0.00015651534287345478,0.9978210444928657,0.9978209494022442,0.9978210444928657,0.9978209696308539,0.9971547384548041,0.9967184423539707,0.9969365426695842,0.9960640989597975,0.9963442069741283,0.9962041332770982,0.9995982322217758,1.0,0.9997990757484428,0.9991694352159468,0.9991694352159468,0.9991694352159468,0.0002004070613931136,0.9988754568456565,0.9988754947391244,0.9988754568456565,0.9988753361730748,0.9990732159406858,0.9981481481481481,0.998610467809171,0.9988851727982163,0.9988851727982163,0.9988851727982163,0.9984350547730829,0.9984350547730829,0.9984350547730829,0.9989384288747346,1.0,0.9994689325544344,brain_mri_nd5,classification
186,0.00020746085603449545,0.9978913333801926,0.997892683016071,0.9978913333801926,0.997891530969391,0.9962865880297073,0.9978122949026471,0.9970488577986665,0.9985911524373062,0.9966254218222722,0.9976073187895848,0.999597747385358,0.9987942122186495,0.9991958182549256,0.9980630879911455,0.9986157253599114,0.9983393301965126,0.00019591464868374517,0.9988754568456565,0.9988754947391244,0.9988754568456565,0.9988753361730748,0.9990732159406858,0.9981481481481481,0.998610467809171,0.9988851727982163,0.9988851727982163,0.9988851727982163,0.9984350547730829,0.9984350547730829,0.9984350547730829,0.9989384288747346,1.0,0.9994689325544344,brain_mri_nd5,classification
187,0.00018193284518903334,0.9981022000421733,0.9981029817371203,0.9981022000421733,0.9981023369196059,0.9971578487101006,0.9978122949026471,0.9974849644614543,0.9974711997752178,0.9983127109111362,0.9978917779339423,0.9991961414790996,0.9991961414790996,0.9991961414790996,0.9991680532445923,0.9975083056478405,0.99833748960931,0.00020501414415452962,0.9988754568456565,0.9988754947391244,0.9988754568456565,0.9988753361730748,0.9990732159406858,0.9981481481481481,0.998610467809171,0.9988851727982163,0.9988851727982163,0.9988851727982163,0.9984350547730829,0.9984350547730829,0.9984350547730829,0.9989384288747346,1.0,0.9994689325544344,brain_mri_nd5,classification
188,0.0002005565045451562,0.9976101778308849,0.9976099967037506,0.9976101778308849,0.9976099557042637,0.9975924710002189,0.9971559833734412,0.9973741794310722,0.9971854770616381,0.9963442069741283,0.9967646645097763,0.9983935742971888,0.9991961414790996,0.9987946966653274,0.9975103734439834,0.9983388704318937,0.9979244499792445,0.00021289649713940464,0.9985943210570706,0.9985943057350849,0.9985943210570706,0.9985941605136343,0.9981481481481481,0.9981481481481481,0.9981481481481481,0.9988839285714286,0.9977703455964325,0.9983268265476855,0.9984350547730829,0.9984350547730829,0.9984350547730829,0.9989384288747346,1.0,0.9994689325544344,brain_mri_nd5,classification
189,0.0001320365681355084,0.9985239333661348,0.998524652704538,0.9985239333661348,0.9985240696594601,0.9982490698183409,0.9978122949026471,0.9980306345733042,0.997191800056164,0.9985939257592801,0.9978923703807784,0.9991964644435516,0.9995980707395499,0.9993972272453285,0.9997228381374723,0.9986157253599114,0.9991689750692521,0.00020451227201579418,0.9985943210570706,0.9985943057350849,0.9985943210570706,0.9985941605136343,0.9981481481481481,0.9981481481481481,0.9981481481481481,0.9988839285714286,0.9977703455964325,0.9983268265476855,0.9984350547730829,0.9984350547730829,0.9984350547730829,0.9989384288747346,1.0,0.9994689325544344,brain_mri_nd5,classification
190,0.00017945606275405161,0.9981022000421733,0.9981030189965913,0.9981022000421733,0.9981019536962215,0.9971597116014856,0.998468606431853,0.9978137297770004,0.9988722864392444,0.9963442069741283,0.9976066450795439,0.9983948635634029,1.0,0.9991967871485944,0.998338410412628,0.998062015503876,0.9982001938252804,0.00021781500960622776,0.9985943210570706,0.9985943057350849,0.9985943210570706,0.9985941605136343,0.9981481481481481,0.9981481481481481,0.9981481481481481,0.9988839285714286,0.9977703455964325,0.9983268265476855,0.9984350547730829,0.9984350547730829,0.9984350547730829,0.9989384288747346,1.0,0.9994689325544344,brain_mri_nd5,classification
191,0.00020528742330094433,0.9980319111548465,0.9980325259689454,0.9980319111548465,0.9980318461746338,0.9982471516213848,0.9967184423539707,0.9974822112753148,0.9966311061201573,0.9983127109111362,0.9974711997752178,0.9991964644435516,0.9995980707395499,0.9993972272453285,0.9983388704318937,0.9983388704318937,0.9983388704318937,0.0001959230763036512,0.9985943210570706,0.9985943057350849,0.9985943210570706,0.9985941605136343,0.9981481481481481,0.9981481481481481,0.9981481481481481,0.9988839285714286,0.9977703455964325,0.9983268265476855,0.9984350547730829,0.9984350547730829,0.9984350547730829,0.9989384288747346,1.0,0.9994689325544344,brain_mri_nd5,classification
192,0.00021070613485410926,0.9978210444928657,0.9978218669950063,0.9978210444928657,0.9978210437062064,0.9965057872898012,0.9982498359221177,0.9973770491803279,0.997747113489158,0.9963442069741283,0.9970451667370198,0.9995980707395499,0.9995980707395499,0.9995980707395499,0.99833748960931,0.9975083056478405,0.9979227253842958,0.00021154173861796276,0.9985943210570706,0.9985943057350849,0.9985943210570706,0.9985941605136343,0.9981481481481481,0.9981481481481481,0.9981481481481481,0.9988839285714286,0.9977703455964325,0.9983268265476855,0.9984350547730829,0.9984350547730829,0.9984350547730829,0.9989384288747346,1.0,0.9994689325544344,brain_mri_nd5,classification
193,0.00020142694546633472,0.998383355591481,0.998383767626477,0.998383355591481,0.998383305991048,0.9982494529540481,0.9980310654123824,0.9981402472377202,0.998873556744579,0.9974690663667042,0.9981708175038694,0.9991964644435516,0.9995980707395499,0.9993972272453285,0.9975117500691181,0.9988925802879292,0.9982016876469775,0.00019783729272039648,0.9988754568456565,0.9988754947391244,0.9988754568456565,0.9988753361730748,0.9990732159406858,0.9981481481481481,0.998610467809171,0.9988851727982163,0.9988851727982163,0.9988851727982163,0.9984350547730829,0.9984350547730829,0.9984350547730829,0.9989384288747346,1.0,0.9994689325544344,brain_mri_nd5,classification
194,0.0001800816035090799,0.9973993111689042,0.9974000688694256,0.9973993111689042,0.9973992549378679,0.9962865880297073,0.9978122949026471,0.9970488577986665,0.9971854770616381,0.9963442069741283,0.9967646645097763,0.9983935742971888,0.9991961414790996,0.9987946966653274,0.9983361064891847,0.9966777408637874,0.9975062344139651,0.00023423113140388582,0.9985943210570706,0.9985943057350849,0.9985943210570706,0.9985941605136343,0.9981481481481481,0.9981481481481481,0.9981481481481481,0.9988839285714286,0.9977703455964325,0.9983268265476855,0.9984350547730829,0.9984350547730829,0.9984350547730829,0.9989384288747346,1.0,0.9994689325544344,brain_mri_nd5,classification
195,0.00014598223252487117,0.9982427778168271,0.9982427852429491,0.9982427778168271,0.9982427147349994,0.9975945768642029,0.9980310654123824,0.9978127734033246,0.9980298339431466,0.9971878515185602,0.9976086650724434,0.9987946966653274,0.9991961414790996,0.9989953787422142,0.9988925802879292,0.9988925802879292,0.9988925802879292,0.00020446658307887768,0.9985943210570706,0.9985943057350849,0.9985943210570706,0.9985941605136343,0.9981481481481481,0.9981481481481481,0.9981481481481481,0.9988839285714286,0.9977703455964325,0.9983268265476855,0.9984350547730829,0.9984350547730829,0.9984350547730829,0.9989384288747346,1.0,0.9994689325544344,brain_mri_nd5,classification
196,0.0001695428975840877,0.9981022000421733,0.9981043165068512,0.9981022000421733,0.9981022679956608,0.99628982976866,0.9986873769415883,0.9974871626789031,0.9988719684151156,0.9960629921259843,0.9974655026753028,0.999597747385358,0.9987942122186495,0.9991958182549256,0.9986161084970938,0.9988925802879292,0.9987543252595156,0.00021023624351834973,0.9985943210570706,0.9985943057350849,0.9985943210570706,0.9985941605136343,0.9981481481481481,0.9981481481481481,0.9981481481481481,0.9988839285714286,0.9977703455964325,0.9983268265476855,0.9984350547730829,0.9984350547730829,0.9984350547730829,0.9989384288747346,1.0,0.9994689325544344,brain_mri_nd5,classification
197,0.00019513442039722115,0.9978913333801926,0.9978917958273849,0.9978913333801926,0.9978911800971378,0.9965042604325978,0.9978122949026471,0.9971578487101006,0.99774584389969,0.9957817772778402,0.9967628430682618,0.9995980707395499,0.9995980707395499,0.9995980707395499,0.9986161084970938,0.9988925802879292,0.9987543252595156,0.00020273605440856583,0.9988754568456565,0.9988754947391244,0.9988754568456565,0.9988753361730748,0.9990732159406858,0.9981481481481481,0.998610467809171,0.9988851727982163,0.9988851727982163,0.9988851727982163,0.9984350547730829,0.9984350547730829,0.9984350547730829,0.9989384288747346,1.0,0.9994689325544344,brain_mri_nd5,classification
198,0.00018930492637774893,0.998383355591481,0.9983833136949618,0.998383355591481,0.9983832163128143,0.9980323567993004,0.9986873769415883,0.9983597594313832,0.9980292792792793,0.9969066366704162,0.9974676420934159,0.9991961414790996,0.9991961414790996,0.9991961414790996,0.9986161084970938,0.9988925802879292,0.9987543252595156,0.00018238195744917665,0.9985943210570706,0.9985943057350849,0.9985943210570706,0.9985941605136343,0.9981481481481481,0.9981481481481481,0.9981481481481481,0.9988839285714286,0.9977703455964325,0.9983268265476855,0.9984350547730829,0.9984350547730829,0.9984350547730829,0.9989384288747346,1.0,0.9994689325544344,brain_mri_nd5,classification
199,0.00016526310758584764,0.9977507556055387,0.9977506821419407,0.9977507556055387,0.9977505924516431,0.9967191601049868,0.996937212863706,0.9968281745597725,0.9974662162162162,0.9963442069741283,0.9969048958919527,0.9995980707395499,0.9995980707395499,0.9995980707395499,0.9980636237897649,0.9988925802879292,0.9984779299847792,0.00021270760935829838,0.9985943210570706,0.9985943057350849,0.9985943210570706,0.9985941605136343,0.9981481481481481,0.9981481481481481,0.9981481481481481,0.9988839285714286,0.9977703455964325,0.9983268265476855,0.9984350547730829,0.9984350547730829,0.9984350547730829,0.9989384288747346,1.0,0.9994689325544344,brain_mri_nd5,classification
200,0.0001410166045820483,0.9983130667041541,0.9983133783242919,0.9983130667041541,0.9983131691342627,0.9978132516947299,0.9982498359221177,0.9980314960629921,0.9977509136913129,0.9980314960629921,0.9978911851539435,0.999597747385358,0.9987942122186495,0.9991958182549256,0.9986153420105234,0.9983388704318937,0.9984770870829295,0.00019407062289760526,0.9988754568456565,0.9988754947391244,0.9988754568456565,0.9988753361730748,0.9990732159406858,0.9981481481481481,0.998610467809171,0.9988851727982163,0.9988851727982163,0.9988851727982163,0.9984350547730829,0.9984350547730829,0.9984350547730829,0.9989384288747346,1.0,0.9994689325544344,brain_mri_nd5,classification
