epoch,train_loss,train_accuracy,train_precision,train_recall,train_f1_score,train_precision_Cancer,train_recall_Cancer,train_f1_Cancer,train_precision_NonCancer,train_recall_NonCancer,train_f1_NonCancer,val_loss,val_accuracy,val_precision,val_recall,val_f1_score,val_precision_Cancer,val_recall_Cancer,val_f1_Cancer,val_precision_NonCancer,val_recall_NonCancer,val_f1_NonCancer,dataset,task
1,0.014395331751380191,0.8137583892617449,0.7832392149988313,0.8137583892617449,0.7930841236376323,0.43333333333333335,0.2524271844660194,0.31901840490797545,0.8563432835820896,0.9310344827586207,0.892128279883382,0.006121518202876084,0.9328859060402684,0.9328859060402684,0.9328859060402684,0.9328859060402684,0.7727272727272727,0.7727272727272727,0.7727272727272727,0.9606299212598425,0.9606299212598425,0.9606299212598425,breast_cancer,classification
2,0.008243589755772744,0.9093959731543624,0.904943136886807,0.9093959731543624,0.9054254253651074,0.7951807228915663,0.6407766990291263,0.7096774193548387,0.9278752436647173,0.9655172413793104,0.9463220675944334,0.0063831119879380165,0.9463087248322147,0.9494904300273428,0.9463087248322147,0.9411627417160487,1.0,0.6363636363636364,0.7777777777777778,0.9407407407407408,1.0,0.9694656488549618,breast_cancer,classification
3,0.007290435992431321,0.9177852348993288,0.9143281215428866,0.9177852348993288,0.9131239226603693,0.8461538461538461,0.6407766990291263,0.7292817679558011,0.9285714285714286,0.9756592292089249,0.9515331355093967,0.003832275372923621,0.9731543624161074,0.9739740765408064,0.9731543624161074,0.9720201862546174,1.0,0.8181818181818182,0.9,0.9694656488549618,1.0,0.9844961240310077,breast_cancer,classification
4,0.005341582619053806,0.9395973154362416,0.9378991265894051,0.9395973154362416,0.9380923335635499,0.8681318681318682,0.7669902912621359,0.8144329896907216,0.9524752475247524,0.9756592292089249,0.9639278557114228,0.006466044000531203,0.9463087248322147,0.9459113387495586,0.9463087248322147,0.942689454664022,0.9375,0.6818181818181818,0.7894736842105263,0.9473684210526315,0.9921259842519685,0.9692307692307692,breast_cancer,classification
5,0.005879025993831206,0.9395973154362416,0.9382086410012895,0.9395973154362416,0.9386201283356025,0.8526315789473684,0.7864077669902912,0.8181818181818182,0.9560878243512974,0.9716024340770791,0.9637826961770624,0.0039150911952125144,0.9731543624161074,0.9739740765408064,0.9731543624161074,0.9720201862546174,1.0,0.8181818181818182,0.9,0.9694656488549618,1.0,0.9844961240310077,breast_cancer,classification
6,0.005623744638174172,0.9463087248322147,0.9450246633068731,0.9463087248322147,0.9452085839591761,0.8817204301075269,0.7961165048543689,0.8367346938775511,0.9582504970178927,0.9776876267748479,0.9678714859437751,0.0033949784834512928,0.9798657718120806,0.9796510466602749,0.9798657718120806,0.9796711317584628,0.9523809523809523,0.9090909090909091,0.9302325581395349,0.984375,0.9921259842519685,0.9882352941176471,breast_cancer,classification
7,0.00474997708298916,0.9563758389261745,0.9559405665240057,0.9563758389261745,0.9548873288393189,0.9425287356321839,0.7961165048543689,0.8631578947368421,0.9587426326129665,0.9898580121703854,0.9740518962075848,0.0030076223669336147,0.9865771812080537,0.9867852869257583,0.9865771812080537,0.986310023170342,1.0,0.9090909090909091,0.9523809523809523,0.9844961240310077,1.0,0.9921875,breast_cancer,classification
8,0.006303734439831452,0.9345637583892618,0.9331465324384788,0.9345637583892618,0.9336435110526986,0.8333333333333334,0.7766990291262136,0.8040201005025126,0.954,0.9675456389452333,0.9607250755287009,0.004678231107708592,0.9731543624161074,0.9739740765408064,0.9731543624161074,0.9720201862546174,1.0,0.8181818181818182,0.9,0.9694656488549618,1.0,0.9844961240310077,breast_cancer,classification
9,0.005281411964546314,0.9530201342281879,0.9520301873539021,0.9530201342281879,0.9520575109642789,0.9032258064516129,0.8155339805825242,0.8571428571428571,0.9622266401590457,0.9817444219066938,0.9718875502008032,0.002876640947523133,0.9865771812080537,0.9867852869257583,0.9865771812080537,0.986310023170342,1.0,0.9090909090909091,0.9523809523809523,0.9844961240310077,1.0,0.9921875,breast_cancer,classification
10,0.00524005328848858,0.9463087248322147,0.9459255992713365,0.9463087248322147,0.9460998757028013,0.8514851485148515,0.8349514563106796,0.8431372549019608,0.9656565656565657,0.9695740365111561,0.9676113360323887,0.002474370106254648,0.9798657718120806,0.9803304078471865,0.9798657718120806,0.9792466686581576,1.0,0.8636363636363636,0.926829268292683,0.9769230769230769,1.0,0.9883268482490273,breast_cancer,classification
11,0.005016209763918547,0.9546979865771812,0.9538738814317673,0.9546979865771812,0.9540608922672528,0.8958333333333334,0.8349514563106796,0.864321608040201,0.966,0.9797160243407708,0.972809667673716,0.0031661689406473365,0.9731543624161074,0.9739740765408064,0.9731543624161074,0.9720201862546174,1.0,0.8181818181818182,0.9,0.9694656488549618,1.0,0.9844961240310077,breast_cancer,classification
12,0.0040877373426552585,0.959731543624161,0.959029873844681,0.959731543624161,0.9590800855570683,0.9157894736842105,0.8446601941747572,0.8787878787878788,0.9680638722554891,0.9837728194726166,0.9758551307847082,0.003184841795755713,0.9798657718120806,0.9803304078471865,0.9798657718120806,0.9792466686581576,1.0,0.8636363636363636,0.926829268292683,0.9769230769230769,1.0,0.9883268482490273,breast_cancer,classification
13,0.004030473770936263,0.9580536912751678,0.9576145611641436,0.9580536912751678,0.9567208679440311,0.9431818181818182,0.8058252427184466,0.8691099476439791,0.9606299212598425,0.9898580121703854,0.975024975024975,0.0028843543986046072,0.9731543624161074,0.9727953800530669,0.9731543624161074,0.9726200463406839,0.95,0.8636363636363636,0.9047619047619048,0.9767441860465116,0.9921259842519685,0.984375,breast_cancer,classification
14,0.0032844314345427407,0.9731543624161074,0.9728573593599708,0.9731543624161074,0.9728328642563326,0.9484536082474226,0.8932038834951457,0.92,0.9779559118236473,0.9898580121703854,0.9838709677419355,0.005780260384882856,0.9328859060402684,0.9485421014043202,0.9328859060402684,0.9369572425719095,0.7,0.9545454545454546,0.8076923076923077,0.9915966386554622,0.9291338582677166,0.959349593495935,breast_cancer,classification
15,0.0032000353453593366,0.9748322147651006,0.9745726502778681,0.9748322147651006,0.9745826734914541,0.9489795918367347,0.9029126213592233,0.9253731343283582,0.9799196787148594,0.9898580121703854,0.9848637739656912,0.0023839089881953776,0.9798657718120806,0.9803304078471865,0.9798657718120806,0.9792466686581576,1.0,0.8636363636363636,0.926829268292683,0.9769230769230769,1.0,0.9883268482490273,breast_cancer,classification
16,0.0033313616353943445,0.964765100671141,0.964433860142888,0.964765100671141,0.9645581844632546,0.91,0.883495145631068,0.896551724137931,0.9758064516129032,0.9817444219066938,0.9787664307381193,0.0025119068344817467,0.9798657718120806,0.9803304078471865,0.9798657718120806,0.9792466686581576,1.0,0.8636363636363636,0.926829268292683,0.9769230769230769,1.0,0.9883268482490273,breast_cancer,classification
17,0.0035185348711307815,0.9630872483221476,0.9628363507491688,0.9630872483221476,0.9629436645456759,0.900990099009901,0.883495145631068,0.8921568627450981,0.9757575757575757,0.9797160243407708,0.9777327935222672,0.0018569458926084058,0.9865771812080537,0.9867852869257583,0.9865771812080537,0.986310023170342,1.0,0.9090909090909091,0.9523809523809523,0.9844961240310077,1.0,0.9921875,breast_cancer,classification
18,0.002945741825274523,0.9664429530201343,0.9664387884153188,0.9664429530201343,0.9654544183445191,0.9662921348314607,0.8349514563106796,0.8958333333333334,0.9664694280078896,0.9939148073022313,0.98,0.001982646125475032,0.9798657718120806,0.9803304078471865,0.9798657718120806,0.9792466686581576,1.0,0.8636363636363636,0.926829268292683,0.9769230769230769,1.0,0.9883268482490273,breast_cancer,classification
19,0.002585072846983203,0.9748322147651006,0.9755230427093393,0.9748322147651006,0.9750662731858879,0.9074074074074074,0.9514563106796117,0.9289099526066351,0.9897540983606558,0.9797160243407708,0.9847094801223242,0.003099054019998184,0.9731543624161074,0.9739740765408064,0.9731543624161074,0.9720201862546174,1.0,0.8181818181818182,0.9,0.9694656488549618,1.0,0.9844961240310077,breast_cancer,classification
20,0.0018937208567864742,0.9848993288590604,0.984850513038952,0.9848993288590604,0.9848701477365848,0.9607843137254902,0.9514563106796117,0.9560975609756097,0.9898785425101214,0.9918864097363083,0.9908814589665653,0.002026264937031989,0.9731543624161074,0.9727953800530669,0.9731543624161074,0.9726200463406839,0.95,0.8636363636363636,0.9047619047619048,0.9767441860465116,0.9921259842519685,0.984375,breast_cancer,classification
21,0.0026129000388935906,0.9798657718120806,0.9797359889640209,0.9798657718120806,0.9796246481922495,0.9690721649484536,0.912621359223301,0.94,0.9819639278557114,0.9939148073022313,0.9879032258064516,0.004890730673284739,0.959731543624161,0.9588054731803756,0.959731543624161,0.9589300695110259,0.9,0.8181818181818182,0.8571428571428571,0.9689922480620154,0.984251968503937,0.9765625,breast_cancer,classification
22,0.004371403343037971,0.9513422818791947,0.9506386244212061,0.9513422818791947,0.949566325348375,0.9302325581395349,0.7766990291262136,0.8465608465608465,0.9549019607843138,0.9878296146044625,0.9710867397806581,0.0023156681016787586,0.9664429530201343,0.9660027715131919,0.9664429530201343,0.9654111144302626,0.9473684210526315,0.8181818181818182,0.8780487804878049,0.9692307692307692,0.9921259842519685,0.980544747081712,breast_cancer,classification
23,0.003741373604901085,0.9664429530201343,0.9661958481414924,0.9664429530201343,0.96560685197975,0.9560439560439561,0.8446601941747572,0.8969072164948454,0.9683168316831683,0.9918864097363083,0.9799599198396793,0.0025517497986755114,0.9865771812080537,0.9865771812080537,0.9865771812080537,0.9865771812080537,0.9545454545454546,0.9545454545454546,0.9545454545454546,0.9921259842519685,0.9921259842519685,0.9921259842519685,breast_cancer,classification
24,0.0023563844714338746,0.9781879194630873,0.9779971137804195,0.9781879194630873,0.9779716503592604,0.9591836734693877,0.912621359223301,0.9353233830845771,0.9819277108433735,0.9918864097363083,0.9868819374369324,0.0013018705657114518,0.9798657718120806,0.9796510466602749,0.9798657718120806,0.9796711317584628,0.9523809523809523,0.9090909090909091,0.9302325581395349,0.984375,0.9921259842519685,0.9882352941176471,breast_cancer,classification
25,0.0026116605923079805,0.9765100671140939,0.9762926416201773,0.9765100671140939,0.9763249479310347,0.9494949494949495,0.912621359223301,0.9306930693069307,0.9818913480885312,0.9898580121703854,0.9858585858585859,0.0017730991649847702,0.9932885906040269,0.9935803910125474,0.9932885906040269,0.9933498981646048,0.9565217391304348,1.0,0.9777777777777777,1.0,0.9921259842519685,0.9960474308300395,breast_cancer,classification
26,0.00348473034311561,0.9681208053691275,0.9678297521108464,0.9681208053691275,0.9679335954667542,0.92,0.8932038834951457,0.9064039408866995,0.9778225806451613,0.9837728194726166,0.980788675429727,0.00337944397290281,0.9395973154362416,0.9392700924905675,0.9395973154362416,0.9346935456632286,0.9333333333333333,0.6363636363636364,0.7567567567567568,0.9402985074626866,0.9921259842519685,0.9655172413793104,breast_cancer,classification
27,0.0016132021719752342,0.9848993288590604,0.9849649049217002,0.9848993288590604,0.9846869640890842,0.9895833333333334,0.9223300970873787,0.9547738693467337,0.984,0.9979716024340771,0.9909365558912386,0.0015471403912059813,0.9865771812080537,0.9865771812080537,0.9865771812080537,0.9865771812080537,0.9545454545454546,0.9545454545454546,0.9545454545454546,0.9921259842519685,0.9921259842519685,0.9921259842519685,breast_cancer,classification
28,0.0027001700520315427,0.9748322147651006,0.9747442397332273,0.9748322147651006,0.9747835795609747,0.9313725490196079,0.9223300970873787,0.926829268292683,0.9838056680161943,0.9858012170385395,0.9848024316109423,0.0013249163834640643,0.9932885906040269,0.9933410234899329,0.9932885906040269,0.9932237105861542,1.0,0.9545454545454546,0.9767441860465116,0.9921875,1.0,0.996078431372549,breast_cancer,classification
29,0.001442824199720717,0.9848993288590604,0.9849649049217002,0.9848993288590604,0.9846869640890842,0.9895833333333334,0.9223300970873787,0.9547738693467337,0.984,0.9979716024340771,0.9909365558912386,0.0018410747261380389,0.9932885906040269,0.9935803910125474,0.9932885906040269,0.9933498981646048,0.9565217391304348,1.0,0.9777777777777777,1.0,0.9921259842519685,0.9960474308300395,breast_cancer,classification
30,0.0020816911085377505,0.9748322147651006,0.9749374084473936,0.9748322147651006,0.9748802309913758,0.9230769230769231,0.9320388349514563,0.927536231884058,0.9857723577235772,0.9837728194726166,0.9847715736040609,0.0008588640031798574,0.9932885906040269,0.9933410234899329,0.9932885906040269,0.9932237105861542,1.0,0.9545454545454546,0.9767441860465116,0.9921875,1.0,0.996078431372549,breast_cancer,classification
31,0.0017398989918773007,0.9798657718120806,0.9797359889640209,0.9798657718120806,0.9796246481922495,0.9690721649484536,0.912621359223301,0.94,0.9819639278557114,0.9939148073022313,0.9879032258064516,0.0005183533277837622,0.9932885906040269,0.9933410234899329,0.9932885906040269,0.9932237105861542,1.0,0.9545454545454546,0.9767441860465116,0.9921875,1.0,0.996078431372549,breast_cancer,classification
32,0.0018321451310680916,0.9865771812080537,0.9865114028181341,0.9865771812080537,0.9865249689257004,0.9702970297029703,0.9514563106796117,0.9607843137254902,0.98989898989899,0.9939148073022313,0.9919028340080972,0.0002726643774408422,1.0,1.0,1.0,1.0,1.0,1.0,1.0,1.0,1.0,1.0,breast_cancer,classification
33,0.0014699438900136759,0.988255033557047,0.9882051039185971,0.988255033557047,0.9881860614877516,0.98,0.9514563106796117,0.9655172413793104,0.9899193548387096,0.9959432048681541,0.9929221435793731,0.0002162931424459355,1.0,1.0,1.0,1.0,1.0,1.0,1.0,1.0,1.0,1.0,breast_cancer,classification
34,0.001449414545313874,0.9899328859060402,0.9898935531137005,0.9899328859060402,0.9898937266942753,0.9801980198019802,0.9611650485436893,0.9705882352941176,0.9919191919191919,0.9959432048681541,0.9939271255060729,0.0004511327098354997,0.9932885906040269,0.9933410234899329,0.9932885906040269,0.9932237105861542,1.0,0.9545454545454546,0.9767441860465116,0.9921875,1.0,0.996078431372549,breast_cancer,classification
35,0.00198252743575722,0.9798657718120806,0.9803126603761072,0.9798657718120806,0.9800165197915304,0.9252336448598131,0.9611650485436893,0.9428571428571428,0.9918200408997955,0.9837728194726166,0.9877800407331976,0.0007802894363967364,0.9932885906040269,0.9933410234899329,0.9932885906040269,0.9932237105861542,1.0,0.9545454545454546,0.9767441860465116,0.9921875,1.0,0.996078431372549,breast_cancer,classification
36,0.0014350345716092911,0.9832214765100671,0.9831753037660459,0.9832214765100671,0.9830205401602077,0.979381443298969,0.9223300970873787,0.95,0.9839679358717435,0.9959432048681541,0.9899193548387096,0.0004817965384197715,0.9932885906040269,0.9933410234899329,0.9932885906040269,0.9932237105861542,1.0,0.9545454545454546,0.9767441860465116,0.9921875,1.0,0.996078431372549,breast_cancer,classification
37,0.001945888778294793,0.9798657718120806,0.9800553133130123,0.9798657718120806,0.9799421093720487,0.9333333333333333,0.9514563106796117,0.9423076923076923,0.9898167006109979,0.9858012170385395,0.9878048780487805,0.0005175090073014065,0.9932885906040269,0.9933410234899329,0.9932885906040269,0.9932237105861542,1.0,0.9545454545454546,0.9767441860465116,0.9921875,1.0,0.996078431372549,breast_cancer,classification
38,0.0013956884414445133,0.9899328859060402,0.9898935531137005,0.9899328859060402,0.9898937266942753,0.9801980198019802,0.9611650485436893,0.9705882352941176,0.9919191919191919,0.9959432048681541,0.9939271255060729,0.0003418514330015087,1.0,1.0,1.0,1.0,1.0,1.0,1.0,1.0,1.0,1.0,breast_cancer,classification
39,0.0015049966281879968,0.9848993288590604,0.9851700580229418,0.9848993288590604,0.9846226841631589,1.0,0.912621359223301,0.9543147208121827,0.9820717131474104,1.0,0.9909547738693467,0.00038845963219818255,1.0,1.0,1.0,1.0,1.0,1.0,1.0,1.0,1.0,1.0,breast_cancer,classification
40,0.0019574986830128717,0.9815436241610739,0.9818349386101154,0.9815436241610739,0.9816479228480782,0.9339622641509434,0.9611650485436893,0.9473684210526315,0.9918367346938776,0.9858012170385395,0.9888097660223805,0.0005074486748984196,1.0,1.0,1.0,1.0,1.0,1.0,1.0,1.0,1.0,1.0,breast_cancer,classification
41,0.0010377359486672551,0.9899328859060402,0.9899328859060402,0.9899328859060402,0.9899328859060402,0.970873786407767,0.970873786407767,0.970873786407767,0.9939148073022313,0.9939148073022313,0.9939148073022313,0.0002980117495452998,1.0,1.0,1.0,1.0,1.0,1.0,1.0,1.0,1.0,1.0,breast_cancer,classification
42,0.001322264770974074,0.988255033557047,0.988270504288074,0.988255033557047,0.9881385809626786,0.9897959183673469,0.941747572815534,0.9651741293532339,0.9879518072289156,0.9979716024340771,0.992936427850656,0.0002960782012145891,1.0,1.0,1.0,1.0,1.0,1.0,1.0,1.0,1.0,1.0,breast_cancer,classification
43,0.001997329154826901,0.9815436241610739,0.9814133199826802,0.9815436241610739,0.9814352394807523,0.96,0.9320388349514563,0.9458128078817734,0.9858870967741935,0.9918864097363083,0.9888776541961577,0.0006447853833036935,0.9932885906040269,0.9935803910125474,0.9932885906040269,0.9933498981646048,0.9565217391304348,1.0,0.9777777777777777,1.0,0.9921259842519685,0.9960474308300395,breast_cancer,classification
44,0.001544980572899116,0.9832214765100671,0.9831292525225678,0.9832214765100671,0.9831562111571254,0.9603960396039604,0.941747572815534,0.9509803921568627,0.9878787878787879,0.9918864097363083,0.9898785425101214,0.0005172618458535047,1.0,1.0,1.0,1.0,1.0,1.0,1.0,1.0,1.0,1.0,breast_cancer,classification
45,0.0009825864455962692,0.9916107382550335,0.9916009958865556,0.9916107382550335,0.9915614724912512,0.99,0.9611650485436893,0.9753694581280788,0.9919354838709677,0.9979716024340771,0.9949443882709808,0.00029510782012753437,1.0,1.0,1.0,1.0,1.0,1.0,1.0,1.0,1.0,1.0,breast_cancer,classification
46,0.0014998726132669604,0.9865771812080537,0.9866146185680708,0.9865771812080537,0.9864164321281662,0.9896907216494846,0.9320388349514563,0.96,0.9859719438877755,0.9979716024340771,0.9919354838709677,0.00026441475957782076,1.0,1.0,1.0,1.0,1.0,1.0,1.0,1.0,1.0,1.0,breast_cancer,classification
47,0.0010805659335194119,0.9899328859060402,0.9899328859060402,0.9899328859060402,0.9899328859060402,0.970873786407767,0.970873786407767,0.970873786407767,0.9939148073022313,0.9939148073022313,0.9939148073022313,0.000313868935238695,1.0,1.0,1.0,1.0,1.0,1.0,1.0,1.0,1.0,1.0,breast_cancer,classification
48,0.0007496945268549525,0.9916107382550335,0.9916523173040198,0.9916107382550335,0.9916267436637919,0.9711538461538461,0.9805825242718447,0.9758454106280193,0.9959349593495935,0.9939148073022313,0.9949238578680203,0.00037369097195465693,1.0,1.0,1.0,1.0,1.0,1.0,1.0,1.0,1.0,1.0,breast_cancer,classification
49,0.0016756915938946726,0.988255033557047,0.9884719203624214,0.988255033557047,0.9883214054487771,0.9528301886792453,0.9805825242718447,0.9665071770334929,0.9959183673469387,0.9898580121703854,0.9928789420142421,0.0002690420904815597,1.0,1.0,1.0,1.0,1.0,1.0,1.0,1.0,1.0,1.0,breast_cancer,classification
50,0.001436084573354022,0.988255033557047,0.9882051039185971,0.988255033557047,0.9881860614877516,0.98,0.9514563106796117,0.9655172413793104,0.9899193548387096,0.9959432048681541,0.9929221435793731,0.00028578612653401076,1.0,1.0,1.0,1.0,1.0,1.0,1.0,1.0,1.0,1.0,breast_cancer,classification
51,0.0012316748233443288,0.9932885906040269,0.9933426059713989,0.9932885906040269,0.993235699408867,1.0,0.9611650485436893,0.9801980198019802,0.9919517102615694,1.0,0.9959595959595959,0.00032114159103307946,1.0,1.0,1.0,1.0,1.0,1.0,1.0,1.0,1.0,1.0,breast_cancer,classification
52,0.0008179875459497006,0.9899328859060402,0.9899326131011547,0.9899328859060402,0.9898535491133006,0.98989898989899,0.9514563106796117,0.9702970297029703,0.9899396378269618,0.9979716024340771,0.9939393939393939,0.0002608098114696925,1.0,1.0,1.0,1.0,1.0,1.0,1.0,1.0,1.0,1.0,breast_cancer,classification
53,0.0007845475811092495,0.9899328859060402,0.9898935531137005,0.9899328859060402,0.9898937266942753,0.9801980198019802,0.9611650485436893,0.9705882352941176,0.9919191919191919,0.9959432048681541,0.9939271255060729,0.00023816766736141386,1.0,1.0,1.0,1.0,1.0,1.0,1.0,1.0,1.0,1.0,breast_cancer,classification
54,0.0009717173583730555,0.9916107382550335,0.9915880285761018,0.9916107382550335,0.9915945265203249,0.9803921568627451,0.970873786407767,0.975609756097561,0.9939271255060729,0.9959432048681541,0.9949341438703141,0.0002695242811819451,1.0,1.0,1.0,1.0,1.0,1.0,1.0,1.0,1.0,1.0,breast_cancer,classification
55,0.0008199543249949613,0.9916107382550335,0.9916949677906256,0.9916107382550335,0.9915275578304847,1.0,0.9514563106796117,0.9751243781094527,0.9899598393574297,1.0,0.9949545913218971,0.00028873136854611786,1.0,1.0,1.0,1.0,1.0,1.0,1.0,1.0,1.0,1.0,breast_cancer,classification
56,0.0007990252975868248,0.988255033557047,0.9883093355326945,0.988255033557047,0.9882774411293086,0.9615384615384616,0.970873786407767,0.966183574879227,0.9939024390243902,0.9918864097363083,0.9928934010152284,0.00029714119889392147,1.0,1.0,1.0,1.0,1.0,1.0,1.0,1.0,1.0,1.0,breast_cancer,classification
57,0.0007428994801539253,0.9899328859060402,0.9899328859060402,0.9899328859060402,0.9899328859060402,0.970873786407767,0.970873786407767,0.970873786407767,0.9939148073022313,0.9939148073022313,0.9939148073022313,0.00025441438575344,1.0,1.0,1.0,1.0,1.0,1.0,1.0,1.0,1.0,1.0,breast_cancer,classification
58,0.0013143808896193944,0.9916107382550335,0.9916523173040198,0.9916107382550335,0.9916267436637919,0.9711538461538461,0.9805825242718447,0.9758454106280193,0.9959349593495935,0.9939148073022313,0.9949238578680203,0.00032049017698947813,1.0,1.0,1.0,1.0,1.0,1.0,1.0,1.0,1.0,1.0,breast_cancer,classification
59,0.0008978096798731126,0.9916107382550335,0.9915880285761018,0.9916107382550335,0.9915945265203249,0.9803921568627451,0.970873786407767,0.975609756097561,0.9939271255060729,0.9959432048681541,0.9949341438703141,0.0002571423623973391,1.0,1.0,1.0,1.0,1.0,1.0,1.0,1.0,1.0,1.0,breast_cancer,classification
60,0.0025162939986232793,0.988255033557047,0.9883093355326945,0.988255033557047,0.9882774411293086,0.9615384615384616,0.970873786407767,0.966183574879227,0.9939024390243902,0.9918864097363083,0.9928934010152284,0.0004000428363980863,1.0,1.0,1.0,1.0,1.0,1.0,1.0,1.0,1.0,1.0,breast_cancer,classification
61,0.00041805401377242385,0.9966442953020134,0.9966442953020134,0.9966442953020134,0.9966442953020134,0.9902912621359223,0.9902912621359223,0.9902912621359223,0.9979716024340771,0.9979716024340771,0.9979716024340771,0.00029385224728526284,1.0,1.0,1.0,1.0,1.0,1.0,1.0,1.0,1.0,1.0,breast_cancer,classification
62,0.001132868043218908,0.9899328859060402,0.990053933370096,0.9899328859060402,0.9898123240961247,1.0,0.941747572815534,0.97,0.9879759519038076,1.0,0.9939516129032258,0.0003658386803663417,1.0,1.0,1.0,1.0,1.0,1.0,1.0,1.0,1.0,1.0,breast_cancer,classification
63,0.000528145177936769,0.9949664429530202,0.9949567863446767,0.9949664429530202,0.9949567159121949,0.9901960784313726,0.9805825242718447,0.9853658536585366,0.9959514170040485,0.9979716024340771,0.9969604863221885,0.00027819153862136524,1.0,1.0,1.0,1.0,1.0,1.0,1.0,1.0,1.0,1.0,breast_cancer,classification
64,0.00044608980396937506,0.9966442953020134,0.9966578537048337,0.9966442953020134,0.9966312422314251,1.0,0.9805825242718447,0.9901960784313726,0.9959595959595959,1.0,0.9979757085020243,0.0003649082328599171,1.0,1.0,1.0,1.0,1.0,1.0,1.0,1.0,1.0,1.0,breast_cancer,classification
65,0.0005940129916377415,0.9966442953020134,0.9966578537048337,0.9966442953020134,0.9966312422314251,1.0,0.9805825242718447,0.9901960784313726,0.9959595959595959,1.0,0.9979757085020243,0.0002772681674476238,1.0,1.0,1.0,1.0,1.0,1.0,1.0,1.0,1.0,1.0,breast_cancer,classification
66,0.0007930575212113709,0.9932885906040269,0.9932757034092671,0.9932885906040269,0.9932624844628501,0.9900990099009901,0.970873786407767,0.9803921568627451,0.9939393939393939,0.9979716024340771,0.9959514170040485,0.00031140188439655425,1.0,1.0,1.0,1.0,1.0,1.0,1.0,1.0,1.0,1.0,breast_cancer,classification
67,0.0007039469052668686,0.9916107382550335,0.9916523173040198,0.9916107382550335,0.9916267436637919,0.9711538461538461,0.9805825242718447,0.9758454106280193,0.9959349593495935,0.9939148073022313,0.9949238578680203,0.0002908021150681897,1.0,1.0,1.0,1.0,1.0,1.0,1.0,1.0,1.0,1.0,breast_cancer,classification
68,0.001282899620577118,0.988255033557047,0.9884194630872483,0.988255033557047,0.9880898609581767,1.0,0.9320388349514563,0.964824120603015,0.986,1.0,0.9929506545820745,0.000382136137868534,1.0,1.0,1.0,1.0,1.0,1.0,1.0,1.0,1.0,1.0,breast_cancer,classification
69,0.0009333916479602906,0.9966442953020134,0.9966442953020134,0.9966442953020134,0.9966442953020134,0.9902912621359223,0.9902912621359223,0.9902912621359223,0.9979716024340771,0.9979716024340771,0.9979716024340771,0.00040096059854098615,1.0,1.0,1.0,1.0,1.0,1.0,1.0,1.0,1.0,1.0,breast_cancer,classification
70,0.0006662801516729863,0.9932885906040269,0.9932885906040269,0.9932885906040269,0.9932885906040269,0.9805825242718447,0.9805825242718447,0.9805825242718447,0.9959432048681541,0.9959432048681541,0.9959432048681541,0.0004248669724161393,1.0,1.0,1.0,1.0,1.0,1.0,1.0,1.0,1.0,1.0,breast_cancer,classification
71,0.00044183198252424047,0.9966442953020134,0.9966578537048337,0.9966442953020134,0.9966312422314251,1.0,0.9805825242718447,0.9901960784313726,0.9959595959595959,1.0,0.9979757085020243,0.0005344918119602355,1.0,1.0,1.0,1.0,1.0,1.0,1.0,1.0,1.0,1.0,breast_cancer,classification
72,0.0008034814422990777,0.9899328859060402,0.9899328859060402,0.9899328859060402,0.9899328859060402,0.970873786407767,0.970873786407767,0.970873786407767,0.9939148073022313,0.9939148073022313,0.9939148073022313,0.0005081553440291009,1.0,1.0,1.0,1.0,1.0,1.0,1.0,1.0,1.0,1.0,breast_cancer,classification
73,0.0005110761626536064,0.9949664429530202,0.9949968878545138,0.9949664429530202,0.9949368834947507,1.0,0.970873786407767,0.9852216748768473,0.9939516129032258,1.0,0.9969666329625885,0.0005464410071805019,1.0,1.0,1.0,1.0,1.0,1.0,1.0,1.0,1.0,1.0,breast_cancer,classification
74,0.0005024866993623417,0.9949664429530202,0.9949968878545138,0.9949664429530202,0.9949368834947507,1.0,0.970873786407767,0.9852216748768473,0.9939516129032258,1.0,0.9969666329625885,0.0004930883808524016,1.0,1.0,1.0,1.0,1.0,1.0,1.0,1.0,1.0,1.0,breast_cancer,classification
75,0.0011866937874700724,0.9899328859060402,0.9898935531137005,0.9899328859060402,0.9898937266942753,0.9801980198019802,0.9611650485436893,0.9705882352941176,0.9919191919191919,0.9959432048681541,0.9939271255060729,0.0004244566927882749,1.0,1.0,1.0,1.0,1.0,1.0,1.0,1.0,1.0,1.0,breast_cancer,classification
76,0.000736213599967664,0.9916107382550335,0.9915880285761018,0.9916107382550335,0.9915945265203249,0.9803921568627451,0.970873786407767,0.975609756097561,0.9939271255060729,0.9959432048681541,0.9949341438703141,0.0004935971033078112,1.0,1.0,1.0,1.0,1.0,1.0,1.0,1.0,1.0,1.0,breast_cancer,classification
77,0.0012025841747741871,0.9916107382550335,0.9915880285761018,0.9916107382550335,0.9915945265203249,0.9803921568627451,0.970873786407767,0.975609756097561,0.9939271255060729,0.9959432048681541,0.9949341438703141,0.0004612256854072513,1.0,1.0,1.0,1.0,1.0,1.0,1.0,1.0,1.0,1.0,breast_cancer,classification
78,0.0007266285577273284,0.9932885906040269,0.9932885906040269,0.9932885906040269,0.9932885906040269,0.9805825242718447,0.9805825242718447,0.9805825242718447,0.9959432048681541,0.9959432048681541,0.9959432048681541,0.000473081532728252,1.0,1.0,1.0,1.0,1.0,1.0,1.0,1.0,1.0,1.0,breast_cancer,classification
79,0.0008952916625593382,0.9932885906040269,0.9932757034092671,0.9932885906040269,0.9932624844628501,0.9900990099009901,0.970873786407767,0.9803921568627451,0.9939393939393939,0.9979716024340771,0.9959514170040485,0.0004610201607977084,1.0,1.0,1.0,1.0,1.0,1.0,1.0,1.0,1.0,1.0,breast_cancer,classification
80,0.0004266300676203014,0.9966442953020134,0.9966442953020134,0.9966442953020134,0.9966442953020134,0.9902912621359223,0.9902912621359223,0.9902912621359223,0.9979716024340771,0.9979716024340771,0.9979716024340771,0.00035398668959586813,1.0,1.0,1.0,1.0,1.0,1.0,1.0,1.0,1.0,1.0,breast_cancer,classification
81,0.000985083951350714,0.9932885906040269,0.9933426059713989,0.9932885906040269,0.993235699408867,1.0,0.9611650485436893,0.9801980198019802,0.9919517102615694,1.0,0.9959595959595959,0.0004038303643590052,1.0,1.0,1.0,1.0,1.0,1.0,1.0,1.0,1.0,1.0,breast_cancer,classification
82,0.000657509125014392,0.9899328859060402,0.9898935531137005,0.9899328859060402,0.9898937266942753,0.9801980198019802,0.9611650485436893,0.9705882352941176,0.9919191919191919,0.9959432048681541,0.9939271255060729,0.0004737852594421414,1.0,1.0,1.0,1.0,1.0,1.0,1.0,1.0,1.0,1.0,breast_cancer,classification
83,0.0007471929209763122,0.9899328859060402,0.990053933370096,0.9899328859060402,0.9898123240961247,1.0,0.941747572815534,0.97,0.9879759519038076,1.0,0.9939516129032258,0.00047863518894218757,1.0,1.0,1.0,1.0,1.0,1.0,1.0,1.0,1.0,1.0,breast_cancer,classification
84,0.0007248286483262434,0.9932885906040269,0.9932757034092671,0.9932885906040269,0.9932624844628501,0.9900990099009901,0.970873786407767,0.9803921568627451,0.9939393939393939,0.9979716024340771,0.9959514170040485,0.00040887088683627594,1.0,1.0,1.0,1.0,1.0,1.0,1.0,1.0,1.0,1.0,breast_cancer,classification
85,0.000478198591247826,0.9966442953020134,0.9966578537048337,0.9966442953020134,0.9966312422314251,1.0,0.9805825242718447,0.9901960784313726,0.9959595959595959,1.0,0.9979757085020243,0.000445914496948955,1.0,1.0,1.0,1.0,1.0,1.0,1.0,1.0,1.0,1.0,breast_cancer,classification
86,0.0011799516556346976,0.988255033557047,0.9882192708075269,0.988255033557047,0.9882323371284547,0.9705882352941176,0.9611650485436893,0.9658536585365853,0.9919028340080972,0.9939148073022313,0.9929078014184397,0.00046252613518412084,1.0,1.0,1.0,1.0,1.0,1.0,1.0,1.0,1.0,1.0,breast_cancer,classification
87,0.0007655072633814591,0.9899328859060402,0.9899328859060402,0.9899328859060402,0.9899328859060402,0.970873786407767,0.970873786407767,0.970873786407767,0.9939148073022313,0.9939148073022313,0.9939148073022313,0.0004567973715746963,1.0,1.0,1.0,1.0,1.0,1.0,1.0,1.0,1.0,1.0,breast_cancer,classification
88,0.0008503708214149029,0.9932885906040269,0.9932885906040269,0.9932885906040269,0.9932885906040269,0.9805825242718447,0.9805825242718447,0.9805825242718447,0.9959432048681541,0.9959432048681541,0.9959432048681541,0.00032907401699097764,1.0,1.0,1.0,1.0,1.0,1.0,1.0,1.0,1.0,1.0,breast_cancer,classification
89,0.0011277488169522843,0.9949664429530202,0.9949567863446767,0.9949664429530202,0.9949567159121949,0.9901960784313726,0.9805825242718447,0.9853658536585366,0.9959514170040485,0.9979716024340771,0.9969604863221885,0.0004798067497689552,1.0,1.0,1.0,1.0,1.0,1.0,1.0,1.0,1.0,1.0,breast_cancer,classification
90,0.0008606968647581619,0.9899328859060402,0.9899328859060402,0.9899328859060402,0.9899328859060402,0.970873786407767,0.970873786407767,0.970873786407767,0.9939148073022313,0.9939148073022313,0.9939148073022313,0.0003045122326670477,1.0,1.0,1.0,1.0,1.0,1.0,1.0,1.0,1.0,1.0,breast_cancer,classification
91,0.000561163637079236,0.9949664429530202,0.9949968878545138,0.9949664429530202,0.9949368834947507,1.0,0.970873786407767,0.9852216748768473,0.9939516129032258,1.0,0.9969666329625885,0.00043077520704234404,1.0,1.0,1.0,1.0,1.0,1.0,1.0,1.0,1.0,1.0,breast_cancer,classification
92,0.0005271895226066144,0.9949664429530202,0.9949567863446767,0.9949664429530202,0.9949567159121949,0.9901960784313726,0.9805825242718447,0.9853658536585366,0.9959514170040485,0.9979716024340771,0.9969604863221885,0.0005501708056427689,1.0,1.0,1.0,1.0,1.0,1.0,1.0,1.0,1.0,1.0,breast_cancer,classification
93,0.0008236124936566257,0.9932885906040269,0.9932757034092671,0.9932885906040269,0.9932624844628501,0.9900990099009901,0.970873786407767,0.9803921568627451,0.9939393939393939,0.9979716024340771,0.9959514170040485,0.00044736230430262,1.0,1.0,1.0,1.0,1.0,1.0,1.0,1.0,1.0,1.0,breast_cancer,classification
94,0.0015477621630959264,0.9865771812080537,0.9867164733825022,0.9865771812080537,0.986628072914699,0.9523809523809523,0.970873786407767,0.9615384615384616,0.9938900203665988,0.9898580121703854,0.991869918699187,0.0003253200330502735,1.0,1.0,1.0,1.0,1.0,1.0,1.0,1.0,1.0,1.0,breast_cancer,classification
95,0.0011315115578253848,0.9865771812080537,0.9866146185680708,0.9865771812080537,0.9864164321281662,0.9896907216494846,0.9320388349514563,0.96,0.9859719438877755,0.9979716024340771,0.9919354838709677,0.00031705966434947795,1.0,1.0,1.0,1.0,1.0,1.0,1.0,1.0,1.0,1.0,breast_cancer,classification
96,0.0003488001758592116,0.9966442953020134,0.9966442953020134,0.9966442953020134,0.9966442953020134,0.9902912621359223,0.9902912621359223,0.9902912621359223,0.9979716024340771,0.9979716024340771,0.9979716024340771,0.00040265460945540824,1.0,1.0,1.0,1.0,1.0,1.0,1.0,1.0,1.0,1.0,breast_cancer,classification
97,0.0006515719480937559,0.9949664429530202,0.9949968878545138,0.9949664429530202,0.9949368834947507,1.0,0.970873786407767,0.9852216748768473,0.9939516129032258,1.0,0.9969666329625885,0.000451662469086481,1.0,1.0,1.0,1.0,1.0,1.0,1.0,1.0,1.0,1.0,breast_cancer,classification
98,0.0007290307140593486,0.9916107382550335,0.9915880285761018,0.9916107382550335,0.9915945265203249,0.9803921568627451,0.970873786407767,0.975609756097561,0.9939271255060729,0.9959432048681541,0.9949341438703141,0.0004026587519657192,1.0,1.0,1.0,1.0,1.0,1.0,1.0,1.0,1.0,1.0,breast_cancer,classification
99,0.0010369045815380577,0.9899328859060402,0.9898935531137005,0.9899328859060402,0.9898937266942753,0.9801980198019802,0.9611650485436893,0.9705882352941176,0.9919191919191919,0.9959432048681541,0.9939271255060729,0.000337052952041912,1.0,1.0,1.0,1.0,1.0,1.0,1.0,1.0,1.0,1.0,breast_cancer,classification
100,0.001028818939343695,0.9832214765100671,0.9836193663853859,0.9832214765100671,0.9833470998262753,0.9345794392523364,0.970873786407767,0.9523809523809523,0.9938650306748467,0.9858012170385395,0.9898167006109979,0.0004235987431188458,1.0,1.0,1.0,1.0,1.0,1.0,1.0,1.0,1.0,1.0,breast_cancer,classification
101,0.0008315851024333263,0.9899328859060402,0.9899328859060402,0.9899328859060402,0.9899328859060402,0.970873786407767,0.970873786407767,0.970873786407767,0.9939148073022313,0.9939148073022313,0.9939148073022313,0.00033526705740482215,1.0,1.0,1.0,1.0,1.0,1.0,1.0,1.0,1.0,1.0,breast_cancer,classification
102,0.0010072223974185552,0.9932885906040269,0.9932757034092671,0.9932885906040269,0.9932624844628501,0.9900990099009901,0.970873786407767,0.9803921568627451,0.9939393939393939,0.9979716024340771,0.9959514170040485,0.0004345960594751191,1.0,1.0,1.0,1.0,1.0,1.0,1.0,1.0,1.0,1.0,breast_cancer,classification
103,0.0007286100986651176,0.9932885906040269,0.9932757034092671,0.9932885906040269,0.9932624844628501,0.9900990099009901,0.970873786407767,0.9803921568627451,0.9939393939393939,0.9979716024340771,0.9959514170040485,0.0004775232569808328,1.0,1.0,1.0,1.0,1.0,1.0,1.0,1.0,1.0,1.0,breast_cancer,classification
104,0.0009617199761880525,0.9899328859060402,0.9899326131011547,0.9899328859060402,0.9898535491133006,0.98989898989899,0.9514563106796117,0.9702970297029703,0.9899396378269618,0.9979716024340771,0.9939393939393939,0.0003922417691139967,1.0,1.0,1.0,1.0,1.0,1.0,1.0,1.0,1.0,1.0,breast_cancer,classification
105,0.0012571819055506696,0.9899328859060402,0.990053933370096,0.9899328859060402,0.9898123240961247,1.0,0.941747572815534,0.97,0.9879759519038076,1.0,0.9939516129032258,0.00036967907104041155,1.0,1.0,1.0,1.0,1.0,1.0,1.0,1.0,1.0,1.0,breast_cancer,classification
106,0.0008426738759165243,0.9916107382550335,0.9916009958865556,0.9916107382550335,0.9915614724912512,0.99,0.9611650485436893,0.9753694581280788,0.9919354838709677,0.9979716024340771,0.9949443882709808,0.0004493430484986345,1.0,1.0,1.0,1.0,1.0,1.0,1.0,1.0,1.0,1.0,breast_cancer,classification
107,0.0005050960126576707,0.9983221476510067,0.9983255441132516,0.9983221476510067,0.9983189053040651,1.0,0.9902912621359223,0.9951219512195122,0.9979757085020243,1.0,0.9989868287740629,0.00045473242628594373,1.0,1.0,1.0,1.0,1.0,1.0,1.0,1.0,1.0,1.0,breast_cancer,classification
108,0.0005377219761753042,0.9932885906040269,0.9932757034092671,0.9932885906040269,0.9932624844628501,0.9900990099009901,0.970873786407767,0.9803921568627451,0.9939393939393939,0.9979716024340771,0.9959514170040485,0.0003626530227445116,1.0,1.0,1.0,1.0,1.0,1.0,1.0,1.0,1.0,1.0,breast_cancer,classification
109,0.0008584321324163485,0.9899328859060402,0.9898935531137005,0.9899328859060402,0.9898937266942753,0.9801980198019802,0.9611650485436893,0.9705882352941176,0.9919191919191919,0.9959432048681541,0.9939271255060729,0.0003625038236179608,1.0,1.0,1.0,1.0,1.0,1.0,1.0,1.0,1.0,1.0,breast_cancer,classification
110,0.0010457572489336207,0.9916107382550335,0.9916523173040198,0.9916107382550335,0.9916267436637919,0.9711538461538461,0.9805825242718447,0.9758454106280193,0.9959349593495935,0.9939148073022313,0.9949238578680203,0.0004188075322570317,1.0,1.0,1.0,1.0,1.0,1.0,1.0,1.0,1.0,1.0,breast_cancer,classification
111,0.0016719128920121631,0.988255033557047,0.9883093355326945,0.988255033557047,0.9882774411293086,0.9615384615384616,0.970873786407767,0.966183574879227,0.9939024390243902,0.9918864097363083,0.9928934010152284,0.00048776610126256343,1.0,1.0,1.0,1.0,1.0,1.0,1.0,1.0,1.0,1.0,breast_cancer,classification
112,0.0008882476534888198,0.9899328859060402,0.9899326131011547,0.9899328859060402,0.9898535491133006,0.98989898989899,0.9514563106796117,0.9702970297029703,0.9899396378269618,0.9979716024340771,0.9939393939393939,0.00034665459010675047,1.0,1.0,1.0,1.0,1.0,1.0,1.0,1.0,1.0,1.0,breast_cancer,classification
113,0.0009575248789667284,0.9949664429530202,0.9949952990753448,0.9949664429530202,0.9949760461982752,0.9807692307692307,0.9902912621359223,0.9855072463768116,0.9979674796747967,0.9959432048681541,0.9969543147208122,0.00038494239639390835,1.0,1.0,1.0,1.0,1.0,1.0,1.0,1.0,1.0,1.0,breast_cancer,classification
114,0.0005894871041860006,0.9966442953020134,0.9966442953020134,0.9966442953020134,0.9966442953020134,0.9902912621359223,0.9902912621359223,0.9902912621359223,0.9979716024340771,0.9979716024340771,0.9979716024340771,0.0004336817468197754,1.0,1.0,1.0,1.0,1.0,1.0,1.0,1.0,1.0,1.0,breast_cancer,classification
115,0.0006996358363129723,0.9932885906040269,0.9932757034092671,0.9932885906040269,0.9932624844628501,0.9900990099009901,0.970873786407767,0.9803921568627451,0.9939393939393939,0.9979716024340771,0.9959514170040485,0.00032921692343966275,1.0,1.0,1.0,1.0,1.0,1.0,1.0,1.0,1.0,1.0,breast_cancer,classification
116,0.0006574876594744723,0.9932885906040269,0.9932885906040269,0.9932885906040269,0.9932885906040269,0.9805825242718447,0.9805825242718447,0.9805825242718447,0.9959432048681541,0.9959432048681541,0.9959432048681541,0.00033072698017544796,1.0,1.0,1.0,1.0,1.0,1.0,1.0,1.0,1.0,1.0,breast_cancer,classification
117,0.0005967913784599244,0.9916107382550335,0.9915880285761018,0.9916107382550335,0.9915945265203249,0.9803921568627451,0.970873786407767,0.975609756097561,0.9939271255060729,0.9959432048681541,0.9949341438703141,0.000389506373141936,1.0,1.0,1.0,1.0,1.0,1.0,1.0,1.0,1.0,1.0,breast_cancer,classification
118,0.000764507508521037,0.9932885906040269,0.9932757034092671,0.9932885906040269,0.9932624844628501,0.9900990099009901,0.970873786407767,0.9803921568627451,0.9939393939393939,0.9979716024340771,0.9959514170040485,0.0004259019882274454,1.0,1.0,1.0,1.0,1.0,1.0,1.0,1.0,1.0,1.0,breast_cancer,classification
119,0.00042035778900045877,0.9932885906040269,0.9932757034092671,0.9932885906040269,0.9932624844628501,0.9900990099009901,0.970873786407767,0.9803921568627451,0.9939393939393939,0.9979716024340771,0.9959514170040485,0.00047118021659678063,1.0,1.0,1.0,1.0,1.0,1.0,1.0,1.0,1.0,1.0,breast_cancer,classification
120,0.0009112374463678031,0.9932885906040269,0.9933426059713989,0.9932885906040269,0.993235699408867,1.0,0.9611650485436893,0.9801980198019802,0.9919517102615694,1.0,0.9959595959595959,0.00036669437439124656,1.0,1.0,1.0,1.0,1.0,1.0,1.0,1.0,1.0,1.0,breast_cancer,classification
121,0.0010062423646028135,0.9865771812080537,0.9865226202309103,0.9865771812080537,0.9864713988177342,0.9797979797979798,0.941747572815534,0.9603960396039604,0.9879275653923542,0.9959432048681541,0.9919191919191919,0.0004271266117829504,1.0,1.0,1.0,1.0,1.0,1.0,1.0,1.0,1.0,1.0,breast_cancer,classification
122,0.0007628511356958657,0.9949664429530202,0.9949968878545138,0.9949664429530202,0.9949368834947507,1.0,0.970873786407767,0.9852216748768473,0.9939516129032258,1.0,0.9969666329625885,0.0004874334261196372,1.0,1.0,1.0,1.0,1.0,1.0,1.0,1.0,1.0,1.0,breast_cancer,classification
123,0.0005923467424570039,0.9932885906040269,0.9932757034092671,0.9932885906040269,0.9932624844628501,0.9900990099009901,0.970873786407767,0.9803921568627451,0.9939393939393939,0.9979716024340771,0.9959514170040485,0.00029682116067324506,1.0,1.0,1.0,1.0,1.0,1.0,1.0,1.0,1.0,1.0,breast_cancer,classification
124,0.0008105055828291248,0.9899328859060402,0.9898935531137005,0.9899328859060402,0.9898937266942753,0.9801980198019802,0.9611650485436893,0.9705882352941176,0.9919191919191919,0.9959432048681541,0.9939271255060729,0.0003780130650098092,1.0,1.0,1.0,1.0,1.0,1.0,1.0,1.0,1.0,1.0,breast_cancer,classification
125,0.0013712471592843207,0.9832214765100671,0.9831292525225678,0.9832214765100671,0.9831562111571254,0.9603960396039604,0.941747572815534,0.9509803921568627,0.9878787878787879,0.9918864097363083,0.9898785425101214,0.00042153307824276836,1.0,1.0,1.0,1.0,1.0,1.0,1.0,1.0,1.0,1.0,breast_cancer,classification
126,0.0021134938942362247,0.9832214765100671,0.9832214765100671,0.9832214765100671,0.9832214765100671,0.9514563106796117,0.9514563106796117,0.9514563106796117,0.9898580121703854,0.9898580121703854,0.9898580121703854,0.0004024404474540345,1.0,1.0,1.0,1.0,1.0,1.0,1.0,1.0,1.0,1.0,breast_cancer,classification
127,0.0010743476872351145,0.9916107382550335,0.9916949677906256,0.9916107382550335,0.9915275578304847,1.0,0.9514563106796117,0.9751243781094527,0.9899598393574297,1.0,0.9949545913218971,0.00032078069494099624,1.0,1.0,1.0,1.0,1.0,1.0,1.0,1.0,1.0,1.0,breast_cancer,classification
128,0.0009524238148576036,0.9932885906040269,0.9932757034092671,0.9932885906040269,0.9932624844628501,0.9900990099009901,0.970873786407767,0.9803921568627451,0.9939393939393939,0.9979716024340771,0.9959514170040485,0.0003315994903545252,1.0,1.0,1.0,1.0,1.0,1.0,1.0,1.0,1.0,1.0,breast_cancer,classification
129,0.0005358624488471589,0.9916107382550335,0.9915880285761018,0.9916107382550335,0.9915945265203249,0.9803921568627451,0.970873786407767,0.975609756097561,0.9939271255060729,0.9959432048681541,0.9949341438703141,0.000341358797737216,1.0,1.0,1.0,1.0,1.0,1.0,1.0,1.0,1.0,1.0,breast_cancer,classification
130,0.0008320989807592642,0.9899328859060402,0.9899328859060402,0.9899328859060402,0.9899328859060402,0.970873786407767,0.970873786407767,0.970873786407767,0.9939148073022313,0.9939148073022313,0.9939148073022313,0.0004272408347464348,1.0,1.0,1.0,1.0,1.0,1.0,1.0,1.0,1.0,1.0,breast_cancer,classification
131,0.0008607145985619684,0.9899328859060402,0.9899326131011547,0.9899328859060402,0.9898535491133006,0.98989898989899,0.9514563106796117,0.9702970297029703,0.9899396378269618,0.9979716024340771,0.9939393939393939,0.0004186521943708594,1.0,1.0,1.0,1.0,1.0,1.0,1.0,1.0,1.0,1.0,breast_cancer,classification
132,0.0006151494629456093,0.9966442953020134,0.9966442953020134,0.9966442953020134,0.9966442953020134,0.9902912621359223,0.9902912621359223,0.9902912621359223,0.9979716024340771,0.9979716024340771,0.9979716024340771,0.0003737319157702611,1.0,1.0,1.0,1.0,1.0,1.0,1.0,1.0,1.0,1.0,breast_cancer,classification
133,0.0005281058994853156,0.9932885906040269,0.9933426059713989,0.9932885906040269,0.993235699408867,1.0,0.9611650485436893,0.9801980198019802,0.9919517102615694,1.0,0.9959595959595959,0.00041675519966989156,1.0,1.0,1.0,1.0,1.0,1.0,1.0,1.0,1.0,1.0,breast_cancer,classification
134,0.0009110179013297612,0.9916107382550335,0.9915880285761018,0.9916107382550335,0.9915945265203249,0.9803921568627451,0.970873786407767,0.975609756097561,0.9939271255060729,0.9959432048681541,0.9949341438703141,0.0004070480572897316,1.0,1.0,1.0,1.0,1.0,1.0,1.0,1.0,1.0,1.0,breast_cancer,classification
135,0.0004404886452256133,0.9932885906040269,0.9933426059713989,0.9932885906040269,0.993235699408867,1.0,0.9611650485436893,0.9801980198019802,0.9919517102615694,1.0,0.9959595959595959,0.0003033341463317707,1.0,1.0,1.0,1.0,1.0,1.0,1.0,1.0,1.0,1.0,breast_cancer,classification
136,0.001081499174407577,0.9865771812080537,0.9867164733825022,0.9865771812080537,0.986628072914699,0.9523809523809523,0.970873786407767,0.9615384615384616,0.9938900203665988,0.9898580121703854,0.991869918699187,0.0003189926571681495,1.0,1.0,1.0,1.0,1.0,1.0,1.0,1.0,1.0,1.0,breast_cancer,classification
137,0.0009299695480852419,0.9916107382550335,0.9916009958865556,0.9916107382550335,0.9915614724912512,0.99,0.9611650485436893,0.9753694581280788,0.9919354838709677,0.9979716024340771,0.9949443882709808,0.0003681282009679399,1.0,1.0,1.0,1.0,1.0,1.0,1.0,1.0,1.0,1.0,breast_cancer,classification
138,0.0004501112464474727,0.9949664429530202,0.9949952990753448,0.9949664429530202,0.9949760461982752,0.9807692307692307,0.9902912621359223,0.9855072463768116,0.9979674796747967,0.9959432048681541,0.9969543147208122,0.000394821339661893,1.0,1.0,1.0,1.0,1.0,1.0,1.0,1.0,1.0,1.0,breast_cancer,classification
139,0.0011282367342707995,0.9899328859060402,0.9898935531137005,0.9899328859060402,0.9898937266942753,0.9801980198019802,0.9611650485436893,0.9705882352941176,0.9919191919191919,0.9959432048681541,0.9939271255060729,0.0003412933887338778,1.0,1.0,1.0,1.0,1.0,1.0,1.0,1.0,1.0,1.0,breast_cancer,classification
140,0.0010050214436795912,0.9916107382550335,0.9915880285761018,0.9916107382550335,0.9915945265203249,0.9803921568627451,0.970873786407767,0.975609756097561,0.9939271255060729,0.9959432048681541,0.9949341438703141,0.0004169850160161521,1.0,1.0,1.0,1.0,1.0,1.0,1.0,1.0,1.0,1.0,breast_cancer,classification
141,0.0016413320691149756,0.9832214765100671,0.9831753037660459,0.9832214765100671,0.9830205401602077,0.979381443298969,0.9223300970873787,0.95,0.9839679358717435,0.9959432048681541,0.9899193548387096,0.0003776274349590476,1.0,1.0,1.0,1.0,1.0,1.0,1.0,1.0,1.0,1.0,breast_cancer,classification
142,0.0011609396834751503,0.9932885906040269,0.9932757034092671,0.9932885906040269,0.9932624844628501,0.9900990099009901,0.970873786407767,0.9803921568627451,0.9939393939393939,0.9979716024340771,0.9959514170040485,0.00041947936976716025,1.0,1.0,1.0,1.0,1.0,1.0,1.0,1.0,1.0,1.0,breast_cancer,classification
143,0.0011780417728200305,0.9899328859060402,0.9899326131011547,0.9899328859060402,0.9898535491133006,0.98989898989899,0.9514563106796117,0.9702970297029703,0.9899396378269618,0.9979716024340771,0.9939393939393939,0.00040012351299742325,1.0,1.0,1.0,1.0,1.0,1.0,1.0,1.0,1.0,1.0,breast_cancer,classification
144,0.001229184394703878,0.9865771812080537,0.9865226202309103,0.9865771812080537,0.9864713988177342,0.9797979797979798,0.941747572815534,0.9603960396039604,0.9879275653923542,0.9959432048681541,0.9919191919191919,0.00039505034266352254,1.0,1.0,1.0,1.0,1.0,1.0,1.0,1.0,1.0,1.0,breast_cancer,classification
145,0.0004860778802524527,0.9949664429530202,0.995108902114727,0.9949664429530202,0.9949948880494758,0.9716981132075472,1.0,0.9856459330143541,1.0,0.9939148073022313,0.9969481180061037,0.0005142963100724773,1.0,1.0,1.0,1.0,1.0,1.0,1.0,1.0,1.0,1.0,breast_cancer,classification
146,0.000663077330994951,0.9916107382550335,0.9916009958865556,0.9916107382550335,0.9915614724912512,0.99,0.9611650485436893,0.9753694581280788,0.9919354838709677,0.9979716024340771,0.9949443882709808,0.00046400691151318935,1.0,1.0,1.0,1.0,1.0,1.0,1.0,1.0,1.0,1.0,breast_cancer,classification
147,0.0007237653385132126,0.9916107382550335,0.9916523173040198,0.9916107382550335,0.9916267436637919,0.9711538461538461,0.9805825242718447,0.9758454106280193,0.9959349593495935,0.9939148073022313,0.9949238578680203,0.0003462892632006399,1.0,1.0,1.0,1.0,1.0,1.0,1.0,1.0,1.0,1.0,breast_cancer,classification
148,0.0013167232895369997,0.9815436241610739,0.981623371990044,0.9815436241610739,0.9815788360603424,0.9423076923076923,0.9514563106796117,0.9468599033816425,0.9898373983739838,0.9878296146044625,0.9888324873096447,0.0004430361046774575,1.0,1.0,1.0,1.0,1.0,1.0,1.0,1.0,1.0,1.0,breast_cancer,classification
149,0.0012562922399331684,0.9848993288590604,0.984850513038952,0.9848993288590604,0.9848701477365848,0.9607843137254902,0.9514563106796117,0.9560975609756097,0.9898785425101214,0.9918864097363083,0.9908814589665653,0.0004250986389065749,1.0,1.0,1.0,1.0,1.0,1.0,1.0,1.0,1.0,1.0,breast_cancer,classification
150,0.0005826166178171692,0.9949664429530202,0.9949567863446767,0.9949664429530202,0.9949567159121949,0.9901960784313726,0.9805825242718447,0.9853658536585366,0.9959514170040485,0.9979716024340771,0.9969604863221885,0.00043859631573193823,1.0,1.0,1.0,1.0,1.0,1.0,1.0,1.0,1.0,1.0,breast_cancer,classification
151,0.0004200436387386098,0.9983221476510067,0.9983255441132516,0.9983221476510067,0.9983189053040651,1.0,0.9902912621359223,0.9951219512195122,0.9979757085020243,1.0,0.9989868287740629,0.0005111324463364662,1.0,1.0,1.0,1.0,1.0,1.0,1.0,1.0,1.0,1.0,breast_cancer,classification
152,0.0009903765856616525,0.9932885906040269,0.9933426059713989,0.9932885906040269,0.993235699408867,1.0,0.9611650485436893,0.9801980198019802,0.9919517102615694,1.0,0.9959595959595959,0.00043910359198090016,1.0,1.0,1.0,1.0,1.0,1.0,1.0,1.0,1.0,1.0,breast_cancer,classification
153,0.0007889822950499169,0.9916107382550335,0.9916009958865556,0.9916107382550335,0.9915614724912512,0.99,0.9611650485436893,0.9753694581280788,0.9919354838709677,0.9979716024340771,0.9949443882709808,0.00047447053471817664,1.0,1.0,1.0,1.0,1.0,1.0,1.0,1.0,1.0,1.0,breast_cancer,classification
154,0.0009684807647507163,0.9949664429530202,0.9949567863446767,0.9949664429530202,0.9949567159121949,0.9901960784313726,0.9805825242718447,0.9853658536585366,0.9959514170040485,0.9979716024340771,0.9969604863221885,0.0004205441699307037,1.0,1.0,1.0,1.0,1.0,1.0,1.0,1.0,1.0,1.0,breast_cancer,classification
155,0.0010735306938822638,0.9916107382550335,0.9916009958865556,0.9916107382550335,0.9915614724912512,0.99,0.9611650485436893,0.9753694581280788,0.9919354838709677,0.9979716024340771,0.9949443882709808,0.00044895624023105876,1.0,1.0,1.0,1.0,1.0,1.0,1.0,1.0,1.0,1.0,breast_cancer,classification
156,0.0006462610611885836,0.9916107382550335,0.9916009958865556,0.9916107382550335,0.9915614724912512,0.99,0.9611650485436893,0.9753694581280788,0.9919354838709677,0.9979716024340771,0.9949443882709808,0.0003228234963166534,1.0,1.0,1.0,1.0,1.0,1.0,1.0,1.0,1.0,1.0,breast_cancer,classification
157,0.0004914690546641414,0.9949664429530202,0.9949567863446767,0.9949664429530202,0.9949567159121949,0.9901960784313726,0.9805825242718447,0.9853658536585366,0.9959514170040485,0.9979716024340771,0.9969604863221885,0.0004823127052052909,1.0,1.0,1.0,1.0,1.0,1.0,1.0,1.0,1.0,1.0,breast_cancer,classification
158,0.0004811514168587082,0.9949664429530202,0.9949567863446767,0.9949664429530202,0.9949567159121949,0.9901960784313726,0.9805825242718447,0.9853658536585366,0.9959514170040485,0.9979716024340771,0.9969604863221885,0.0004893931374266344,1.0,1.0,1.0,1.0,1.0,1.0,1.0,1.0,1.0,1.0,breast_cancer,classification
159,0.0010567624692261318,0.9899328859060402,0.990053933370096,0.9899328859060402,0.9898123240961247,1.0,0.941747572815534,0.97,0.9879759519038076,1.0,0.9939516129032258,0.000482892867602758,1.0,1.0,1.0,1.0,1.0,1.0,1.0,1.0,1.0,1.0,breast_cancer,classification
160,0.000554091376002453,0.9932885906040269,0.9932757034092671,0.9932885906040269,0.9932624844628501,0.9900990099009901,0.970873786407767,0.9803921568627451,0.9939393939393939,0.9979716024340771,0.9959514170040485,0.0004802570137626573,1.0,1.0,1.0,1.0,1.0,1.0,1.0,1.0,1.0,1.0,breast_cancer,classification
161,0.000836283179475057,0.9916107382550335,0.9916523173040198,0.9916107382550335,0.9916267436637919,0.9711538461538461,0.9805825242718447,0.9758454106280193,0.9959349593495935,0.9939148073022313,0.9949238578680203,0.0004519249629791851,1.0,1.0,1.0,1.0,1.0,1.0,1.0,1.0,1.0,1.0,breast_cancer,classification
162,0.0007343922933913617,0.9916107382550335,0.9915880285761018,0.9916107382550335,0.9915945265203249,0.9803921568627451,0.970873786407767,0.975609756097561,0.9939271255060729,0.9959432048681541,0.9949341438703141,0.0003578401547262833,1.0,1.0,1.0,1.0,1.0,1.0,1.0,1.0,1.0,1.0,breast_cancer,classification
163,0.000647504270567415,0.9932885906040269,0.9933426059713989,0.9932885906040269,0.993235699408867,1.0,0.9611650485436893,0.9801980198019802,0.9919517102615694,1.0,0.9959595959595959,0.00032446431636735294,1.0,1.0,1.0,1.0,1.0,1.0,1.0,1.0,1.0,1.0,breast_cancer,classification
164,0.0007665331437152454,0.9899328859060402,0.9899328859060402,0.9899328859060402,0.9899328859060402,0.970873786407767,0.970873786407767,0.970873786407767,0.9939148073022313,0.9939148073022313,0.9939148073022313,0.00044377273629925794,1.0,1.0,1.0,1.0,1.0,1.0,1.0,1.0,1.0,1.0,breast_cancer,classification
165,0.0006484402923363468,0.9966442953020134,0.9966578537048337,0.9966442953020134,0.9966312422314251,1.0,0.9805825242718447,0.9901960784313726,0.9959595959595959,1.0,0.9979757085020243,0.0004136929282256021,1.0,1.0,1.0,1.0,1.0,1.0,1.0,1.0,1.0,1.0,breast_cancer,classification
166,0.0009941496290954068,0.9932885906040269,0.9932757034092671,0.9932885906040269,0.9932624844628501,0.9900990099009901,0.970873786407767,0.9803921568627451,0.9939393939393939,0.9979716024340771,0.9959514170040485,0.000402804290650775,1.0,1.0,1.0,1.0,1.0,1.0,1.0,1.0,1.0,1.0,breast_cancer,classification
167,0.0013003103128765654,0.988255033557047,0.988270504288074,0.988255033557047,0.9881385809626786,0.9897959183673469,0.941747572815534,0.9651741293532339,0.9879518072289156,0.9979716024340771,0.992936427850656,0.000535936382342905,1.0,1.0,1.0,1.0,1.0,1.0,1.0,1.0,1.0,1.0,breast_cancer,classification
168,0.0011806556392045405,0.9916107382550335,0.9916009958865556,0.9916107382550335,0.9915614724912512,0.99,0.9611650485436893,0.9753694581280788,0.9919354838709677,0.9979716024340771,0.9949443882709808,0.0004068238952903439,1.0,1.0,1.0,1.0,1.0,1.0,1.0,1.0,1.0,1.0,breast_cancer,classification
169,0.001430608831024135,0.9899328859060402,0.9900470534172472,0.9899328859060402,0.9899710546860244,0.9619047619047619,0.9805825242718447,0.9711538461538461,0.9959266802443992,0.9918864097363083,0.9939024390243902,0.0004293630141827384,1.0,1.0,1.0,1.0,1.0,1.0,1.0,1.0,1.0,1.0,breast_cancer,classification
170,0.0005641359149872157,0.9932885906040269,0.9933426059713989,0.9932885906040269,0.993235699408867,1.0,0.9611650485436893,0.9801980198019802,0.9919517102615694,1.0,0.9959595959595959,0.0003967548770542513,1.0,1.0,1.0,1.0,1.0,1.0,1.0,1.0,1.0,1.0,breast_cancer,classification
171,0.0010855427107948736,0.9865771812080537,0.9866146185680708,0.9865771812080537,0.9864164321281662,0.9896907216494846,0.9320388349514563,0.96,0.9859719438877755,0.9979716024340771,0.9919354838709677,0.00035949040832460526,1.0,1.0,1.0,1.0,1.0,1.0,1.0,1.0,1.0,1.0,breast_cancer,classification
172,0.00046274439379379105,0.9932885906040269,0.9933426059713989,0.9932885906040269,0.993235699408867,1.0,0.9611650485436893,0.9801980198019802,0.9919517102615694,1.0,0.9959595959595959,0.0003613613056794009,1.0,1.0,1.0,1.0,1.0,1.0,1.0,1.0,1.0,1.0,breast_cancer,classification
173,0.0006636912737591755,0.9932885906040269,0.9933426059713989,0.9932885906040269,0.993235699408867,1.0,0.9611650485436893,0.9801980198019802,0.9919517102615694,1.0,0.9959595959595959,0.00038151334949312795,1.0,1.0,1.0,1.0,1.0,1.0,1.0,1.0,1.0,1.0,breast_cancer,classification
174,0.0007450510974310889,0.9932885906040269,0.9932757034092671,0.9932885906040269,0.9932624844628501,0.9900990099009901,0.970873786407767,0.9803921568627451,0.9939393939393939,0.9979716024340771,0.9959514170040485,0.00035351929536101803,1.0,1.0,1.0,1.0,1.0,1.0,1.0,1.0,1.0,1.0,breast_cancer,classification
175,0.0017196275743080816,0.9865771812080537,0.9867164733825022,0.9865771812080537,0.986628072914699,0.9523809523809523,0.970873786407767,0.9615384615384616,0.9938900203665988,0.9898580121703854,0.991869918699187,0.00040585336966077553,1.0,1.0,1.0,1.0,1.0,1.0,1.0,1.0,1.0,1.0,breast_cancer,classification
176,0.00045485632969129007,0.9949664429530202,0.9949567863446767,0.9949664429530202,0.9949567159121949,0.9901960784313726,0.9805825242718447,0.9853658536585366,0.9959514170040485,0.9979716024340771,0.9969604863221885,0.00028775290636058224,1.0,1.0,1.0,1.0,1.0,1.0,1.0,1.0,1.0,1.0,breast_cancer,classification
177,0.0009743330473605318,0.9899328859060402,0.9899328859060402,0.9899328859060402,0.9899328859060402,0.970873786407767,0.970873786407767,0.970873786407767,0.9939148073022313,0.9939148073022313,0.9939148073022313,0.00048649212464240175,1.0,1.0,1.0,1.0,1.0,1.0,1.0,1.0,1.0,1.0,breast_cancer,classification
178,0.0006018647945160983,0.9949664429530202,0.9949952990753448,0.9949664429530202,0.9949760461982752,0.9807692307692307,0.9902912621359223,0.9855072463768116,0.9979674796747967,0.9959432048681541,0.9969543147208122,0.0003928507767280176,1.0,1.0,1.0,1.0,1.0,1.0,1.0,1.0,1.0,1.0,breast_cancer,classification
179,0.0004947964289935068,0.9949664429530202,0.9949567863446767,0.9949664429530202,0.9949567159121949,0.9901960784313726,0.9805825242718447,0.9853658536585366,0.9959514170040485,0.9979716024340771,0.9969604863221885,0.0003549567612838125,1.0,1.0,1.0,1.0,1.0,1.0,1.0,1.0,1.0,1.0,breast_cancer,classification
180,0.0011898751258100039,0.988255033557047,0.9882051039185971,0.988255033557047,0.9881860614877516,0.98,0.9514563106796117,0.9655172413793104,0.9899193548387096,0.9959432048681541,0.9929221435793731,0.0004045818955793777,1.0,1.0,1.0,1.0,1.0,1.0,1.0,1.0,1.0,1.0,breast_cancer,classification
181,0.0006279981895912464,0.9916107382550335,0.9916009958865556,0.9916107382550335,0.9915614724912512,0.99,0.9611650485436893,0.9753694581280788,0.9919354838709677,0.9979716024340771,0.9949443882709808,0.0003869672002733354,1.0,1.0,1.0,1.0,1.0,1.0,1.0,1.0,1.0,1.0,breast_cancer,classification
182,0.0009997000889665128,0.9932885906040269,0.9933426059713989,0.9932885906040269,0.993235699408867,1.0,0.9611650485436893,0.9801980198019802,0.9919517102615694,1.0,0.9959595959595959,0.0004082421894066486,1.0,1.0,1.0,1.0,1.0,1.0,1.0,1.0,1.0,1.0,breast_cancer,classification
183,0.0006215348204944732,0.9949664429530202,0.9949567863446767,0.9949664429530202,0.9949567159121949,0.9901960784313726,0.9805825242718447,0.9853658536585366,0.9959514170040485,0.9979716024340771,0.9969604863221885,0.0004145094848256683,1.0,1.0,1.0,1.0,1.0,1.0,1.0,1.0,1.0,1.0,breast_cancer,classification
184,0.0009743909598812586,0.9899328859060402,0.9900470534172472,0.9899328859060402,0.9899710546860244,0.9619047619047619,0.9805825242718447,0.9711538461538461,0.9959266802443992,0.9918864097363083,0.9939024390243902,0.000449928665227388,1.0,1.0,1.0,1.0,1.0,1.0,1.0,1.0,1.0,1.0,breast_cancer,classification
185,0.0008050320775876284,0.9932885906040269,0.9933426059713989,0.9932885906040269,0.993235699408867,1.0,0.9611650485436893,0.9801980198019802,0.9919517102615694,1.0,0.9959595959595959,0.0004411301288078695,1.0,1.0,1.0,1.0,1.0,1.0,1.0,1.0,1.0,1.0,breast_cancer,classification
186,0.0005845057874942986,0.9983221476510067,0.9983255441132516,0.9983221476510067,0.9983189053040651,1.0,0.9902912621359223,0.9951219512195122,0.9979757085020243,1.0,0.9989868287740629,0.000430604228874881,1.0,1.0,1.0,1.0,1.0,1.0,1.0,1.0,1.0,1.0,breast_cancer,classification
187,0.0006473516399234583,0.9916107382550335,0.9915880285761018,0.9916107382550335,0.9915945265203249,0.9803921568627451,0.970873786407767,0.975609756097561,0.9939271255060729,0.9959432048681541,0.9949341438703141,0.0003582717547655706,1.0,1.0,1.0,1.0,1.0,1.0,1.0,1.0,1.0,1.0,breast_cancer,classification
188,0.000942190442212401,0.9949664429530202,0.9949567863446767,0.9949664429530202,0.9949567159121949,0.9901960784313726,0.9805825242718447,0.9853658536585366,0.9959514170040485,0.9979716024340771,0.9969604863221885,0.0004736919849860988,1.0,1.0,1.0,1.0,1.0,1.0,1.0,1.0,1.0,1.0,breast_cancer,classification
189,0.000817706173632744,0.9916107382550335,0.9915880285761018,0.9916107382550335,0.9915945265203249,0.9803921568627451,0.970873786407767,0.975609756097561,0.9939271255060729,0.9959432048681541,0.9949341438703141,0.0005203662596442955,1.0,1.0,1.0,1.0,1.0,1.0,1.0,1.0,1.0,1.0,breast_cancer,classification
190,0.0010609718464664965,0.9932885906040269,0.9932885906040269,0.9932885906040269,0.9932885906040269,0.9805825242718447,0.9805825242718447,0.9805825242718447,0.9959432048681541,0.9959432048681541,0.9959432048681541,0.00042247625174088364,1.0,1.0,1.0,1.0,1.0,1.0,1.0,1.0,1.0,1.0,breast_cancer,classification
191,0.0007620885077123249,0.9932885906040269,0.9932757034092671,0.9932885906040269,0.9932624844628501,0.9900990099009901,0.970873786407767,0.9803921568627451,0.9939393939393939,0.9979716024340771,0.9959514170040485,0.00042723107382955166,1.0,1.0,1.0,1.0,1.0,1.0,1.0,1.0,1.0,1.0,breast_cancer,classification
192,0.0016951496379243698,0.9815436241610739,0.9818349386101154,0.9815436241610739,0.9816479228480782,0.9339622641509434,0.9611650485436893,0.9473684210526315,0.9918367346938776,0.9858012170385395,0.9888097660223805,0.00039572205281997684,1.0,1.0,1.0,1.0,1.0,1.0,1.0,1.0,1.0,1.0,breast_cancer,classification
193,0.0008397091405884982,0.9916107382550335,0.9915880285761018,0.9916107382550335,0.9915945265203249,0.9803921568627451,0.970873786407767,0.975609756097561,0.9939271255060729,0.9959432048681541,0.9949341438703141,0.00039789449789205054,1.0,1.0,1.0,1.0,1.0,1.0,1.0,1.0,1.0,1.0,breast_cancer,classification
194,0.0007847536877954016,0.9949664429530202,0.9949567863446767,0.9949664429530202,0.9949567159121949,0.9901960784313726,0.9805825242718447,0.9853658536585366,0.9959514170040485,0.9979716024340771,0.9969604863221885,0.00043321259307281285,1.0,1.0,1.0,1.0,1.0,1.0,1.0,1.0,1.0,1.0,breast_cancer,classification
195,0.0005425657587119647,0.9916107382550335,0.9915880285761018,0.9916107382550335,0.9915945265203249,0.9803921568627451,0.970873786407767,0.975609756097561,0.9939271255060729,0.9959432048681541,0.9949341438703141,0.0003994803581911846,1.0,1.0,1.0,1.0,1.0,1.0,1.0,1.0,1.0,1.0,breast_cancer,classification
196,0.0007672886037574018,0.9949664429530202,0.9949567863446767,0.9949664429530202,0.9949567159121949,0.9901960784313726,0.9805825242718447,0.9853658536585366,0.9959514170040485,0.9979716024340771,0.9969604863221885,0.00037358889290625415,1.0,1.0,1.0,1.0,1.0,1.0,1.0,1.0,1.0,1.0,breast_cancer,classification
197,0.000592808788618848,0.9949664429530202,0.9949968878545138,0.9949664429530202,0.9949368834947507,1.0,0.970873786407767,0.9852216748768473,0.9939516129032258,1.0,0.9969666329625885,0.0004704284806729563,1.0,1.0,1.0,1.0,1.0,1.0,1.0,1.0,1.0,1.0,breast_cancer,classification
198,0.0010171922266752078,0.9932885906040269,0.9933426059713989,0.9932885906040269,0.993235699408867,1.0,0.9611650485436893,0.9801980198019802,0.9919517102615694,1.0,0.9959595959595959,0.0004140708428313768,1.0,1.0,1.0,1.0,1.0,1.0,1.0,1.0,1.0,1.0,breast_cancer,classification
199,0.0007210319022641786,0.9899328859060402,0.9899328859060402,0.9899328859060402,0.9899328859060402,0.970873786407767,0.970873786407767,0.970873786407767,0.9939148073022313,0.9939148073022313,0.9939148073022313,0.00039737831001113725,1.0,1.0,1.0,1.0,1.0,1.0,1.0,1.0,1.0,1.0,breast_cancer,classification
200,0.0009632167861884423,0.988255033557047,0.9882192708075269,0.988255033557047,0.9882323371284547,0.9705882352941176,0.9611650485436893,0.9658536585365853,0.9919028340080972,0.9939148073022313,0.9929078014184397,0.0004536779425513224,1.0,1.0,1.0,1.0,1.0,1.0,1.0,1.0,1.0,1.0,breast_cancer,classification
201,0.0009356179351187093,0.9916107382550335,0.9916009958865556,0.9916107382550335,0.9915614724912512,0.99,0.9611650485436893,0.9753694581280788,0.9919354838709677,0.9979716024340771,0.9949443882709808,0.00047300418607590584,1.0,1.0,1.0,1.0,1.0,1.0,1.0,1.0,1.0,1.0,breast_cancer,classification
202,0.0007993532743167457,0.9899328859060402,0.9899328859060402,0.9899328859060402,0.9899328859060402,0.970873786407767,0.970873786407767,0.970873786407767,0.9939148073022313,0.9939148073022313,0.9939148073022313,0.0003427048034078423,1.0,1.0,1.0,1.0,1.0,1.0,1.0,1.0,1.0,1.0,breast_cancer,classification
203,0.0005403725034244758,0.9932885906040269,0.9932885906040269,0.9932885906040269,0.9932885906040269,0.9805825242718447,0.9805825242718447,0.9805825242718447,0.9959432048681541,0.9959432048681541,0.9959432048681541,0.0004522014540563894,1.0,1.0,1.0,1.0,1.0,1.0,1.0,1.0,1.0,1.0,breast_cancer,classification
204,0.001012813981392752,0.988255033557047,0.9882051039185971,0.988255033557047,0.9881860614877516,0.98,0.9514563106796117,0.9655172413793104,0.9899193548387096,0.9959432048681541,0.9929221435793731,0.00036715628147975313,1.0,1.0,1.0,1.0,1.0,1.0,1.0,1.0,1.0,1.0,breast_cancer,classification
205,0.0007645560025343759,0.9916107382550335,0.9915880285761018,0.9916107382550335,0.9915945265203249,0.9803921568627451,0.970873786407767,0.975609756097561,0.9939271255060729,0.9959432048681541,0.9949341438703141,0.00042880981716783654,1.0,1.0,1.0,1.0,1.0,1.0,1.0,1.0,1.0,1.0,breast_cancer,classification
206,0.0005832822694936954,0.9949664429530202,0.9949567863446767,0.9949664429530202,0.9949567159121949,0.9901960784313726,0.9805825242718447,0.9853658536585366,0.9959514170040485,0.9979716024340771,0.9969604863221885,0.0003716660766618564,1.0,1.0,1.0,1.0,1.0,1.0,1.0,1.0,1.0,1.0,breast_cancer,classification
207,0.0012277959642428655,0.9899328859060402,0.9898935531137005,0.9899328859060402,0.9898937266942753,0.9801980198019802,0.9611650485436893,0.9705882352941176,0.9919191919191919,0.9959432048681541,0.9939271255060729,0.0003945839024092627,1.0,1.0,1.0,1.0,1.0,1.0,1.0,1.0,1.0,1.0,breast_cancer,classification
208,0.0004848800267517917,0.9949664429530202,0.9949968878545138,0.9949664429530202,0.9949368834947507,1.0,0.970873786407767,0.9852216748768473,0.9939516129032258,1.0,0.9969666329625885,0.0004764984458709923,1.0,1.0,1.0,1.0,1.0,1.0,1.0,1.0,1.0,1.0,breast_cancer,classification
209,0.0009967261708916583,0.9899328859060402,0.9899326131011547,0.9899328859060402,0.9898535491133006,0.98989898989899,0.9514563106796117,0.9702970297029703,0.9899396378269618,0.9979716024340771,0.9939393939393939,0.00036910309803190846,1.0,1.0,1.0,1.0,1.0,1.0,1.0,1.0,1.0,1.0,breast_cancer,classification
210,0.0009732132093143343,0.988255033557047,0.9884194630872483,0.988255033557047,0.9880898609581767,1.0,0.9320388349514563,0.964824120603015,0.986,1.0,0.9929506545820745,0.00037359865460444817,1.0,1.0,1.0,1.0,1.0,1.0,1.0,1.0,1.0,1.0,breast_cancer,classification
211,0.0005622210204538783,0.9916107382550335,0.9916949677906256,0.9916107382550335,0.9915275578304847,1.0,0.9514563106796117,0.9751243781094527,0.9899598393574297,1.0,0.9949545913218971,0.0004177812468135517,1.0,1.0,1.0,1.0,1.0,1.0,1.0,1.0,1.0,1.0,breast_cancer,classification
212,0.0004792074026733687,0.9949664429530202,0.9949567863446767,0.9949664429530202,0.9949567159121949,0.9901960784313726,0.9805825242718447,0.9853658536585366,0.9959514170040485,0.9979716024340771,0.9969604863221885,0.0004791273304180011,1.0,1.0,1.0,1.0,1.0,1.0,1.0,1.0,1.0,1.0,breast_cancer,classification
213,0.0005096322391963495,0.9949664429530202,0.9949968878545138,0.9949664429530202,0.9949368834947507,1.0,0.970873786407767,0.9852216748768473,0.9939516129032258,1.0,0.9969666329625885,0.0003726387626160211,1.0,1.0,1.0,1.0,1.0,1.0,1.0,1.0,1.0,1.0,breast_cancer,classification
214,0.0005553323578639519,0.9949664429530202,0.9949567863446767,0.9949664429530202,0.9949567159121949,0.9901960784313726,0.9805825242718447,0.9853658536585366,0.9959514170040485,0.9979716024340771,0.9969604863221885,0.0003541716032242715,1.0,1.0,1.0,1.0,1.0,1.0,1.0,1.0,1.0,1.0,breast_cancer,classification
215,0.0008299558641445267,0.988255033557047,0.9882192708075269,0.988255033557047,0.9882323371284547,0.9705882352941176,0.9611650485436893,0.9658536585365853,0.9919028340080972,0.9939148073022313,0.9929078014184397,0.00039277404965520305,1.0,1.0,1.0,1.0,1.0,1.0,1.0,1.0,1.0,1.0,breast_cancer,classification
216,0.001106237548469072,0.9899328859060402,0.9899326131011547,0.9899328859060402,0.9898535491133006,0.98989898989899,0.9514563106796117,0.9702970297029703,0.9899396378269618,0.9979716024340771,0.9939393939393939,0.00031412871095083103,1.0,1.0,1.0,1.0,1.0,1.0,1.0,1.0,1.0,1.0,breast_cancer,classification
217,0.0008995784934916402,0.988255033557047,0.988270504288074,0.988255033557047,0.9881385809626786,0.9897959183673469,0.941747572815534,0.9651741293532339,0.9879518072289156,0.9979716024340771,0.992936427850656,0.00037849939978312725,1.0,1.0,1.0,1.0,1.0,1.0,1.0,1.0,1.0,1.0,breast_cancer,classification
218,0.00024530175571711173,1.0,1.0,1.0,1.0,1.0,1.0,1.0,1.0,1.0,1.0,0.00044351110028590534,1.0,1.0,1.0,1.0,1.0,1.0,1.0,1.0,1.0,1.0,breast_cancer,classification
219,0.0007413526004314698,0.9932885906040269,0.9932757034092671,0.9932885906040269,0.9932624844628501,0.9900990099009901,0.970873786407767,0.9803921568627451,0.9939393939393939,0.9979716024340771,0.9959514170040485,0.0003508062878523597,1.0,1.0,1.0,1.0,1.0,1.0,1.0,1.0,1.0,1.0,breast_cancer,classification
220,0.001785612977445813,0.9848993288590604,0.984850513038952,0.9848993288590604,0.9848701477365848,0.9607843137254902,0.9514563106796117,0.9560975609756097,0.9898785425101214,0.9918864097363083,0.9908814589665653,0.0004378647555990907,1.0,1.0,1.0,1.0,1.0,1.0,1.0,1.0,1.0,1.0,breast_cancer,classification
221,0.0007526735320449776,0.9932885906040269,0.9932757034092671,0.9932885906040269,0.9932624844628501,0.9900990099009901,0.970873786407767,0.9803921568627451,0.9939393939393939,0.9979716024340771,0.9959514170040485,0.0003911196293259327,1.0,1.0,1.0,1.0,1.0,1.0,1.0,1.0,1.0,1.0,breast_cancer,classification
222,0.0007151627624813693,0.9916107382550335,0.9915880285761018,0.9916107382550335,0.9915945265203249,0.9803921568627451,0.970873786407767,0.975609756097561,0.9939271255060729,0.9959432048681541,0.9949341438703141,0.0003758179384827514,1.0,1.0,1.0,1.0,1.0,1.0,1.0,1.0,1.0,1.0,breast_cancer,classification
223,0.0007975060735351012,0.9899328859060402,0.9898935531137005,0.9899328859060402,0.9898937266942753,0.9801980198019802,0.9611650485436893,0.9705882352941176,0.9919191919191919,0.9959432048681541,0.9939271255060729,0.000443082977861366,1.0,1.0,1.0,1.0,1.0,1.0,1.0,1.0,1.0,1.0,breast_cancer,classification
224,0.00035055785989951367,0.9983221476510067,0.9983382808466701,0.9983221476510067,0.9983253487327584,0.9903846153846154,1.0,0.9951690821256038,1.0,0.9979716024340771,0.9989847715736041,0.0003587282497135785,1.0,1.0,1.0,1.0,1.0,1.0,1.0,1.0,1.0,1.0,breast_cancer,classification
225,0.0007324871378982027,0.9932885906040269,0.9932885906040269,0.9932885906040269,0.9932885906040269,0.9805825242718447,0.9805825242718447,0.9805825242718447,0.9959432048681541,0.9959432048681541,0.9959432048681541,0.0003806906978868498,1.0,1.0,1.0,1.0,1.0,1.0,1.0,1.0,1.0,1.0,breast_cancer,classification
226,0.0005472700987417476,0.9949664429530202,0.9949567863446767,0.9949664429530202,0.9949567159121949,0.9901960784313726,0.9805825242718447,0.9853658536585366,0.9959514170040485,0.9979716024340771,0.9969604863221885,0.0004256317179475055,1.0,1.0,1.0,1.0,1.0,1.0,1.0,1.0,1.0,1.0,breast_cancer,classification
227,0.0017015691705973156,0.9832214765100671,0.9833213121619706,0.9832214765100671,0.9829500356487785,0.9894736842105263,0.912621359223301,0.9494949494949495,0.9820359281437125,0.9979716024340771,0.9899396378269618,0.00040312480547109107,1.0,1.0,1.0,1.0,1.0,1.0,1.0,1.0,1.0,1.0,breast_cancer,classification
228,0.0004090604043390677,0.9949664429530202,0.9949567863446767,0.9949664429530202,0.9949567159121949,0.9901960784313726,0.9805825242718447,0.9853658536585366,0.9959514170040485,0.9979716024340771,0.9969604863221885,0.00040334840023877635,1.0,1.0,1.0,1.0,1.0,1.0,1.0,1.0,1.0,1.0,breast_cancer,classification
229,0.0010261520670708144,0.988255033557047,0.9882192708075269,0.988255033557047,0.9882323371284547,0.9705882352941176,0.9611650485436893,0.9658536585365853,0.9919028340080972,0.9939148073022313,0.9929078014184397,0.0004222066135414495,1.0,1.0,1.0,1.0,1.0,1.0,1.0,1.0,1.0,1.0,breast_cancer,classification
230,0.0009123344468921673,0.9932885906040269,0.9932757034092671,0.9932885906040269,0.9932624844628501,0.9900990099009901,0.970873786407767,0.9803921568627451,0.9939393939393939,0.9979716024340771,0.9959514170040485,0.0004373605241186467,1.0,1.0,1.0,1.0,1.0,1.0,1.0,1.0,1.0,1.0,breast_cancer,classification
231,0.0008931959486619613,0.9932885906040269,0.9932757034092671,0.9932885906040269,0.9932624844628501,0.9900990099009901,0.970873786407767,0.9803921568627451,0.9939393939393939,0.9979716024340771,0.9959514170040485,0.0004295639829685124,1.0,1.0,1.0,1.0,1.0,1.0,1.0,1.0,1.0,1.0,breast_cancer,classification
232,0.0013937616125827392,0.9932885906040269,0.993377633451992,0.9932885906040269,0.9933140364573495,0.9714285714285714,0.9902912621359223,0.9807692307692307,0.9979633401221996,0.9939148073022313,0.9959349593495935,0.00050158616258519,1.0,1.0,1.0,1.0,1.0,1.0,1.0,1.0,1.0,1.0,breast_cancer,classification
233,0.0006210376661280232,0.9966442953020134,0.9966578537048337,0.9966442953020134,0.9966312422314251,1.0,0.9805825242718447,0.9901960784313726,0.9959595959595959,1.0,0.9979757085020243,0.0003387438908419353,1.0,1.0,1.0,1.0,1.0,1.0,1.0,1.0,1.0,1.0,breast_cancer,classification
234,0.0009675825701482695,0.9899328859060402,0.990053933370096,0.9899328859060402,0.9898123240961247,1.0,0.941747572815534,0.97,0.9879759519038076,1.0,0.9939516129032258,0.00045556894303518255,1.0,1.0,1.0,1.0,1.0,1.0,1.0,1.0,1.0,1.0,breast_cancer,classification
235,0.0009815041542259489,0.9916107382550335,0.9916009958865556,0.9916107382550335,0.9915614724912512,0.99,0.9611650485436893,0.9753694581280788,0.9919354838709677,0.9979716024340771,0.9949443882709808,0.0004351962890613499,1.0,1.0,1.0,1.0,1.0,1.0,1.0,1.0,1.0,1.0,breast_cancer,classification
236,0.0011709174821028273,0.9865771812080537,0.9865114028181341,0.9865771812080537,0.9865249689257004,0.9702970297029703,0.9514563106796117,0.9607843137254902,0.98989898989899,0.9939148073022313,0.9919028340080972,0.00036359175683417977,1.0,1.0,1.0,1.0,1.0,1.0,1.0,1.0,1.0,1.0,breast_cancer,classification
237,0.0009683789525199806,0.9916107382550335,0.9916009958865556,0.9916107382550335,0.9915614724912512,0.99,0.9611650485436893,0.9753694581280788,0.9919354838709677,0.9979716024340771,0.9949443882709808,0.0002951582912480671,1.0,1.0,1.0,1.0,1.0,1.0,1.0,1.0,1.0,1.0,breast_cancer,classification
238,0.0008205869817174971,0.9932885906040269,0.9932885906040269,0.9932885906040269,0.9932885906040269,0.9805825242718447,0.9805825242718447,0.9805825242718447,0.9959432048681541,0.9959432048681541,0.9959432048681541,0.0003853449043224022,1.0,1.0,1.0,1.0,1.0,1.0,1.0,1.0,1.0,1.0,breast_cancer,classification
239,0.0018082822830456891,0.988255033557047,0.9882192708075269,0.988255033557047,0.9882323371284547,0.9705882352941176,0.9611650485436893,0.9658536585365853,0.9919028340080972,0.9939148073022313,0.9929078014184397,0.0005960580220933529,0.9932885906040269,0.9935803910125474,0.9932885906040269,0.9933498981646048,0.9565217391304348,1.0,0.9777777777777777,1.0,0.9921259842519685,0.9960474308300395,breast_cancer,classification
240,0.0007549764650198787,0.9916107382550335,0.9916949677906256,0.9916107382550335,0.9915275578304847,1.0,0.9514563106796117,0.9751243781094527,0.9899598393574297,1.0,0.9949545913218971,0.00042046820072944735,1.0,1.0,1.0,1.0,1.0,1.0,1.0,1.0,1.0,1.0,breast_cancer,classification
241,0.0006159114664664254,0.9932885906040269,0.9932757034092671,0.9932885906040269,0.9932624844628501,0.9900990099009901,0.970873786407767,0.9803921568627451,0.9939393939393939,0.9979716024340771,0.9959514170040485,0.0003483406730596251,1.0,1.0,1.0,1.0,1.0,1.0,1.0,1.0,1.0,1.0,breast_cancer,classification
242,0.0008252001392511314,0.9916107382550335,0.9916009958865556,0.9916107382550335,0.9915614724912512,0.99,0.9611650485436893,0.9753694581280788,0.9919354838709677,0.9979716024340771,0.9949443882709808,0.00034361510637572547,1.0,1.0,1.0,1.0,1.0,1.0,1.0,1.0,1.0,1.0,breast_cancer,classification
243,0.0016723397393373384,0.9798657718120806,0.9806349863396148,0.9798657718120806,0.9800890547430825,0.9174311926605505,0.970873786407767,0.9433962264150944,0.9938398357289527,0.9817444219066938,0.9877551020408163,0.0004666793182017219,1.0,1.0,1.0,1.0,1.0,1.0,1.0,1.0,1.0,1.0,breast_cancer,classification
244,0.0007174399782178436,0.9932885906040269,0.9933426059713989,0.9932885906040269,0.993235699408867,1.0,0.9611650485436893,0.9801980198019802,0.9919517102615694,1.0,0.9959595959595959,0.00045808841514982434,1.0,1.0,1.0,1.0,1.0,1.0,1.0,1.0,1.0,1.0,breast_cancer,classification
245,0.0006824017648081977,0.9949664429530202,0.9949968878545138,0.9949664429530202,0.9949368834947507,1.0,0.970873786407767,0.9852216748768473,0.9939516129032258,1.0,0.9969666329625885,0.00042147892480403585,1.0,1.0,1.0,1.0,1.0,1.0,1.0,1.0,1.0,1.0,breast_cancer,classification
246,0.0015632280190756556,0.9865771812080537,0.9865771812080537,0.9865771812080537,0.9865771812080537,0.9611650485436893,0.9611650485436893,0.9611650485436893,0.9918864097363083,0.9918864097363083,0.9918864097363083,0.0004400189562806947,1.0,1.0,1.0,1.0,1.0,1.0,1.0,1.0,1.0,1.0,breast_cancer,classification
247,0.001343645386697862,0.988255033557047,0.9882051039185971,0.988255033557047,0.9881860614877516,0.98,0.9514563106796117,0.9655172413793104,0.9899193548387096,0.9959432048681541,0.9929221435793731,0.0004187792800554393,1.0,1.0,1.0,1.0,1.0,1.0,1.0,1.0,1.0,1.0,breast_cancer,classification
248,0.0004644619821314544,0.9966442953020134,0.9966578537048337,0.9966442953020134,0.9966312422314251,1.0,0.9805825242718447,0.9901960784313726,0.9959595959595959,1.0,0.9979757085020243,0.00035795924525657956,1.0,1.0,1.0,1.0,1.0,1.0,1.0,1.0,1.0,1.0,breast_cancer,classification
249,0.0014732028431909147,0.9916107382550335,0.9916009958865556,0.9916107382550335,0.9915614724912512,0.99,0.9611650485436893,0.9753694581280788,0.9919354838709677,0.9979716024340771,0.9949443882709808,0.0004120579289409938,1.0,1.0,1.0,1.0,1.0,1.0,1.0,1.0,1.0,1.0,breast_cancer,classification
250,0.0005937003750891593,0.9916107382550335,0.9915880285761018,0.9916107382550335,0.9915945265203249,0.9803921568627451,0.970873786407767,0.975609756097561,0.9939271255060729,0.9959432048681541,0.9949341438703141,0.00045330747305696845,1.0,1.0,1.0,1.0,1.0,1.0,1.0,1.0,1.0,1.0,breast_cancer,classification
251,0.0009351699236442879,0.9865771812080537,0.9865226202309103,0.9865771812080537,0.9864713988177342,0.9797979797979798,0.941747572815534,0.9603960396039604,0.9879275653923542,0.9959432048681541,0.9919191919191919,0.00039415164059965603,1.0,1.0,1.0,1.0,1.0,1.0,1.0,1.0,1.0,1.0,breast_cancer,classification
252,0.0008165730781081264,0.9932885906040269,0.9932757034092671,0.9932885906040269,0.9932624844628501,0.9900990099009901,0.970873786407767,0.9803921568627451,0.9939393939393939,0.9979716024340771,0.9959514170040485,0.0004063163658966554,1.0,1.0,1.0,1.0,1.0,1.0,1.0,1.0,1.0,1.0,breast_cancer,classification
253,0.0010071461649155307,0.988255033557047,0.9882051039185971,0.988255033557047,0.9881860614877516,0.98,0.9514563106796117,0.9655172413793104,0.9899193548387096,0.9959432048681541,0.9929221435793731,0.00029017904698348687,1.0,1.0,1.0,1.0,1.0,1.0,1.0,1.0,1.0,1.0,breast_cancer,classification
254,0.0004932020807282486,0.9949664429530202,0.9949968878545138,0.9949664429530202,0.9949368834947507,1.0,0.970873786407767,0.9852216748768473,0.9939516129032258,1.0,0.9969666329625885,0.0003693567998332265,1.0,1.0,1.0,1.0,1.0,1.0,1.0,1.0,1.0,1.0,breast_cancer,classification
255,0.0006829714656482456,0.9949664429530202,0.9949968878545138,0.9949664429530202,0.9949368834947507,1.0,0.970873786407767,0.9852216748768473,0.9939516129032258,1.0,0.9969666329625885,0.00048282374971664994,1.0,1.0,1.0,1.0,1.0,1.0,1.0,1.0,1.0,1.0,breast_cancer,classification
256,0.0011581077768573625,0.9865771812080537,0.9865226202309103,0.9865771812080537,0.9864713988177342,0.9797979797979798,0.941747572815534,0.9603960396039604,0.9879275653923542,0.9959432048681541,0.9919191919191919,0.000440338093649921,1.0,1.0,1.0,1.0,1.0,1.0,1.0,1.0,1.0,1.0,breast_cancer,classification
257,0.0010601487502943248,0.988255033557047,0.9882051039185971,0.988255033557047,0.9881860614877516,0.98,0.9514563106796117,0.9655172413793104,0.9899193548387096,0.9959432048681541,0.9929221435793731,0.0004174994873570516,1.0,1.0,1.0,1.0,1.0,1.0,1.0,1.0,1.0,1.0,breast_cancer,classification
258,0.001057306354187254,0.9865771812080537,0.9865226202309103,0.9865771812080537,0.9864713988177342,0.9797979797979798,0.941747572815534,0.9603960396039604,0.9879275653923542,0.9959432048681541,0.9919191919191919,0.0004212137486710644,1.0,1.0,1.0,1.0,1.0,1.0,1.0,1.0,1.0,1.0,breast_cancer,classification
259,0.0005653306291807418,0.9983221476510067,0.9983382808466701,0.9983221476510067,0.9983253487327584,0.9903846153846154,1.0,0.9951690821256038,1.0,0.9979716024340771,0.9989847715736041,0.00041410290704877584,1.0,1.0,1.0,1.0,1.0,1.0,1.0,1.0,1.0,1.0,breast_cancer,classification
260,0.0014843413389081623,0.988255033557047,0.9883093355326945,0.988255033557047,0.9882774411293086,0.9615384615384616,0.970873786407767,0.966183574879227,0.9939024390243902,0.9918864097363083,0.9928934010152284,0.0005513742322339708,1.0,1.0,1.0,1.0,1.0,1.0,1.0,1.0,1.0,1.0,breast_cancer,classification
261,0.0003648991337133534,0.9966442953020134,0.9966442953020134,0.9966442953020134,0.9966442953020134,0.9902912621359223,0.9902912621359223,0.9902912621359223,0.9979716024340771,0.9979716024340771,0.9979716024340771,0.0004254624055348487,1.0,1.0,1.0,1.0,1.0,1.0,1.0,1.0,1.0,1.0,breast_cancer,classification
262,0.0014934674324936564,0.9832214765100671,0.9836193663853859,0.9832214765100671,0.9833470998262753,0.9345794392523364,0.970873786407767,0.9523809523809523,0.9938650306748467,0.9858012170385395,0.9898167006109979,0.0005150114220485791,1.0,1.0,1.0,1.0,1.0,1.0,1.0,1.0,1.0,1.0,breast_cancer,classification
263,0.0005382952513173223,0.9949664429530202,0.9949952990753448,0.9949664429530202,0.9949760461982752,0.9807692307692307,0.9902912621359223,0.9855072463768116,0.9979674796747967,0.9959432048681541,0.9969543147208122,0.000483471484567295,1.0,1.0,1.0,1.0,1.0,1.0,1.0,1.0,1.0,1.0,breast_cancer,classification
264,0.0006417552936640912,0.9932885906040269,0.9932757034092671,0.9932885906040269,0.9932624844628501,0.9900990099009901,0.970873786407767,0.9803921568627451,0.9939393939393939,0.9979716024340771,0.9959514170040485,0.0004042468155615482,1.0,1.0,1.0,1.0,1.0,1.0,1.0,1.0,1.0,1.0,breast_cancer,classification
265,0.00047046390921502506,0.9932885906040269,0.9932757034092671,0.9932885906040269,0.9932624844628501,0.9900990099009901,0.970873786407767,0.9803921568627451,0.9939393939393939,0.9979716024340771,0.9959514170040485,0.00047497550219347413,1.0,1.0,1.0,1.0,1.0,1.0,1.0,1.0,1.0,1.0,breast_cancer,classification
266,0.00047360028721542166,0.9932885906040269,0.9933426059713989,0.9932885906040269,0.993235699408867,1.0,0.9611650485436893,0.9801980198019802,0.9919517102615694,1.0,0.9959595959595959,0.00038421897830179073,1.0,1.0,1.0,1.0,1.0,1.0,1.0,1.0,1.0,1.0,breast_cancer,classification
267,0.0008206331083588552,0.9932885906040269,0.9932885906040269,0.9932885906040269,0.9932885906040269,0.9805825242718447,0.9805825242718447,0.9805825242718447,0.9959432048681541,0.9959432048681541,0.9959432048681541,0.0003966947598695355,1.0,1.0,1.0,1.0,1.0,1.0,1.0,1.0,1.0,1.0,breast_cancer,classification
268,0.0006187772046268336,0.9949664429530202,0.9949567863446767,0.9949664429530202,0.9949567159121949,0.9901960784313726,0.9805825242718447,0.9853658536585366,0.9959514170040485,0.9979716024340771,0.9969604863221885,0.00044957566350048423,1.0,1.0,1.0,1.0,1.0,1.0,1.0,1.0,1.0,1.0,breast_cancer,classification
269,0.000885506018358689,0.9865771812080537,0.9865114028181341,0.9865771812080537,0.9865249689257004,0.9702970297029703,0.9514563106796117,0.9607843137254902,0.98989898989899,0.9939148073022313,0.9919028340080972,0.00045934936106705024,1.0,1.0,1.0,1.0,1.0,1.0,1.0,1.0,1.0,1.0,breast_cancer,classification
270,0.0007884273920426983,0.9916107382550335,0.9916523173040198,0.9916107382550335,0.9916267436637919,0.9711538461538461,0.9805825242718447,0.9758454106280193,0.9959349593495935,0.9939148073022313,0.9949238578680203,0.0003912452492712928,1.0,1.0,1.0,1.0,1.0,1.0,1.0,1.0,1.0,1.0,breast_cancer,classification
271,0.000957723828259193,0.9899328859060402,0.9899328859060402,0.9899328859060402,0.9899328859060402,0.970873786407767,0.970873786407767,0.970873786407767,0.9939148073022313,0.9939148073022313,0.9939148073022313,0.00030678441129224814,1.0,1.0,1.0,1.0,1.0,1.0,1.0,1.0,1.0,1.0,breast_cancer,classification
272,0.000512842464748295,0.9949664429530202,0.9949567863446767,0.9949664429530202,0.9949567159121949,0.9901960784313726,0.9805825242718447,0.9853658536585366,0.9959514170040485,0.9979716024340771,0.9969604863221885,0.00038037263950795535,1.0,1.0,1.0,1.0,1.0,1.0,1.0,1.0,1.0,1.0,breast_cancer,classification
273,0.0008049621320979657,0.988255033557047,0.9882051039185971,0.988255033557047,0.9881860614877516,0.98,0.9514563106796117,0.9655172413793104,0.9899193548387096,0.9959432048681541,0.9929221435793731,0.0004377315147473608,1.0,1.0,1.0,1.0,1.0,1.0,1.0,1.0,1.0,1.0,breast_cancer,classification
274,0.0005101844406258564,0.9966442953020134,0.9966578537048337,0.9966442953020134,0.9966312422314251,1.0,0.9805825242718447,0.9901960784313726,0.9959595959595959,1.0,0.9979757085020243,0.00045597219477163867,1.0,1.0,1.0,1.0,1.0,1.0,1.0,1.0,1.0,1.0,breast_cancer,classification
275,0.000830905342040171,0.9899328859060402,0.9898935531137005,0.9899328859060402,0.9898937266942753,0.9801980198019802,0.9611650485436893,0.9705882352941176,0.9919191919191919,0.9959432048681541,0.9939271255060729,0.0004320217924655084,1.0,1.0,1.0,1.0,1.0,1.0,1.0,1.0,1.0,1.0,breast_cancer,classification
276,0.000666508180770598,0.9916107382550335,0.9916949677906256,0.9916107382550335,0.9915275578304847,1.0,0.9514563106796117,0.9751243781094527,0.9899598393574297,1.0,0.9949545913218971,0.0004487054206855945,1.0,1.0,1.0,1.0,1.0,1.0,1.0,1.0,1.0,1.0,breast_cancer,classification
277,0.0006746031645132266,0.9916107382550335,0.9916523173040198,0.9916107382550335,0.9916267436637919,0.9711538461538461,0.9805825242718447,0.9758454106280193,0.9959349593495935,0.9939148073022313,0.9949238578680203,0.00039031068034995123,1.0,1.0,1.0,1.0,1.0,1.0,1.0,1.0,1.0,1.0,breast_cancer,classification
278,0.0007404597533160458,0.9899328859060402,0.9898935531137005,0.9899328859060402,0.9898937266942753,0.9801980198019802,0.9611650485436893,0.9705882352941176,0.9919191919191919,0.9959432048681541,0.9939271255060729,0.0004300552892229901,1.0,1.0,1.0,1.0,1.0,1.0,1.0,1.0,1.0,1.0,breast_cancer,classification
279,0.0017016033142736343,0.9865771812080537,0.9865771812080537,0.9865771812080537,0.9865771812080537,0.9611650485436893,0.9611650485436893,0.9611650485436893,0.9918864097363083,0.9918864097363083,0.9918864097363083,0.0003672170143374461,1.0,1.0,1.0,1.0,1.0,1.0,1.0,1.0,1.0,1.0,breast_cancer,classification
280,0.0007986435596362356,0.9916107382550335,0.9916949677906256,0.9916107382550335,0.9915275578304847,1.0,0.9514563106796117,0.9751243781094527,0.9899598393574297,1.0,0.9949545913218971,0.00035074541592132924,1.0,1.0,1.0,1.0,1.0,1.0,1.0,1.0,1.0,1.0,breast_cancer,classification
281,0.0010396793379992147,0.9916107382550335,0.9916009958865556,0.9916107382550335,0.9915614724912512,0.99,0.9611650485436893,0.9753694581280788,0.9919354838709677,0.9979716024340771,0.9949443882709808,0.00047817735951518855,1.0,1.0,1.0,1.0,1.0,1.0,1.0,1.0,1.0,1.0,breast_cancer,classification
282,0.0010493599884712056,0.9899328859060402,0.9898935531137005,0.9899328859060402,0.9898937266942753,0.9801980198019802,0.9611650485436893,0.9705882352941176,0.9919191919191919,0.9959432048681541,0.9939271255060729,0.0004213400827345732,1.0,1.0,1.0,1.0,1.0,1.0,1.0,1.0,1.0,1.0,breast_cancer,classification
283,0.0005119824199937284,0.9949664429530202,0.9949567863446767,0.9949664429530202,0.9949567159121949,0.9901960784313726,0.9805825242718447,0.9853658536585366,0.9959514170040485,0.9979716024340771,0.9969604863221885,0.00045383905510624383,1.0,1.0,1.0,1.0,1.0,1.0,1.0,1.0,1.0,1.0,breast_cancer,classification
284,0.0005169478428687576,0.9932885906040269,0.9932885906040269,0.9932885906040269,0.9932885906040269,0.9805825242718447,0.9805825242718447,0.9805825242718447,0.9959432048681541,0.9959432048681541,0.9959432048681541,0.00040956132892119206,1.0,1.0,1.0,1.0,1.0,1.0,1.0,1.0,1.0,1.0,breast_cancer,classification
285,0.0005234660804990505,0.9949664429530202,0.9949567863446767,0.9949664429530202,0.9949567159121949,0.9901960784313726,0.9805825242718447,0.9853658536585366,0.9959514170040485,0.9979716024340771,0.9969604863221885,0.0005325643695740891,1.0,1.0,1.0,1.0,1.0,1.0,1.0,1.0,1.0,1.0,breast_cancer,classification
286,0.0006942584899319774,0.9949664429530202,0.9949567863446767,0.9949664429530202,0.9949567159121949,0.9901960784313726,0.9805825242718447,0.9853658536585366,0.9959514170040485,0.9979716024340771,0.9969604863221885,0.0004918302484356717,1.0,1.0,1.0,1.0,1.0,1.0,1.0,1.0,1.0,1.0,breast_cancer,classification
287,0.0017334534677258073,0.9865771812080537,0.9869260723946647,0.9865771812080537,0.9866776798610203,0.9439252336448598,0.9805825242718447,0.9619047619047619,0.9959100204498977,0.9878296146044625,0.9918533604887984,0.0004590114753618336,1.0,1.0,1.0,1.0,1.0,1.0,1.0,1.0,1.0,1.0,breast_cancer,classification
288,0.0005972886754156109,0.9932885906040269,0.9933426059713989,0.9932885906040269,0.993235699408867,1.0,0.9611650485436893,0.9801980198019802,0.9919517102615694,1.0,0.9959595959595959,0.0004583374540877822,1.0,1.0,1.0,1.0,1.0,1.0,1.0,1.0,1.0,1.0,breast_cancer,classification
289,0.0010410606034487585,0.9865771812080537,0.9865226202309103,0.9865771812080537,0.9864713988177342,0.9797979797979798,0.941747572815534,0.9603960396039604,0.9879275653923542,0.9959432048681541,0.9919191919191919,0.0004261119045854715,1.0,1.0,1.0,1.0,1.0,1.0,1.0,1.0,1.0,1.0,breast_cancer,classification
290,0.000564638406097664,0.9916107382550335,0.9916949677906256,0.9916107382550335,0.9915275578304847,1.0,0.9514563106796117,0.9751243781094527,0.9899598393574297,1.0,0.9949545913218971,0.0004184268283713984,1.0,1.0,1.0,1.0,1.0,1.0,1.0,1.0,1.0,1.0,breast_cancer,classification
291,0.0011254815797277745,0.9916107382550335,0.9916949677906256,0.9916107382550335,0.9915275578304847,1.0,0.9514563106796117,0.9751243781094527,0.9899598393574297,1.0,0.9949545913218971,0.00038456194877824527,1.0,1.0,1.0,1.0,1.0,1.0,1.0,1.0,1.0,1.0,breast_cancer,classification
292,0.00132696060526291,0.9899328859060402,0.990053933370096,0.9899328859060402,0.9898123240961247,1.0,0.941747572815534,0.97,0.9879759519038076,1.0,0.9939516129032258,0.0003324564829181205,1.0,1.0,1.0,1.0,1.0,1.0,1.0,1.0,1.0,1.0,breast_cancer,classification
293,0.0008411453036753923,0.9949664429530202,0.9949968878545138,0.9949664429530202,0.9949368834947507,1.0,0.970873786407767,0.9852216748768473,0.9939516129032258,1.0,0.9969666329625885,0.00035647506788122975,1.0,1.0,1.0,1.0,1.0,1.0,1.0,1.0,1.0,1.0,breast_cancer,classification
294,0.0006485020444140889,0.9949664429530202,0.9949968878545138,0.9949664429530202,0.9949368834947507,1.0,0.970873786407767,0.9852216748768473,0.9939516129032258,1.0,0.9969666329625885,0.0003923096533102177,1.0,1.0,1.0,1.0,1.0,1.0,1.0,1.0,1.0,1.0,breast_cancer,classification
295,0.0005193893354692365,0.9983221476510067,0.9983255441132516,0.9983221476510067,0.9983189053040651,1.0,0.9902912621359223,0.9951219512195122,0.9979757085020243,1.0,0.9989868287740629,0.0003769600118554179,1.0,1.0,1.0,1.0,1.0,1.0,1.0,1.0,1.0,1.0,breast_cancer,classification
296,0.0007484021251661791,0.9932885906040269,0.9932757034092671,0.9932885906040269,0.9932624844628501,0.9900990099009901,0.970873786407767,0.9803921568627451,0.9939393939393939,0.9979716024340771,0.9959514170040485,0.0004352965648442307,1.0,1.0,1.0,1.0,1.0,1.0,1.0,1.0,1.0,1.0,breast_cancer,classification
297,0.001068347650142574,0.9916107382550335,0.9916009958865556,0.9916107382550335,0.9915614724912512,0.99,0.9611650485436893,0.9753694581280788,0.9919354838709677,0.9979716024340771,0.9949443882709808,0.0003460269685422114,1.0,1.0,1.0,1.0,1.0,1.0,1.0,1.0,1.0,1.0,breast_cancer,classification
298,0.0007602057299395436,0.9932885906040269,0.9932885906040269,0.9932885906040269,0.9932885906040269,0.9805825242718447,0.9805825242718447,0.9805825242718447,0.9959432048681541,0.9959432048681541,0.9959432048681541,0.0003148323173428442,1.0,1.0,1.0,1.0,1.0,1.0,1.0,1.0,1.0,1.0,breast_cancer,classification
299,0.0008071220746332617,0.9899328859060402,0.9899326131011547,0.9899328859060402,0.9898535491133006,0.98989898989899,0.9514563106796117,0.9702970297029703,0.9899396378269618,0.9979716024340771,0.9939393939393939,0.0003705543079944765,1.0,1.0,1.0,1.0,1.0,1.0,1.0,1.0,1.0,1.0,breast_cancer,classification
300,0.0012862864970042051,0.988255033557047,0.9882051039185971,0.988255033557047,0.9881860614877516,0.98,0.9514563106796117,0.9655172413793104,0.9899193548387096,0.9959432048681541,0.9929221435793731,0.00042787991032854425,1.0,1.0,1.0,1.0,1.0,1.0,1.0,1.0,1.0,1.0,breast_cancer,classification
301,0.0013139167458331524,0.988255033557047,0.988270504288074,0.988255033557047,0.9881385809626786,0.9897959183673469,0.941747572815534,0.9651741293532339,0.9879518072289156,0.9979716024340771,0.992936427850656,0.0004433199502340199,1.0,1.0,1.0,1.0,1.0,1.0,1.0,1.0,1.0,1.0,breast_cancer,classification
302,0.0006335893405238854,0.9932885906040269,0.9932885906040269,0.9932885906040269,0.9932885906040269,0.9805825242718447,0.9805825242718447,0.9805825242718447,0.9959432048681541,0.9959432048681541,0.9959432048681541,0.00037646063309687897,1.0,1.0,1.0,1.0,1.0,1.0,1.0,1.0,1.0,1.0,breast_cancer,classification
303,0.001139223273615384,0.9949664429530202,0.9949968878545138,0.9949664429530202,0.9949368834947507,1.0,0.970873786407767,0.9852216748768473,0.9939516129032258,1.0,0.9969666329625885,0.0004088385124384557,1.0,1.0,1.0,1.0,1.0,1.0,1.0,1.0,1.0,1.0,breast_cancer,classification
304,0.0011480617709614135,0.9899328859060402,0.9898935531137005,0.9899328859060402,0.9898937266942753,0.9801980198019802,0.9611650485436893,0.9705882352941176,0.9919191919191919,0.9959432048681541,0.9939271255060729,0.00042033600839692475,1.0,1.0,1.0,1.0,1.0,1.0,1.0,1.0,1.0,1.0,breast_cancer,classification
305,0.0008727185500023149,0.9932885906040269,0.9932885906040269,0.9932885906040269,0.9932885906040269,0.9805825242718447,0.9805825242718447,0.9805825242718447,0.9959432048681541,0.9959432048681541,0.9959432048681541,0.0004985921300522633,1.0,1.0,1.0,1.0,1.0,1.0,1.0,1.0,1.0,1.0,breast_cancer,classification
306,0.0012616897251882008,0.9865771812080537,0.9866146185680708,0.9865771812080537,0.9864164321281662,0.9896907216494846,0.9320388349514563,0.96,0.9859719438877755,0.9979716024340771,0.9919354838709677,0.0004393580149321648,1.0,1.0,1.0,1.0,1.0,1.0,1.0,1.0,1.0,1.0,breast_cancer,classification
307,0.0006287001314004196,0.9949664429530202,0.9949567863446767,0.9949664429530202,0.9949567159121949,0.9901960784313726,0.9805825242718447,0.9853658536585366,0.9959514170040485,0.9979716024340771,0.9969604863221885,0.00046970234518158157,1.0,1.0,1.0,1.0,1.0,1.0,1.0,1.0,1.0,1.0,breast_cancer,classification
308,0.0016579779619726059,0.988255033557047,0.9882051039185971,0.988255033557047,0.9881860614877516,0.98,0.9514563106796117,0.9655172413793104,0.9899193548387096,0.9959432048681541,0.9929221435793731,0.00037174284670676963,1.0,1.0,1.0,1.0,1.0,1.0,1.0,1.0,1.0,1.0,breast_cancer,classification
309,0.0006392364383943929,0.9916107382550335,0.9915880285761018,0.9916107382550335,0.9915945265203249,0.9803921568627451,0.970873786407767,0.975609756097561,0.9939271255060729,0.9959432048681541,0.9949341438703141,0.0004344414341444737,1.0,1.0,1.0,1.0,1.0,1.0,1.0,1.0,1.0,1.0,breast_cancer,classification
310,0.0005322051845528435,0.9949664429530202,0.9949567863446767,0.9949664429530202,0.9949567159121949,0.9901960784313726,0.9805825242718447,0.9853658536585366,0.9959514170040485,0.9979716024340771,0.9969604863221885,0.0003745172316546008,1.0,1.0,1.0,1.0,1.0,1.0,1.0,1.0,1.0,1.0,breast_cancer,classification
311,0.0012946730464362484,0.9848993288590604,0.984850513038952,0.9848993288590604,0.9848701477365848,0.9607843137254902,0.9514563106796117,0.9560975609756097,0.9898785425101214,0.9918864097363083,0.9908814589665653,0.0003553693215581495,1.0,1.0,1.0,1.0,1.0,1.0,1.0,1.0,1.0,1.0,breast_cancer,classification
312,0.0008561621940047824,0.9932885906040269,0.9932757034092671,0.9932885906040269,0.9932624844628501,0.9900990099009901,0.970873786407767,0.9803921568627451,0.9939393939393939,0.9979716024340771,0.9959514170040485,0.00043007620804061825,1.0,1.0,1.0,1.0,1.0,1.0,1.0,1.0,1.0,1.0,breast_cancer,classification
313,0.0006925033502305715,0.9916107382550335,0.9915880285761018,0.9916107382550335,0.9915945265203249,0.9803921568627451,0.970873786407767,0.975609756097561,0.9939271255060729,0.9959432048681541,0.9949341438703141,0.00039483297806883216,1.0,1.0,1.0,1.0,1.0,1.0,1.0,1.0,1.0,1.0,breast_cancer,classification
314,0.0014021583592937947,0.9848993288590604,0.984850513038952,0.9848993288590604,0.9848701477365848,0.9607843137254902,0.9514563106796117,0.9560975609756097,0.9898785425101214,0.9918864097363083,0.9908814589665653,0.00037289310665488643,1.0,1.0,1.0,1.0,1.0,1.0,1.0,1.0,1.0,1.0,breast_cancer,classification
315,0.0017716487261760455,0.9848993288590604,0.984850513038952,0.9848993288590604,0.9848701477365848,0.9607843137254902,0.9514563106796117,0.9560975609756097,0.9898785425101214,0.9918864097363083,0.9908814589665653,0.0003682844045465725,1.0,1.0,1.0,1.0,1.0,1.0,1.0,1.0,1.0,1.0,breast_cancer,classification
316,0.0008652013954675238,0.9916107382550335,0.9916949677906256,0.9916107382550335,0.9915275578304847,1.0,0.9514563106796117,0.9751243781094527,0.9899598393574297,1.0,0.9949545913218971,0.00040649689246444095,1.0,1.0,1.0,1.0,1.0,1.0,1.0,1.0,1.0,1.0,breast_cancer,classification
317,0.0011599896528020552,0.9865771812080537,0.9865114028181341,0.9865771812080537,0.9865249689257004,0.9702970297029703,0.9514563106796117,0.9607843137254902,0.98989898989899,0.9939148073022313,0.9919028340080972,0.00041983655853909533,1.0,1.0,1.0,1.0,1.0,1.0,1.0,1.0,1.0,1.0,breast_cancer,classification
318,0.0006230009204845551,0.9949664429530202,0.9949567863446767,0.9949664429530202,0.9949567159121949,0.9901960784313726,0.9805825242718447,0.9853658536585366,0.9959514170040485,0.9979716024340771,0.9969604863221885,0.0004174042564985536,1.0,1.0,1.0,1.0,1.0,1.0,1.0,1.0,1.0,1.0,breast_cancer,classification
319,0.0004389374352829068,0.9949664429530202,0.9949567863446767,0.9949664429530202,0.9949567159121949,0.9901960784313726,0.9805825242718447,0.9853658536585366,0.9959514170040485,0.9979716024340771,0.9969604863221885,0.00036705508921920454,1.0,1.0,1.0,1.0,1.0,1.0,1.0,1.0,1.0,1.0,breast_cancer,classification
320,0.0010352174543631857,0.9899328859060402,0.990053933370096,0.9899328859060402,0.9898123240961247,1.0,0.941747572815534,0.97,0.9879759519038076,1.0,0.9939516129032258,0.0003844215870591118,1.0,1.0,1.0,1.0,1.0,1.0,1.0,1.0,1.0,1.0,breast_cancer,classification
321,0.0005974212529343997,0.9916107382550335,0.9915880285761018,0.9916107382550335,0.9915945265203249,0.9803921568627451,0.970873786407767,0.975609756097561,0.9939271255060729,0.9959432048681541,0.9949341438703141,0.000369356870932517,1.0,1.0,1.0,1.0,1.0,1.0,1.0,1.0,1.0,1.0,breast_cancer,classification
322,0.0010220152345460983,0.9899328859060402,0.9899326131011547,0.9899328859060402,0.9898535491133006,0.98989898989899,0.9514563106796117,0.9702970297029703,0.9899396378269618,0.9979716024340771,0.9939393939393939,0.00043903256691492246,1.0,1.0,1.0,1.0,1.0,1.0,1.0,1.0,1.0,1.0,breast_cancer,classification
323,0.0008830586178759551,0.9916107382550335,0.9915880285761018,0.9916107382550335,0.9915945265203249,0.9803921568627451,0.970873786407767,0.975609756097561,0.9939271255060729,0.9959432048681541,0.9949341438703141,0.000397395428532622,1.0,1.0,1.0,1.0,1.0,1.0,1.0,1.0,1.0,1.0,breast_cancer,classification
324,0.0013073241410795724,0.9899328859060402,0.9898935531137005,0.9899328859060402,0.9898937266942753,0.9801980198019802,0.9611650485436893,0.9705882352941176,0.9919191919191919,0.9959432048681541,0.9939271255060729,0.00040162011790370583,1.0,1.0,1.0,1.0,1.0,1.0,1.0,1.0,1.0,1.0,breast_cancer,classification
325,0.0009929987243704824,0.988255033557047,0.9882192708075269,0.988255033557047,0.9882323371284547,0.9705882352941176,0.9611650485436893,0.9658536585365853,0.9919028340080972,0.9939148073022313,0.9929078014184397,0.0004428906159962984,1.0,1.0,1.0,1.0,1.0,1.0,1.0,1.0,1.0,1.0,breast_cancer,classification
326,0.0008370840387581379,0.9899328859060402,0.9899328859060402,0.9899328859060402,0.9899328859060402,0.970873786407767,0.970873786407767,0.970873786407767,0.9939148073022313,0.9939148073022313,0.9939148073022313,0.000395864681121987,1.0,1.0,1.0,1.0,1.0,1.0,1.0,1.0,1.0,1.0,breast_cancer,classification
327,0.0005691190343584565,0.9949664429530202,0.9949968878545138,0.9949664429530202,0.9949368834947507,1.0,0.970873786407767,0.9852216748768473,0.9939516129032258,1.0,0.9969666329625885,0.00039942714545075723,1.0,1.0,1.0,1.0,1.0,1.0,1.0,1.0,1.0,1.0,breast_cancer,classification
328,0.00042800745503326893,0.9966442953020134,0.9966442953020134,0.9966442953020134,0.9966442953020134,0.9902912621359223,0.9902912621359223,0.9902912621359223,0.9979716024340771,0.9979716024340771,0.9979716024340771,0.0004532555768253819,1.0,1.0,1.0,1.0,1.0,1.0,1.0,1.0,1.0,1.0,breast_cancer,classification
329,0.0005913240063135456,0.9932885906040269,0.9932885906040269,0.9932885906040269,0.9932885906040269,0.9805825242718447,0.9805825242718447,0.9805825242718447,0.9959432048681541,0.9959432048681541,0.9959432048681541,0.0003777999218378291,1.0,1.0,1.0,1.0,1.0,1.0,1.0,1.0,1.0,1.0,breast_cancer,classification
330,0.0011310242436788727,0.9916107382550335,0.9916009958865556,0.9916107382550335,0.9915614724912512,0.99,0.9611650485436893,0.9753694581280788,0.9919354838709677,0.9979716024340771,0.9949443882709808,0.00039368560662705627,1.0,1.0,1.0,1.0,1.0,1.0,1.0,1.0,1.0,1.0,breast_cancer,classification
331,0.0009135315018931041,0.9932885906040269,0.9933426059713989,0.9932885906040269,0.993235699408867,1.0,0.9611650485436893,0.9801980198019802,0.9919517102615694,1.0,0.9959595959595959,0.0003578803562965469,1.0,1.0,1.0,1.0,1.0,1.0,1.0,1.0,1.0,1.0,breast_cancer,classification
332,0.0004202714260205026,0.9966442953020134,0.9966578537048337,0.9966442953020134,0.9966312422314251,1.0,0.9805825242718447,0.9901960784313726,0.9959595959595959,1.0,0.9979757085020243,0.0004037184470439417,1.0,1.0,1.0,1.0,1.0,1.0,1.0,1.0,1.0,1.0,breast_cancer,classification
333,0.0004889890266388605,0.9966442953020134,0.9966578537048337,0.9966442953020134,0.9966312422314251,1.0,0.9805825242718447,0.9901960784313726,0.9959595959595959,1.0,0.9979757085020243,0.00040174142345036034,1.0,1.0,1.0,1.0,1.0,1.0,1.0,1.0,1.0,1.0,breast_cancer,classification
334,0.0013223271211452983,0.9916107382550335,0.9916523173040198,0.9916107382550335,0.9916267436637919,0.9711538461538461,0.9805825242718447,0.9758454106280193,0.9959349593495935,0.9939148073022313,0.9949238578680203,0.0004507461187723499,1.0,1.0,1.0,1.0,1.0,1.0,1.0,1.0,1.0,1.0,breast_cancer,classification
335,0.0011644923314139647,0.988255033557047,0.9882051039185971,0.988255033557047,0.9881860614877516,0.98,0.9514563106796117,0.9655172413793104,0.9899193548387096,0.9959432048681541,0.9929221435793731,0.0003454062826743962,1.0,1.0,1.0,1.0,1.0,1.0,1.0,1.0,1.0,1.0,breast_cancer,classification
336,0.0005216448088864103,0.9932885906040269,0.9932757034092671,0.9932885906040269,0.9932624844628501,0.9900990099009901,0.970873786407767,0.9803921568627451,0.9939393939393939,0.9979716024340771,0.9959514170040485,0.000342479202233805,1.0,1.0,1.0,1.0,1.0,1.0,1.0,1.0,1.0,1.0,breast_cancer,classification
337,0.001050422596667062,0.988255033557047,0.9882051039185971,0.988255033557047,0.9881860614877516,0.98,0.9514563106796117,0.9655172413793104,0.9899193548387096,0.9959432048681541,0.9929221435793731,0.0003524212386996654,1.0,1.0,1.0,1.0,1.0,1.0,1.0,1.0,1.0,1.0,breast_cancer,classification
338,0.0003096541497643862,0.9966442953020134,0.9966578537048337,0.9966442953020134,0.9966312422314251,1.0,0.9805825242718447,0.9901960784313726,0.9959595959595959,1.0,0.9979757085020243,0.0004252026352918888,1.0,1.0,1.0,1.0,1.0,1.0,1.0,1.0,1.0,1.0,breast_cancer,classification
339,0.0011975207764908496,0.9865771812080537,0.9865114028181341,0.9865771812080537,0.9865249689257004,0.9702970297029703,0.9514563106796117,0.9607843137254902,0.98989898989899,0.9939148073022313,0.9919028340080972,0.00034603152358466944,1.0,1.0,1.0,1.0,1.0,1.0,1.0,1.0,1.0,1.0,breast_cancer,classification
340,0.001301996341918989,0.9848993288590604,0.9848092119506388,0.9848993288590604,0.9848106504842521,0.97,0.941747572815534,0.9556650246305419,0.9879032258064516,0.9939148073022313,0.9908998988877654,0.00038606987566055866,1.0,1.0,1.0,1.0,1.0,1.0,1.0,1.0,1.0,1.0,breast_cancer,classification
341,0.0011203836562930787,0.9865771812080537,0.9865226202309103,0.9865771812080537,0.9864713988177342,0.9797979797979798,0.941747572815534,0.9603960396039604,0.9879275653923542,0.9959432048681541,0.9919191919191919,0.0003617979147027703,1.0,1.0,1.0,1.0,1.0,1.0,1.0,1.0,1.0,1.0,breast_cancer,classification
342,0.0011276041072380773,0.9899328859060402,0.9899328859060402,0.9899328859060402,0.9899328859060402,0.970873786407767,0.970873786407767,0.970873786407767,0.9939148073022313,0.9939148073022313,0.9939148073022313,0.0005316407632257714,1.0,1.0,1.0,1.0,1.0,1.0,1.0,1.0,1.0,1.0,breast_cancer,classification
343,0.0006411822204909368,0.9932885906040269,0.9932757034092671,0.9932885906040269,0.9932624844628501,0.9900990099009901,0.970873786407767,0.9803921568627451,0.9939393939393939,0.9979716024340771,0.9959514170040485,0.0004837503000443814,1.0,1.0,1.0,1.0,1.0,1.0,1.0,1.0,1.0,1.0,breast_cancer,classification
344,0.0008620191273676394,0.9932885906040269,0.9932757034092671,0.9932885906040269,0.9932624844628501,0.9900990099009901,0.970873786407767,0.9803921568627451,0.9939393939393939,0.9979716024340771,0.9959514170040485,0.00043016696589430107,1.0,1.0,1.0,1.0,1.0,1.0,1.0,1.0,1.0,1.0,breast_cancer,classification
345,0.0008440453007554748,0.9916107382550335,0.9916949677906256,0.9916107382550335,0.9915275578304847,1.0,0.9514563106796117,0.9751243781094527,0.9899598393574297,1.0,0.9949545913218971,0.0004911155646179346,1.0,1.0,1.0,1.0,1.0,1.0,1.0,1.0,1.0,1.0,breast_cancer,classification
346,0.0016045203538308382,0.9848993288590604,0.9848460407855226,0.9848993288590604,0.9847496040948724,0.9795918367346939,0.9320388349514563,0.9552238805970149,0.9859437751004017,0.9959432048681541,0.9909182643794148,0.00041724957882007896,1.0,1.0,1.0,1.0,1.0,1.0,1.0,1.0,1.0,1.0,breast_cancer,classification
347,0.0008384261167789465,0.9932885906040269,0.993377633451992,0.9932885906040269,0.9933140364573495,0.9714285714285714,0.9902912621359223,0.9807692307692307,0.9979633401221996,0.9939148073022313,0.9959349593495935,0.00044182492357572453,1.0,1.0,1.0,1.0,1.0,1.0,1.0,1.0,1.0,1.0,breast_cancer,classification
348,0.0011161596325988687,0.9865771812080537,0.9865226202309103,0.9865771812080537,0.9864713988177342,0.9797979797979798,0.941747572815534,0.9603960396039604,0.9879275653923542,0.9959432048681541,0.9919191919191919,0.0003481296847430652,1.0,1.0,1.0,1.0,1.0,1.0,1.0,1.0,1.0,1.0,breast_cancer,classification
349,0.001270156947703682,0.9899328859060402,0.9899326131011547,0.9899328859060402,0.9898535491133006,0.98989898989899,0.9514563106796117,0.9702970297029703,0.9899396378269618,0.9979716024340771,0.9939393939393939,0.00038089140571478827,1.0,1.0,1.0,1.0,1.0,1.0,1.0,1.0,1.0,1.0,breast_cancer,classification
350,0.0005057978036738432,0.9949664429530202,0.9949567863446767,0.9949664429530202,0.9949567159121949,0.9901960784313726,0.9805825242718447,0.9853658536585366,0.9959514170040485,0.9979716024340771,0.9969604863221885,0.0003679318833258628,1.0,1.0,1.0,1.0,1.0,1.0,1.0,1.0,1.0,1.0,breast_cancer,classification
351,0.0004784952733515693,0.9949664429530202,0.9949567863446767,0.9949664429530202,0.9949567159121949,0.9901960784313726,0.9805825242718447,0.9853658536585366,0.9959514170040485,0.9979716024340771,0.9969604863221885,0.00045914552955819455,1.0,1.0,1.0,1.0,1.0,1.0,1.0,1.0,1.0,1.0,breast_cancer,classification
352,0.0007026817156595722,0.9932885906040269,0.9933426059713989,0.9932885906040269,0.993235699408867,1.0,0.9611650485436893,0.9801980198019802,0.9919517102615694,1.0,0.9959595959595959,0.0004322777202215371,1.0,1.0,1.0,1.0,1.0,1.0,1.0,1.0,1.0,1.0,breast_cancer,classification
353,0.0018003923090287304,0.9865771812080537,0.9867164733825022,0.9865771812080537,0.986628072914699,0.9523809523809523,0.970873786407767,0.9615384615384616,0.9938900203665988,0.9898580121703854,0.991869918699187,0.0006823192331814926,1.0,1.0,1.0,1.0,1.0,1.0,1.0,1.0,1.0,1.0,breast_cancer,classification
354,0.0008156571799776698,0.9949664429530202,0.9949968878545138,0.9949664429530202,0.9949368834947507,1.0,0.970873786407767,0.9852216748768473,0.9939516129032258,1.0,0.9969666329625885,0.0003791628022609441,1.0,1.0,1.0,1.0,1.0,1.0,1.0,1.0,1.0,1.0,breast_cancer,classification
355,0.0006158635887120469,0.9949664429530202,0.9949968878545138,0.9949664429530202,0.9949368834947507,1.0,0.970873786407767,0.9852216748768473,0.9939516129032258,1.0,0.9969666329625885,0.0003132300651413482,1.0,1.0,1.0,1.0,1.0,1.0,1.0,1.0,1.0,1.0,breast_cancer,classification
356,0.0007442758706142039,0.9949664429530202,0.9949968878545138,0.9949664429530202,0.9949368834947507,1.0,0.970873786407767,0.9852216748768473,0.9939516129032258,1.0,0.9969666329625885,0.00037759338074282514,1.0,1.0,1.0,1.0,1.0,1.0,1.0,1.0,1.0,1.0,breast_cancer,classification
357,0.002780189213027315,0.9798657718120806,0.9806349863396148,0.9798657718120806,0.9800890547430825,0.9174311926605505,0.970873786407767,0.9433962264150944,0.9938398357289527,0.9817444219066938,0.9877551020408163,0.0005730472961378177,1.0,1.0,1.0,1.0,1.0,1.0,1.0,1.0,1.0,1.0,breast_cancer,classification
358,0.0008540747362195245,0.9916107382550335,0.9915880285761018,0.9916107382550335,0.9915945265203249,0.9803921568627451,0.970873786407767,0.975609756097561,0.9939271255060729,0.9959432048681541,0.9949341438703141,0.00042364907672866277,1.0,1.0,1.0,1.0,1.0,1.0,1.0,1.0,1.0,1.0,breast_cancer,classification
359,0.000853725125772516,0.988255033557047,0.9882192708075269,0.988255033557047,0.9882323371284547,0.9705882352941176,0.9611650485436893,0.9658536585365853,0.9919028340080972,0.9939148073022313,0.9929078014184397,0.0003573488094062613,1.0,1.0,1.0,1.0,1.0,1.0,1.0,1.0,1.0,1.0,breast_cancer,classification
360,0.0009017635407176294,0.9899328859060402,0.9898935531137005,0.9899328859060402,0.9898937266942753,0.9801980198019802,0.9611650485436893,0.9705882352941176,0.9919191919191919,0.9959432048681541,0.9939271255060729,0.00041794615263281853,1.0,1.0,1.0,1.0,1.0,1.0,1.0,1.0,1.0,1.0,breast_cancer,classification
361,0.0006072168910779034,0.9932885906040269,0.9932757034092671,0.9932885906040269,0.9932624844628501,0.9900990099009901,0.970873786407767,0.9803921568627451,0.9939393939393939,0.9979716024340771,0.9959514170040485,0.0004579331100787092,1.0,1.0,1.0,1.0,1.0,1.0,1.0,1.0,1.0,1.0,breast_cancer,classification
362,0.00047547968855321456,0.9966442953020134,0.9966442953020134,0.9966442953020134,0.9966442953020134,0.9902912621359223,0.9902912621359223,0.9902912621359223,0.9979716024340771,0.9979716024340771,0.9979716024340771,0.00038768201222605755,1.0,1.0,1.0,1.0,1.0,1.0,1.0,1.0,1.0,1.0,breast_cancer,classification
363,0.0007875752541542853,0.9949664429530202,0.9949567863446767,0.9949664429530202,0.9949567159121949,0.9901960784313726,0.9805825242718447,0.9853658536585366,0.9959514170040485,0.9979716024340771,0.9969604863221885,0.00046840910612286736,1.0,1.0,1.0,1.0,1.0,1.0,1.0,1.0,1.0,1.0,breast_cancer,classification
364,0.0005141809385819923,0.9949664429530202,0.9949567863446767,0.9949664429530202,0.9949567159121949,0.9901960784313726,0.9805825242718447,0.9853658536585366,0.9959514170040485,0.9979716024340771,0.9969604863221885,0.0003600174298622464,1.0,1.0,1.0,1.0,1.0,1.0,1.0,1.0,1.0,1.0,breast_cancer,classification
365,0.00023945706666778498,1.0,1.0,1.0,1.0,1.0,1.0,1.0,1.0,1.0,1.0,0.0004279279062561941,1.0,1.0,1.0,1.0,1.0,1.0,1.0,1.0,1.0,1.0,breast_cancer,classification
366,0.00150215751202402,0.988255033557047,0.9882192708075269,0.988255033557047,0.9882323371284547,0.9705882352941176,0.9611650485436893,0.9658536585365853,0.9919028340080972,0.9939148073022313,0.9929078014184397,0.0003748004201287091,1.0,1.0,1.0,1.0,1.0,1.0,1.0,1.0,1.0,1.0,breast_cancer,classification
367,0.000694560272628504,0.9899328859060402,0.9899326131011547,0.9899328859060402,0.9898535491133006,0.98989898989899,0.9514563106796117,0.9702970297029703,0.9899396378269618,0.9979716024340771,0.9939393939393939,0.0003333460897419777,1.0,1.0,1.0,1.0,1.0,1.0,1.0,1.0,1.0,1.0,breast_cancer,classification
368,0.0009364905238195304,0.9916107382550335,0.9916523173040198,0.9916107382550335,0.9916267436637919,0.9711538461538461,0.9805825242718447,0.9758454106280193,0.9959349593495935,0.9939148073022313,0.9949238578680203,0.0004112863516272514,1.0,1.0,1.0,1.0,1.0,1.0,1.0,1.0,1.0,1.0,breast_cancer,classification
369,0.0007888887346340906,0.9916107382550335,0.9915880285761018,0.9916107382550335,0.9915945265203249,0.9803921568627451,0.970873786407767,0.975609756097561,0.9939271255060729,0.9959432048681541,0.9949341438703141,0.0004481303258705259,1.0,1.0,1.0,1.0,1.0,1.0,1.0,1.0,1.0,1.0,breast_cancer,classification
370,0.0006136117130361697,0.9949664429530202,0.9949567863446767,0.9949664429530202,0.9949567159121949,0.9901960784313726,0.9805825242718447,0.9853658536585366,0.9959514170040485,0.9979716024340771,0.9969604863221885,0.0004022926859395116,1.0,1.0,1.0,1.0,1.0,1.0,1.0,1.0,1.0,1.0,breast_cancer,classification
371,0.001569756118411936,0.988255033557047,0.9883093355326945,0.988255033557047,0.9882774411293086,0.9615384615384616,0.970873786407767,0.966183574879227,0.9939024390243902,0.9918864097363083,0.9928934010152284,0.0003982711905276015,1.0,1.0,1.0,1.0,1.0,1.0,1.0,1.0,1.0,1.0,breast_cancer,classification
372,0.0007041853160328613,0.9916107382550335,0.9916949677906256,0.9916107382550335,0.9915275578304847,1.0,0.9514563106796117,0.9751243781094527,0.9899598393574297,1.0,0.9949545913218971,0.00033487071401920896,1.0,1.0,1.0,1.0,1.0,1.0,1.0,1.0,1.0,1.0,breast_cancer,classification
373,0.0005808625055395767,0.9949664429530202,0.9949968878545138,0.9949664429530202,0.9949368834947507,1.0,0.970873786407767,0.9852216748768473,0.9939516129032258,1.0,0.9969666329625885,0.00035473372749734246,1.0,1.0,1.0,1.0,1.0,1.0,1.0,1.0,1.0,1.0,breast_cancer,classification
374,0.0005117090945929014,0.9983221476510067,0.9983255441132516,0.9983221476510067,0.9983189053040651,1.0,0.9902912621359223,0.9951219512195122,0.9979757085020243,1.0,0.9989868287740629,0.0004973142554720976,1.0,1.0,1.0,1.0,1.0,1.0,1.0,1.0,1.0,1.0,breast_cancer,classification
375,0.0008099702266576206,0.9916107382550335,0.9916009958865556,0.9916107382550335,0.9915614724912512,0.99,0.9611650485436893,0.9753694581280788,0.9919354838709677,0.9979716024340771,0.9949443882709808,0.00041777551824214473,1.0,1.0,1.0,1.0,1.0,1.0,1.0,1.0,1.0,1.0,breast_cancer,classification
376,0.001572475344959909,0.988255033557047,0.9884719203624214,0.988255033557047,0.9883214054487771,0.9528301886792453,0.9805825242718447,0.9665071770334929,0.9959183673469387,0.9898580121703854,0.9928789420142421,0.00045333580612423737,1.0,1.0,1.0,1.0,1.0,1.0,1.0,1.0,1.0,1.0,breast_cancer,classification
377,0.0004948026531113424,0.9949664429530202,0.9949567863446767,0.9949664429530202,0.9949567159121949,0.9901960784313726,0.9805825242718447,0.9853658536585366,0.9959514170040485,0.9979716024340771,0.9969604863221885,0.0003886200650126342,1.0,1.0,1.0,1.0,1.0,1.0,1.0,1.0,1.0,1.0,breast_cancer,classification
378,0.0005247334351188085,0.9916107382550335,0.9916009958865556,0.9916107382550335,0.9915614724912512,0.99,0.9611650485436893,0.9753694581280788,0.9919354838709677,0.9979716024340771,0.9949443882709808,0.00038568245093869484,1.0,1.0,1.0,1.0,1.0,1.0,1.0,1.0,1.0,1.0,breast_cancer,classification
379,0.0008175985912257968,0.988255033557047,0.988270504288074,0.988255033557047,0.9881385809626786,0.9897959183673469,0.941747572815534,0.9651741293532339,0.9879518072289156,0.9979716024340771,0.992936427850656,0.00048211364125545395,1.0,1.0,1.0,1.0,1.0,1.0,1.0,1.0,1.0,1.0,breast_cancer,classification
380,0.0006635904176576351,0.9949664429530202,0.9949968878545138,0.9949664429530202,0.9949368834947507,1.0,0.970873786407767,0.9852216748768473,0.9939516129032258,1.0,0.9969666329625885,0.0003512843024460661,1.0,1.0,1.0,1.0,1.0,1.0,1.0,1.0,1.0,1.0,breast_cancer,classification
381,0.0007156441519474423,0.9932885906040269,0.9933426059713989,0.9932885906040269,0.993235699408867,1.0,0.9611650485436893,0.9801980198019802,0.9919517102615694,1.0,0.9959595959595959,0.0003418378780389692,1.0,1.0,1.0,1.0,1.0,1.0,1.0,1.0,1.0,1.0,breast_cancer,classification
382,0.0005613353127619914,0.9932885906040269,0.9932757034092671,0.9932885906040269,0.9932624844628501,0.9900990099009901,0.970873786407767,0.9803921568627451,0.9939393939393939,0.9979716024340771,0.9959514170040485,0.00036405278104138653,1.0,1.0,1.0,1.0,1.0,1.0,1.0,1.0,1.0,1.0,breast_cancer,classification
383,0.0007181173126407017,0.9949664429530202,0.9949968878545138,0.9949664429530202,0.9949368834947507,1.0,0.970873786407767,0.9852216748768473,0.9939516129032258,1.0,0.9969666329625885,0.0003672655595266479,1.0,1.0,1.0,1.0,1.0,1.0,1.0,1.0,1.0,1.0,breast_cancer,classification
384,0.0006165297361303295,0.9966442953020134,0.9966442953020134,0.9966442953020134,0.9966442953020134,0.9902912621359223,0.9902912621359223,0.9902912621359223,0.9979716024340771,0.9979716024340771,0.9979716024340771,0.00044664333421336926,1.0,1.0,1.0,1.0,1.0,1.0,1.0,1.0,1.0,1.0,breast_cancer,classification
385,0.000555343935328642,0.9932885906040269,0.9932757034092671,0.9932885906040269,0.9932624844628501,0.9900990099009901,0.970873786407767,0.9803921568627451,0.9939393939393939,0.9979716024340771,0.9959514170040485,0.0003725013683156279,1.0,1.0,1.0,1.0,1.0,1.0,1.0,1.0,1.0,1.0,breast_cancer,classification
386,0.0012185946339350693,0.9865771812080537,0.9866146185680708,0.9865771812080537,0.9864164321281662,0.9896907216494846,0.9320388349514563,0.96,0.9859719438877755,0.9979716024340771,0.9919354838709677,0.00034279779190410104,1.0,1.0,1.0,1.0,1.0,1.0,1.0,1.0,1.0,1.0,breast_cancer,classification
387,0.001737190007338388,0.9832214765100671,0.9832214765100671,0.9832214765100671,0.9832214765100671,0.9514563106796117,0.9514563106796117,0.9514563106796117,0.9898580121703854,0.9898580121703854,0.9898580121703854,0.00035749698423424224,1.0,1.0,1.0,1.0,1.0,1.0,1.0,1.0,1.0,1.0,breast_cancer,classification
388,0.0005069349129878034,0.9932885906040269,0.9932757034092671,0.9932885906040269,0.9932624844628501,0.9900990099009901,0.970873786407767,0.9803921568627451,0.9939393939393939,0.9979716024340771,0.9959514170040485,0.00043013645101638647,1.0,1.0,1.0,1.0,1.0,1.0,1.0,1.0,1.0,1.0,breast_cancer,classification
389,0.0012662810290657333,0.9865771812080537,0.9866146185680708,0.9865771812080537,0.9864164321281662,0.9896907216494846,0.9320388349514563,0.96,0.9859719438877755,0.9979716024340771,0.9919354838709677,0.0003458338206783937,1.0,1.0,1.0,1.0,1.0,1.0,1.0,1.0,1.0,1.0,breast_cancer,classification
390,0.0006453632584135455,0.9932885906040269,0.9932757034092671,0.9932885906040269,0.9932624844628501,0.9900990099009901,0.970873786407767,0.9803921568627451,0.9939393939393939,0.9979716024340771,0.9959514170040485,0.00036616357599678854,1.0,1.0,1.0,1.0,1.0,1.0,1.0,1.0,1.0,1.0,breast_cancer,classification
391,0.0005198731395765989,0.9966442953020134,0.9966442953020134,0.9966442953020134,0.9966442953020134,0.9902912621359223,0.9902912621359223,0.9902912621359223,0.9979716024340771,0.9979716024340771,0.9979716024340771,0.0005590084833936803,1.0,1.0,1.0,1.0,1.0,1.0,1.0,1.0,1.0,1.0,breast_cancer,classification
392,0.001084539579499463,0.988255033557047,0.9883093355326945,0.988255033557047,0.9882774411293086,0.9615384615384616,0.970873786407767,0.966183574879227,0.9939024390243902,0.9918864097363083,0.9928934010152284,0.0004189164235550385,1.0,1.0,1.0,1.0,1.0,1.0,1.0,1.0,1.0,1.0,breast_cancer,classification
393,0.0019793725401028714,0.9848993288590604,0.9848092119506388,0.9848993288590604,0.9848106504842521,0.97,0.941747572815534,0.9556650246305419,0.9879032258064516,0.9939148073022313,0.9908998988877654,0.00038298263898956897,1.0,1.0,1.0,1.0,1.0,1.0,1.0,1.0,1.0,1.0,breast_cancer,classification
394,0.0005341551154101854,0.9949664429530202,0.9949952990753448,0.9949664429530202,0.9949760461982752,0.9807692307692307,0.9902912621359223,0.9855072463768116,0.9979674796747967,0.9959432048681541,0.9969543147208122,0.00041202141593941707,1.0,1.0,1.0,1.0,1.0,1.0,1.0,1.0,1.0,1.0,breast_cancer,classification
395,0.0014090909147572597,0.9848993288590604,0.9851534294862684,0.9848993288590604,0.9849846641484276,0.9433962264150944,0.970873786407767,0.9569377990430622,0.9938775510204082,0.9878296146044625,0.9908443540183113,0.0003433941188424626,1.0,1.0,1.0,1.0,1.0,1.0,1.0,1.0,1.0,1.0,breast_cancer,classification
396,0.0006782601676543787,0.9932885906040269,0.9933426059713989,0.9932885906040269,0.993235699408867,1.0,0.9611650485436893,0.9801980198019802,0.9919517102615694,1.0,0.9959595959595959,0.00035333026969342824,1.0,1.0,1.0,1.0,1.0,1.0,1.0,1.0,1.0,1.0,breast_cancer,classification
397,0.0006674678518433724,0.9966442953020134,0.9966442953020134,0.9966442953020134,0.9966442953020134,0.9902912621359223,0.9902912621359223,0.9902912621359223,0.9979716024340771,0.9979716024340771,0.9979716024340771,0.0004270479626853594,1.0,1.0,1.0,1.0,1.0,1.0,1.0,1.0,1.0,1.0,breast_cancer,classification
398,0.0005264504990015404,0.9966442953020134,0.9966442953020134,0.9966442953020134,0.9966442953020134,0.9902912621359223,0.9902912621359223,0.9902912621359223,0.9979716024340771,0.9979716024340771,0.9979716024340771,0.0003147733932198494,1.0,1.0,1.0,1.0,1.0,1.0,1.0,1.0,1.0,1.0,breast_cancer,classification
399,0.0006216927056494576,0.9949664429530202,0.9949567863446767,0.9949664429530202,0.9949567159121949,0.9901960784313726,0.9805825242718447,0.9853658536585366,0.9959514170040485,0.9979716024340771,0.9969604863221885,0.00046903885285301295,1.0,1.0,1.0,1.0,1.0,1.0,1.0,1.0,1.0,1.0,breast_cancer,classification
400,0.0010592231795351153,0.9832214765100671,0.9831126273606661,0.9832214765100671,0.9830892485221676,0.9696969696969697,0.9320388349514563,0.9504950495049505,0.9859154929577465,0.9939148073022313,0.98989898989899,0.00041279064385132903,1.0,1.0,1.0,1.0,1.0,1.0,1.0,1.0,1.0,1.0,breast_cancer,classification
401,0.0005376361634335387,0.9966442953020134,0.996708213486737,0.9966442953020134,0.9966570182286748,0.9809523809523809,1.0,0.9903846153846154,1.0,0.9959432048681541,0.9979674796747967,0.00041744263605183405,1.0,1.0,1.0,1.0,1.0,1.0,1.0,1.0,1.0,1.0,breast_cancer,classification
402,0.0012163066702907367,0.9916107382550335,0.9916949677906256,0.9916107382550335,0.9915275578304847,1.0,0.9514563106796117,0.9751243781094527,0.9899598393574297,1.0,0.9949545913218971,0.0003645148615809095,1.0,1.0,1.0,1.0,1.0,1.0,1.0,1.0,1.0,1.0,breast_cancer,classification
403,0.001213580897334188,0.988255033557047,0.988270504288074,0.988255033557047,0.9881385809626786,0.9897959183673469,0.941747572815534,0.9651741293532339,0.9879518072289156,0.9979716024340771,0.992936427850656,0.00039426720819917303,1.0,1.0,1.0,1.0,1.0,1.0,1.0,1.0,1.0,1.0,breast_cancer,classification
404,0.0007603023855184399,0.9949664429530202,0.9949567863446767,0.9949664429530202,0.9949567159121949,0.9901960784313726,0.9805825242718447,0.9853658536585366,0.9959514170040485,0.9979716024340771,0.9969604863221885,0.00037037510887388413,1.0,1.0,1.0,1.0,1.0,1.0,1.0,1.0,1.0,1.0,breast_cancer,classification
405,0.0004759152301105877,0.9966442953020134,0.9966442953020134,0.9966442953020134,0.9966442953020134,0.9902912621359223,0.9902912621359223,0.9902912621359223,0.9979716024340771,0.9979716024340771,0.9979716024340771,0.00038918889762096156,1.0,1.0,1.0,1.0,1.0,1.0,1.0,1.0,1.0,1.0,breast_cancer,classification
406,0.0008174993049731515,0.9916107382550335,0.9916523173040198,0.9916107382550335,0.9916267436637919,0.9711538461538461,0.9805825242718447,0.9758454106280193,0.9959349593495935,0.9939148073022313,0.9949238578680203,0.0004776405942495037,1.0,1.0,1.0,1.0,1.0,1.0,1.0,1.0,1.0,1.0,breast_cancer,classification
407,0.0008016622046339982,0.9899328859060402,0.9898935531137005,0.9899328859060402,0.9898937266942753,0.9801980198019802,0.9611650485436893,0.9705882352941176,0.9919191919191919,0.9959432048681541,0.9939271255060729,0.0004584356804922123,1.0,1.0,1.0,1.0,1.0,1.0,1.0,1.0,1.0,1.0,breast_cancer,classification
408,0.0008549683206970959,0.9916107382550335,0.9916949677906256,0.9916107382550335,0.9915275578304847,1.0,0.9514563106796117,0.9751243781094527,0.9899598393574297,1.0,0.9949545913218971,0.0004409726415354534,1.0,1.0,1.0,1.0,1.0,1.0,1.0,1.0,1.0,1.0,breast_cancer,classification
409,0.000681770747275898,0.9932885906040269,0.9932885906040269,0.9932885906040269,0.9932885906040269,0.9805825242718447,0.9805825242718447,0.9805825242718447,0.9959432048681541,0.9959432048681541,0.9959432048681541,0.0005240853463343326,1.0,1.0,1.0,1.0,1.0,1.0,1.0,1.0,1.0,1.0,breast_cancer,classification
410,0.0005762649710983938,0.9966442953020134,0.9966578537048337,0.9966442953020134,0.9966312422314251,1.0,0.9805825242718447,0.9901960784313726,0.9959595959595959,1.0,0.9979757085020243,0.0004054868239096847,1.0,1.0,1.0,1.0,1.0,1.0,1.0,1.0,1.0,1.0,breast_cancer,classification
411,0.0009929366119130947,0.988255033557047,0.988270504288074,0.988255033557047,0.9881385809626786,0.9897959183673469,0.941747572815534,0.9651741293532339,0.9879518072289156,0.9979716024340771,0.992936427850656,0.0004125330300264111,1.0,1.0,1.0,1.0,1.0,1.0,1.0,1.0,1.0,1.0,breast_cancer,classification
412,0.0005302433555026933,0.9949664429530202,0.9949968878545138,0.9949664429530202,0.9949368834947507,1.0,0.970873786407767,0.9852216748768473,0.9939516129032258,1.0,0.9969666329625885,0.000452465625423563,1.0,1.0,1.0,1.0,1.0,1.0,1.0,1.0,1.0,1.0,breast_cancer,classification
413,0.0003697648605381782,0.9966442953020134,0.9966578537048337,0.9966442953020134,0.9966312422314251,1.0,0.9805825242718447,0.9901960784313726,0.9959595959595959,1.0,0.9979757085020243,0.0004373803584767668,1.0,1.0,1.0,1.0,1.0,1.0,1.0,1.0,1.0,1.0,breast_cancer,classification
414,0.00040928845707133364,0.9966442953020134,0.9966578537048337,0.9966442953020134,0.9966312422314251,1.0,0.9805825242718447,0.9901960784313726,0.9959595959595959,1.0,0.9979757085020243,0.000412902584605719,1.0,1.0,1.0,1.0,1.0,1.0,1.0,1.0,1.0,1.0,breast_cancer,classification
415,0.0006128753347544238,0.9916107382550335,0.9916009958865556,0.9916107382550335,0.9915614724912512,0.99,0.9611650485436893,0.9753694581280788,0.9919354838709677,0.9979716024340771,0.9949443882709808,0.0003730730464581975,1.0,1.0,1.0,1.0,1.0,1.0,1.0,1.0,1.0,1.0,breast_cancer,classification
416,0.000721740592450791,0.9949664429530202,0.9949968878545138,0.9949664429530202,0.9949368834947507,1.0,0.970873786407767,0.9852216748768473,0.9939516129032258,1.0,0.9969666329625885,0.0003803572836238266,1.0,1.0,1.0,1.0,1.0,1.0,1.0,1.0,1.0,1.0,breast_cancer,classification
417,0.0004380059695330717,0.9966442953020134,0.9966578537048337,0.9966442953020134,0.9966312422314251,1.0,0.9805825242718447,0.9901960784313726,0.9959595959595959,1.0,0.9979757085020243,0.0003782008655819317,1.0,1.0,1.0,1.0,1.0,1.0,1.0,1.0,1.0,1.0,breast_cancer,classification
418,0.0007284083909545744,0.9949664429530202,0.9949968878545138,0.9949664429530202,0.9949368834947507,1.0,0.970873786407767,0.9852216748768473,0.9939516129032258,1.0,0.9969666329625885,0.0004497160002176694,1.0,1.0,1.0,1.0,1.0,1.0,1.0,1.0,1.0,1.0,breast_cancer,classification
419,0.0007749558399093882,0.9949664429530202,0.9949567863446767,0.9949664429530202,0.9949567159121949,0.9901960784313726,0.9805825242718447,0.9853658536585366,0.9959514170040485,0.9979716024340771,0.9969604863221885,0.0004043211135388221,1.0,1.0,1.0,1.0,1.0,1.0,1.0,1.0,1.0,1.0,breast_cancer,classification
420,0.0011072522978573388,0.9916107382550335,0.9916009958865556,0.9916107382550335,0.9915614724912512,0.99,0.9611650485436893,0.9753694581280788,0.9919354838709677,0.9979716024340771,0.9949443882709808,0.0004330859738308311,1.0,1.0,1.0,1.0,1.0,1.0,1.0,1.0,1.0,1.0,breast_cancer,classification
421,0.00037206154263534603,0.9983221476510067,0.9983255441132516,0.9983221476510067,0.9983189053040651,1.0,0.9902912621359223,0.9951219512195122,0.9979757085020243,1.0,0.9989868287740629,0.0003033377942722916,1.0,1.0,1.0,1.0,1.0,1.0,1.0,1.0,1.0,1.0,breast_cancer,classification
422,0.0005003591675558221,0.9966442953020134,0.9966578537048337,0.9966442953020134,0.9966312422314251,1.0,0.9805825242718447,0.9901960784313726,0.9959595959595959,1.0,0.9979757085020243,0.0003420083280402742,1.0,1.0,1.0,1.0,1.0,1.0,1.0,1.0,1.0,1.0,breast_cancer,classification
423,0.0004558497516363359,0.9983221476510067,0.9983255441132516,0.9983221476510067,0.9983189053040651,1.0,0.9902912621359223,0.9951219512195122,0.9979757085020243,1.0,0.9989868287740629,0.0004911389758172852,1.0,1.0,1.0,1.0,1.0,1.0,1.0,1.0,1.0,1.0,breast_cancer,classification
424,0.000413965171315526,0.9932885906040269,0.9932885906040269,0.9932885906040269,0.9932885906040269,0.9805825242718447,0.9805825242718447,0.9805825242718447,0.9959432048681541,0.9959432048681541,0.9959432048681541,0.00040894393940399957,1.0,1.0,1.0,1.0,1.0,1.0,1.0,1.0,1.0,1.0,breast_cancer,classification
425,0.0006463242137660866,0.9899328859060402,0.9899326131011547,0.9899328859060402,0.9898535491133006,0.98989898989899,0.9514563106796117,0.9702970297029703,0.9899396378269618,0.9979716024340771,0.9939393939393939,0.00037766238533885486,1.0,1.0,1.0,1.0,1.0,1.0,1.0,1.0,1.0,1.0,breast_cancer,classification
426,0.0007890264434121149,0.9916107382550335,0.9915880285761018,0.9916107382550335,0.9915945265203249,0.9803921568627451,0.970873786407767,0.975609756097561,0.9939271255060729,0.9959432048681541,0.9949341438703141,0.00040037782031467696,1.0,1.0,1.0,1.0,1.0,1.0,1.0,1.0,1.0,1.0,breast_cancer,classification
427,0.0005423222448139283,0.9949664429530202,0.9949968878545138,0.9949664429530202,0.9949368834947507,1.0,0.970873786407767,0.9852216748768473,0.9939516129032258,1.0,0.9969666329625885,0.0003917758179603507,1.0,1.0,1.0,1.0,1.0,1.0,1.0,1.0,1.0,1.0,breast_cancer,classification
428,0.0005008747831265123,0.9949664429530202,0.9949567863446767,0.9949664429530202,0.9949567159121949,0.9901960784313726,0.9805825242718447,0.9853658536585366,0.9959514170040485,0.9979716024340771,0.9969604863221885,0.0004920365613878974,1.0,1.0,1.0,1.0,1.0,1.0,1.0,1.0,1.0,1.0,breast_cancer,classification
429,0.0008728737976470799,0.9899328859060402,0.9899326131011547,0.9899328859060402,0.9898535491133006,0.98989898989899,0.9514563106796117,0.9702970297029703,0.9899396378269618,0.9979716024340771,0.9939393939393939,0.00047154285032427153,1.0,1.0,1.0,1.0,1.0,1.0,1.0,1.0,1.0,1.0,breast_cancer,classification
430,0.0011153797655766393,0.9916107382550335,0.9916009958865556,0.9916107382550335,0.9915614724912512,0.99,0.9611650485436893,0.9753694581280788,0.9919354838709677,0.9979716024340771,0.9949443882709808,0.000494664491173005,1.0,1.0,1.0,1.0,1.0,1.0,1.0,1.0,1.0,1.0,breast_cancer,classification
431,0.0007136740019363695,0.9932885906040269,0.9932757034092671,0.9932885906040269,0.9932624844628501,0.9900990099009901,0.970873786407767,0.9803921568627451,0.9939393939393939,0.9979716024340771,0.9959514170040485,0.00029131028591811457,1.0,1.0,1.0,1.0,1.0,1.0,1.0,1.0,1.0,1.0,breast_cancer,classification
432,0.0009024959376344345,0.9899328859060402,0.9898935531137005,0.9899328859060402,0.9898937266942753,0.9801980198019802,0.9611650485436893,0.9705882352941176,0.9919191919191919,0.9959432048681541,0.9939271255060729,0.000404453764500834,1.0,1.0,1.0,1.0,1.0,1.0,1.0,1.0,1.0,1.0,breast_cancer,classification
433,0.0008039497203918662,0.9899328859060402,0.9898935531137005,0.9899328859060402,0.9898937266942753,0.9801980198019802,0.9611650485436893,0.9705882352941176,0.9919191919191919,0.9959432048681541,0.9939271255060729,0.0003379833331369114,1.0,1.0,1.0,1.0,1.0,1.0,1.0,1.0,1.0,1.0,breast_cancer,classification
434,0.0008274299223851037,0.9916107382550335,0.9916009958865556,0.9916107382550335,0.9915614724912512,0.99,0.9611650485436893,0.9753694581280788,0.9919354838709677,0.9979716024340771,0.9949443882709808,0.0004116029098892472,1.0,1.0,1.0,1.0,1.0,1.0,1.0,1.0,1.0,1.0,breast_cancer,classification
435,0.0004918573519149357,0.9932885906040269,0.9932885906040269,0.9932885906040269,0.9932885906040269,0.9805825242718447,0.9805825242718447,0.9805825242718447,0.9959432048681541,0.9959432048681541,0.9959432048681541,0.000329660929133178,1.0,1.0,1.0,1.0,1.0,1.0,1.0,1.0,1.0,1.0,breast_cancer,classification
436,0.0012790232020955309,0.9949664429530202,0.995108902114727,0.9949664429530202,0.9949948880494758,0.9716981132075472,1.0,0.9856459330143541,1.0,0.9939148073022313,0.9969481180061037,0.0006616965565992981,0.9932885906040269,0.9935803910125474,0.9932885906040269,0.9933498981646048,0.9565217391304348,1.0,0.9777777777777777,1.0,0.9921259842519685,0.9960474308300395,breast_cancer,classification
437,0.0006607374916284426,0.9916107382550335,0.9917904112385741,0.9916107382550335,0.9916581467491264,0.9622641509433962,0.9902912621359223,0.9760765550239234,0.9979591836734694,0.9918864097363083,0.9949135300101729,0.0005572629833106426,1.0,1.0,1.0,1.0,1.0,1.0,1.0,1.0,1.0,1.0,breast_cancer,classification
438,0.00035616351840798836,0.9966442953020134,0.9966578537048337,0.9966442953020134,0.9966312422314251,1.0,0.9805825242718447,0.9901960784313726,0.9959595959595959,1.0,0.9979757085020243,0.0004939219817494186,1.0,1.0,1.0,1.0,1.0,1.0,1.0,1.0,1.0,1.0,breast_cancer,classification
439,0.0010433262210158044,0.988255033557047,0.9882051039185971,0.988255033557047,0.9881860614877516,0.98,0.9514563106796117,0.9655172413793104,0.9899193548387096,0.9959432048681541,0.9929221435793731,0.00039917217636318414,1.0,1.0,1.0,1.0,1.0,1.0,1.0,1.0,1.0,1.0,breast_cancer,classification
440,0.0008437023191453401,0.9916107382550335,0.9915880285761018,0.9916107382550335,0.9915945265203249,0.9803921568627451,0.970873786407767,0.975609756097561,0.9939271255060729,0.9959432048681541,0.9949341438703141,0.00039213317862068044,1.0,1.0,1.0,1.0,1.0,1.0,1.0,1.0,1.0,1.0,breast_cancer,classification
441,0.0010072661025821539,0.9916107382550335,0.9915880285761018,0.9916107382550335,0.9915945265203249,0.9803921568627451,0.970873786407767,0.975609756097561,0.9939271255060729,0.9959432048681541,0.9949341438703141,0.0005040021360095515,1.0,1.0,1.0,1.0,1.0,1.0,1.0,1.0,1.0,1.0,breast_cancer,classification
442,0.0008847364765551291,0.9916107382550335,0.9916949677906256,0.9916107382550335,0.9915275578304847,1.0,0.9514563106796117,0.9751243781094527,0.9899598393574297,1.0,0.9949545913218971,0.0003375019034333277,1.0,1.0,1.0,1.0,1.0,1.0,1.0,1.0,1.0,1.0,breast_cancer,classification
443,0.0008175081052683019,0.988255033557047,0.9882192708075269,0.988255033557047,0.9882323371284547,0.9705882352941176,0.9611650485436893,0.9658536585365853,0.9919028340080972,0.9939148073022313,0.9929078014184397,0.0003591035992757186,1.0,1.0,1.0,1.0,1.0,1.0,1.0,1.0,1.0,1.0,breast_cancer,classification
444,0.0010007046469355989,0.9899328859060402,0.9898935531137005,0.9899328859060402,0.9898937266942753,0.9801980198019802,0.9611650485436893,0.9705882352941176,0.9919191919191919,0.9959432048681541,0.9939271255060729,0.00048813553551999516,1.0,1.0,1.0,1.0,1.0,1.0,1.0,1.0,1.0,1.0,breast_cancer,classification
445,0.0014271084291488556,0.9865771812080537,0.9867164733825022,0.9865771812080537,0.986628072914699,0.9523809523809523,0.970873786407767,0.9615384615384616,0.9938900203665988,0.9898580121703854,0.991869918699187,0.00048136315464773435,1.0,1.0,1.0,1.0,1.0,1.0,1.0,1.0,1.0,1.0,breast_cancer,classification
446,0.0003396131042797343,0.9966442953020134,0.9966578537048337,0.9966442953020134,0.9966312422314251,1.0,0.9805825242718447,0.9901960784313726,0.9959595959595959,1.0,0.9979757085020243,0.00045597999694213374,1.0,1.0,1.0,1.0,1.0,1.0,1.0,1.0,1.0,1.0,breast_cancer,classification
447,0.0009101862080032693,0.9916107382550335,0.9916009958865556,0.9916107382550335,0.9915614724912512,0.99,0.9611650485436893,0.9753694581280788,0.9919354838709677,0.9979716024340771,0.9949443882709808,0.00039651196906280596,1.0,1.0,1.0,1.0,1.0,1.0,1.0,1.0,1.0,1.0,breast_cancer,classification
448,0.0011550758913746917,0.9865771812080537,0.9866146185680708,0.9865771812080537,0.9864164321281662,0.9896907216494846,0.9320388349514563,0.96,0.9859719438877755,0.9979716024340771,0.9919354838709677,0.0004738613739672223,1.0,1.0,1.0,1.0,1.0,1.0,1.0,1.0,1.0,1.0,breast_cancer,classification
449,0.000500240682932117,0.9932885906040269,0.9933426059713989,0.9932885906040269,0.993235699408867,1.0,0.9611650485436893,0.9801980198019802,0.9919517102615694,1.0,0.9959595959595959,0.0004338127351522246,1.0,1.0,1.0,1.0,1.0,1.0,1.0,1.0,1.0,1.0,breast_cancer,classification
450,0.0011324657235863376,0.9899328859060402,0.9899326131011547,0.9899328859060402,0.9898535491133006,0.98989898989899,0.9514563106796117,0.9702970297029703,0.9899396378269618,0.9979716024340771,0.9939393939393939,0.0004993778194032059,1.0,1.0,1.0,1.0,1.0,1.0,1.0,1.0,1.0,1.0,breast_cancer,classification
451,0.0005022302680514478,0.9932885906040269,0.9933426059713989,0.9932885906040269,0.993235699408867,1.0,0.9611650485436893,0.9801980198019802,0.9919517102615694,1.0,0.9959595959595959,0.0003928927128084454,1.0,1.0,1.0,1.0,1.0,1.0,1.0,1.0,1.0,1.0,breast_cancer,classification
452,0.0005030534581762532,0.9949664429530202,0.9949968878545138,0.9949664429530202,0.9949368834947507,1.0,0.970873786407767,0.9852216748768473,0.9939516129032258,1.0,0.9969666329625885,0.0003168942522407578,1.0,1.0,1.0,1.0,1.0,1.0,1.0,1.0,1.0,1.0,breast_cancer,classification
453,0.0007755746646946758,0.9899328859060402,0.9899328859060402,0.9899328859060402,0.9899328859060402,0.970873786407767,0.970873786407767,0.970873786407767,0.9939148073022313,0.9939148073022313,0.9939148073022313,0.0004354573086204145,1.0,1.0,1.0,1.0,1.0,1.0,1.0,1.0,1.0,1.0,breast_cancer,classification
454,0.0006422459236939982,0.9949664429530202,0.9949968878545138,0.9949664429530202,0.9949368834947507,1.0,0.970873786407767,0.9852216748768473,0.9939516129032258,1.0,0.9969666329625885,0.0003747654064627202,1.0,1.0,1.0,1.0,1.0,1.0,1.0,1.0,1.0,1.0,breast_cancer,classification
455,0.0007689267771174794,0.9916107382550335,0.9915880285761018,0.9916107382550335,0.9915945265203249,0.9803921568627451,0.970873786407767,0.975609756097561,0.9939271255060729,0.9959432048681541,0.9949341438703141,0.00047665020457200155,1.0,1.0,1.0,1.0,1.0,1.0,1.0,1.0,1.0,1.0,breast_cancer,classification
456,0.00027964541500265515,0.9983221476510067,0.9983255441132516,0.9983221476510067,0.9983189053040651,1.0,0.9902912621359223,0.9951219512195122,0.9979757085020243,1.0,0.9989868287740629,0.00047121437003948545,1.0,1.0,1.0,1.0,1.0,1.0,1.0,1.0,1.0,1.0,breast_cancer,classification
457,0.0006335848432984328,0.9932885906040269,0.993377633451992,0.9932885906040269,0.9933140364573495,0.9714285714285714,0.9902912621359223,0.9807692307692307,0.9979633401221996,0.9939148073022313,0.9959349593495935,0.0003991232014529957,1.0,1.0,1.0,1.0,1.0,1.0,1.0,1.0,1.0,1.0,breast_cancer,classification
458,0.0008500912031408825,0.9932885906040269,0.9932885906040269,0.9932885906040269,0.9932885906040269,0.9805825242718447,0.9805825242718447,0.9805825242718447,0.9959432048681541,0.9959432048681541,0.9959432048681541,0.00045188327613692955,1.0,1.0,1.0,1.0,1.0,1.0,1.0,1.0,1.0,1.0,breast_cancer,classification
459,0.0009574269027771091,0.9916107382550335,0.9916949677906256,0.9916107382550335,0.9915275578304847,1.0,0.9514563106796117,0.9751243781094527,0.9899598393574297,1.0,0.9949545913218971,0.0003865514491253451,1.0,1.0,1.0,1.0,1.0,1.0,1.0,1.0,1.0,1.0,breast_cancer,classification
460,0.0008631928428544994,0.9899328859060402,0.9899326131011547,0.9899328859060402,0.9898535491133006,0.98989898989899,0.9514563106796117,0.9702970297029703,0.9899396378269618,0.9979716024340771,0.9939393939393939,0.00041708137508756764,1.0,1.0,1.0,1.0,1.0,1.0,1.0,1.0,1.0,1.0,breast_cancer,classification
461,0.0008259739202522242,0.9949664429530202,0.9949968878545138,0.9949664429530202,0.9949368834947507,1.0,0.970873786407767,0.9852216748768473,0.9939516129032258,1.0,0.9969666329625885,0.0004570908006905709,1.0,1.0,1.0,1.0,1.0,1.0,1.0,1.0,1.0,1.0,breast_cancer,classification
462,0.0002483531048258879,1.0,1.0,1.0,1.0,1.0,1.0,1.0,1.0,1.0,1.0,0.00037813156799432017,1.0,1.0,1.0,1.0,1.0,1.0,1.0,1.0,1.0,1.0,breast_cancer,classification
463,0.000827224725535477,0.9916107382550335,0.9916009958865556,0.9916107382550335,0.9915614724912512,0.99,0.9611650485436893,0.9753694581280788,0.9919354838709677,0.9979716024340771,0.9949443882709808,0.00036018452882116675,1.0,1.0,1.0,1.0,1.0,1.0,1.0,1.0,1.0,1.0,breast_cancer,classification
464,0.0007558765695367833,0.9916107382550335,0.9916523173040198,0.9916107382550335,0.9916267436637919,0.9711538461538461,0.9805825242718447,0.9758454106280193,0.9959349593495935,0.9939148073022313,0.9949238578680203,0.00039736765293066936,1.0,1.0,1.0,1.0,1.0,1.0,1.0,1.0,1.0,1.0,breast_cancer,classification
465,0.0005891341969977139,0.9916107382550335,0.9915880285761018,0.9916107382550335,0.9915945265203249,0.9803921568627451,0.970873786407767,0.975609756097561,0.9939271255060729,0.9959432048681541,0.9949341438703141,0.00034587947501732197,1.0,1.0,1.0,1.0,1.0,1.0,1.0,1.0,1.0,1.0,breast_cancer,classification
466,0.0007440786866936833,0.9916107382550335,0.9916009958865556,0.9916107382550335,0.9915614724912512,0.99,0.9611650485436893,0.9753694581280788,0.9919354838709677,0.9979716024340771,0.9949443882709808,0.0003720255624877927,1.0,1.0,1.0,1.0,1.0,1.0,1.0,1.0,1.0,1.0,breast_cancer,classification
467,0.0005108697407085124,0.9966442953020134,0.9966578537048337,0.9966442953020134,0.9966312422314251,1.0,0.9805825242718447,0.9901960784313726,0.9959595959595959,1.0,0.9979757085020243,0.000500410937410373,1.0,1.0,1.0,1.0,1.0,1.0,1.0,1.0,1.0,1.0,breast_cancer,classification
468,0.0005192572927577483,0.9932885906040269,0.9933426059713989,0.9932885906040269,0.993235699408867,1.0,0.9611650485436893,0.9801980198019802,0.9919517102615694,1.0,0.9959595959595959,0.0003963851591809684,1.0,1.0,1.0,1.0,1.0,1.0,1.0,1.0,1.0,1.0,breast_cancer,classification
469,0.0020706967111589424,0.9865771812080537,0.9865114028181341,0.9865771812080537,0.9865249689257004,0.9702970297029703,0.9514563106796117,0.9607843137254902,0.98989898989899,0.9939148073022313,0.9919028340080972,0.0003860683462445018,1.0,1.0,1.0,1.0,1.0,1.0,1.0,1.0,1.0,1.0,breast_cancer,classification
470,0.0008537780302857993,0.9932885906040269,0.9932757034092671,0.9932885906040269,0.9932624844628501,0.9900990099009901,0.970873786407767,0.9803921568627451,0.9939393939393939,0.9979716024340771,0.9959514170040485,0.0003453960943804591,1.0,1.0,1.0,1.0,1.0,1.0,1.0,1.0,1.0,1.0,breast_cancer,classification
471,0.0005827341119340002,0.9932885906040269,0.9933426059713989,0.9932885906040269,0.993235699408867,1.0,0.9611650485436893,0.9801980198019802,0.9919517102615694,1.0,0.9959595959595959,0.0004439566334422003,1.0,1.0,1.0,1.0,1.0,1.0,1.0,1.0,1.0,1.0,breast_cancer,classification
472,0.0006821944707248285,0.9916107382550335,0.9916949677906256,0.9916107382550335,0.9915275578304847,1.0,0.9514563106796117,0.9751243781094527,0.9899598393574297,1.0,0.9949545913218971,0.00038674705186796267,1.0,1.0,1.0,1.0,1.0,1.0,1.0,1.0,1.0,1.0,breast_cancer,classification
473,0.0007127851160671312,0.9949664429530202,0.9949567863446767,0.9949664429530202,0.9949567159121949,0.9901960784313726,0.9805825242718447,0.9853658536585366,0.9959514170040485,0.9979716024340771,0.9969604863221885,0.00048811281343684503,1.0,1.0,1.0,1.0,1.0,1.0,1.0,1.0,1.0,1.0,breast_cancer,classification
474,0.0009870255696462255,0.9916107382550335,0.9916949677906256,0.9916107382550335,0.9915275578304847,1.0,0.9514563106796117,0.9751243781094527,0.9899598393574297,1.0,0.9949545913218971,0.00047050988857928137,1.0,1.0,1.0,1.0,1.0,1.0,1.0,1.0,1.0,1.0,breast_cancer,classification
475,0.0006124717876824532,0.9932885906040269,0.9933426059713989,0.9932885906040269,0.993235699408867,1.0,0.9611650485436893,0.9801980198019802,0.9919517102615694,1.0,0.9959595959595959,0.00040821715698721224,1.0,1.0,1.0,1.0,1.0,1.0,1.0,1.0,1.0,1.0,breast_cancer,classification
476,0.0006531330857632194,0.9949664429530202,0.9949968878545138,0.9949664429530202,0.9949368834947507,1.0,0.970873786407767,0.9852216748768473,0.9939516129032258,1.0,0.9969666329625885,0.0003734818158121217,1.0,1.0,1.0,1.0,1.0,1.0,1.0,1.0,1.0,1.0,breast_cancer,classification
477,0.0006325809271762386,0.9949664429530202,0.9949968878545138,0.9949664429530202,0.9949368834947507,1.0,0.970873786407767,0.9852216748768473,0.9939516129032258,1.0,0.9969666329625885,0.00029557224147446805,1.0,1.0,1.0,1.0,1.0,1.0,1.0,1.0,1.0,1.0,breast_cancer,classification
478,0.0016232796443857553,0.9916107382550335,0.9917904112385741,0.9916107382550335,0.9916581467491264,0.9622641509433962,0.9902912621359223,0.9760765550239234,0.9979591836734694,0.9918864097363083,0.9949135300101729,0.0004687591630890465,1.0,1.0,1.0,1.0,1.0,1.0,1.0,1.0,1.0,1.0,breast_cancer,classification
479,0.0004716672430255594,0.9949664429530202,0.9949567863446767,0.9949664429530202,0.9949567159121949,0.9901960784313726,0.9805825242718447,0.9853658536585366,0.9959514170040485,0.9979716024340771,0.9969604863221885,0.0003725181836884894,1.0,1.0,1.0,1.0,1.0,1.0,1.0,1.0,1.0,1.0,breast_cancer,classification
480,0.00047768993305523675,0.9916107382550335,0.9916009958865556,0.9916107382550335,0.9915614724912512,0.99,0.9611650485436893,0.9753694581280788,0.9919354838709677,0.9979716024340771,0.9949443882709808,0.0003284475150449364,1.0,1.0,1.0,1.0,1.0,1.0,1.0,1.0,1.0,1.0,breast_cancer,classification
481,0.0004649932372021245,0.9932885906040269,0.9932757034092671,0.9932885906040269,0.9932624844628501,0.9900990099009901,0.970873786407767,0.9803921568627451,0.9939393939393939,0.9979716024340771,0.9959514170040485,0.0003883618097314799,1.0,1.0,1.0,1.0,1.0,1.0,1.0,1.0,1.0,1.0,breast_cancer,classification
482,0.0004998032490397809,0.9949664429530202,0.9949952990753448,0.9949664429530202,0.9949760461982752,0.9807692307692307,0.9902912621359223,0.9855072463768116,0.9979674796747967,0.9959432048681541,0.9969543147208122,0.0005141526379391251,1.0,1.0,1.0,1.0,1.0,1.0,1.0,1.0,1.0,1.0,breast_cancer,classification
483,0.0010236890095086056,0.9932885906040269,0.9932757034092671,0.9932885906040269,0.9932624844628501,0.9900990099009901,0.970873786407767,0.9803921568627451,0.9939393939393939,0.9979716024340771,0.9959514170040485,0.0005180856209848351,1.0,1.0,1.0,1.0,1.0,1.0,1.0,1.0,1.0,1.0,breast_cancer,classification
484,0.000528452149514209,0.9966442953020134,0.9966578537048337,0.9966442953020134,0.9966312422314251,1.0,0.9805825242718447,0.9901960784313726,0.9959595959595959,1.0,0.9979757085020243,0.00043298153131700204,1.0,1.0,1.0,1.0,1.0,1.0,1.0,1.0,1.0,1.0,breast_cancer,classification
485,0.0011019375977643934,0.988255033557047,0.9882051039185971,0.988255033557047,0.9881860614877516,0.98,0.9514563106796117,0.9655172413793104,0.9899193548387096,0.9959432048681541,0.9929221435793731,0.00033370430984428065,1.0,1.0,1.0,1.0,1.0,1.0,1.0,1.0,1.0,1.0,breast_cancer,classification
486,0.0009125977560827796,0.9932885906040269,0.9932885906040269,0.9932885906040269,0.9932885906040269,0.9805825242718447,0.9805825242718447,0.9805825242718447,0.9959432048681541,0.9959432048681541,0.9959432048681541,0.0004244622635348831,1.0,1.0,1.0,1.0,1.0,1.0,1.0,1.0,1.0,1.0,breast_cancer,classification
487,0.0006963729900589225,0.988255033557047,0.9883093355326945,0.988255033557047,0.9882774411293086,0.9615384615384616,0.970873786407767,0.966183574879227,0.9939024390243902,0.9918864097363083,0.9928934010152284,0.0004415889715950861,1.0,1.0,1.0,1.0,1.0,1.0,1.0,1.0,1.0,1.0,breast_cancer,classification
488,0.0008527670530664841,0.9899328859060402,0.9900470534172472,0.9899328859060402,0.9899710546860244,0.9619047619047619,0.9805825242718447,0.9711538461538461,0.9959266802443992,0.9918864097363083,0.9939024390243902,0.0004300111623468415,1.0,1.0,1.0,1.0,1.0,1.0,1.0,1.0,1.0,1.0,breast_cancer,classification
489,0.000998597346393129,0.9916107382550335,0.9915880285761018,0.9916107382550335,0.9915945265203249,0.9803921568627451,0.970873786407767,0.975609756097561,0.9939271255060729,0.9959432048681541,0.9949341438703141,0.00043115457097981,1.0,1.0,1.0,1.0,1.0,1.0,1.0,1.0,1.0,1.0,breast_cancer,classification
490,0.0018011073905337077,0.9848993288590604,0.9851534294862684,0.9848993288590604,0.9849846641484276,0.9433962264150944,0.970873786407767,0.9569377990430622,0.9938775510204082,0.9878296146044625,0.9908443540183113,0.00040744225753958796,1.0,1.0,1.0,1.0,1.0,1.0,1.0,1.0,1.0,1.0,breast_cancer,classification
491,0.0005212018571812784,0.9966442953020134,0.9966578537048337,0.9966442953020134,0.9966312422314251,1.0,0.9805825242718447,0.9901960784313726,0.9959595959595959,1.0,0.9979757085020243,0.00040968833022419636,1.0,1.0,1.0,1.0,1.0,1.0,1.0,1.0,1.0,1.0,breast_cancer,classification
492,0.0005106646188647305,0.9949664429530202,0.9949968878545138,0.9949664429530202,0.9949368834947507,1.0,0.970873786407767,0.9852216748768473,0.9939516129032258,1.0,0.9969666329625885,0.00038724329210067753,1.0,1.0,1.0,1.0,1.0,1.0,1.0,1.0,1.0,1.0,breast_cancer,classification
493,0.00105183547590828,0.9932885906040269,0.9933426059713989,0.9932885906040269,0.993235699408867,1.0,0.9611650485436893,0.9801980198019802,0.9919517102615694,1.0,0.9959595959595959,0.00045106965335923554,1.0,1.0,1.0,1.0,1.0,1.0,1.0,1.0,1.0,1.0,breast_cancer,classification
494,0.0006564164091989198,0.9932885906040269,0.9932885906040269,0.9932885906040269,0.9932885906040269,0.9805825242718447,0.9805825242718447,0.9805825242718447,0.9959432048681541,0.9959432048681541,0.9959432048681541,0.00040920513788325673,1.0,1.0,1.0,1.0,1.0,1.0,1.0,1.0,1.0,1.0,breast_cancer,classification
495,0.0007193577171134568,0.9949664429530202,0.9949968878545138,0.9949664429530202,0.9949368834947507,1.0,0.970873786407767,0.9852216748768473,0.9939516129032258,1.0,0.9969666329625885,0.0003413494040364487,1.0,1.0,1.0,1.0,1.0,1.0,1.0,1.0,1.0,1.0,breast_cancer,classification
496,0.0009929695420182816,0.9916107382550335,0.9916009958865556,0.9916107382550335,0.9915614724912512,0.99,0.9611650485436893,0.9753694581280788,0.9919354838709677,0.9979716024340771,0.9949443882709808,0.0004122615573090195,1.0,1.0,1.0,1.0,1.0,1.0,1.0,1.0,1.0,1.0,breast_cancer,classification
497,0.0015698758558676446,0.9899328859060402,0.9899328859060402,0.9899328859060402,0.9899328859060402,0.970873786407767,0.970873786407767,0.970873786407767,0.9939148073022313,0.9939148073022313,0.9939148073022313,0.00048486377587604444,1.0,1.0,1.0,1.0,1.0,1.0,1.0,1.0,1.0,1.0,breast_cancer,classification
498,0.00035640846112830525,0.9966442953020134,0.9966578537048337,0.9966442953020134,0.9966312422314251,1.0,0.9805825242718447,0.9901960784313726,0.9959595959595959,1.0,0.9979757085020243,0.00031043349408963383,1.0,1.0,1.0,1.0,1.0,1.0,1.0,1.0,1.0,1.0,breast_cancer,classification
499,0.0008515308147386941,0.988255033557047,0.9882051039185971,0.988255033557047,0.9881860614877516,0.98,0.9514563106796117,0.9655172413793104,0.9899193548387096,0.9959432048681541,0.9929221435793731,0.0003640100800576026,1.0,1.0,1.0,1.0,1.0,1.0,1.0,1.0,1.0,1.0,breast_cancer,classification
500,0.0006321159983678853,0.9932885906040269,0.9933426059713989,0.9932885906040269,0.993235699408867,1.0,0.9611650485436893,0.9801980198019802,0.9919517102615694,1.0,0.9959595959595959,0.0003620436752602558,1.0,1.0,1.0,1.0,1.0,1.0,1.0,1.0,1.0,1.0,breast_cancer,classification
