dataset,task,loss,accuracy,precision,recall,f1_score,precision_glioma,recall_glioma,f1_glioma,precision_meningioma,recall_meningioma,f1_meningioma,precision_none,recall_none,f1_none,precision_pituitary,recall_pituitary,f1_pituitary,precision_NPancreas,recall_NPancreas,f1_NPancreas,precision_PPancreas,recall_PPancreas,f1_PPancreas,mean_iou,mean_dice,iou_Class_0,dice_Class_0,iou_Class_1,dice_Class_1
brain_mri_nd5,classification,0.013790487900320943,0.9814450379533315,0.9821632945750227,0.9814450379533315,0.9815062085500333,0.997270245677889,0.9699115044247788,0.9834006280843428,0.945031712473573,0.9944382647385984,0.9691056910569106,0.9983164983164983,0.9579967689822294,0.9777411376751854,0.9891067538126361,0.9988998899889989,0.9939792008757526,,,,,,,,,,,,
hf_brain_tumor,classification,0.02679181349456718,0.9807829181494662,0.9810012840269887,0.9807829181494662,0.9807856657649499,0.974025974025974,0.9900990099009901,0.9819967266775778,0.9723926380368099,0.9875389408099688,0.9799072642967542,0.9974683544303797,0.9656862745098039,0.9813200498132005,0.976063829787234,0.9839142091152815,0.9799732977303071,,,,,,,,,,,,
pancreas,classification,0.0017786983057290358,0.9943181818181818,0.9944390715667311,0.9943181818181818,0.9943377604667927,,,,,,,,,,,,,0.9787234042553191,1.0,0.989247311827957,1.0,0.9923076923076923,0.9961389961389961,,,,,,
btcv,segmentation,0.13220757246017456,0.93487548828125,,,,,,,,,,,,,,,,,,,,,,0.5085183960781615,0.5593193225274623,0.9344916502889581,0.9661366593640986,0.08254514186736499,0.15250198569082588
cvc_clinicdb,segmentation,0.015413458845237406,0.9688948964684959,,,,,,,,,,,,,,,,,,,,,,0.8318775988844076,0.9022962226836724,0.9664945533068287,0.9829618410908746,0.6972606444619865,0.8216306042764702
kvasir_seg,segmentation,0.01870820052921772,0.94961669921875,,,,,,,,,,,,,,,,,,,,,,0.8261655719880754,0.9003436896036459,0.942535328924338,0.9704176957710816,0.7097958150518128,0.8302696834362102
medseg_covid,segmentation,0.03776992037892342,0.9733642578125,,,,,,,,,,,,,,,,,,,,,,0.6829713319039578,0.7752796693760715,0.9728967667395718,0.9862622141627718,0.39304589706834364,0.5642971245893711
medseg_liver,segmentation,0.018907100639560005,0.9916215376420454,,,,,,,,,,,,,,,,,,,,,,0.9088948668589034,0.9503184856805691,0.9912731896191512,0.9956174720644344,0.8265165440986555,0.9050194992967038
