epoch,train_loss,train_accuracy,train_mean_iou,train_mean_dice,train_iou_Class_0,train_dice_Class_0,train_iou_Class_1,train_dice_Class_1,val_loss,val_accuracy,val_mean_iou,val_mean_dice,val_iou_Class_0,val_dice_Class_0,val_iou_Class_1,val_dice_Class_1,dataset,task
1,0.025214074552059172,0.4673858642578125,0.23995310569814385,0.33348090657843893,0.46223269858862936,0.6322286446401915,0.01767351280765833,0.034733168516686445,0.028745779395103456,0.8253662109375,0.41893472019257655,0.46478320374256893,0.8249666597325133,0.9040895682482541,0.012902780652639875,0.02547683923688367,medseg_covid,segmentation
2,0.024306824058294298,0.649078369140625,0.3333689194880847,0.41247651020158255,0.6465185194291403,0.7853158185591412,0.020219319547029116,0.03963720184402382,0.025549980998039245,0.9343505859375,0.4708506564895243,0.49035075241576237,0.9343185148987123,0.9660441211747761,0.007382798080336235,0.014657383656748674,medseg_covid,segmentation
3,0.023591146618127824,0.74564208984375,0.38477727702872994,0.4515673803457514,0.743929115666094,0.8531643964003092,0.02562543839136588,0.04997036429119367,0.022296950221061707,0.97103271484375,0.4861471401263114,0.493912510255438,0.9710316539900496,0.9853029524151434,0.0012626262625731219,0.002522068095732574,medseg_covid,segmentation
4,0.02292516678571701,0.82291259765625,0.4234661075446602,0.4754062073604743,0.822110771513192,0.9023718912878838,0.024821443576128355,0.04844052343306477,0.019970965385437012,0.9792236328125,0.4896118164056523,0.4947513846226703,0.9792236328113046,0.9895027692453406,0.0,0.0,medseg_covid,segmentation
5,0.02229951396584511,0.8784912109375,0.4483385135852388,0.4857084238126554,0.8782128339004627,0.9351579523356662,0.01846419327001488,0.03625889528964453,0.01899832338094711,0.98021240234375,0.49010620117127673,0.4950036678807692,0.9802124023425535,0.9900073357615384,0.0,0.0,medseg_covid,segmentation
6,0.021685613691806792,0.920660400390625,0.4706953770638413,0.4997476032834546,0.92052603583912,0.9586186478715681,0.020864718288562577,0.04087655869534097,0.018565809726715087,0.98028564453125,0.4901428222650267,0.49502234550747726,0.9802856445300534,0.9900446910149545,0.0,0.0,medseg_covid,segmentation
7,0.02112729549407959,0.94583740234375,0.483098927793932,0.5060792553069051,0.9457761754908357,0.9721325478273543,0.020421680097028248,0.04002596278645594,0.018552809953689575,0.9799560546875,0.4899780273431519,0.494938285305309,0.9799560546863038,0.989876570610618,0.0,0.0,medseg_covid,segmentation
8,0.020695945620536803,0.960443115234375,0.48702149244447657,0.5033440517956844,0.9604214948959056,0.9798112267146938,0.01362148999304755,0.026876876876675098,0.019130407273769377,0.97890625,0.4897421807514923,0.4952483202902798,0.9789059925035963,0.9893405712164646,0.0005783689993881799,0.0011560693640950248,medseg_covid,segmentation
9,0.020146629214286803,0.9684173583984375,0.48998126041698387,0.5033994398197752,0.968405691798739,0.9839492903658544,0.011556829035228682,0.022849589273696066,0.019959865510463713,0.9761962890625,0.4888657578108336,0.4955109111678498,0.976195417311454,0.9879543376732797,0.0015360983102132054,0.0030674846624198625,medseg_covid,segmentation
10,0.01968673840165138,0.972967529296875,0.49112187915159794,0.5023452220181523,0.9729606803478137,0.9862950539655866,0.009283077955382137,0.018395390070718134,0.019660675525665285,0.9782958984375,0.48998977525954296,0.4961958563397994,0.9782951035792591,0.9890284839802358,0.0016844469398268136,0.0033632286993630477,medseg_covid,segmentation
11,0.019264115393161772,0.97557373046875,0.48971477006839254,0.49766063085968304,0.9755714194149911,0.9876346760512243,0.003858120721793925,0.007686585668141749,0.019563737511634826,0.9802734375,0.4901367187494017,0.49501923266563824,0.9802734374988034,0.9900384653312765,0.0,0.0,medseg_covid,segmentation
12,0.018879400938749312,0.98065185546875,0.49095581126779153,0.4963742457488404,0.9806513830901082,0.9902311850156562,0.0012602394454747914,0.002517306482024586,0.019788825511932374,0.98092041015625,0.4904602050775263,0.4951841604167595,0.9809204101550526,0.990368320833519,0.0,0.0,medseg_covid,segmentation
13,0.018509366735816,0.9813140869140625,0.490820251737772,0.49561085965877477,0.9813139728633045,0.9905688712679438,0.00032653061223956683,0.0006528480496057965,0.01989770829677582,0.98121337890625,0.4906066894525261,0.49525880924917576,0.9812133789050522,0.9905176184983515,0.0,0.0,medseg_covid,segmentation
14,0.01823659911751747,0.98134765625,0.4906738281248503,0.49529301591988034,0.9813476562497006,0.9905860318397607,0.0,0.0,0.02022409737110138,0.98123779296875,0.4906188964837761,0.4952650289886846,0.9812377929675522,0.9905300579773691,0.0,0.0,medseg_covid,segmentation
15,0.018114135414361954,0.98133544921875,0.49066772460922525,0.49528990641415316,0.9813354492184505,0.9905798128283063,0.0,0.0,0.02046150267124176,0.98123779296875,0.4906188964837761,0.4952650289886846,0.9812377929675522,0.9905300579773691,0.0,0.0,medseg_covid,segmentation
16,0.017937785759568215,0.9815032958984375,0.491245956928943,0.49632055208041903,0.9815029572071688,0.99066514499736,0.0009889566507171757,0.001975959163478084,0.020719417929649354,0.98106689453125,0.4905334472650262,0.49522148759281576,0.9810668945300524,0.9904429751856315,0.0,0.0,medseg_covid,segmentation
17,0.01773957535624504,0.981463623046875,0.4908963369162236,0.49565158110771207,0.9814635099088186,0.9906450509946386,0.00032916392362855227,0.0006581112207854869,0.02095347046852112,0.9810302734375,0.4911575786702623,0.49649573535080277,0.9810298102969054,0.9904240766067768,0.0012853470436191936,0.0025673940948287934,medseg_covid,segmentation
18,0.01759222857654095,0.9815032958984375,0.4909165263519944,0.49566239092964043,0.9815031830025264,0.9906652600126306,0.00032986970146247946,0.0006595218466502965,0.021014155447483064,0.9808837890625,0.4904418945306513,0.49517482776014937,0.9808837890613026,0.9903496555202987,0.0,0.0,medseg_covid,segmentation
19,0.017434177547693254,0.981573486328125,0.49078674316391274,0.495350534865522,0.9815734863278255,0.990701069731044,0.0,0.0,0.021177317202091216,0.980810546875,0.4910403632001358,0.49642507753822973,0.9808100783698567,0.9903120840106306,0.0012706480304148253,0.0025380710658288023,medseg_covid,segmentation
20,0.017350102588534356,0.9815460205078125,0.49077301025375647,0.495343540018374,0.9815460205075129,0.990687080036748,0.0,0.0,0.021283678710460663,0.98089599609375,0.491085926930541,0.4964525170789454,0.9808955296748201,0.9903556396392514,0.001276324186261881,0.002549394518639299,medseg_covid,segmentation
21,0.01726105622947216,0.981585693359375,0.4908756686228736,0.4955193019437493,0.9815856371628998,0.9907072586257414,0.00016570008284729577,0.0003313452617572673,0.021387846767902376,0.98099365234375,0.4908176344261738,0.4958442023914228,0.9809934203286405,0.9904055311459811,0.0006418485237071984,0.0012828736368644725,medseg_covid,segmentation
22,0.017140753194689752,0.9815582275390625,0.49094448346108965,0.49567736271390783,0.9815581149784296,0.9906932403939255,0.0003308519437496964,0.000661485033890169,0.02143810987472534,0.981103515625,0.4905517578119012,0.4952308185243295,0.9811035156238024,0.990461637048659,0.0,0.0,medseg_covid,segmentation
23,0.017090792208909987,0.9815673828125,0.4908664310337544,0.49551447425583617,0.9815673265601452,0.9906979322918831,0.00016553550736358988,0.00033101621978929137,0.021397024393081665,0.98116455078125,0.49058227539002613,0.49524636931027977,0.9811645507800523,0.9904927386205595,0.0,0.0,medseg_covid,segmentation
24,0.016987599804997443,0.9816009521484375,0.49080047607406896,0.49535752951876694,0.9816009521481379,0.9907150590375339,0.0,0.0,0.021253645420074463,0.98118896484375,0.4905944824212761,0.49525258935637606,0.9811889648425522,0.9905051787127521,0.0,0.0,medseg_covid,segmentation
25,0.016923785954713822,0.981573486328125,0.49078674316391274,0.495350534865522,0.9815734863278255,0.990701069731044,0.0,0.0,0.0211176261305809,0.98131103515625,0.49065551757752607,0.49528368728752237,0.9813110351550521,0.9905673745750447,0.0,0.0,medseg_covid,segmentation
26,0.016879887133836747,0.9815673828125,0.49078369140610023,0.495348980471802,0.9815673828122005,0.990697960943604,0.0,0.0,0.021045464277267455,0.98135986328125,0.49067993164002605,0.4952961253870637,0.9813598632800521,0.9905922507741274,0.0,0.0,medseg_covid,segmentation
27,0.01688278131186962,0.981610107421875,0.4908050537107877,0.49535986102676044,0.9816101074215754,0.9907197220535209,0.0,0.0,0.020950067043304443,0.981396484375,0.490698242186901,0.49530545355941785,0.981396484373802,0.9906109071188357,0.0,0.0,medseg_covid,segmentation
28,0.016794271022081374,0.981573486328125,0.49078674316391274,0.495350534865522,0.9815734863278255,0.990701069731044,0.0,0.0,0.02096326947212219,0.98140869140625,0.49070434570252597,0.49530856287357744,0.9814086914050519,0.9906171257471549,0.0,0.0,medseg_covid,segmentation
29,0.01678488068282604,0.98160400390625,0.49080200195297524,0.49535830669049186,0.9816040039059505,0.9907166133809837,0.0,0.0,0.02095468044281006,0.98143310546875,0.49071655273377596,0.4953147813869631,0.9814331054675519,0.9906295627739262,0.0,0.0,medseg_covid,segmentation
30,0.01672043912112713,0.9816162109375,0.4908081054686002,0.49536141535345407,0.9816162109372004,0.9907228307069081,0.0,0.0,0.020917239785194396,0.98143310546875,0.49071655273377596,0.4953147813869631,0.9814331054675519,0.9906295627739262,0.0,0.0,medseg_covid,segmentation
31,0.016730786859989168,0.981573486328125,0.4908695102119594,0.495516083458398,0.9815734300943968,0.9907010410889868,0.00016559032952201375,0.0003311258278090873,0.02093751132488251,0.98143310546875,0.49071655273377596,0.4953147813869631,0.9814331054675519,0.9906295627739262,0.0,0.0,medseg_covid,segmentation
32,0.016702178865671158,0.981597900390625,0.49079895019516273,0.49535675234464827,0.9815979003903255,0.9907135046892965,0.0,0.0,0.02095772176980972,0.98143310546875,0.49071655273377596,0.4953147813869631,0.9814331054675519,0.9906295627739262,0.0,0.0,medseg_covid,segmentation
33,0.016672275215387344,0.9815948486328125,0.49079742431625645,0.49535597516813584,0.9815948486325129,0.9907119503362717,0.0,0.0,0.02096148133277893,0.98143310546875,0.49071655273377596,0.4953147813869631,0.9814331054675519,0.9906295627739262,0.0,0.0,medseg_covid,segmentation
34,0.01664183847606182,0.9815582275390625,0.4907791137693815,0.4953466488632678,0.981558227538763,0.9906932977265356,0.0,0.0,0.020981335639953615,0.9814453125,0.490722656249401,0.49531789058619063,0.981445312498802,0.9906357811723813,0.0,0.0,medseg_covid,segmentation
35,0.016624436527490617,0.9815826416015625,0.4907913208006315,0.495352866438148,0.981582641601263,0.990705732876296,0.0,0.0,0.020996904373168944,0.98143310546875,0.49071655273377596,0.4953147813869631,0.9814331054675519,0.9906295627739262,0.0,0.0,medseg_covid,segmentation
36,0.01664368398487568,0.9815093994140625,0.49075469970688146,0.4953342132538691,0.9815093994137629,0.9906684265077382,0.0,0.0,0.02104003131389618,0.98143310546875,0.49071655273377596,0.4953147813869631,0.9814331054675519,0.9906295627739262,0.0,0.0,medseg_covid,segmentation
37,0.016609251126646997,0.9815826416015625,0.4907913208006315,0.495352866438148,0.981582641601263,0.990705732876296,0.0,0.0,0.021008339524269105,0.98143310546875,0.49071655273377596,0.4953147813869631,0.9814331054675519,0.9906295627739262,0.0,0.0,medseg_covid,segmentation
38,0.016539741680026053,0.9816009521484375,0.49080047607406896,0.49535752951876694,0.9816009521481379,0.9907150590375339,0.0,0.0,0.021055372059345247,0.9814453125,0.490722656249401,0.49531789058619063,0.981445312498802,0.9906357811723813,0.0,0.0,medseg_covid,segmentation
39,0.016567135602235793,0.9816131591796875,0.490806579589694,0.4953606381913041,0.981613159179388,0.9907212763826082,0.0,0.0,0.02108106166124344,0.9814453125,0.490722656249401,0.49531789058619063,0.981445312498802,0.9906357811723813,0.0,0.0,medseg_covid,segmentation
40,0.01659354381263256,0.9816131591796875,0.490806579589694,0.4953606381913041,0.981613159179388,0.9907212763826082,0.0,0.0,0.021139037609100342,0.9814453125,0.490722656249401,0.49531789058619063,0.981445312498802,0.9906357811723813,0.0,0.0,medseg_covid,segmentation
41,0.01654895581305027,0.9816192626953125,0.4908096313475065,0.49536219251321034,0.981619262695013,0.9907243850264207,0.0,0.0,0.021196705102920533,0.9814453125,0.490722656249401,0.49531789058619063,0.981445312498802,0.9906357811723813,0.0,0.0,medseg_covid,segmentation
42,0.016549549996852875,0.9816436767578125,0.4908218383787565,0.49536840970508816,0.981643676757513,0.9907368194101763,0.0,0.0,0.02115284949541092,0.9814453125,0.490722656249401,0.49531789058619063,0.981445312498802,0.9906357811723813,0.0,0.0,medseg_covid,segmentation
43,0.016540681943297386,0.9815643310546875,0.49078216552719395,0.49534820327135115,0.9815643310543879,0.9906964065427023,0.0,0.0,0.02114846110343933,0.9814453125,0.490722656249401,0.49531789058619063,0.981445312498802,0.9906357811723813,0.0,0.0,medseg_covid,segmentation
44,0.01653640381991863,0.9816009521484375,0.49080047607406896,0.49535752951876694,0.9816009521481379,0.9907150590375339,0.0,0.0,0.02120412290096283,0.9814453125,0.490722656249401,0.49531789058619063,0.981445312498802,0.9906357811723813,0.0,0.0,medseg_covid,segmentation
45,0.016495203599333763,0.9816009521484375,0.49080047607406896,0.49535752951876694,0.9816009521481379,0.9907150590375339,0.0,0.0,0.021227830648422243,0.9814453125,0.490722656249401,0.49531789058619063,0.981445312498802,0.9906357811723813,0.0,0.0,medseg_covid,segmentation
46,0.016495028883218764,0.98157958984375,0.4907897949217252,0.4953520892496665,0.9815795898434504,0.990704178499333,0.0,0.0,0.021245691180229186,0.9814453125,0.490722656249401,0.49531789058619063,0.981445312498802,0.9906357811723813,0.0,0.0,medseg_covid,segmentation
47,0.01646164357662201,0.9815704345703125,0.49078521728500646,0.49534975766985895,0.9815704345700129,0.9906995153397179,0.0,0.0,0.021251492202281952,0.9814453125,0.490722656249401,0.49531789058619063,0.981445312498802,0.9906357811723813,0.0,0.0,medseg_covid,segmentation
48,0.016504625976085662,0.98154296875,0.49077148437485024,0.4953427628011656,0.9815429687497005,0.9906855256023313,0.0,0.0,0.021261033415794373,0.9814453125,0.490722656249401,0.49531789058619063,0.981445312498802,0.9906357811723813,0.0,0.0,medseg_covid,segmentation
49,0.016483498737215996,0.9815765380859375,0.49078826904281897,0.4953513120587912,0.9815765380856379,0.9907026241175824,0.0,0.0,0.021253708004951476,0.9814453125,0.490722656249401,0.49531789058619063,0.981445312498802,0.9906357811723813,0.0,0.0,medseg_covid,segmentation
50,0.016497836634516715,0.981597900390625,0.49079895019516273,0.49535675234464827,0.9815979003903255,0.9907135046892965,0.0,0.0,0.021336126327514648,0.9814453125,0.490722656249401,0.49531789058619063,0.981445312498802,0.9906357811723813,0.0,0.0,medseg_covid,segmentation
51,0.01649524234235287,0.981585693359375,0.4907928466795377,0.4953536436242357,0.9815856933590754,0.9907072872484713,0.0,0.0,0.021312686800956725,0.9814453125,0.490722656249401,0.49531789058619063,0.981445312498802,0.9906357811723813,0.0,0.0,medseg_covid,segmentation
52,0.016478393226861954,0.981646728515625,0.4908233642576627,0.4953691868433015,0.9816467285153254,0.990738373686603,0.0,0.0,0.021312656998634338,0.9814453125,0.490722656249401,0.49531789058619063,0.981445312498802,0.9906357811723813,0.0,0.0,medseg_covid,segmentation
53,0.01650930494070053,0.9816436767578125,0.4908218383787565,0.49536840970508816,0.981643676757513,0.9907368194101763,0.0,0.0,0.021289058029651642,0.9814453125,0.490722656249401,0.49531789058619063,0.981445312498802,0.9906357811723813,0.0,0.0,medseg_covid,segmentation
54,0.016529491171240807,0.981640625,0.4908203124998502,0.4953676325644812,0.9816406249997004,0.9907352651289624,0.0,0.0,0.021368387341499328,0.9814453125,0.490722656249401,0.49531789058619063,0.981445312498802,0.9906357811723813,0.0,0.0,medseg_covid,segmentation
55,0.016514182090759277,0.981591796875,0.4907958984373502,0.49535519798922956,0.9815917968747004,0.9907103959784591,0.0,0.0,0.021482591331005097,0.9814453125,0.490722656249401,0.49531789058619063,0.981445312498802,0.9906357811723813,0.0,0.0,medseg_covid,segmentation
56,0.01649232916533947,0.9816253662109375,0.49081268310531895,0.49536374682554174,0.9816253662106379,0.9907274936510835,0.0,0.0,0.021496546268463135,0.9814453125,0.490722656249401,0.49531789058619063,0.981445312498802,0.9906357811723813,0.0,0.0,medseg_covid,segmentation
57,0.01648029834032059,0.9816009521484375,0.49080047607406896,0.49535752951876694,0.9816009521481379,0.9907150590375339,0.0,0.0,0.02153061032295227,0.9814453125,0.490722656249401,0.49531789058619063,0.981445312498802,0.9906357811723813,0.0,0.0,medseg_covid,segmentation
58,0.01646579019725323,0.9815704345703125,0.49078521728500646,0.49534975766985895,0.9815704345700129,0.9906995153397179,0.0,0.0,0.02161976546049118,0.9814208984375,0.490710449218151,0.4953116721494256,0.981420898436302,0.9906233442988512,0.0,0.0,medseg_covid,segmentation
59,0.016435866057872773,0.9816192626953125,0.4909755503573371,0.4956940039966286,0.9816191505072108,0.9907243278870794,0.0003319502074633701,0.0006636801061778052,0.021595287322998046,0.98143310546875,0.49071655273377596,0.4953147813869631,0.9814331054675519,0.9906295627739262,0.0,0.0,medseg_covid,segmentation
60,0.016474464535713197,0.9816162109375,0.4908081054686002,0.49536141535345407,0.9816162109372004,0.9907228307069081,0.0,0.0,0.02158115804195404,0.9814453125,0.490722656249401,0.49531789058619063,0.981445312498802,0.9906357811723813,0.0,0.0,medseg_covid,segmentation
61,0.016469201445579527,0.9816192626953125,0.4908096313475065,0.49536219251321034,0.981619262695013,0.9907243850264207,0.0,0.0,0.021601164340972902,0.98143310546875,0.49071655273377596,0.4953147813869631,0.9814331054675519,0.9906295627739262,0.0,0.0,medseg_covid,segmentation
62,0.016471784189343454,0.9815765380859375,0.49078826904281897,0.4953513120587912,0.9815765380856379,0.9907026241175824,0.0,0.0,0.02164696455001831,0.98143310546875,0.49071655273377596,0.4953147813869631,0.9814331054675519,0.9906295627739262,0.0,0.0,medseg_covid,segmentation
63,0.01650537960231304,0.981585693359375,0.4908756686228736,0.4955193019437493,0.9815856371628998,0.9907072586257414,0.00016570008284729577,0.0003313452617572673,0.02166224867105484,0.9814208984375,0.490710449218151,0.4953116721494256,0.981420898436302,0.9906233442988512,0.0,0.0,medseg_covid,segmentation
64,0.016478193923830986,0.98162841796875,0.4911461021636979,0.49602803687403685,0.9816281937032368,0.9907289337348243,0.000664010624158964,0.0013271400132493839,0.021673253178596495,0.9814208984375,0.490710449218151,0.4953116721494256,0.981420898436302,0.9906233442988512,0.0,0.0,medseg_covid,segmentation
65,0.016459210216999053,0.9816131591796875,0.490806579589694,0.4953606381913041,0.981613159179388,0.9907212763826082,0.0,0.0,0.021731272339820862,0.9814208984375,0.490710449218151,0.4953116721494256,0.981420898436302,0.9906233442988512,0.0,0.0,medseg_covid,segmentation
66,0.016478393971920014,0.9816375732421875,0.49081878662094397,0.49536685542148057,0.9816375732418879,0.9907337108429611,0.0,0.0,0.021800439059734344,0.9814208984375,0.490710449218151,0.4953116721494256,0.981420898436302,0.9906233442988512,0.0,0.0,medseg_covid,segmentation
67,0.016461551189422607,0.9816070556640625,0.49080352783188147,0.495359083859823,0.9816070556637629,0.990718167719646,0.0,0.0,0.02179579734802246,0.9814208984375,0.490710449218151,0.4953116721494256,0.981420898436302,0.9906233442988512,0.0,0.0,medseg_covid,segmentation
68,0.016451396048069,0.9815948486328125,0.49079742431625645,0.49535597516813584,0.9815948486325129,0.9907119503362717,0.0,0.0,0.021833202242851256,0.9814208984375,0.490710449218151,0.4953116721494256,0.981420898436302,0.9906233442988512,0.0,0.0,medseg_covid,segmentation
69,0.016486331075429916,0.98160400390625,0.49080200195297524,0.49535830669049186,0.9816040039059505,0.9907166133809837,0.0,0.0,0.021834610402584075,0.9814208984375,0.490710449218151,0.4953116721494256,0.981420898436302,0.9906233442988512,0.0,0.0,medseg_covid,segmentation
70,0.016483552753925323,0.981591796875,0.4907958984373502,0.49535519798922956,0.9815917968747004,0.9907103959784591,0.0,0.0,0.021822398900985716,0.9814208984375,0.490710449218151,0.4953116721494256,0.981420898436302,0.9906233442988512,0.0,0.0,medseg_covid,segmentation
71,0.01646963842213154,0.9816070556640625,0.49080352783188147,0.495359083859823,0.9816070556637629,0.990718167719646,0.0,0.0,0.021828043460845947,0.9814208984375,0.490710449218151,0.4953116721494256,0.981420898436302,0.9906233442988512,0.0,0.0,medseg_covid,segmentation
72,0.016521573066711426,0.9816162109375,0.490973996925954,0.49569317178226435,0.9816160987307718,0.9907227735579041,0.0003318951211362115,0.0006635700066246919,0.02188223898410797,0.98140869140625,0.49070434570252597,0.49530856287357744,0.9814086914050519,0.9906171257471549,0.0,0.0,medseg_covid,segmentation
73,0.016488515958189964,0.9816131591796875,0.490806579589694,0.4953606381913041,0.981613159179388,0.9907212763826082,0.0,0.0,0.021870122849941255,0.98140869140625,0.49070434570252597,0.49530856287357744,0.9814086914050519,0.9906171257471549,0.0,0.0,medseg_covid,segmentation
74,0.01646348536014557,0.981549072265625,0.49077453613266275,0.49534431723318834,0.9815490722653255,0.9906886344663767,0.0,0.0,0.02185502052307129,0.9814208984375,0.490710449218151,0.4953116721494256,0.981420898436302,0.9906233442988512,0.0,0.0,medseg_covid,segmentation
75,0.01646282821893692,0.9816375732421875,0.49081878662094397,0.49536685542148057,0.9816375732418879,0.9907337108429611,0.0,0.0,0.021841493248939515,0.9814208984375,0.490710449218151,0.4953116721494256,0.981420898436302,0.9906233442988512,0.0,0.0,medseg_covid,segmentation
76,0.016484269127249717,0.9815643310546875,0.4908648914514571,0.49551366966456795,0.9815642747930196,0.9906963778861495,0.00016550810989464569,0.0003309614429864147,0.02192292958498001,0.98140869140625,0.49070434570252597,0.49530856287357744,0.9814086914050519,0.9906171257471549,0.0,0.0,medseg_covid,segmentation
77,0.016464122757315635,0.9815826416015625,0.4907913208006315,0.495352866438148,0.981582641601263,0.990705732876296,0.0,0.0,0.02196214497089386,0.98140869140625,0.49070434570252597,0.49530856287357744,0.9814086914050519,0.9906171257471549,0.0,0.0,medseg_covid,segmentation
78,0.016476014256477357,0.9816162109375,0.4908081054686002,0.49536141535345407,0.9816162109372004,0.9907228307069081,0.0,0.0,0.021967938542366026,0.9814208984375,0.490710449218151,0.4953116721494256,0.981420898436302,0.9906233442988512,0.0,0.0,medseg_covid,segmentation
79,0.016439037397503853,0.9815765380859375,0.49078826904281897,0.4953513120587912,0.9815765380856379,0.9907026241175824,0.0,0.0,0.022000983357429504,0.9814208984375,0.490710449218151,0.4953116721494256,0.981420898436302,0.9906233442988512,0.0,0.0,medseg_covid,segmentation
80,0.016422585025429724,0.9816162109375,0.4908081054686002,0.49536141535345407,0.9816162109372004,0.9907228307069081,0.0,0.0,0.021958544850349426,0.9814208984375,0.490710449218151,0.4953116721494256,0.981420898436302,0.9906233442988512,0.0,0.0,medseg_covid,segmentation
81,0.01647094152867794,0.9815948486328125,0.49079742431625645,0.49535597516813584,0.9815948486325129,0.9907119503362717,0.0,0.0,0.02196272313594818,0.9814208984375,0.490710449218151,0.4953116721494256,0.981420898436302,0.9906233442988512,0.0,0.0,medseg_covid,segmentation
82,0.01646624952554703,0.981573486328125,0.49078674316391274,0.495350534865522,0.9815734863278255,0.990701069731044,0.0,0.0,0.021974697709083557,0.9814208984375,0.490710449218151,0.4953116721494256,0.981420898436302,0.9906233442988512,0.0,0.0,medseg_covid,segmentation
83,0.016444603353738783,0.98155517578125,0.4907775878904752,0.49534587165563526,0.9815551757809504,0.9906917433112705,0.0,0.0,0.02201140522956848,0.98143310546875,0.49071655273377596,0.4953147813869631,0.9814331054675519,0.9906295627739262,0.0,0.0,medseg_covid,segmentation
84,0.016440101340413092,0.981591796875,0.4907958984373502,0.49535519798922956,0.9815917968747004,0.9907103959784591,0.0,0.0,0.022038143873214722,0.98143310546875,0.49071655273377596,0.4953147813869631,0.9814331054675519,0.9906295627739262,0.0,0.0,medseg_covid,segmentation
85,0.016524095088243484,0.981585693359375,0.4907928466795377,0.4953536436242357,0.9815856933590754,0.9907072872484713,0.0,0.0,0.022047200798988344,0.98143310546875,0.49071655273377596,0.4953147813869631,0.9814331054675519,0.9906295627739262,0.0,0.0,medseg_covid,segmentation
86,0.016473779827356337,0.9816131591796875,0.490806579589694,0.4953606381913041,0.981613159179388,0.9907212763826082,0.0,0.0,0.022039130330085754,0.98143310546875,0.49071655273377596,0.4953147813869631,0.9814331054675519,0.9906295627739262,0.0,0.0,medseg_covid,segmentation
87,0.016493427380919457,0.98157958984375,0.4907897949217252,0.4953520892496665,0.9815795898434504,0.990704178499333,0.0,0.0,0.02205432951450348,0.98140869140625,0.49070434570252597,0.49530856287357744,0.9814086914050519,0.9906171257471549,0.0,0.0,medseg_covid,segmentation
88,0.016512790322303773,0.9815826416015625,0.4907913208006315,0.495352866438148,0.981582641601263,0.990705732876296,0.0,0.0,0.02211066782474518,0.98140869140625,0.49070434570252597,0.49530856287357744,0.9814086914050519,0.9906171257471549,0.0,0.0,medseg_covid,segmentation
89,0.01647571325302124,0.9815765380859375,0.49078826904281897,0.4953513120587912,0.9815765380856379,0.9907026241175824,0.0,0.0,0.022149054706096648,0.9814208984375,0.490710449218151,0.4953116721494256,0.981420898436302,0.9906233442988512,0.0,0.0,medseg_covid,segmentation
90,0.01651216149330139,0.9815765380859375,0.49078826904281897,0.4953513120587912,0.9815765380856379,0.9907026241175824,0.0,0.0,0.02212325483560562,0.98140869140625,0.49070434570252597,0.49530856287357744,0.9814086914050519,0.9906171257471549,0.0,0.0,medseg_covid,segmentation
91,0.01649666279554367,0.9815826416015625,0.4907913208006315,0.495352866438148,0.981582641601263,0.990705732876296,0.0,0.0,0.02217502295970917,0.9814208984375,0.490710449218151,0.4953116721494256,0.981420898436302,0.9906233442988512,0.0,0.0,medseg_covid,segmentation
92,0.016478891670703887,0.981585693359375,0.4907928466795377,0.4953536436242357,0.9815856933590754,0.9907072872484713,0.0,0.0,0.022201403975486755,0.98143310546875,0.49071655273377596,0.4953147813869631,0.9814331054675519,0.9906295627739262,0.0,0.0,medseg_covid,segmentation
93,0.01647888645529747,0.9815643310546875,0.49078216552719395,0.49534820327135115,0.9815643310543879,0.9906964065427023,0.0,0.0,0.02217046022415161,0.98143310546875,0.49071655273377596,0.4953147813869631,0.9814331054675519,0.9906295627739262,0.0,0.0,medseg_covid,segmentation
94,0.01648423634469509,0.9815155029296875,0.49075775146469397,0.49533576773856036,0.9815155029293879,0.9906715354771207,0.0,0.0,0.02218863070011139,0.98143310546875,0.49071655273377596,0.4953147813869631,0.9814331054675519,0.9906295627739262,0.0,0.0,medseg_covid,segmentation
95,0.016449545696377754,0.9816131591796875,0.490806579589694,0.4953606381913041,0.981613159179388,0.9907212763826082,0.0,0.0,0.022204014658927917,0.98143310546875,0.49071655273377596,0.4953147813869631,0.9814331054675519,0.9906295627739262,0.0,0.0,medseg_covid,segmentation
96,0.016500072181224824,0.9815521240234375,0.490776062011569,0.49534509444560876,0.981552124023138,0.9906901888912175,0.0,0.0,0.02220593988895416,0.98143310546875,0.49071655273377596,0.4953147813869631,0.9814331054675519,0.9906295627739262,0.0,0.0,medseg_covid,segmentation
97,0.016487973183393477,0.98160400390625,0.49080200195297524,0.49535830669049186,0.9816040039059505,0.9907166133809837,0.0,0.0,0.022243770956993102,0.98143310546875,0.49071655273377596,0.4953147813869631,0.9814331054675519,0.9906295627739262,0.0,0.0,medseg_covid,segmentation
98,0.01648975983262062,0.981573486328125,0.49078674316391274,0.495350534865522,0.9815734863278255,0.990701069731044,0.0,0.0,0.022221884131431578,0.98143310546875,0.49071655273377596,0.4953147813869631,0.9814331054675519,0.9906295627739262,0.0,0.0,medseg_covid,segmentation
99,0.016441094130277632,0.981597900390625,0.4908818271065805,0.4955225205363126,0.9815978442314028,0.9907134760858933,0.00016580998175815272,0.00033156498673190377,0.02221599817276001,0.98143310546875,0.49071655273377596,0.4953147813869631,0.9814331054675519,0.9906295627739262,0.0,0.0,medseg_covid,segmentation
100,0.016482881829142572,0.981591796875,0.4907958984373502,0.49535519798922956,0.9815917968747004,0.9907103959784591,0.0,0.0,0.022206774353981017,0.98143310546875,0.49071655273377596,0.4953147813869631,0.9814331054675519,0.9906295627739262,0.0,0.0,medseg_covid,segmentation
101,0.016466003283858298,0.981591796875,0.4907958984373502,0.49535519798922956,0.9815917968747004,0.9907103959784591,0.0,0.0,0.022261087596416474,0.98143310546875,0.49071655273377596,0.4953147813869631,0.9814331054675519,0.9906295627739262,0.0,0.0,medseg_covid,segmentation
102,0.016476543992757796,0.981640625,0.4908203124998502,0.4953676325644812,0.9816406249997004,0.9907352651289624,0.0,0.0,0.02224855273962021,0.9814453125,0.490722656249401,0.49531789058619063,0.981445312498802,0.9906357811723813,0.0,0.0,medseg_covid,segmentation
103,0.01649541184306145,0.9815948486328125,0.4911287121444508,0.4960182792692254,0.9815946239575124,0.9907118359022747,0.0006628003313891831,0.00132472263617611,0.022259734570980072,0.9814453125,0.490722656249401,0.49531789058619063,0.981445312498802,0.9906357811723813,0.0,0.0,medseg_covid,segmentation
104,0.01648060567677021,0.98155517578125,0.4907775878904752,0.49534587165563526,0.9815551757809504,0.9906917433112705,0.0,0.0,0.022267919778823853,0.9814453125,0.490722656249401,0.49531789058619063,0.981445312498802,0.9906357811723813,0.0,0.0,medseg_covid,segmentation
105,0.01648477613925934,0.9816162109375,0.4908081054686002,0.49536141535345407,0.9816162109372004,0.9907228307069081,0.0,0.0,0.022314369678497314,0.9814453125,0.490722656249401,0.49531789058619063,0.981445312498802,0.9906357811723813,0.0,0.0,medseg_covid,segmentation
106,0.016490355879068375,0.9816131591796875,0.490806579589694,0.4953606381913041,0.981613159179388,0.9907212763826082,0.0,0.0,0.02228727787733078,0.9814453125,0.490722656249401,0.49531789058619063,0.981445312498802,0.9906357811723813,0.0,0.0,medseg_covid,segmentation
107,0.01645202897489071,0.9816009521484375,0.49080047607406896,0.49535752951876694,0.9816009521481379,0.9907150590375339,0.0,0.0,0.022300727665424347,0.9814453125,0.490722656249401,0.49531789058619063,0.981445312498802,0.9906357811723813,0.0,0.0,medseg_covid,segmentation
108,0.016462833806872367,0.981585693359375,0.4907928466795377,0.4953536436242357,0.9815856933590754,0.9907072872484713,0.0,0.0,0.02237606942653656,0.9814453125,0.490722656249401,0.49531789058619063,0.981445312498802,0.9906357811723813,0.0,0.0,medseg_covid,segmentation
109,0.016430481895804407,0.9815673828125,0.49078369140610023,0.495348980471802,0.9815673828122005,0.990697960943604,0.0,0.0,0.022356753051280976,0.9814453125,0.490722656249401,0.49531789058619063,0.981445312498802,0.9906357811723813,0.0,0.0,medseg_covid,segmentation
110,0.016428564861416816,0.9815582275390625,0.4907791137693815,0.4953466488632678,0.981558227538763,0.9906932977265356,0.0,0.0,0.022395679354667665,0.9814453125,0.490722656249401,0.49531789058619063,0.981445312498802,0.9906357811723813,0.0,0.0,medseg_covid,segmentation
111,0.016415522247552872,0.9816162109375,0.4908081054686002,0.49536141535345407,0.9816162109372004,0.9907228307069081,0.0,0.0,0.022393183410167695,0.9814453125,0.490722656249401,0.49531789058619063,0.981445312498802,0.9906357811723813,0.0,0.0,medseg_covid,segmentation
112,0.016467635706067085,0.9816253662109375,0.49081268310531895,0.49536374682554174,0.9816253662106379,0.9907274936510835,0.0,0.0,0.022334708273410796,0.9814453125,0.490722656249401,0.49531789058619063,0.981445312498802,0.9906357811723813,0.0,0.0,medseg_covid,segmentation
113,0.01651664562523365,0.98157958984375,0.4907897949217252,0.4953520892496665,0.9815795898434504,0.990704178499333,0.0,0.0,0.02229618579149246,0.9814453125,0.490722656249401,0.49531789058619063,0.981445312498802,0.9906357811723813,0.0,0.0,medseg_covid,segmentation
114,0.016535862907767297,0.9815765380859375,0.49087104980787155,0.49551688806970057,0.9815764818615226,0.9907025954803571,0.00016561775422050981,0.0003311806590440275,0.022312259674072264,0.9814453125,0.490722656249401,0.49531789058619063,0.981445312498802,0.9906357811723813,0.0,0.0,medseg_covid,segmentation
115,0.016505971923470496,0.9816162109375,0.4908081054686002,0.49536141535345407,0.9816162109372004,0.9907228307069081,0.0,0.0,0.02228809744119644,0.9814453125,0.490722656249401,0.49531789058619063,0.981445312498802,0.9906357811723813,0.0,0.0,medseg_covid,segmentation
116,0.016457723453640938,0.981573486328125,0.49078674316391274,0.495350534865522,0.9815734863278255,0.990701069731044,0.0,0.0,0.02233557403087616,0.9814453125,0.490722656249401,0.49531789058619063,0.981445312498802,0.9906357811723813,0.0,0.0,medseg_covid,segmentation
117,0.01647685244679451,0.9816070556640625,0.49080352783188147,0.495359083859823,0.9816070556637629,0.990718167719646,0.0,0.0,0.022342123091220856,0.9814453125,0.490722656249401,0.49531789058619063,0.981445312498802,0.9906357811723813,0.0,0.0,medseg_covid,segmentation
118,0.016476137563586235,0.981585693359375,0.4907928466795377,0.4953536436242357,0.9815856933590754,0.9907072872484713,0.0,0.0,0.022344882786273956,0.9814453125,0.490722656249401,0.49531789058619063,0.981445312498802,0.9906357811723813,0.0,0.0,medseg_covid,segmentation
119,0.016448312252759934,0.98160400390625,0.49080200195297524,0.49535830669049186,0.9816040039059505,0.9907166133809837,0.0,0.0,0.02237267643213272,0.9814453125,0.490722656249401,0.49531789058619063,0.981445312498802,0.9906357811723813,0.0,0.0,medseg_covid,segmentation
120,0.01651434525847435,0.9816162109375,0.4908081054686002,0.49536141535345407,0.9816162109372004,0.9907228307069081,0.0,0.0,0.0223446249961853,0.9814453125,0.490722656249401,0.49531789058619063,0.981445312498802,0.9906357811723813,0.0,0.0,medseg_covid,segmentation
121,0.016494119167327882,0.981610107421875,0.4908050537107877,0.49535986102676044,0.9816101074215754,0.9907197220535209,0.0,0.0,0.02231454998254776,0.9814453125,0.490722656249401,0.49531789058619063,0.981445312498802,0.9906357811723813,0.0,0.0,medseg_covid,segmentation
122,0.016461657360196114,0.9815826416015625,0.4907913208006315,0.495352866438148,0.981582641601263,0.990705732876296,0.0,0.0,0.022356444597244264,0.9814453125,0.490722656249401,0.49531789058619063,0.981445312498802,0.9906357811723813,0.0,0.0,medseg_covid,segmentation
123,0.016473695263266565,0.981597900390625,0.49079895019516273,0.49535675234464827,0.9815979003903255,0.9907135046892965,0.0,0.0,0.022322948276996612,0.9814453125,0.490722656249401,0.49531789058619063,0.981445312498802,0.9906357811723813,0.0,0.0,medseg_covid,segmentation
124,0.01650036945939064,0.9816131591796875,0.490806579589694,0.4953606381913041,0.981613159179388,0.9907212763826082,0.0,0.0,0.02236270308494568,0.9814453125,0.490722656249401,0.49531789058619063,0.981445312498802,0.9906357811723813,0.0,0.0,medseg_covid,segmentation
125,0.01649649292230606,0.9816253662109375,0.49155869941789715,0.4968539312684335,0.9816248615223863,0.9907272366054708,0.001492537313408084,0.0029806259313962472,0.022348490357398988,0.9814453125,0.490722656249401,0.49531789058619063,0.981445312498802,0.9906357811723813,0.0,0.0,medseg_covid,segmentation
126,0.01643894873559475,0.9815673828125,0.49078369140610023,0.495348980471802,0.9815673828122005,0.990697960943604,0.0,0.0,0.02231280654668808,0.9814453125,0.490722656249401,0.49531789058619063,0.981445312498802,0.9906357811723813,0.0,0.0,medseg_covid,segmentation
127,0.01648523285984993,0.9815032958984375,0.490751647949069,0.4953326587596015,0.981503295898138,0.990665317519203,0.0,0.0,0.02229844480752945,0.9814453125,0.490722656249401,0.49531789058619063,0.981445312498802,0.9906357811723813,0.0,0.0,medseg_covid,segmentation
128,0.01643291786313057,0.981585693359375,0.4907928466795377,0.4953536436242357,0.9815856933590754,0.9907072872484713,0.0,0.0,0.022310245037078857,0.9814453125,0.490722656249401,0.49531789058619063,0.981445312498802,0.9906357811723813,0.0,0.0,medseg_covid,segmentation
129,0.01645362712442875,0.98160400390625,0.49080200195297524,0.49535830669049186,0.9816040039059505,0.9907166133809837,0.0,0.0,0.022292956709861755,0.9814453125,0.490722656249401,0.49531789058619063,0.981445312498802,0.9906357811723813,0.0,0.0,medseg_covid,segmentation
130,0.016458268463611602,0.98157958984375,0.4907897949217252,0.4953520892496665,0.9815795898434504,0.990704178499333,0.0,0.0,0.022332751750946046,0.9814453125,0.490722656249401,0.49531789058619063,0.981445312498802,0.9906357811723813,0.0,0.0,medseg_covid,segmentation
131,0.016465196013450624,0.9815826416015625,0.4907913208006315,0.495352866438148,0.981582641601263,0.990705732876296,0.0,0.0,0.022322367131710052,0.9814453125,0.490722656249401,0.49531789058619063,0.981445312498802,0.9906357811723813,0.0,0.0,medseg_covid,segmentation
132,0.01649332419037819,0.9816314697265625,0.490898763313297,0.4955313722210462,0.9816314136697861,0.9907305737063398,0.0001661129568078719,0.00033217073575266286,0.0222890704870224,0.9814453125,0.490722656249401,0.49531789058619063,0.981445312498802,0.9906357811723813,0.0,0.0,medseg_covid,segmentation
133,0.01648397259414196,0.9816070556640625,0.49080352783188147,0.495359083859823,0.9816070556637629,0.990718167719646,0.0,0.0,0.02231656014919281,0.9814453125,0.490722656249401,0.49531789058619063,0.981445312498802,0.9906357811723813,0.0,0.0,medseg_covid,segmentation
134,0.016463363915681838,0.98160400390625,0.49080200195297524,0.49535830669049186,0.9816040039059505,0.9907166133809837,0.0,0.0,0.022291767597198486,0.9814453125,0.490722656249401,0.49531789058619063,0.981445312498802,0.9906357811723813,0.0,0.0,medseg_covid,segmentation
135,0.016467517614364623,0.98154296875,0.49077148437485024,0.4953427628011656,0.9815429687497005,0.9906855256023313,0.0,0.0,0.02233758270740509,0.9814453125,0.490722656249401,0.49531789058619063,0.981445312498802,0.9906357811723813,0.0,0.0,medseg_covid,segmentation
136,0.016484686732292177,0.981585693359375,0.4907928466795377,0.4953536436242357,0.9815856933590754,0.9907072872484713,0.0,0.0,0.022407405078411102,0.9814453125,0.490722656249401,0.49531789058619063,0.981445312498802,0.9906357811723813,0.0,0.0,medseg_covid,segmentation
137,0.01650361008942127,0.9816131591796875,0.490806579589694,0.4953606381913041,0.981613159179388,0.9907212763826082,0.0,0.0,0.022400727868080138,0.9814453125,0.490722656249401,0.49531789058619063,0.981445312498802,0.9906357811723813,0.0,0.0,medseg_covid,segmentation
138,0.016450367867946625,0.98154296875,0.49077148437485024,0.4953427628011656,0.9815429687497005,0.9906855256023313,0.0,0.0,0.02247031033039093,0.9814453125,0.490722656249401,0.49531789058619063,0.981445312498802,0.9906357811723813,0.0,0.0,medseg_covid,segmentation
139,0.01648293510079384,0.9816375732421875,0.49081878662094397,0.49536685542148057,0.9816375732418879,0.9907337108429611,0.0,0.0,0.02251531034708023,0.9814453125,0.490722656249401,0.49531789058619063,0.981445312498802,0.9906357811723813,0.0,0.0,medseg_covid,segmentation
140,0.016491500288248064,0.9815948486328125,0.49096312316193563,0.49568734672550746,0.9815947362956984,0.9907118931196257,0.00033151002817285747,0.0006628003313891831,0.02248799353837967,0.9814453125,0.490722656249401,0.49531789058619063,0.981445312498802,0.9906357811723813,0.0,0.0,medseg_covid,segmentation
141,0.016439054906368256,0.98157958984375,0.4907897949217252,0.4953520892496665,0.9815795898434504,0.990704178499333,0.0,0.0,0.02251766324043274,0.9814453125,0.490722656249401,0.49531789058619063,0.981445312498802,0.9906357811723813,0.0,0.0,medseg_covid,segmentation
142,0.01646314188838005,0.9816131591796875,0.490806579589694,0.4953606381913041,0.981613159179388,0.9907212763826082,0.0,0.0,0.02247784733772278,0.9814453125,0.490722656249401,0.49531789058619063,0.981445312498802,0.9906357811723813,0.0,0.0,medseg_covid,segmentation
143,0.016459339857101442,0.9816009521484375,0.49080047607406896,0.49535752951876694,0.9816009521481379,0.9907150590375339,0.0,0.0,0.022475902736186982,0.9814453125,0.490722656249401,0.49531789058619063,0.981445312498802,0.9906357811723813,0.0,0.0,medseg_covid,segmentation
144,0.016500398516654968,0.9815704345703125,0.49078521728500646,0.49534975766985895,0.9815704345700129,0.9906995153397179,0.0,0.0,0.022435092926025392,0.9814453125,0.490722656249401,0.49531789058619063,0.981445312498802,0.9906357811723813,0.0,0.0,medseg_covid,segmentation
145,0.016455354541540144,0.981549072265625,0.49077453613266275,0.49534431723318834,0.9815490722653255,0.9906886344663767,0.0,0.0,0.02246507704257965,0.9814453125,0.490722656249401,0.49531789058619063,0.981445312498802,0.9906357811723813,0.0,0.0,medseg_covid,segmentation
146,0.01643177978694439,0.98153076171875,0.4907653808592252,0.4953396539083924,0.9815307617184504,0.9906793078167848,0.0,0.0,0.022485184669494628,0.9814453125,0.490722656249401,0.49531789058619063,0.981445312498802,0.9906357811723813,0.0,0.0,medseg_covid,segmentation
147,0.016483690589666367,0.9815826416015625,0.4907913208006315,0.495352866438148,0.981582641601263,0.990705732876296,0.0,0.0,0.022459544241428375,0.9814453125,0.490722656249401,0.49531789058619063,0.981445312498802,0.9906357811723813,0.0,0.0,medseg_covid,segmentation
148,0.016469259560108186,0.9815948486328125,0.49079742431625645,0.49535597516813584,0.9815948486325129,0.9907119503362717,0.0,0.0,0.022429540753364563,0.9814453125,0.490722656249401,0.49531789058619063,0.981445312498802,0.9906357811723813,0.0,0.0,medseg_covid,segmentation
149,0.01650339551270008,0.9816253662109375,0.49081268310531895,0.49536374682554174,0.9816253662106379,0.9907274936510835,0.0,0.0,0.02241910994052887,0.9814453125,0.490722656249401,0.49531789058619063,0.981445312498802,0.9906357811723813,0.0,0.0,medseg_covid,segmentation
150,0.016474561765789986,0.9815765380859375,0.49078826904281897,0.4953513120587912,0.9815765380856379,0.9907026241175824,0.0,0.0,0.022440730035305022,0.9814453125,0.490722656249401,0.49531789058619063,0.981445312498802,0.9906357811723813,0.0,0.0,medseg_covid,segmentation
151,0.016457582637667657,0.9816253662109375,0.49081268310531895,0.49536374682554174,0.9816253662106379,0.9907274936510835,0.0,0.0,0.022387588024139406,0.9814453125,0.490722656249401,0.49531789058619063,0.981445312498802,0.9906357811723813,0.0,0.0,medseg_covid,segmentation
152,0.016507631167769432,0.9814849853515625,0.49074249267563147,0.4953279952193393,0.9814849853512629,0.9906559904386786,0.0,0.0,0.022378893196582796,0.9814453125,0.490722656249401,0.49531789058619063,0.981445312498802,0.9906357811723813,0.0,0.0,medseg_covid,segmentation
153,0.016482625156641006,0.9815826416015625,0.4907913208006315,0.495352866438148,0.981582641601263,0.990705732876296,0.0,0.0,0.022377094626426695,0.9814453125,0.490722656249401,0.49531789058619063,0.981445312498802,0.9906357811723813,0.0,0.0,medseg_covid,segmentation
154,0.0164534542709589,0.98157958984375,0.4907897949217252,0.4953520892496665,0.9815795898434504,0.990704178499333,0.0,0.0,0.02238049656152725,0.9814453125,0.490722656249401,0.49531789058619063,0.981445312498802,0.9906357811723813,0.0,0.0,medseg_covid,segmentation
155,0.01648311987519264,0.981573486328125,0.49078674316391274,0.495350534865522,0.9815734863278255,0.990701069731044,0.0,0.0,0.02240455448627472,0.9814453125,0.490722656249401,0.49531789058619063,0.981445312498802,0.9906357811723813,0.0,0.0,medseg_covid,segmentation
156,0.016481177881360054,0.981561279296875,0.4907806396482877,0.49534742606850646,0.9815612792965754,0.9906948521370129,0.0,0.0,0.02245708405971527,0.9814453125,0.490722656249401,0.49531789058619063,0.981445312498802,0.9906357811723813,0.0,0.0,medseg_covid,segmentation
157,0.016445765644311904,0.9816009521484375,0.49080047607406896,0.49535752951876694,0.9816009521481379,0.9907150590375339,0.0,0.0,0.022435297071933747,0.9814453125,0.490722656249401,0.49531789058619063,0.981445312498802,0.9906357811723813,0.0,0.0,medseg_covid,segmentation
158,0.016497163474559783,0.98157958984375,0.4907897949217252,0.4953520892496665,0.9815795898434504,0.990704178499333,0.0,0.0,0.022422191500663758,0.9814453125,0.490722656249401,0.49531789058619063,0.981445312498802,0.9906357811723813,0.0,0.0,medseg_covid,segmentation
159,0.01648731157183647,0.981597900390625,0.49079895019516273,0.49535675234464827,0.9815979003903255,0.9907135046892965,0.0,0.0,0.022406193614006042,0.9814453125,0.490722656249401,0.49531789058619063,0.981445312498802,0.9906357811723813,0.0,0.0,medseg_covid,segmentation
160,0.01648966297507286,0.981573486328125,0.49078674316391274,0.495350534865522,0.9815734863278255,0.990701069731044,0.0,0.0,0.022442567348480224,0.9814453125,0.490722656249401,0.49531789058619063,0.981445312498802,0.9906357811723813,0.0,0.0,medseg_covid,segmentation
161,0.016490099579095842,0.981585693359375,0.4907928466795377,0.4953536436242357,0.9815856933590754,0.9907072872484713,0.0,0.0,0.02246522158384323,0.9814453125,0.490722656249401,0.49531789058619063,0.981445312498802,0.9906357811723813,0.0,0.0,medseg_covid,segmentation
162,0.016471851989626883,0.981585693359375,0.4908756686228736,0.4955193019437493,0.9815856371628998,0.9907072586257414,0.00016570008284729577,0.0003313452617572673,0.022420701384544373,0.9814453125,0.490722656249401,0.49531789058619063,0.981445312498802,0.9906357811723813,0.0,0.0,medseg_covid,segmentation
163,0.01648428738117218,0.9816131591796875,0.490806579589694,0.4953606381913041,0.981613159179388,0.9907212763826082,0.0,0.0,0.0224555104970932,0.9814453125,0.490722656249401,0.49531789058619063,0.981445312498802,0.9906357811723813,0.0,0.0,medseg_covid,segmentation
164,0.01647418290376663,0.981549072265625,0.49077453613266275,0.49534431723318834,0.9815490722653255,0.9906886344663767,0.0,0.0,0.0224590003490448,0.9814453125,0.490722656249401,0.49531789058619063,0.981445312498802,0.9906357811723813,0.0,0.0,medseg_covid,segmentation
165,0.016491649299860002,0.9815643310546875,0.49078216552719395,0.49534820327135115,0.9815643310543879,0.9906964065427023,0.0,0.0,0.022394581139087676,0.9814453125,0.490722656249401,0.49531789058619063,0.981445312498802,0.9906357811723813,0.0,0.0,medseg_covid,segmentation
166,0.016453903168439865,0.981622314453125,0.4908111572264127,0.4953629696705729,0.9816223144528254,0.9907259393411458,0.0,0.0,0.022422659397125243,0.9814453125,0.490722656249401,0.49531789058619063,0.981445312498802,0.9906357811723813,0.0,0.0,medseg_covid,segmentation
167,0.016453275829553603,0.981591796875,0.4907958984373502,0.49535519798922956,0.9815917968747004,0.9907103959784591,0.0,0.0,0.02242095023393631,0.9814453125,0.490722656249401,0.49531789058619063,0.981445312498802,0.9906357811723813,0.0,0.0,medseg_covid,segmentation
168,0.016470197960734366,0.9816314697265625,0.49081573486313146,0.49536530112829846,0.9816314697262629,0.9907306022565969,0.0,0.0,0.022382843494415283,0.9814453125,0.490722656249401,0.49531789058619063,0.981445312498802,0.9906357811723813,0.0,0.0,medseg_covid,segmentation
169,0.01645011156797409,0.981549072265625,0.49077453613266275,0.49534431723318834,0.9815490722653255,0.9906886344663767,0.0,0.0,0.022412580251693726,0.9814453125,0.490722656249401,0.49531789058619063,0.981445312498802,0.9906357811723813,0.0,0.0,medseg_covid,segmentation
170,0.016457858309149743,0.9815521240234375,0.490776062011569,0.49534509444560876,0.981552124023138,0.9906901888912175,0.0,0.0,0.02243911027908325,0.9814453125,0.490722656249401,0.49531789058619063,0.981445312498802,0.9906357811723813,0.0,0.0,medseg_covid,segmentation
171,0.016442183777689932,0.9816436767578125,0.4908218383787565,0.49536840970508816,0.981643676757513,0.9907368194101763,0.0,0.0,0.022474965453147887,0.9814453125,0.490722656249401,0.49531789058619063,0.981445312498802,0.9906357811723813,0.0,0.0,medseg_covid,segmentation
172,0.016497523337602616,0.9816070556640625,0.490969336686626,0.4956906752343428,0.9816069434014546,0.9907181105416529,0.0003317299717974502,0.0006632399270326109,0.02243405133485794,0.9814453125,0.490722656249401,0.49531789058619063,0.981445312498802,0.9906357811723813,0.0,0.0,medseg_covid,segmentation
173,0.01652185544371605,0.9815673828125,0.49078369140610023,0.495348980471802,0.9815673828122005,0.990697960943604,0.0,0.0,0.02245694100856781,0.9814453125,0.490722656249401,0.49531789058619063,0.981445312498802,0.9906357811723813,0.0,0.0,medseg_covid,segmentation
174,0.01648756004869938,0.9816436767578125,0.49090492207127084,0.49553459121824645,0.9816436207382891,0.9907367908792439,0.00016622340425255614,0.00033239155724892156,0.022502858936786652,0.9814453125,0.490722656249401,0.49531789058619063,0.981445312498802,0.9906357811723813,0.0,0.0,medseg_covid,segmentation
175,0.01643018312752247,0.9816436767578125,0.49090492207127084,0.49553459121824645,0.9816436207382891,0.9907367908792439,0.00016622340425255614,0.00033239155724892156,0.02252918928861618,0.9814453125,0.490722656249401,0.49531789058619063,0.981445312498802,0.9906357811723813,0.0,0.0,medseg_covid,segmentation
176,0.01646979749202728,0.9815582275390625,0.4907791137693815,0.4953466488632678,0.981558227538763,0.9906932977265356,0.0,0.0,0.022540099918842316,0.9814453125,0.490722656249401,0.49531789058619063,0.981445312498802,0.9906357811723813,0.0,0.0,medseg_covid,segmentation
177,0.01647118404507637,0.9816162109375,0.4908081054686002,0.49536141535345407,0.9816162109372004,0.9907228307069081,0.0,0.0,0.02252759486436844,0.9814453125,0.490722656249401,0.49531789058619063,0.981445312498802,0.9906357811723813,0.0,0.0,medseg_covid,segmentation
178,0.01647055670619011,0.981591796875,0.4907958984373502,0.49535519798922956,0.9815917968747004,0.9907103959784591,0.0,0.0,0.022527258098125457,0.9814453125,0.490722656249401,0.49531789058619063,0.981445312498802,0.9906357811723813,0.0,0.0,medseg_covid,segmentation
179,0.016435228288173676,0.9816497802734375,0.49090800147780533,0.4955362007575525,0.9816497242725406,0.9907398994369725,0.0001662786830700652,0.0003325020781324605,0.022515696287155152,0.9814453125,0.490722656249401,0.49531789058619063,0.981445312498802,0.9906357811723813,0.0,0.0,medseg_covid,segmentation
180,0.01645069383084774,0.9815582275390625,0.4907791137693815,0.4953466488632678,0.981558227538763,0.9906932977265356,0.0,0.0,0.022460465133190156,0.9814453125,0.490722656249401,0.49531789058619063,0.981445312498802,0.9906357811723813,0.0,0.0,medseg_covid,segmentation
181,0.016462081298232078,0.9816070556640625,0.49080352783188147,0.495359083859823,0.9816070556637629,0.990718167719646,0.0,0.0,0.02246783971786499,0.9814453125,0.490722656249401,0.49531789058619063,0.981445312498802,0.9906357811723813,0.0,0.0,medseg_covid,segmentation
182,0.0164468877017498,0.9816192626953125,0.4908096313475065,0.49536219251321034,0.981619262695013,0.9907243850264207,0.0,0.0,0.022484403848648072,0.9814453125,0.490722656249401,0.49531789058619063,0.981445312498802,0.9906357811723813,0.0,0.0,medseg_covid,segmentation
183,0.016419146955013276,0.9816436767578125,0.4908218383787565,0.49536840970508816,0.981643676757513,0.9907368194101763,0.0,0.0,0.022462199628353118,0.9814453125,0.490722656249401,0.49531789058619063,0.981445312498802,0.9906357811723813,0.0,0.0,medseg_covid,segmentation
184,0.016525233909487725,0.981610107421875,0.4908050537107877,0.49535986102676044,0.9816101074215754,0.9907197220535209,0.0,0.0,0.022509154677391053,0.9814453125,0.490722656249401,0.49531789058619063,0.981445312498802,0.9906357811723813,0.0,0.0,medseg_covid,segmentation
185,0.01650662049651146,0.98153076171875,0.4907653808592252,0.4953396539083924,0.9815307617184504,0.9906793078167848,0.0,0.0,0.022482340037822724,0.9814453125,0.490722656249401,0.49531789058619063,0.981445312498802,0.9906357811723813,0.0,0.0,medseg_covid,segmentation
186,0.0164896372705698,0.981610107421875,0.4908050537107877,0.49535986102676044,0.9816101074215754,0.9907197220535209,0.0,0.0,0.02247168868780136,0.9814453125,0.490722656249401,0.49531789058619063,0.981445312498802,0.9906357811723813,0.0,0.0,medseg_covid,segmentation
187,0.01648978888988495,0.981597900390625,0.49079895019516273,0.49535675234464827,0.9815979003903255,0.9907135046892965,0.0,0.0,0.022410666942596434,0.9814453125,0.490722656249401,0.49531789058619063,0.981445312498802,0.9906357811723813,0.0,0.0,medseg_covid,segmentation
188,0.016451262682676316,0.9816131591796875,0.490806579589694,0.4953606381913041,0.981613159179388,0.9907212763826082,0.0,0.0,0.022424179315567016,0.9814453125,0.490722656249401,0.49531789058619063,0.981445312498802,0.9906357811723813,0.0,0.0,medseg_covid,segmentation
189,0.01647506169974804,0.9816192626953125,0.4908096313475065,0.49536219251321034,0.981619262695013,0.9907243850264207,0.0,0.0,0.022377976775169374,0.9814453125,0.490722656249401,0.49531789058619063,0.981445312498802,0.9906357811723813,0.0,0.0,medseg_covid,segmentation
190,0.016439224034547804,0.981610107421875,0.4916331362491254,0.4970137042089028,0.9816095461894645,0.9907194362048268,0.0016567263087863366,0.0033079722129786973,0.02240166664123535,0.9814453125,0.490722656249401,0.49531789058619063,0.981445312498802,0.9906357811723813,0.0,0.0,medseg_covid,segmentation
191,0.01642705500125885,0.9816131591796875,0.490806579589694,0.4953606381913041,0.981613159179388,0.9907212763826082,0.0,0.0,0.022473213076591492,0.9814453125,0.490722656249401,0.49531789058619063,0.981445312498802,0.9906357811723813,0.0,0.0,medseg_covid,segmentation
192,0.0164807066321373,0.981561279296875,0.4907806396482877,0.49534742606850646,0.9815612792965754,0.9906948521370129,0.0,0.0,0.02246389538049698,0.9814453125,0.490722656249401,0.49531789058619063,0.981445312498802,0.9906357811723813,0.0,0.0,medseg_covid,segmentation
193,0.016523056849837302,0.9816436767578125,0.4908218383787565,0.49536840970508816,0.981643676757513,0.9907368194101763,0.0,0.0,0.022484493255615235,0.9814453125,0.490722656249401,0.49531789058619063,0.981445312498802,0.9906357811723813,0.0,0.0,medseg_covid,segmentation
194,0.016490627080202103,0.9816192626953125,0.4908096313475065,0.49536219251321034,0.981619262695013,0.9907243850264207,0.0,0.0,0.022535732388496398,0.9814453125,0.490722656249401,0.49531789058619063,0.981445312498802,0.9906357811723813,0.0,0.0,medseg_covid,segmentation
195,0.016467050462961198,0.981573486328125,0.4908695102119594,0.495516083458398,0.9815734300943968,0.9907010410889868,0.00016559032952201375,0.0003311258278090873,0.02251262664794922,0.9814453125,0.490722656249401,0.49531789058619063,0.981445312498802,0.9906357811723813,0.0,0.0,medseg_covid,segmentation
196,0.016478516906499863,0.981561279296875,0.4907806396482877,0.49534742606850646,0.9815612792965754,0.9906948521370129,0.0,0.0,0.022471162676811218,0.9814453125,0.490722656249401,0.49531789058619063,0.981445312498802,0.9906357811723813,0.0,0.0,medseg_covid,segmentation
197,0.016471658274531363,0.9816253662109375,0.49081268310531895,0.49536374682554174,0.9816253662106379,0.9907274936510835,0.0,0.0,0.022461071610450745,0.9814453125,0.490722656249401,0.49531789058619063,0.981445312498802,0.9906357811723813,0.0,0.0,medseg_covid,segmentation
198,0.016417044401168823,0.9815948486328125,0.49079742431625645,0.49535597516813584,0.9815948486325129,0.9907119503362717,0.0,0.0,0.022493666410446166,0.9814453125,0.490722656249401,0.49531789058619063,0.981445312498802,0.9906357811723813,0.0,0.0,medseg_covid,segmentation
199,0.016476479917764665,0.981610107421875,0.4908050537107877,0.49535986102676044,0.9816101074215754,0.9907197220535209,0.0,0.0,0.02249240130186081,0.9814453125,0.490722656249401,0.49531789058619063,0.981445312498802,0.9906357811723813,0.0,0.0,medseg_covid,segmentation
200,0.016489992663264275,0.981549072265625,0.49077453613266275,0.49534431723318834,0.9815490722653255,0.9906886344663767,0.0,0.0,0.022506619989871978,0.9814453125,0.490722656249401,0.49531789058619063,0.981445312498802,0.9906357811723813,0.0,0.0,medseg_covid,segmentation
201,0.01653561517596245,0.9815948486328125,0.49079742431625645,0.49535597516813584,0.9815948486325129,0.9907119503362717,0.0,0.0,0.02247498035430908,0.9814453125,0.490722656249401,0.49531789058619063,0.981445312498802,0.9906357811723813,0.0,0.0,medseg_covid,segmentation
202,0.016468045487999915,0.981610107421875,0.4908050537107877,0.49535986102676044,0.9816101074215754,0.9907197220535209,0.0,0.0,0.022489209473133088,0.9814453125,0.490722656249401,0.49531789058619063,0.981445312498802,0.9906357811723813,0.0,0.0,medseg_covid,segmentation
203,0.01646757423877716,0.9815643310546875,0.49078216552719395,0.49534820327135115,0.9815643310543879,0.9906964065427023,0.0,0.0,0.022532394528388976,0.9814453125,0.490722656249401,0.49531789058619063,0.981445312498802,0.9906357811723813,0.0,0.0,medseg_covid,segmentation
204,0.0165172204375267,0.98155517578125,0.4907775878904752,0.49534587165563526,0.9815551757809504,0.9906917433112705,0.0,0.0,0.022530941665172576,0.9814453125,0.490722656249401,0.49531789058619063,0.981445312498802,0.9906357811723813,0.0,0.0,medseg_covid,segmentation
205,0.016485165059566497,0.9815704345703125,0.49078521728500646,0.49534975766985895,0.9815704345700129,0.9906995153397179,0.0,0.0,0.022544683516025545,0.9814453125,0.490722656249401,0.49531789058619063,0.981445312498802,0.9906357811723813,0.0,0.0,medseg_covid,segmentation
206,0.016489790752530098,0.9816070556640625,0.4910521998537946,0.4958563060184553,0.9816068872697865,0.9907180819523921,0.0004975124378026947,0.0009945300845185725,0.022542256116867065,0.9814453125,0.490722656249401,0.49531789058619063,0.981445312498802,0.9906357811723813,0.0,0.0,medseg_covid,segmentation
207,0.016489653289318083,0.981597900390625,0.4908818271065805,0.4955225205363126,0.9815978442314028,0.9907134760858933,0.00016580998175815272,0.00033156498673190377,0.02251025438308716,0.9814453125,0.490722656249401,0.49531789058619063,0.981445312498802,0.9906357811723813,0.0,0.0,medseg_covid,segmentation
208,0.01648496352136135,0.9816192626953125,0.4908096313475065,0.49536219251321034,0.981619262695013,0.9907243850264207,0.0,0.0,0.022527426481246948,0.9814453125,0.490722656249401,0.49531789058619063,0.981445312498802,0.9906357811723813,0.0,0.0,medseg_covid,segmentation
209,0.016475482285022734,0.9816253662109375,0.49081268310531895,0.49536374682554174,0.9816253662106379,0.9907274936510835,0.0,0.0,0.022572611272335053,0.9814453125,0.490722656249401,0.49531789058619063,0.981445312498802,0.9906357811723813,0.0,0.0,medseg_covid,segmentation
210,0.016450824216008186,0.9815765380859375,0.49078826904281897,0.4953513120587912,0.9815765380856379,0.9907026241175824,0.0,0.0,0.022559954226016997,0.9814453125,0.490722656249401,0.49531789058619063,0.981445312498802,0.9906357811723813,0.0,0.0,medseg_covid,segmentation
211,0.016464318707585336,0.981634521484375,0.4908172607420377,0.49536607827608636,0.9816345214840754,0.9907321565521727,0.0,0.0,0.0225462406873703,0.9814453125,0.490722656249401,0.49531789058619063,0.981445312498802,0.9906357811723813,0.0,0.0,medseg_covid,segmentation
212,0.016491755098104476,0.981591796875,0.4907958984373502,0.49535519798922956,0.9815917968747004,0.9907103959784591,0.0,0.0,0.022548763453960417,0.9814453125,0.490722656249401,0.49531789058619063,0.981445312498802,0.9906357811723813,0.0,0.0,medseg_covid,segmentation
213,0.016518498584628106,0.981610107421875,0.4908050537107877,0.49535986102676044,0.9816101074215754,0.9907197220535209,0.0,0.0,0.022591403126716612,0.9814453125,0.490722656249401,0.49531789058619063,0.981445312498802,0.9906357811723813,0.0,0.0,medseg_covid,segmentation
214,0.01652020700275898,0.98160400390625,0.49080200195297524,0.49535830669049186,0.9816040039059505,0.9907166133809837,0.0,0.0,0.022586485743522643,0.9814453125,0.490722656249401,0.49531789058619063,0.981445312498802,0.9906357811723813,0.0,0.0,medseg_covid,segmentation
215,0.016447243839502336,0.98160400390625,0.49088490637577653,0.4955241298728894,0.9816039477656543,0.9907165847872437,0.0001658649858987251,0.00033167495853512975,0.022607007622718812,0.9814453125,0.490722656249401,0.49531789058619063,0.981445312498802,0.9906357811723813,0.0,0.0,medseg_covid,segmentation
216,0.016471563652157784,0.9816375732421875,0.49081878662094397,0.49536685542148057,0.9816375732418879,0.9907337108429611,0.0,0.0,0.022571858763694764,0.9814453125,0.490722656249401,0.49531789058619063,0.981445312498802,0.9906357811723813,0.0,0.0,medseg_covid,segmentation
217,0.01646076552569866,0.9816009521484375,0.49080047607406896,0.49535752951876694,0.9816009521481379,0.9907150590375339,0.0,0.0,0.02255631685256958,0.9814453125,0.490722656249401,0.49531789058619063,0.981445312498802,0.9906357811723813,0.0,0.0,medseg_covid,segmentation
218,0.016487083584070205,0.981585693359375,0.4907928466795377,0.4953536436242357,0.9815856933590754,0.9907072872484713,0.0,0.0,0.0225873664021492,0.9814453125,0.490722656249401,0.49531789058619063,0.981445312498802,0.9906357811723813,0.0,0.0,medseg_covid,segmentation
219,0.016494592279195787,0.98157958984375,0.4907897949217252,0.4953520892496665,0.9815795898434504,0.990704178499333,0.0,0.0,0.022537243366241456,0.9814453125,0.490722656249401,0.49531789058619063,0.981445312498802,0.9906357811723813,0.0,0.0,medseg_covid,segmentation
220,0.016492194309830666,0.9816009521484375,0.49080047607406896,0.49535752951876694,0.9816009521481379,0.9907150590375339,0.0,0.0,0.022506275773048402,0.9814453125,0.490722656249401,0.49531789058619063,0.981445312498802,0.9906357811723813,0.0,0.0,medseg_covid,segmentation
221,0.01647225357592106,0.981512451171875,0.49075622558578774,0.4953349904974118,0.9815124511715755,0.9906699809948236,0.0,0.0,0.022510913014411927,0.9814453125,0.490722656249401,0.49531789058619063,0.981445312498802,0.9906357811723813,0.0,0.0,medseg_covid,segmentation
222,0.016477200761437417,0.9816314697265625,0.49081573486313146,0.49536530112829846,0.9816314697262629,0.9907306022565969,0.0,0.0,0.02250111401081085,0.9814453125,0.490722656249401,0.49531789058619063,0.981445312498802,0.9906357811723813,0.0,0.0,medseg_covid,segmentation
223,0.01646302007138729,0.9815277099609375,0.490763854980319,0.4953388766792141,0.981527709960638,0.9906777533584282,0.0,0.0,0.022468487918376922,0.9814453125,0.490722656249401,0.49531789058619063,0.981445312498802,0.9906357811723813,0.0,0.0,medseg_covid,segmentation
224,0.01648111492395401,0.98153076171875,0.4907653808592252,0.4953396539083924,0.9815307617184504,0.9906793078167848,0.0,0.0,0.022495406866073608,0.9814453125,0.490722656249401,0.49531789058619063,0.981445312498802,0.9906357811723813,0.0,0.0,medseg_covid,segmentation
225,0.016498606652021408,0.9815338134765625,0.4907669067381315,0.49534043113517673,0.981533813476263,0.9906808622703535,0.0,0.0,0.02252851128578186,0.9814453125,0.490722656249401,0.49531789058619063,0.981445312498802,0.9906357811723813,0.0,0.0,medseg_covid,segmentation
226,0.01645563542842865,0.9816192626953125,0.4908096313475065,0.49536219251321034,0.981619262695013,0.9907243850264207,0.0,0.0,0.022506453096866608,0.9814453125,0.490722656249401,0.49531789058619063,0.981445312498802,0.9906357811723813,0.0,0.0,medseg_covid,segmentation
227,0.01647435575723648,0.9815582275390625,0.4907791137693815,0.4953466488632678,0.981558227538763,0.9906932977265356,0.0,0.0,0.02247541695833206,0.9814453125,0.490722656249401,0.49531789058619063,0.981445312498802,0.9906357811723813,0.0,0.0,medseg_covid,segmentation
228,0.016479705274105073,0.98160400390625,0.4909677832917753,0.49568984308339564,0.9816038916250155,0.9907165561933274,0.00033167495853512975,0.0006631299734638075,0.02248552441596985,0.9814453125,0.490722656249401,0.49531789058619063,0.981445312498802,0.9906357811723813,0.0,0.0,medseg_covid,segmentation
229,0.016451957821846008,0.98160400390625,0.49080200195297524,0.49535830669049186,0.9816040039059505,0.9907166133809837,0.0,0.0,0.022512008249759675,0.9814453125,0.490722656249401,0.49531789058619063,0.981445312498802,0.9906357811723813,0.0,0.0,medseg_covid,segmentation
230,0.01647074855864048,0.981610107421875,0.4908050537107877,0.49535986102676044,0.9816101074215754,0.9907197220535209,0.0,0.0,0.022554507851600646,0.9814453125,0.490722656249401,0.49531789058619063,0.981445312498802,0.9906357811723813,0.0,0.0,medseg_covid,segmentation
231,0.016480551660060884,0.9815643310546875,0.49078216552719395,0.49534820327135115,0.9815643310543879,0.9906964065427023,0.0,0.0,0.02246547192335129,0.9814453125,0.490722656249401,0.49531789058619063,0.981445312498802,0.9906357811723813,0.0,0.0,medseg_covid,segmentation
232,0.01648213192820549,0.9815826416015625,0.4907913208006315,0.495352866438148,0.981582641601263,0.990705732876296,0.0,0.0,0.022510884702205657,0.9814453125,0.490722656249401,0.49531789058619063,0.981445312498802,0.9906357811723813,0.0,0.0,medseg_covid,segmentation
233,0.01645672842860222,0.9816375732421875,0.49081878662094397,0.49536685542148057,0.9816375732418879,0.9907337108429611,0.0,0.0,0.022510866820812225,0.9814453125,0.490722656249401,0.49531789058619063,0.981445312498802,0.9906357811723813,0.0,0.0,medseg_covid,segmentation
234,0.016464042663574218,0.981634521484375,0.4908172607420377,0.49536607827608636,0.9816345214840754,0.9907321565521727,0.0,0.0,0.02251831293106079,0.9814453125,0.490722656249401,0.49531789058619063,0.981445312498802,0.9906357811723813,0.0,0.0,medseg_covid,segmentation
235,0.016497531905770302,0.981622314453125,0.4908111572264127,0.4953629696705729,0.9816223144528254,0.9907259393411458,0.0,0.0,0.022493770718574523,0.9814453125,0.490722656249401,0.49531789058619063,0.981445312498802,0.9906357811723813,0.0,0.0,medseg_covid,segmentation
236,0.01649392507970333,0.9816680908203125,0.49083404541000647,0.4953746267437749,0.9816680908200129,0.9907492534875498,0.0,0.0,0.022507496178150177,0.9814453125,0.490722656249401,0.49531789058619063,0.981445312498802,0.9906357811723813,0.0,0.0,medseg_covid,segmentation
237,0.016462207585573197,0.9816314697265625,0.491230601360328,0.4961945546812696,0.9816311894404572,0.990730459503552,0.000830013280198705,0.0016586498589872508,0.022517168521881105,0.9814453125,0.490722656249401,0.49531789058619063,0.981445312498802,0.9906357811723813,0.0,0.0,medseg_covid,segmentation
238,0.016458522900938986,0.981573486328125,0.49078674316391274,0.495350534865522,0.9815734863278255,0.990701069731044,0.0,0.0,0.022478066384792328,0.9814453125,0.490722656249401,0.49531789058619063,0.981445312498802,0.9906357811723813,0.0,0.0,medseg_covid,segmentation
239,0.0165138553828001,0.98157958984375,0.4907897949217252,0.4953520892496665,0.9815795898434504,0.990704178499333,0.0,0.0,0.022507965564727783,0.9814453125,0.490722656249401,0.49531789058619063,0.981445312498802,0.9906357811723813,0.0,0.0,medseg_covid,segmentation
240,0.01644621938467026,0.9815948486328125,0.49079742431625645,0.49535597516813584,0.9815948486325129,0.9907119503362717,0.0,0.0,0.022574958205223084,0.9814453125,0.490722656249401,0.49531789058619063,0.981445312498802,0.9906357811723813,0.0,0.0,medseg_covid,segmentation
241,0.016479669511318205,0.981597900390625,0.49079895019516273,0.49535675234464827,0.9815979003903255,0.9907135046892965,0.0,0.0,0.022572281956672668,0.9814453125,0.490722656249401,0.49531789058619063,0.981445312498802,0.9906357811723813,0.0,0.0,medseg_covid,segmentation
242,0.01653800718486309,0.98162841796875,0.49081420898422523,0.495364523978117,0.9816284179684505,0.990729047956234,0.0,0.0,0.022565233707427978,0.9814453125,0.490722656249401,0.49531789058619063,0.981445312498802,0.9906357811723813,0.0,0.0,medseg_covid,segmentation
243,0.016471852734684943,0.9816253662109375,0.49081268310531895,0.49536374682554174,0.9816253662106379,0.9907274936510835,0.0,0.0,0.022557327151298524,0.9814453125,0.490722656249401,0.49531789058619063,0.981445312498802,0.9906357811723813,0.0,0.0,medseg_covid,segmentation
244,0.01644662730395794,0.98157958984375,0.4907897949217252,0.4953520892496665,0.9815795898434504,0.990704178499333,0.0,0.0,0.022524172067642213,0.9814453125,0.490722656249401,0.49531789058619063,0.981445312498802,0.9906357811723813,0.0,0.0,medseg_covid,segmentation
245,0.016529179364442825,0.9816009521484375,0.49080047607406896,0.49535752951876694,0.9816009521481379,0.9907150590375339,0.0,0.0,0.022501683235168456,0.9814453125,0.490722656249401,0.49531789058619063,0.981445312498802,0.9906357811723813,0.0,0.0,medseg_covid,segmentation
246,0.016450028494000436,0.98160400390625,0.49080200195297524,0.49535830669049186,0.9816040039059505,0.9907166133809837,0.0,0.0,0.02253963500261307,0.9814453125,0.490722656249401,0.49531789058619063,0.981445312498802,0.9906357811723813,0.0,0.0,medseg_covid,segmentation
247,0.016462825983762742,0.9816070556640625,0.49080352783188147,0.495359083859823,0.9816070556637629,0.990718167719646,0.0,0.0,0.022556428611278535,0.9814453125,0.490722656249401,0.49531789058619063,0.981445312498802,0.9906357811723813,0.0,0.0,medseg_covid,segmentation
248,0.01646542176604271,0.9815948486328125,0.4908802874788215,0.49552171587810484,0.981594792464277,0.9907119217280368,0.00016578249336595189,0.00033151002817285747,0.0225315123796463,0.9814453125,0.490722656249401,0.49531789058619063,0.981445312498802,0.9906357811723813,0.0,0.0,medseg_covid,segmentation
249,0.016465852782130242,0.9815704345703125,0.49078521728500646,0.49534975766985895,0.9815704345700129,0.9906995153397179,0.0,0.0,0.02252817302942276,0.9814453125,0.490722656249401,0.49531789058619063,0.981445312498802,0.9906357811723813,0.0,0.0,medseg_covid,segmentation
250,0.016444113478064536,0.981585693359375,0.4907928466795377,0.4953536436242357,0.9815856933590754,0.9907072872484713,0.0,0.0,0.022511999309062957,0.9814453125,0.490722656249401,0.49531789058619063,0.981445312498802,0.9906357811723813,0.0,0.0,medseg_covid,segmentation
251,0.016461973637342454,0.981549072265625,0.49077453613266275,0.49534431723318834,0.9815490722653255,0.9906886344663767,0.0,0.0,0.022520937025547028,0.9814453125,0.490722656249401,0.49531789058619063,0.981445312498802,0.9906357811723813,0.0,0.0,medseg_covid,segmentation
252,0.016504691913723946,0.98154296875,0.49077148437485024,0.4953427628011656,0.9815429687497005,0.9906855256023313,0.0,0.0,0.02250841408967972,0.9814453125,0.490722656249401,0.49531789058619063,0.981445312498802,0.9906357811723813,0.0,0.0,medseg_covid,segmentation
253,0.016428241133689882,0.981610107421875,0.49105376700661757,0.49585716563047866,0.981609939055539,0.9907196363007617,0.0004975949576961753,0.0009946949601957113,0.02247900068759918,0.9814453125,0.490722656249401,0.49531789058619063,0.981445312498802,0.9906357811723813,0.0,0.0,medseg_covid,segmentation
254,0.01647266261279583,0.9815826416015625,0.49087412901332633,0.49551849731237174,0.981582585395774,0.9907057042487344,0.00016567263087863366,0.00033129037600908913,0.022466425597667695,0.9814453125,0.490722656249401,0.49531789058619063,0.981445312498802,0.9906357811723813,0.0,0.0,medseg_covid,segmentation
255,0.016512815654277802,0.9816436767578125,0.4908218383787565,0.49536840970508816,0.981643676757513,0.9907368194101763,0.0,0.0,0.022438275814056396,0.9814453125,0.490722656249401,0.49531789058619063,0.981445312498802,0.9906357811723813,0.0,0.0,medseg_covid,segmentation
256,0.016483357548713683,0.981610107421875,0.4908050537107877,0.49535986102676044,0.9816101074215754,0.9907197220535209,0.0,0.0,0.02253621816635132,0.9814453125,0.490722656249401,0.49531789058619063,0.981445312498802,0.9906357811723813,0.0,0.0,medseg_covid,segmentation
257,0.01650026924908161,0.9815948486328125,0.49079742431625645,0.49535597516813584,0.9815948486325129,0.9907119503362717,0.0,0.0,0.0224681094288826,0.9814453125,0.490722656249401,0.49531789058619063,0.981445312498802,0.9906357811723813,0.0,0.0,medseg_covid,segmentation
258,0.01646859496831894,0.981634521484375,0.4908172607420377,0.49536607827608636,0.9816345214840754,0.9907321565521727,0.0,0.0,0.02245345264673233,0.9814453125,0.490722656249401,0.49531789058619063,0.981445312498802,0.9906357811723813,0.0,0.0,medseg_covid,segmentation
259,0.01649682894349098,0.981591796875,0.4907958984373502,0.49535519798922956,0.9815917968747004,0.9907103959784591,0.0,0.0,0.022431090474128723,0.9814453125,0.490722656249401,0.49531789058619063,0.981445312498802,0.9906357811723813,0.0,0.0,medseg_covid,segmentation
260,0.016499612480401993,0.98162841796875,0.49081420898422523,0.495364523978117,0.9816284179684505,0.990729047956234,0.0,0.0,0.022460544109344484,0.9814453125,0.490722656249401,0.49531789058619063,0.981445312498802,0.9906357811723813,0.0,0.0,medseg_covid,segmentation
261,0.01644776463508606,0.981597900390625,0.49079895019516273,0.49535675234464827,0.9815979003903255,0.9907135046892965,0.0,0.0,0.022459839284420014,0.9814453125,0.490722656249401,0.49531789058619063,0.981445312498802,0.9906357811723813,0.0,0.0,medseg_covid,segmentation
262,0.01648128665983677,0.9815948486328125,0.49079742431625645,0.49535597516813584,0.9815948486325129,0.9907119503362717,0.0,0.0,0.022461482882499696,0.9814453125,0.490722656249401,0.49531789058619063,0.981445312498802,0.9906357811723813,0.0,0.0,medseg_covid,segmentation
263,0.016503768414258956,0.981591796875,0.4907958984373502,0.49535519798922956,0.9815917968747004,0.9907103959784591,0.0,0.0,0.022479355335235596,0.9814453125,0.490722656249401,0.49531789058619063,0.981445312498802,0.9906357811723813,0.0,0.0,medseg_covid,segmentation
264,0.016468174383044244,0.9816070556640625,0.49080352783188147,0.495359083859823,0.9816070556637629,0.990718167719646,0.0,0.0,0.02247699201107025,0.9814453125,0.490722656249401,0.49531789058619063,0.981445312498802,0.9906357811723813,0.0,0.0,medseg_covid,segmentation
265,0.01648806519806385,0.9816375732421875,0.49081878662094397,0.49536685542148057,0.9816375732418879,0.9907337108429611,0.0,0.0,0.022453086078166963,0.9814453125,0.490722656249401,0.49531789058619063,0.981445312498802,0.9906357811723813,0.0,0.0,medseg_covid,segmentation
266,0.016448675468564034,0.981634521484375,0.4908172607420377,0.49536607827608636,0.9816345214840754,0.9907321565521727,0.0,0.0,0.022502601146697998,0.9814453125,0.490722656249401,0.49531789058619063,0.981445312498802,0.9906357811723813,0.0,0.0,medseg_covid,segmentation
267,0.01641763485968113,0.981634521484375,0.4908172607420377,0.49536607827608636,0.9816345214840754,0.9907321565521727,0.0,0.0,0.02253054678440094,0.9814453125,0.490722656249401,0.49531789058619063,0.981445312498802,0.9906357811723813,0.0,0.0,medseg_covid,segmentation
268,0.01644041799008846,0.9815673828125,0.49078369140610023,0.495348980471802,0.9815673828122005,0.990697960943604,0.0,0.0,0.022550487518310548,0.9814453125,0.490722656249401,0.49531789058619063,0.981445312498802,0.9906357811723813,0.0,0.0,medseg_covid,segmentation
269,0.016455421596765517,0.9815948486328125,0.49079742431625645,0.49535597516813584,0.9815948486325129,0.9907119503362717,0.0,0.0,0.022557659447193144,0.9814453125,0.490722656249401,0.49531789058619063,0.981445312498802,0.9906357811723813,0.0,0.0,medseg_covid,segmentation
270,0.0164504524320364,0.981573486328125,0.49078674316391274,0.495350534865522,0.9815734863278255,0.990701069731044,0.0,0.0,0.02255060225725174,0.9814453125,0.490722656249401,0.49531789058619063,0.981445312498802,0.9906357811723813,0.0,0.0,medseg_covid,segmentation
271,0.016489144414663315,0.9815093994140625,0.49075469970688146,0.4953342132538691,0.9815093994137629,0.9906684265077382,0.0,0.0,0.022545213997364043,0.9814453125,0.490722656249401,0.49531789058619063,0.981445312498802,0.9906357811723813,0.0,0.0,medseg_covid,segmentation
272,0.016439806669950485,0.9815948486328125,0.49079742431625645,0.49535597516813584,0.9815948486325129,0.9907119503362717,0.0,0.0,0.022513653337955474,0.9814453125,0.490722656249401,0.49531789058619063,0.981445312498802,0.9906357811723813,0.0,0.0,medseg_covid,segmentation
273,0.0164876613765955,0.981610107421875,0.4908050537107877,0.49535986102676044,0.9816101074215754,0.9907197220535209,0.0,0.0,0.02248479425907135,0.9814453125,0.490722656249401,0.49531789058619063,0.981445312498802,0.9906357811723813,0.0,0.0,medseg_covid,segmentation
274,0.01644003763794899,0.981640625,0.4908203124998502,0.4953676325644812,0.9816406249997004,0.9907352651289624,0.0,0.0,0.022483402490615846,0.9814453125,0.490722656249401,0.49531789058619063,0.981445312498802,0.9906357811723813,0.0,0.0,medseg_covid,segmentation
275,0.016517577320337297,0.9816253662109375,0.49081268310531895,0.49536374682554174,0.9816253662106379,0.9907274936510835,0.0,0.0,0.022493007779121398,0.9814453125,0.490722656249401,0.49531789058619063,0.981445312498802,0.9906357811723813,0.0,0.0,medseg_covid,segmentation
276,0.01647341623902321,0.9815887451171875,0.490794372558444,0.4953544208079295,0.981588745116888,0.990708841615859,0.0,0.0,0.022537356615066527,0.9814453125,0.490722656249401,0.49531789058619063,0.981445312498802,0.9906357811723813,0.0,0.0,medseg_covid,segmentation
277,0.01648060567677021,0.981622314453125,0.4908111572264127,0.4953629696705729,0.9816223144528254,0.9907259393411458,0.0,0.0,0.022583624720573424,0.9814453125,0.490722656249401,0.49531789058619063,0.981445312498802,0.9906357811723813,0.0,0.0,medseg_covid,segmentation
278,0.016424774751067163,0.981610107421875,0.4908050537107877,0.49535986102676044,0.9816101074215754,0.9907197220535209,0.0,0.0,0.02256408631801605,0.9814453125,0.490722656249401,0.49531789058619063,0.981445312498802,0.9906357811723813,0.0,0.0,medseg_covid,segmentation
279,0.016449209302663803,0.9815521240234375,0.490776062011569,0.49534509444560876,0.981552124023138,0.9906901888912175,0.0,0.0,0.02254443019628525,0.9814453125,0.490722656249401,0.49531789058619063,0.981445312498802,0.9906357811723813,0.0,0.0,medseg_covid,segmentation
280,0.016481219977140426,0.9816192626953125,0.4908096313475065,0.49536219251321034,0.981619262695013,0.9907243850264207,0.0,0.0,0.022545945644378663,0.9814453125,0.490722656249401,0.49531789058619063,0.981445312498802,0.9906357811723813,0.0,0.0,medseg_covid,segmentation
281,0.016467356681823732,0.9816070556640625,0.49080352783188147,0.495359083859823,0.9816070556637629,0.990718167719646,0.0,0.0,0.02252839654684067,0.9814453125,0.490722656249401,0.49531789058619063,0.981445312498802,0.9906357811723813,0.0,0.0,medseg_covid,segmentation
282,0.016490481793880463,0.981573486328125,0.49078674316391274,0.495350534865522,0.9815734863278255,0.990701069731044,0.0,0.0,0.0224961057305336,0.9814453125,0.490722656249401,0.49531789058619063,0.981445312498802,0.9906357811723813,0.0,0.0,medseg_covid,segmentation
283,0.016476478055119516,0.98160400390625,0.49080200195297524,0.49535830669049186,0.9816040039059505,0.9907166133809837,0.0,0.0,0.022439412772655487,0.9814453125,0.490722656249401,0.49531789058619063,0.981445312498802,0.9906357811723813,0.0,0.0,medseg_covid,segmentation
284,0.016484886035323144,0.9816253662109375,0.49081268310531895,0.49536374682554174,0.9816253662106379,0.9907274936510835,0.0,0.0,0.022467979788780214,0.9814453125,0.490722656249401,0.49531789058619063,0.981445312498802,0.9906357811723813,0.0,0.0,medseg_covid,segmentation
285,0.016458605229854584,0.9815704345703125,0.4908679706205878,0.495515278853778,0.981570378327271,0.9906994866928288,0.00016556291390454366,0.00033107101472717976,0.022498950362205505,0.9814453125,0.490722656249401,0.49531789058619063,0.981445312498802,0.9906357811723813,0.0,0.0,medseg_covid,segmentation
286,0.016471193358302116,0.981561279296875,0.4907806396482877,0.49534742606850646,0.9815612792965754,0.9906948521370129,0.0,0.0,0.022542718052864074,0.9814453125,0.490722656249401,0.49531789058619063,0.981445312498802,0.9906357811723813,0.0,0.0,medseg_covid,segmentation
287,0.016526320576667787,0.9815826416015625,0.4907913208006315,0.495352866438148,0.981582641601263,0.990705732876296,0.0,0.0,0.022527597844600677,0.9814453125,0.490722656249401,0.49531789058619063,0.981445312498802,0.9906357811723813,0.0,0.0,medseg_covid,segmentation
288,0.01647525653243065,0.9816497802734375,0.49082489013656894,0.49536996397912125,0.9816497802731379,0.9907399279582425,0.0,0.0,0.022555889189243318,0.9814453125,0.490722656249401,0.49531789058619063,0.981445312498802,0.9906357811723813,0.0,0.0,medseg_covid,segmentation
289,0.01645454317331314,0.981610107421875,0.4908050537107877,0.49535986102676044,0.9816101074215754,0.9907197220535209,0.0,0.0,0.02253633737564087,0.9814453125,0.490722656249401,0.49531789058619063,0.981445312498802,0.9906357811723813,0.0,0.0,medseg_covid,segmentation
290,0.016490955278277396,0.9815765380859375,0.49078826904281897,0.4953513120587912,0.9815765380856379,0.9907026241175824,0.0,0.0,0.02249210923910141,0.9814453125,0.490722656249401,0.49531789058619063,0.981445312498802,0.9906357811723813,0.0,0.0,medseg_covid,segmentation
291,0.01646914780139923,0.9815765380859375,0.49078826904281897,0.4953513120587912,0.9815765380856379,0.9907026241175824,0.0,0.0,0.0225408673286438,0.9814453125,0.490722656249401,0.49531789058619063,0.981445312498802,0.9906357811723813,0.0,0.0,medseg_covid,segmentation
292,0.01646169051527977,0.9816070556640625,0.49080352783188147,0.495359083859823,0.9816070556637629,0.990718167719646,0.0,0.0,0.022490738332271575,0.9814453125,0.490722656249401,0.49531789058619063,0.981445312498802,0.9906357811723813,0.0,0.0,medseg_covid,segmentation
293,0.016422609612345696,0.981591796875,0.4907958984373502,0.49535519798922956,0.9815917968747004,0.9907103959784591,0.0,0.0,0.022500164806842804,0.9814453125,0.490722656249401,0.49531789058619063,0.981445312498802,0.9906357811723813,0.0,0.0,medseg_covid,segmentation
294,0.01646718643605709,0.9816070556640625,0.49080352783188147,0.495359083859823,0.9816070556637629,0.990718167719646,0.0,0.0,0.022444258630275726,0.9814453125,0.490722656249401,0.49531789058619063,0.981445312498802,0.9906357811723813,0.0,0.0,medseg_covid,segmentation
295,0.0164773415774107,0.981597900390625,0.49079895019516273,0.49535675234464827,0.9815979003903255,0.9907135046892965,0.0,0.0,0.022439298033714295,0.9814453125,0.490722656249401,0.49531789058619063,0.981445312498802,0.9906357811723813,0.0,0.0,medseg_covid,segmentation
296,0.016457022354006767,0.9815887451171875,0.49096001645425735,0.49568568256595225,0.9815886327428202,0.9907087843798863,0.00033140016569459154,0.0006625807520181783,0.022482165694236757,0.9814453125,0.490722656249401,0.49531789058619063,0.981445312498802,0.9906357811723813,0.0,0.0,medseg_covid,segmentation
297,0.016456788033246995,0.9815704345703125,0.49078521728500646,0.49534975766985895,0.9815704345700129,0.9906995153397179,0.0,0.0,0.022470733523368834,0.9814453125,0.490722656249401,0.49531789058619063,0.981445312498802,0.9906357811723813,0.0,0.0,medseg_covid,segmentation
298,0.01643296703696251,0.9815887451171875,0.490794372558444,0.4953544208079295,0.981588745116888,0.990708841615859,0.0,0.0,0.02249123454093933,0.9814453125,0.490722656249401,0.49531789058619063,0.981445312498802,0.9906357811723813,0.0,0.0,medseg_covid,segmentation
299,0.016466563940048216,0.9816070556640625,0.49080352783188147,0.495359083859823,0.9816070556637629,0.990718167719646,0.0,0.0,0.02249028831720352,0.9814453125,0.490722656249401,0.49531789058619063,0.981445312498802,0.9906357811723813,0.0,0.0,medseg_covid,segmentation
300,0.016476765275001526,0.9816009521484375,0.49080047607406896,0.49535752951876694,0.9816009521481379,0.9907150590375339,0.0,0.0,0.022490938007831574,0.9814453125,0.490722656249401,0.49531789058619063,0.981445312498802,0.9906357811723813,0.0,0.0,medseg_covid,segmentation
301,0.01644207499921322,0.981622314453125,0.4908111572264127,0.4953629696705729,0.9816223144528254,0.9907259393411458,0.0,0.0,0.022495105862617493,0.9814453125,0.490722656249401,0.49531789058619063,0.981445312498802,0.9906357811723813,0.0,0.0,medseg_covid,segmentation
302,0.016494472324848176,0.9816070556640625,0.49080352783188147,0.495359083859823,0.9816070556637629,0.990718167719646,0.0,0.0,0.022472865879535675,0.9814453125,0.490722656249401,0.49531789058619063,0.981445312498802,0.9906357811723813,0.0,0.0,medseg_covid,segmentation
303,0.016514360532164575,0.981561279296875,0.4907806396482877,0.49534742606850646,0.9815612792965754,0.9906948521370129,0.0,0.0,0.022507211565971373,0.9814453125,0.490722656249401,0.49531789058619063,0.981445312498802,0.9906357811723813,0.0,0.0,medseg_covid,segmentation
304,0.016472425311803818,0.981640625,0.4914840990050731,0.49669377836589373,0.9816401767618284,0.9907350368379323,0.001328021248317928,0.00265251989385523,0.022548654675483705,0.9814453125,0.490722656249401,0.49531789058619063,0.981445312498802,0.9906357811723813,0.0,0.0,medseg_covid,segmentation
305,0.01648016944527626,0.9816131591796875,0.490806579589694,0.4953606381913041,0.981613159179388,0.9907212763826082,0.0,0.0,0.022519557178020476,0.9814453125,0.490722656249401,0.49531789058619063,0.981445312498802,0.9906357811723813,0.0,0.0,medseg_covid,segmentation
306,0.01645934097468853,0.981591796875,0.4907958984373502,0.49535519798922956,0.9815917968747004,0.9907103959784591,0.0,0.0,0.022524411976337432,0.9814453125,0.490722656249401,0.49531789058619063,0.981445312498802,0.9906357811723813,0.0,0.0,medseg_covid,segmentation
307,0.016421094164252283,0.9815765380859375,0.49078826904281897,0.4953513120587912,0.9815765380856379,0.9907026241175824,0.0,0.0,0.022517526149749757,0.9814453125,0.490722656249401,0.49531789058619063,0.981445312498802,0.9906357811723813,0.0,0.0,medseg_covid,segmentation
308,0.016483053937554358,0.981585693359375,0.4907928466795377,0.4953536436242357,0.9815856933590754,0.9907072872484713,0.0,0.0,0.02252168357372284,0.9814453125,0.490722656249401,0.49531789058619063,0.981445312498802,0.9906357811723813,0.0,0.0,medseg_covid,segmentation
309,0.016511189565062524,0.9816070556640625,0.49080352783188147,0.495359083859823,0.9816070556637629,0.990718167719646,0.0,0.0,0.02253580391407013,0.9814453125,0.490722656249401,0.49531789058619063,0.981445312498802,0.9906357811723813,0.0,0.0,medseg_covid,segmentation
310,0.016455809772014617,0.9816314697265625,0.49081573486313146,0.49536530112829846,0.9816314697262629,0.9907306022565969,0.0,0.0,0.022530075907707215,0.9814453125,0.490722656249401,0.49531789058619063,0.981445312498802,0.9906357811723813,0.0,0.0,medseg_covid,segmentation
311,0.016471141204237937,0.9815826416015625,0.4907913208006315,0.495352866438148,0.981582641601263,0.990705732876296,0.0,0.0,0.022505182027816772,0.9814453125,0.490722656249401,0.49531789058619063,0.981445312498802,0.9906357811723813,0.0,0.0,medseg_covid,segmentation
312,0.01646762378513813,0.981591796875,0.4907958984373502,0.49535519798922956,0.9815917968747004,0.9907103959784591,0.0,0.0,0.022537492215633392,0.9814453125,0.490722656249401,0.49531789058619063,0.981445312498802,0.9906357811723813,0.0,0.0,medseg_covid,segmentation
313,0.01644728034734726,0.981549072265625,0.49077453613266275,0.49534431723318834,0.9815490722653255,0.9906886344663767,0.0,0.0,0.02256791889667511,0.9814453125,0.490722656249401,0.49531789058619063,0.981445312498802,0.9906357811723813,0.0,0.0,medseg_covid,segmentation
314,0.016471682488918303,0.9815673828125,0.49078369140610023,0.495348980471802,0.9815673828122005,0.990697960943604,0.0,0.0,0.022544056177139282,0.9814453125,0.490722656249401,0.49531789058619063,0.981445312498802,0.9906357811723813,0.0,0.0,medseg_covid,segmentation
315,0.016455956548452378,0.98160400390625,0.49080200195297524,0.49535830669049186,0.9816040039059505,0.9907166133809837,0.0,0.0,0.022553110122680665,0.9814453125,0.490722656249401,0.49531789058619063,0.981445312498802,0.9906357811723813,0.0,0.0,medseg_covid,segmentation
316,0.0164483979344368,0.9815765380859375,0.490953803148054,0.49568235443620484,0.9815764256370639,0.9907025668429553,0.0003311806590440275,0.0006621420294543595,0.022538359463214874,0.9814453125,0.490722656249401,0.49531789058619063,0.981445312498802,0.9906357811723813,0.0,0.0,medseg_covid,segmentation
317,0.016457352414727212,0.9816131591796875,0.490806579589694,0.4953606381913041,0.981613159179388,0.9907212763826082,0.0,0.0,0.0225140318274498,0.9814453125,0.490722656249401,0.49531789058619063,0.981445312498802,0.9906357811723813,0.0,0.0,medseg_covid,segmentation
318,0.016443753242492677,0.981597900390625,0.49079895019516273,0.49535675234464827,0.9815979003903255,0.9907135046892965,0.0,0.0,0.022520986199378968,0.9814453125,0.490722656249401,0.49531789058619063,0.981445312498802,0.9906357811723813,0.0,0.0,medseg_covid,segmentation
319,0.016516736894845962,0.9815673828125,0.49078369140610023,0.495348980471802,0.9815673828122005,0.990697960943604,0.0,0.0,0.02247857004404068,0.9814453125,0.490722656249401,0.49531789058619063,0.981445312498802,0.9906357811723813,0.0,0.0,medseg_covid,segmentation
320,0.01646246127784252,0.9815826416015625,0.4907913208006315,0.495352866438148,0.981582641601263,0.990705732876296,0.0,0.0,0.02253306657075882,0.9814453125,0.490722656249401,0.49531789058619063,0.981445312498802,0.9906357811723813,0.0,0.0,medseg_covid,segmentation
321,0.01645204909145832,0.9816131591796875,0.490806579589694,0.4953606381913041,0.981613159179388,0.9907212763826082,0.0,0.0,0.02249728888273239,0.9814453125,0.490722656249401,0.49531789058619063,0.981445312498802,0.9906357811723813,0.0,0.0,medseg_covid,segmentation
322,0.016525283455848694,0.98155517578125,0.4907775878904752,0.49534587165563526,0.9815551757809504,0.9906917433112705,0.0,0.0,0.022461199760437013,0.9814453125,0.490722656249401,0.49531789058619063,0.981445312498802,0.9906357811723813,0.0,0.0,medseg_covid,segmentation
323,0.016521167010068893,0.981622314453125,0.4908111572264127,0.4953629696705729,0.9816223144528254,0.9907259393411458,0.0,0.0,0.022502142190933227,0.9814453125,0.490722656249401,0.49531789058619063,0.981445312498802,0.9906357811723813,0.0,0.0,medseg_covid,segmentation
324,0.016496560722589492,0.98154296875,0.49077148437485024,0.4953427628011656,0.9815429687497005,0.9906855256023313,0.0,0.0,0.022548386454582216,0.9814453125,0.490722656249401,0.49531789058619063,0.981445312498802,0.9906357811723813,0.0,0.0,medseg_covid,segmentation
325,0.016508205235004424,0.981634521484375,0.49098331765151093,0.49569816530678745,0.9816344093894062,0.9907320994611449,0.0003322259136157438,0.0006642311524300194,0.022512494027614592,0.9814453125,0.490722656249401,0.49531789058619063,0.981445312498802,0.9906357811723813,0.0,0.0,medseg_covid,segmentation
326,0.016489850357174873,0.9816253662109375,0.49081268310531895,0.49536374682554174,0.9816253662106379,0.9907274936510835,0.0,0.0,0.022527292370796204,0.9814453125,0.490722656249401,0.49531789058619063,0.981445312498802,0.9906357811723813,0.0,0.0,medseg_covid,segmentation
327,0.016456469893455505,0.981549072265625,0.49077453613266275,0.49534431723318834,0.9815490722653255,0.9906886344663767,0.0,0.0,0.02249901443719864,0.9814453125,0.490722656249401,0.49531789058619063,0.981445312498802,0.9906357811723813,0.0,0.0,medseg_covid,segmentation
328,0.016479985415935518,0.9815582275390625,0.4908618123004614,0.4955120605020343,0.981558171258768,0.9906932690603188,0.0001654533421547741,0.0003308519437496964,0.02251152992248535,0.9814453125,0.490722656249401,0.49531789058619063,0.981445312498802,0.9906357811723813,0.0,0.0,medseg_covid,segmentation
329,0.016454270854592324,0.9816131591796875,0.490806579589694,0.4953606381913041,0.981613159179388,0.9907212763826082,0.0,0.0,0.022508811950683594,0.9814453125,0.490722656249401,0.49531789058619063,0.981445312498802,0.9906357811723813,0.0,0.0,medseg_covid,segmentation
330,0.016491062566637994,0.98157958984375,0.4907897949217252,0.4953520892496665,0.9815795898434504,0.990704178499333,0.0,0.0,0.022518862783908845,0.9814453125,0.490722656249401,0.49531789058619063,0.981445312498802,0.9906357811723813,0.0,0.0,medseg_covid,segmentation
331,0.016459199041128157,0.98160400390625,0.49080200195297524,0.49535830669049186,0.9816040039059505,0.9907166133809837,0.0,0.0,0.02252362370491028,0.9814453125,0.490722656249401,0.49531789058619063,0.981445312498802,0.9906357811723813,0.0,0.0,medseg_covid,segmentation
332,0.01646811217069626,0.98165283203125,0.4908264160154752,0.4953707411125475,0.9816528320309504,0.990741482225095,0.0,0.0,0.022522953152656556,0.9814453125,0.490722656249401,0.49531789058619063,0.981445312498802,0.9906357811723813,0.0,0.0,medseg_covid,segmentation
333,0.016459030285477638,0.9816009521484375,0.49080047607406896,0.49535752951876694,0.9816009521481379,0.9907150590375339,0.0,0.0,0.0225071057677269,0.9814453125,0.490722656249401,0.49531789058619063,0.981445312498802,0.9906357811723813,0.0,0.0,medseg_covid,segmentation
334,0.016458489745855332,0.981561279296875,0.4907806396482877,0.49534742606850646,0.9815612792965754,0.9906948521370129,0.0,0.0,0.02252192050218582,0.9814453125,0.490722656249401,0.49531789058619063,0.981445312498802,0.9906357811723813,0.0,0.0,medseg_covid,segmentation
335,0.01647999919950962,0.9815704345703125,0.49078521728500646,0.49534975766985895,0.9815704345700129,0.9906995153397179,0.0,0.0,0.022506485879421233,0.9814453125,0.490722656249401,0.49531789058619063,0.981445312498802,0.9906357811723813,0.0,0.0,medseg_covid,segmentation
336,0.01647685430943966,0.9815826416015625,0.49087412901332633,0.49551849731237174,0.981582585395774,0.9907057042487344,0.00016567263087863366,0.00033129037600908913,0.022517681121826172,0.9814453125,0.490722656249401,0.49531789058619063,0.981445312498802,0.9906357811723813,0.0,0.0,medseg_covid,segmentation
337,0.016450712457299232,0.9816314697265625,0.49081573486313146,0.49536530112829846,0.9816314697262629,0.9907306022565969,0.0,0.0,0.02256511151790619,0.9814453125,0.490722656249401,0.49531789058619063,0.981445312498802,0.9906357811723813,0.0,0.0,medseg_covid,segmentation
338,0.016453895717859268,0.981573486328125,0.49078674316391274,0.495350534865522,0.9815734863278255,0.990701069731044,0.0,0.0,0.022574028372764586,0.9814453125,0.490722656249401,0.49531789058619063,0.981445312498802,0.9906357811723813,0.0,0.0,medseg_covid,segmentation
339,0.016481798142194748,0.981597900390625,0.49079895019516273,0.49535675234464827,0.9815979003903255,0.9907135046892965,0.0,0.0,0.022561560571193694,0.9814453125,0.490722656249401,0.49531789058619063,0.981445312498802,0.9906357811723813,0.0,0.0,medseg_covid,segmentation
340,0.016476175189018248,0.9816131591796875,0.490806579589694,0.4953606381913041,0.981613159179388,0.9907212763826082,0.0,0.0,0.022538597881793975,0.9814453125,0.490722656249401,0.49531789058619063,0.981445312498802,0.9906357811723813,0.0,0.0,medseg_covid,segmentation
341,0.016480403393507002,0.98155517578125,0.4907775878904752,0.49534587165563526,0.9815551757809504,0.9906917433112705,0.0,0.0,0.022520342469215394,0.9814453125,0.490722656249401,0.49531789058619063,0.981445312498802,0.9906357811723813,0.0,0.0,medseg_covid,segmentation
342,0.01645539216697216,0.9815399169921875,0.49076995849594396,0.49534198558156334,0.9815399169918879,0.9906839711631267,0.0,0.0,0.022511251270771027,0.9814453125,0.490722656249401,0.49531789058619063,0.981445312498802,0.9906357811723813,0.0,0.0,medseg_covid,segmentation
343,0.016470599547028543,0.981549072265625,0.49077453613266275,0.49534431723318834,0.9815490722653255,0.9906886344663767,0.0,0.0,0.02252923846244812,0.9814453125,0.490722656249401,0.49531789058619063,0.981445312498802,0.9906357811723813,0.0,0.0,medseg_covid,segmentation
344,0.0165019616484642,0.981573486328125,0.49078674316391274,0.495350534865522,0.9815734863278255,0.990701069731044,0.0,0.0,0.022500325739383698,0.9814453125,0.490722656249401,0.49531789058619063,0.981445312498802,0.9906357811723813,0.0,0.0,medseg_covid,segmentation
345,0.016481150686740876,0.981573486328125,0.49078674316391274,0.495350534865522,0.9815734863278255,0.990701069731044,0.0,0.0,0.022512514889240266,0.9814453125,0.490722656249401,0.49531789058619063,0.981445312498802,0.9906357811723813,0.0,0.0,medseg_covid,segmentation
346,0.016455632448196412,0.9815673828125,0.49078369140610023,0.495348980471802,0.9815673828122005,0.990697960943604,0.0,0.0,0.02249276340007782,0.9814453125,0.490722656249401,0.49531789058619063,0.981445312498802,0.9906357811723813,0.0,0.0,medseg_covid,segmentation
347,0.016445712745189668,0.9816009521484375,0.49080047607406896,0.49535752951876694,0.9816009521481379,0.9907150590375339,0.0,0.0,0.022483526170253752,0.9814453125,0.490722656249401,0.49531789058619063,0.981445312498802,0.9906357811723813,0.0,0.0,medseg_covid,segmentation
348,0.016441911458969116,0.981549072265625,0.49077453613266275,0.49534431723318834,0.9815490722653255,0.9906886344663767,0.0,0.0,0.02248447239398956,0.9814453125,0.490722656249401,0.49531789058619063,0.981445312498802,0.9906357811723813,0.0,0.0,medseg_covid,segmentation
349,0.016457635164260864,0.9815887451171875,0.490794372558444,0.4953544208079295,0.981588745116888,0.990708841615859,0.0,0.0,0.022506512701511383,0.9814453125,0.490722656249401,0.49531789058619063,0.981445312498802,0.9906357811723813,0.0,0.0,medseg_covid,segmentation
350,0.016476605832576752,0.981634521484375,0.4908172607420377,0.49536607827608636,0.9816345214840754,0.9907321565521727,0.0,0.0,0.022484393417835237,0.9814453125,0.490722656249401,0.49531789058619063,0.981445312498802,0.9906357811723813,0.0,0.0,medseg_covid,segmentation
351,0.016441821679472925,0.981561279296875,0.4907806396482877,0.49534742606850646,0.9815612792965754,0.9906948521370129,0.0,0.0,0.022464682161808015,0.9814453125,0.490722656249401,0.49531789058619063,0.981445312498802,0.9906357811723813,0.0,0.0,medseg_covid,segmentation
352,0.016463445872068404,0.9816131591796875,0.490806579589694,0.4953606381913041,0.981613159179388,0.9907212763826082,0.0,0.0,0.02248117923736572,0.9814453125,0.490722656249401,0.49531789058619063,0.981445312498802,0.9906357811723813,0.0,0.0,medseg_covid,segmentation
353,0.016440350189805032,0.98160400390625,0.49080200195297524,0.49535830669049186,0.9816040039059505,0.9907166133809837,0.0,0.0,0.022517617046833038,0.9814453125,0.490722656249401,0.49531789058619063,0.981445312498802,0.9906357811723813,0.0,0.0,medseg_covid,segmentation
354,0.016480712965130807,0.981622314453125,0.4908111572264127,0.4953629696705729,0.9816223144528254,0.9907259393411458,0.0,0.0,0.02254708409309387,0.9814453125,0.490722656249401,0.49531789058619063,0.981445312498802,0.9906357811723813,0.0,0.0,medseg_covid,segmentation
355,0.016493362933397294,0.981610107421875,0.4908050537107877,0.49535986102676044,0.9816101074215754,0.9907197220535209,0.0,0.0,0.022542548179626466,0.9814453125,0.490722656249401,0.49531789058619063,0.981445312498802,0.9906357811723813,0.0,0.0,medseg_covid,segmentation
356,0.016491112858057023,0.9816070556640625,0.49080352783188147,0.495359083859823,0.9816070556637629,0.990718167719646,0.0,0.0,0.02251484841108322,0.9814453125,0.490722656249401,0.49531789058619063,0.981445312498802,0.9906357811723813,0.0,0.0,medseg_covid,segmentation
357,0.016457748040556906,0.981597900390625,0.49079895019516273,0.49535675234464827,0.9815979003903255,0.9907135046892965,0.0,0.0,0.022477705776691437,0.9814453125,0.490722656249401,0.49531789058619063,0.981445312498802,0.9906357811723813,0.0,0.0,medseg_covid,segmentation
358,0.01648021601140499,0.9816009521484375,0.49080047607406896,0.49535752951876694,0.9816009521481379,0.9907150590375339,0.0,0.0,0.022513818740844727,0.9814453125,0.490722656249401,0.49531789058619063,0.981445312498802,0.9906357811723813,0.0,0.0,medseg_covid,segmentation
359,0.016467631235718726,0.9816375732421875,0.49081878662094397,0.49536685542148057,0.9816375732418879,0.9907337108429611,0.0,0.0,0.0225118488073349,0.9814453125,0.490722656249401,0.49531789058619063,0.981445312498802,0.9906357811723813,0.0,0.0,medseg_covid,segmentation
360,0.016497137397527693,0.981573486328125,0.49078674316391274,0.495350534865522,0.9815734863278255,0.990701069731044,0.0,0.0,0.022491255402565004,0.9814453125,0.490722656249401,0.49531789058619063,0.981445312498802,0.9906357811723813,0.0,0.0,medseg_covid,segmentation
361,0.01647747792303562,0.9815765380859375,0.490953803148054,0.49568235443620484,0.9815764256370639,0.9907025668429553,0.0003311806590440275,0.0006621420294543595,0.02254069745540619,0.9814453125,0.490722656249401,0.49531789058619063,0.981445312498802,0.9906357811723813,0.0,0.0,medseg_covid,segmentation
362,0.016462212800979613,0.9816436767578125,0.4908218383787565,0.49536840970508816,0.981643676757513,0.9907368194101763,0.0,0.0,0.022520238161087038,0.9814453125,0.490722656249401,0.49531789058619063,0.981445312498802,0.9906357811723813,0.0,0.0,medseg_covid,segmentation
363,0.016491487622261047,0.98157958984375,0.4907897949217252,0.4953520892496665,0.9815795898434504,0.990704178499333,0.0,0.0,0.022517254948616026,0.9814453125,0.490722656249401,0.49531789058619063,0.981445312498802,0.9906357811723813,0.0,0.0,medseg_covid,segmentation
364,0.016478031873703003,0.9815704345703125,0.49078521728500646,0.49534975766985895,0.9815704345700129,0.9906995153397179,0.0,0.0,0.022467176616191863,0.9814453125,0.490722656249401,0.49531789058619063,0.981445312498802,0.9906357811723813,0.0,0.0,medseg_covid,segmentation
365,0.016466353833675385,0.9815948486328125,0.49079742431625645,0.49535597516813584,0.9815948486325129,0.9907119503362717,0.0,0.0,0.02245069444179535,0.9814453125,0.490722656249401,0.49531789058619063,0.981445312498802,0.9906357811723813,0.0,0.0,medseg_covid,segmentation
366,0.016469093784689904,0.9816070556640625,0.49080352783188147,0.495359083859823,0.9816070556637629,0.990718167719646,0.0,0.0,0.02245181053876877,0.9814453125,0.490722656249401,0.49531789058619063,0.981445312498802,0.9906357811723813,0.0,0.0,medseg_covid,segmentation
367,0.01650473102927208,0.981591796875,0.4907958984373502,0.49535519798922956,0.9815917968747004,0.9907103959784591,0.0,0.0,0.02250853180885315,0.9814453125,0.490722656249401,0.49531789058619063,0.981445312498802,0.9906357811723813,0.0,0.0,medseg_covid,segmentation
368,0.016496826708316804,0.981610107421875,0.4908050537107877,0.49535986102676044,0.9816101074215754,0.9907197220535209,0.0,0.0,0.02249295711517334,0.9814453125,0.490722656249401,0.49531789058619063,0.981445312498802,0.9906357811723813,0.0,0.0,medseg_covid,segmentation
369,0.01649298444390297,0.9815643310546875,0.49078216552719395,0.49534820327135115,0.9815643310543879,0.9906964065427023,0.0,0.0,0.022506429255008696,0.9814453125,0.490722656249401,0.49531789058619063,0.981445312498802,0.9906357811723813,0.0,0.0,medseg_covid,segmentation
370,0.016476934403181077,0.9816253662109375,0.49081268310531895,0.49536374682554174,0.9816253662106379,0.9907274936510835,0.0,0.0,0.022470782697200774,0.9814453125,0.490722656249401,0.49531789058619063,0.981445312498802,0.9906357811723813,0.0,0.0,medseg_covid,segmentation
371,0.01653469502925873,0.9815887451171875,0.490794372558444,0.4953544208079295,0.981588745116888,0.990708841615859,0.0,0.0,0.022475992143154145,0.9814453125,0.490722656249401,0.49531789058619063,0.981445312498802,0.9906357811723813,0.0,0.0,medseg_covid,segmentation
372,0.016488203778862953,0.98162841796875,0.49081420898422523,0.495364523978117,0.9816284179684505,0.990729047956234,0.0,0.0,0.022506949305534363,0.9814453125,0.490722656249401,0.49531789058619063,0.981445312498802,0.9906357811723813,0.0,0.0,medseg_covid,segmentation
373,0.01647917367517948,0.9815887451171875,0.490794372558444,0.4953544208079295,0.981588745116888,0.990708841615859,0.0,0.0,0.02246983051300049,0.9814453125,0.490722656249401,0.49531789058619063,0.981445312498802,0.9906357811723813,0.0,0.0,medseg_covid,segmentation
374,0.016508006677031516,0.98157958984375,0.4907897949217252,0.4953520892496665,0.9815795898434504,0.990704178499333,0.0,0.0,0.022503753006458283,0.9814453125,0.490722656249401,0.49531789058619063,0.981445312498802,0.9906357811723813,0.0,0.0,medseg_covid,segmentation
375,0.016456824168562888,0.981585693359375,0.4907928466795377,0.4953536436242357,0.9815856933590754,0.9907072872484713,0.0,0.0,0.02248346358537674,0.9814453125,0.490722656249401,0.49531789058619063,0.981445312498802,0.9906357811723813,0.0,0.0,medseg_covid,segmentation
376,0.016463294625282288,0.981640625,0.4908203124998502,0.4953676325644812,0.9816406249997004,0.9907352651289624,0.0,0.0,0.02249676436185837,0.9814453125,0.490722656249401,0.49531789058619063,0.981445312498802,0.9906357811723813,0.0,0.0,medseg_covid,segmentation
377,0.016453903168439865,0.981573486328125,0.49078674316391274,0.495350534865522,0.9815734863278255,0.990701069731044,0.0,0.0,0.022482118010520934,0.9814453125,0.490722656249401,0.49531789058619063,0.981445312498802,0.9906357811723813,0.0,0.0,medseg_covid,segmentation
378,0.016506117209792136,0.9816192626953125,0.4908096313475065,0.49536219251321034,0.981619262695013,0.9907243850264207,0.0,0.0,0.022514402866363525,0.9814453125,0.490722656249401,0.49531789058619063,0.981445312498802,0.9906357811723813,0.0,0.0,medseg_covid,segmentation
379,0.016439760103821754,0.9815277099609375,0.490763854980319,0.4953388766792141,0.981527709960638,0.9906777533584282,0.0,0.0,0.022511403262615203,0.9814453125,0.490722656249401,0.49531789058619063,0.981445312498802,0.9906357811723813,0.0,0.0,medseg_covid,segmentation
380,0.01647878959774971,0.981597900390625,0.49079895019516273,0.49535675234464827,0.9815979003903255,0.9907135046892965,0.0,0.0,0.022536686062812804,0.9814453125,0.490722656249401,0.49531789058619063,0.981445312498802,0.9906357811723813,0.0,0.0,medseg_covid,segmentation
381,0.01647365018725395,0.9816192626953125,0.4908096313475065,0.49536219251321034,0.981619262695013,0.9907243850264207,0.0,0.0,0.02255098521709442,0.9814453125,0.490722656249401,0.49531789058619063,0.981445312498802,0.9906357811723813,0.0,0.0,medseg_covid,segmentation
382,0.016469530388712884,0.9815887451171875,0.490794372558444,0.4953544208079295,0.981588745116888,0.990708841615859,0.0,0.0,0.02253725677728653,0.9814453125,0.490722656249401,0.49531789058619063,0.981445312498802,0.9906357811723813,0.0,0.0,medseg_covid,segmentation
383,0.01652069054543972,0.9816558837890625,0.49082794189438145,0.49537151824358006,0.9816558837887629,0.9907430364871601,0.0,0.0,0.022539182007312773,0.9814453125,0.490722656249401,0.49531789058619063,0.981445312498802,0.9906357811723813,0.0,0.0,medseg_covid,segmentation
384,0.01649216078221798,0.9816192626953125,0.4908096313475065,0.49536219251321034,0.981619262695013,0.9907243850264207,0.0,0.0,0.022549599409103394,0.9814453125,0.490722656249401,0.49531789058619063,0.981445312498802,0.9906357811723813,0.0,0.0,medseg_covid,segmentation
385,0.01643745191395283,0.9816162109375,0.4908081054686002,0.49536141535345407,0.9816162109372004,0.9907228307069081,0.0,0.0,0.022532616555690766,0.9814453125,0.490722656249401,0.49531789058619063,0.981445312498802,0.9906357811723813,0.0,0.0,medseg_covid,segmentation
386,0.01644287258386612,0.981610107421875,0.4908050537107877,0.49535986102676044,0.9816101074215754,0.9907197220535209,0.0,0.0,0.022545230388641358,0.9814453125,0.490722656249401,0.49531789058619063,0.981445312498802,0.9906357811723813,0.0,0.0,medseg_covid,segmentation
387,0.016471775993704797,0.98157958984375,0.4907897949217252,0.4953520892496665,0.9815795898434504,0.990704178499333,0.0,0.0,0.02252834290266037,0.9814453125,0.490722656249401,0.49531789058619063,0.981445312498802,0.9906357811723813,0.0,0.0,medseg_covid,segmentation
388,0.0165247593075037,0.9816009521484375,0.49080047607406896,0.49535752951876694,0.9816009521481379,0.9907150590375339,0.0,0.0,0.022533628344535827,0.9814453125,0.490722656249401,0.49531789058619063,0.981445312498802,0.9906357811723813,0.0,0.0,medseg_covid,segmentation
389,0.016437162831425666,0.981597900390625,0.49079895019516273,0.49535675234464827,0.9815979003903255,0.9907135046892965,0.0,0.0,0.02253148704767227,0.9814453125,0.490722656249401,0.49531789058619063,0.981445312498802,0.9906357811723813,0.0,0.0,medseg_covid,segmentation
390,0.016450492665171623,0.981610107421875,0.4908050537107877,0.49535986102676044,0.9816101074215754,0.9907197220535209,0.0,0.0,0.02257404923439026,0.9814453125,0.490722656249401,0.49531789058619063,0.981445312498802,0.9906357811723813,0.0,0.0,medseg_covid,segmentation
391,0.01647847890853882,0.981536865234375,0.49076843261703773,0.495341208359567,0.9815368652340755,0.990682416719134,0.0,0.0,0.022583992779254915,0.9814453125,0.490722656249401,0.49531789058619063,0.981445312498802,0.9906357811723813,0.0,0.0,medseg_covid,segmentation
392,0.016481224820017813,0.9815948486328125,0.49079742431625645,0.49535597516813584,0.9815948486325129,0.9907119503362717,0.0,0.0,0.02257379740476608,0.9814453125,0.490722656249401,0.49531789058619063,0.981445312498802,0.9906357811723813,0.0,0.0,medseg_covid,segmentation
393,0.016495275497436523,0.9816162109375,0.4908081054686002,0.49536141535345407,0.9816162109372004,0.9907228307069081,0.0,0.0,0.022490069270133972,0.9814453125,0.490722656249401,0.49531789058619063,0.981445312498802,0.9906357811723813,0.0,0.0,medseg_covid,segmentation
394,0.016425205767154692,0.9815765380859375,0.49078826904281897,0.4953513120587912,0.9815765380856379,0.9907026241175824,0.0,0.0,0.02250897288322449,0.9814453125,0.490722656249401,0.49531789058619063,0.981445312498802,0.9906357811723813,0.0,0.0,medseg_covid,segmentation
395,0.016457677260041235,0.9815643310546875,0.49078216552719395,0.49534820327135115,0.9815643310543879,0.9906964065427023,0.0,0.0,0.022542400658130644,0.9814453125,0.490722656249401,0.49531789058619063,0.981445312498802,0.9906357811723813,0.0,0.0,medseg_covid,segmentation
396,0.01644500680267811,0.98157958984375,0.4907897949217252,0.4953520892496665,0.9815795898434504,0.990704178499333,0.0,0.0,0.02251800298690796,0.9814453125,0.490722656249401,0.49531789058619063,0.981445312498802,0.9906357811723813,0.0,0.0,medseg_covid,segmentation
397,0.01649630405008793,0.98160400390625,0.49080200195297524,0.49535830669049186,0.9816040039059505,0.9907166133809837,0.0,0.0,0.022501058876514435,0.9814453125,0.490722656249401,0.49531789058619063,0.981445312498802,0.9906357811723813,0.0,0.0,medseg_covid,segmentation
398,0.016468868777155875,0.981561279296875,0.4907806396482877,0.49534742606850646,0.9815612792965754,0.9906948521370129,0.0,0.0,0.022490212321281434,0.9814453125,0.490722656249401,0.49531789058619063,0.981445312498802,0.9906357811723813,0.0,0.0,medseg_covid,segmentation
399,0.01645970158278942,0.9815582275390625,0.49094448346108965,0.49567736271390783,0.9815581149784296,0.9906932403939255,0.0003308519437496964,0.000661485033890169,0.02250584363937378,0.9814453125,0.490722656249401,0.49531789058619063,0.981445312498802,0.9906357811723813,0.0,0.0,medseg_covid,segmentation
400,0.016467005759477616,0.9815948486328125,0.49079742431625645,0.49535597516813584,0.9815948486325129,0.9907119503362717,0.0,0.0,0.02251498997211456,0.9814453125,0.490722656249401,0.49531789058619063,0.981445312498802,0.9906357811723813,0.0,0.0,medseg_covid,segmentation
401,0.01644643656909466,0.981585693359375,0.4907928466795377,0.4953536436242357,0.9815856933590754,0.9907072872484713,0.0,0.0,0.022490210831165314,0.9814453125,0.490722656249401,0.49531789058619063,0.981445312498802,0.9906357811723813,0.0,0.0,medseg_covid,segmentation
402,0.016454805433750153,0.9815399169921875,0.49076995849594396,0.49534198558156334,0.9815399169918879,0.9906839711631267,0.0,0.0,0.0224575474858284,0.9814453125,0.490722656249401,0.49531789058619063,0.981445312498802,0.9906357811723813,0.0,0.0,medseg_covid,segmentation
403,0.01643841192126274,0.981573486328125,0.49078674316391274,0.495350534865522,0.9815734863278255,0.990701069731044,0.0,0.0,0.022439876198768617,0.9814453125,0.490722656249401,0.49531789058619063,0.981445312498802,0.9906357811723813,0.0,0.0,medseg_covid,segmentation
404,0.016475418210029603,0.981591796875,0.4907958984373502,0.49535519798922956,0.9815917968747004,0.9907103959784591,0.0,0.0,0.022454714775085448,0.9814453125,0.490722656249401,0.49531789058619063,0.981445312498802,0.9906357811723813,0.0,0.0,medseg_covid,segmentation
405,0.016460308432579042,0.9816070556640625,0.49080352783188147,0.495359083859823,0.9816070556637629,0.990718167719646,0.0,0.0,0.022457802295684816,0.9814453125,0.490722656249401,0.49531789058619063,0.981445312498802,0.9906357811723813,0.0,0.0,medseg_covid,segmentation
406,0.016461279615759848,0.9816192626953125,0.4908096313475065,0.49536219251321034,0.981619262695013,0.9907243850264207,0.0,0.0,0.022453142702579497,0.9814453125,0.490722656249401,0.49531789058619063,0.981445312498802,0.9906357811723813,0.0,0.0,medseg_covid,segmentation
407,0.016443954408168794,0.9816009521484375,0.49080047607406896,0.49535752951876694,0.9816009521481379,0.9907150590375339,0.0,0.0,0.02242298275232315,0.9814453125,0.490722656249401,0.49531789058619063,0.981445312498802,0.9906357811723813,0.0,0.0,medseg_covid,segmentation
408,0.016470770165324212,0.9815643310546875,0.49078216552719395,0.49534820327135115,0.9815643310543879,0.9906964065427023,0.0,0.0,0.02242511361837387,0.9814453125,0.490722656249401,0.49531789058619063,0.981445312498802,0.9906357811723813,0.0,0.0,medseg_covid,segmentation
409,0.01646500863134861,0.981591796875,0.4907958984373502,0.49535519798922956,0.9815917968747004,0.9907103959784591,0.0,0.0,0.0224158376455307,0.9814453125,0.490722656249401,0.49531789058619063,0.981445312498802,0.9906357811723813,0.0,0.0,medseg_covid,segmentation
410,0.016490799933671953,0.9815948486328125,0.49079742431625645,0.49535597516813584,0.9815948486325129,0.9907119503362717,0.0,0.0,0.022421710193157196,0.9814453125,0.490722656249401,0.49531789058619063,0.981445312498802,0.9906357811723813,0.0,0.0,medseg_covid,segmentation
411,0.016485735774040222,0.9815948486328125,0.49079742431625645,0.49535597516813584,0.9815948486325129,0.9907119503362717,0.0,0.0,0.022426679730415344,0.9814453125,0.490722656249401,0.49531789058619063,0.981445312498802,0.9906357811723813,0.0,0.0,medseg_covid,segmentation
412,0.016493223235011102,0.9816162109375,0.4908081054686002,0.49536141535345407,0.9816162109372004,0.9907228307069081,0.0,0.0,0.02242720127105713,0.9814453125,0.490722656249401,0.49531789058619063,0.981445312498802,0.9906357811723813,0.0,0.0,medseg_covid,segmentation
413,0.016469545289874078,0.9815765380859375,0.49078826904281897,0.4953513120587912,0.9815765380856379,0.9907026241175824,0.0,0.0,0.02241102010011673,0.9814453125,0.490722656249401,0.49531789058619063,0.981445312498802,0.9906357811723813,0.0,0.0,medseg_covid,segmentation
414,0.016453762352466584,0.9816253662109375,0.49081268310531895,0.49536374682554174,0.9816253662106379,0.9907274936510835,0.0,0.0,0.022385989129543305,0.9814453125,0.490722656249401,0.49531789058619063,0.981445312498802,0.9906357811723813,0.0,0.0,medseg_covid,segmentation
415,0.01644597165286541,0.9816253662109375,0.49081268310531895,0.49536374682554174,0.9816253662106379,0.9907274936510835,0.0,0.0,0.022409267723560333,0.9814453125,0.490722656249401,0.49531789058619063,0.981445312498802,0.9906357811723813,0.0,0.0,medseg_covid,segmentation
416,0.016454484313726425,0.9815887451171875,0.49087720823697034,0.4955201065818277,0.9815886889300256,0.9907088129979609,0.00016572754391505257,0.00033140016569459154,0.022418828308582307,0.9814453125,0.490722656249401,0.49531789058619063,0.981445312498802,0.9906357811723813,0.0,0.0,medseg_covid,segmentation
417,0.01649816073477268,0.9815887451171875,0.490794372558444,0.4953544208079295,0.981588745116888,0.990708841615859,0.0,0.0,0.022432179749011995,0.9814453125,0.490722656249401,0.49531789058619063,0.981445312498802,0.9906357811723813,0.0,0.0,medseg_covid,segmentation
418,0.01643921248614788,0.9816070556640625,0.49080352783188147,0.495359083859823,0.9816070556637629,0.990718167719646,0.0,0.0,0.022431813180446625,0.9814453125,0.490722656249401,0.49531789058619063,0.981445312498802,0.9906357811723813,0.0,0.0,medseg_covid,segmentation
419,0.016464273631572723,0.9816070556640625,0.4910521998537946,0.4958563060184553,0.9816068872697865,0.9907180819523921,0.0004975124378026947,0.0009945300845185725,0.022436699271202086,0.9814453125,0.490722656249401,0.49531789058619063,0.981445312498802,0.9906357811723813,0.0,0.0,medseg_covid,segmentation
420,0.016451361775398254,0.981622314453125,0.4908111572264127,0.4953629696705729,0.9816223144528254,0.9907259393411458,0.0,0.0,0.022439995408058168,0.9814453125,0.490722656249401,0.49531789058619063,0.981445312498802,0.9906357811723813,0.0,0.0,medseg_covid,segmentation
421,0.016491644084453583,0.9815948486328125,0.49079742431625645,0.49535597516813584,0.9815948486325129,0.9907119503362717,0.0,0.0,0.022437632083892822,0.9814453125,0.490722656249401,0.49531789058619063,0.981445312498802,0.9906357811723813,0.0,0.0,medseg_covid,segmentation
422,0.01650509685277939,0.98162841796875,0.49081420898422523,0.495364523978117,0.9816284179684505,0.990729047956234,0.0,0.0,0.022404834628105164,0.9814453125,0.490722656249401,0.49531789058619063,0.981445312498802,0.9906357811723813,0.0,0.0,medseg_covid,segmentation
423,0.016445913910865785,0.9815887451171875,0.490794372558444,0.4953544208079295,0.981588745116888,0.990708841615859,0.0,0.0,0.02238435447216034,0.9814453125,0.490722656249401,0.49531789058619063,0.981445312498802,0.9906357811723813,0.0,0.0,medseg_covid,segmentation
424,0.01649218313395977,0.9815948486328125,0.49079742431625645,0.49535597516813584,0.9815948486325129,0.9907119503362717,0.0,0.0,0.02237020432949066,0.9814453125,0.490722656249401,0.49531789058619063,0.981445312498802,0.9906357811723813,0.0,0.0,medseg_covid,segmentation
425,0.016455507650971413,0.9816009521484375,0.49080047607406896,0.49535752951876694,0.9816009521481379,0.9907150590375339,0.0,0.0,0.022392204403877257,0.9814453125,0.490722656249401,0.49531789058619063,0.981445312498802,0.9906357811723813,0.0,0.0,medseg_covid,segmentation
426,0.016534067690372467,0.981573486328125,0.49078674316391274,0.495350534865522,0.9815734863278255,0.990701069731044,0.0,0.0,0.02240854501724243,0.9814453125,0.490722656249401,0.49531789058619063,0.981445312498802,0.9906357811723813,0.0,0.0,medseg_covid,segmentation
427,0.01649271175265312,0.9816314697265625,0.49081573486313146,0.49536530112829846,0.9816314697262629,0.9907306022565969,0.0,0.0,0.022410765290260315,0.9814453125,0.490722656249401,0.49531789058619063,0.981445312498802,0.9906357811723813,0.0,0.0,medseg_covid,segmentation
428,0.01648501642048359,0.981622314453125,0.4908111572264127,0.4953629696705729,0.9816223144528254,0.9907259393411458,0.0,0.0,0.022482915222644805,0.9814453125,0.490722656249401,0.49531789058619063,0.981445312498802,0.9906357811723813,0.0,0.0,medseg_covid,segmentation
429,0.016454732045531273,0.981585693359375,0.4909584631140692,0.49568485050985855,0.9815855809663812,0.9907072300028351,0.0003313452617572673,0.0006624710168820393,0.022447499632835387,0.9814453125,0.490722656249401,0.49531789058619063,0.981445312498802,0.9906357811723813,0.0,0.0,medseg_covid,segmentation
430,0.016468753293156623,0.98157958984375,0.4907897949217252,0.4953520892496665,0.9815795898434504,0.990704178499333,0.0,0.0,0.022427086532115937,0.9814453125,0.490722656249401,0.49531789058619063,0.981445312498802,0.9906357811723813,0.0,0.0,medseg_covid,segmentation
431,0.016505460441112518,0.981585693359375,0.4912066820111886,0.49618083877730307,0.9815854123747672,0.9907071441330584,0.0008279516476100687,0.001654533421547741,0.0224237859249115,0.9814453125,0.490722656249401,0.49531789058619063,0.981445312498802,0.9906357811723813,0.0,0.0,medseg_covid,segmentation
432,0.016480405628681184,0.9816253662109375,0.49131027495707535,0.49635819122898117,0.981625029754884,0.9907273222889252,0.0009955201592667079,0.001989060169037145,0.022458994388580324,0.9814453125,0.490722656249401,0.49531789058619063,0.981445312498802,0.9906357811723813,0.0,0.0,medseg_covid,segmentation
433,0.016449473798274994,0.981585693359375,0.4907928466795377,0.4953536436242357,0.9815856933590754,0.9907072872484713,0.0,0.0,0.022446203231811523,0.9814453125,0.490722656249401,0.49531789058619063,0.981445312498802,0.9906357811723813,0.0,0.0,medseg_covid,segmentation
434,0.01646302342414856,0.9815704345703125,0.49078521728500646,0.49534975766985895,0.9815704345700129,0.9906995153397179,0.0,0.0,0.02250303030014038,0.9814453125,0.490722656249401,0.49531789058619063,0.981445312498802,0.9906357811723813,0.0,0.0,medseg_covid,segmentation
435,0.016461703926324844,0.9815673828125,0.49078369140610023,0.495348980471802,0.9815673828122005,0.990697960943604,0.0,0.0,0.022515785694122315,0.9814453125,0.490722656249401,0.49531789058619063,0.981445312498802,0.9906357811723813,0.0,0.0,medseg_covid,segmentation
436,0.016463372483849527,0.9815216064453125,0.4907608032225065,0.4953373222136753,0.981521606445013,0.9906746444273506,0.0,0.0,0.0225185289978981,0.9814453125,0.490722656249401,0.49531789058619063,0.981445312498802,0.9906357811723813,0.0,0.0,medseg_covid,segmentation
437,0.016488688066601753,0.9816070556640625,0.4916314731092812,0.4970126534960432,0.9816064943385169,0.9907178818226355,0.0016564518800454456,0.0033074251694508445,0.022526662051677703,0.9814453125,0.490722656249401,0.49531789058619063,0.981445312498802,0.9906357811723813,0.0,0.0,medseg_covid,segmentation
438,0.016474344581365586,0.9815643310546875,0.49078216552719395,0.49534820327135115,0.9815643310543879,0.9906964065427023,0.0,0.0,0.022567635774612425,0.9814453125,0.490722656249401,0.49531789058619063,0.981445312498802,0.9906357811723813,0.0,0.0,medseg_covid,segmentation
439,0.016490357741713525,0.981622314453125,0.49172250133018286,0.49718279932330445,0.9816216975054151,0.9907256251192038,0.001823305154950716,0.00363997352740503,0.02248968482017517,0.9814453125,0.490722656249401,0.49531789058619063,0.981445312498802,0.9906357811723813,0.0,0.0,medseg_covid,segmentation
440,0.016477980464696885,0.9815399169921875,0.49076995849594396,0.49534198558156334,0.9815399169918879,0.9906839711631267,0.0,0.0,0.02249418795108795,0.9814453125,0.490722656249401,0.49531789058619063,0.981445312498802,0.9906357811723813,0.0,0.0,medseg_covid,segmentation
441,0.016497350111603738,0.981585693359375,0.4907928466795377,0.4953536436242357,0.9815856933590754,0.9907072872484713,0.0,0.0,0.02248426526784897,0.9814453125,0.490722656249401,0.49531789058619063,0.981445312498802,0.9906357811723813,0.0,0.0,medseg_covid,segmentation
442,0.016450382024049758,0.9816070556640625,0.49080352783188147,0.495359083859823,0.9816070556637629,0.990718167719646,0.0,0.0,0.022538962960243224,0.9814453125,0.490722656249401,0.49531789058619063,0.981445312498802,0.9906357811723813,0.0,0.0,medseg_covid,segmentation
443,0.01645714044570923,0.9816253662109375,0.49081268310531895,0.49536374682554174,0.9816253662106379,0.9907274936510835,0.0,0.0,0.022501441836357116,0.9814453125,0.490722656249401,0.49531789058619063,0.981445312498802,0.9906357811723813,0.0,0.0,medseg_covid,segmentation
444,0.016437748074531557,0.9816192626953125,0.4908096313475065,0.49536219251321034,0.981619262695013,0.9907243850264207,0.0,0.0,0.02245458960533142,0.9814453125,0.490722656249401,0.49531789058619063,0.981445312498802,0.9906357811723813,0.0,0.0,medseg_covid,segmentation
445,0.016494618356227876,0.9816253662109375,0.49081268310531895,0.49536374682554174,0.9816253662106379,0.9907274936510835,0.0,0.0,0.0225208580493927,0.9814453125,0.490722656249401,0.49531789058619063,0.981445312498802,0.9906357811723813,0.0,0.0,medseg_covid,segmentation
446,0.016483959555625916,0.981585693359375,0.4907928466795377,0.4953536436242357,0.9815856933590754,0.9907072872484713,0.0,0.0,0.022591817378997802,0.9814453125,0.490722656249401,0.49531789058619063,0.981445312498802,0.9906357811723813,0.0,0.0,medseg_covid,segmentation
447,0.016484854370355607,0.9815765380859375,0.49078826904281897,0.4953513120587912,0.9815765380856379,0.9907026241175824,0.0,0.0,0.022505272924900056,0.9814453125,0.490722656249401,0.49531789058619063,0.981445312498802,0.9906357811723813,0.0,0.0,medseg_covid,segmentation
448,0.016484873741865157,0.981573486328125,0.49078674316391274,0.495350534865522,0.9815734863278255,0.990701069731044,0.0,0.0,0.022553904354572295,0.9814453125,0.490722656249401,0.49531789058619063,0.981445312498802,0.9906357811723813,0.0,0.0,medseg_covid,segmentation
449,0.016451750695705415,0.9816009521484375,0.49080047607406896,0.49535752951876694,0.9816009521481379,0.9907150590375339,0.0,0.0,0.02254520058631897,0.9814453125,0.490722656249401,0.49531789058619063,0.981445312498802,0.9906357811723813,0.0,0.0,medseg_covid,segmentation
450,0.01646384075284004,0.981585693359375,0.4908756686228736,0.4955193019437493,0.9815856371628998,0.9907072586257414,0.00016570008284729577,0.0003313452617572673,0.022526612877845763,0.9814453125,0.490722656249401,0.49531789058619063,0.981445312498802,0.9906357811723813,0.0,0.0,medseg_covid,segmentation
451,0.01648925356566906,0.981561279296875,0.4907806396482877,0.49534742606850646,0.9815612792965754,0.9906948521370129,0.0,0.0,0.022545769810676575,0.9814453125,0.490722656249401,0.49531789058619063,0.981445312498802,0.9906357811723813,0.0,0.0,medseg_covid,segmentation
452,0.01648111343383789,0.981610107421875,0.4908050537107877,0.49535986102676044,0.9816101074215754,0.9907197220535209,0.0,0.0,0.022542348504066466,0.9814453125,0.490722656249401,0.49531789058619063,0.981445312498802,0.9906357811723813,0.0,0.0,medseg_covid,segmentation
453,0.01646754629909992,0.9816131591796875,0.490806579589694,0.4953606381913041,0.981613159179388,0.9907212763826082,0.0,0.0,0.022513604164123534,0.9814453125,0.490722656249401,0.49531789058619063,0.981445312498802,0.9906357811723813,0.0,0.0,medseg_covid,segmentation
454,0.016488002985715865,0.981622314453125,0.4908111572264127,0.4953629696705729,0.9816223144528254,0.9907259393411458,0.0,0.0,0.022504602372646332,0.9814453125,0.490722656249401,0.49531789058619063,0.981445312498802,0.9906357811723813,0.0,0.0,medseg_covid,segmentation
455,0.01647673435509205,0.981561279296875,0.4907806396482877,0.49534742606850646,0.9815612792965754,0.9906948521370129,0.0,0.0,0.02246551513671875,0.9814453125,0.490722656249401,0.49531789058619063,0.981445312498802,0.9906357811723813,0.0,0.0,medseg_covid,segmentation
456,0.01650707870721817,0.9815704345703125,0.49078521728500646,0.49534975766985895,0.9815704345700129,0.9906995153397179,0.0,0.0,0.0224731907248497,0.9814453125,0.490722656249401,0.49531789058619063,0.981445312498802,0.9906357811723813,0.0,0.0,medseg_covid,segmentation
457,0.01647770293056965,0.9816131591796875,0.490806579589694,0.4953606381913041,0.981613159179388,0.9907212763826082,0.0,0.0,0.022424669563770296,0.9814453125,0.490722656249401,0.49531789058619063,0.981445312498802,0.9906357811723813,0.0,0.0,medseg_covid,segmentation
458,0.016437129676342012,0.9816131591796875,0.4908895253137998,0.4955265439282258,0.9816131030670315,0.9907212478033627,0.00016594756056810574,0.0003318400530889026,0.02246636301279068,0.9814453125,0.490722656249401,0.49531789058619063,0.981445312498802,0.9906357811723813,0.0,0.0,medseg_covid,segmentation
459,0.016545996069908142,0.9815704345703125,0.49078521728500646,0.49534975766985895,0.9815704345700129,0.9906995153397179,0.0,0.0,0.022453096508979798,0.9814453125,0.490722656249401,0.49531789058619063,0.981445312498802,0.9906357811723813,0.0,0.0,medseg_covid,segmentation
460,0.016493654996156692,0.98160400390625,0.49080200195297524,0.49535830669049186,0.9816040039059505,0.9907166133809837,0.0,0.0,0.02242092788219452,0.9814453125,0.490722656249401,0.49531789058619063,0.981445312498802,0.9906357811723813,0.0,0.0,medseg_covid,segmentation
461,0.016468793153762817,0.9815673828125,0.49078369140610023,0.495348980471802,0.9815673828122005,0.990697960943604,0.0,0.0,0.022472116351127624,0.9814453125,0.490722656249401,0.49531789058619063,0.981445312498802,0.9906357811723813,0.0,0.0,medseg_covid,segmentation
462,0.016496000811457634,0.9815704345703125,0.49078521728500646,0.49534975766985895,0.9815704345700129,0.9906995153397179,0.0,0.0,0.02251412570476532,0.9814453125,0.490722656249401,0.49531789058619063,0.981445312498802,0.9906357811723813,0.0,0.0,medseg_covid,segmentation
463,0.016443805396556856,0.981597900390625,0.49079895019516273,0.49535675234464827,0.9815979003903255,0.9907135046892965,0.0,0.0,0.022489672899246214,0.9814453125,0.490722656249401,0.49531789058619063,0.981445312498802,0.9906357811723813,0.0,0.0,medseg_covid,segmentation
464,0.01644028425216675,0.981585693359375,0.4907928466795377,0.4953536436242357,0.9815856933590754,0.9907072872484713,0.0,0.0,0.02251203656196594,0.9814453125,0.490722656249401,0.49531789058619063,0.981445312498802,0.9906357811723813,0.0,0.0,medseg_covid,segmentation
465,0.016500483825802804,0.9816009521484375,0.49080047607406896,0.49535752951876694,0.9816009521481379,0.9907150590375339,0.0,0.0,0.02245042622089386,0.9814453125,0.490722656249401,0.49531789058619063,0.981445312498802,0.9906357811723813,0.0,0.0,medseg_covid,segmentation
466,0.01649770066142082,0.9816131591796875,0.490806579589694,0.4953606381913041,0.981613159179388,0.9907212763826082,0.0,0.0,0.022538387775421144,0.9814453125,0.490722656249401,0.49531789058619063,0.981445312498802,0.9906357811723813,0.0,0.0,medseg_covid,segmentation
467,0.016450736671686172,0.9815704345703125,0.49078521728500646,0.49534975766985895,0.9815704345700129,0.9906995153397179,0.0,0.0,0.02254006564617157,0.9814453125,0.490722656249401,0.49531789058619063,0.981445312498802,0.9906357811723813,0.0,0.0,medseg_covid,segmentation
468,0.016482976078987122,0.981585693359375,0.4907928466795377,0.4953536436242357,0.9815856933590754,0.9907072872484713,0.0,0.0,0.022518646717071534,0.9814453125,0.490722656249401,0.49531789058619063,0.981445312498802,0.9906357811723813,0.0,0.0,medseg_covid,segmentation
469,0.016424283385276794,0.9815582275390625,0.4908618123004614,0.4955120605020343,0.981558171258768,0.9906932690603188,0.0001654533421547741,0.0003308519437496964,0.02255372405052185,0.9814453125,0.490722656249401,0.49531789058619063,0.981445312498802,0.9906357811723813,0.0,0.0,medseg_covid,segmentation
470,0.016469668596982956,0.981573486328125,0.49078674316391274,0.495350534865522,0.9815734863278255,0.990701069731044,0.0,0.0,0.02256978452205658,0.9814453125,0.490722656249401,0.49531789058619063,0.981445312498802,0.9906357811723813,0.0,0.0,medseg_covid,segmentation
471,0.016468065232038497,0.9815948486328125,0.49079742431625645,0.49535597516813584,0.9815948486325129,0.9907119503362717,0.0,0.0,0.0225791871547699,0.9814453125,0.490722656249401,0.49531789058619063,0.981445312498802,0.9906357811723813,0.0,0.0,medseg_covid,segmentation
472,0.016516875475645065,0.9815643310546875,0.49078216552719395,0.49534820327135115,0.9815643310543879,0.9906964065427023,0.0,0.0,0.022586116194725038,0.9814453125,0.490722656249401,0.49531789058619063,0.981445312498802,0.9906357811723813,0.0,0.0,medseg_covid,segmentation
473,0.01649286299943924,0.9815673828125,0.49078369140610023,0.495348980471802,0.9815673828122005,0.990697960943604,0.0,0.0,0.022522832453250884,0.9814453125,0.490722656249401,0.49531789058619063,0.981445312498802,0.9906357811723813,0.0,0.0,medseg_covid,segmentation
474,0.016503112390637398,0.9815948486328125,0.49079742431625645,0.49535597516813584,0.9815948486325129,0.9907119503362717,0.0,0.0,0.02252607196569443,0.9814453125,0.490722656249401,0.49531789058619063,0.981445312498802,0.9906357811723813,0.0,0.0,medseg_covid,segmentation
475,0.016471422091126443,0.9815643310546875,0.49078216552719395,0.49534820327135115,0.9815643310543879,0.9906964065427023,0.0,0.0,0.022511182725429534,0.9814453125,0.490722656249401,0.49531789058619063,0.981445312498802,0.9906357811723813,0.0,0.0,medseg_covid,segmentation
476,0.016438439860939978,0.981585693359375,0.4907928466795377,0.4953536436242357,0.9815856933590754,0.9907072872484713,0.0,0.0,0.022490155696868897,0.9814453125,0.490722656249401,0.49531789058619063,0.981445312498802,0.9906357811723813,0.0,0.0,medseg_covid,segmentation
477,0.01646294817328453,0.9815826416015625,0.4907913208006315,0.495352866438148,0.981582641601263,0.990705732876296,0.0,0.0,0.022497981786727905,0.9814453125,0.490722656249401,0.49531789058619063,0.981445312498802,0.9906357811723813,0.0,0.0,medseg_covid,segmentation
478,0.01644970811903477,0.981549072265625,0.49077453613266275,0.49534431723318834,0.9815490722653255,0.9906886344663767,0.0,0.0,0.02250148802995682,0.9814453125,0.490722656249401,0.49531789058619063,0.981445312498802,0.9906357811723813,0.0,0.0,medseg_covid,segmentation
479,0.016464181989431382,0.9815582275390625,0.4907791137693815,0.4953466488632678,0.981558227538763,0.9906932977265356,0.0,0.0,0.02247343063354492,0.9814453125,0.490722656249401,0.49531789058619063,0.981445312498802,0.9906357811723813,0.0,0.0,medseg_covid,segmentation
480,0.016473357379436494,0.98160400390625,0.49162981001488726,0.49701160287124,0.9816034424875694,0.9907163274356564,0.001656177542205098,0.00330687830682363,0.022510595619678497,0.9814453125,0.490722656249401,0.49531789058619063,0.981445312498802,0.9906357811723813,0.0,0.0,medseg_covid,segmentation
481,0.01644059978425503,0.98157958984375,0.4907897949217252,0.4953520892496665,0.9815795898434504,0.990704178499333,0.0,0.0,0.022519874572753906,0.9814453125,0.490722656249401,0.49531789058619063,0.981445312498802,0.9906357811723813,0.0,0.0,medseg_covid,segmentation
482,0.01649128533899784,0.9815673828125,0.49078369140610023,0.495348980471802,0.9815673828122005,0.990697960943604,0.0,0.0,0.02253492474555969,0.9814453125,0.490722656249401,0.49531789058619063,0.981445312498802,0.9906357811723813,0.0,0.0,medseg_covid,segmentation
483,0.016476044431328773,0.981591796875,0.4907958984373502,0.49535519798922956,0.9815917968747004,0.9907103959784591,0.0,0.0,0.02250092029571533,0.9814453125,0.490722656249401,0.49531789058619063,0.981445312498802,0.9906357811723813,0.0,0.0,medseg_covid,segmentation
484,0.0164694931358099,0.981597900390625,0.49079895019516273,0.49535675234464827,0.9815979003903255,0.9907135046892965,0.0,0.0,0.022496037185192108,0.9814453125,0.490722656249401,0.49531789058619063,0.981445312498802,0.9906357811723813,0.0,0.0,medseg_covid,segmentation
485,0.0164169792085886,0.981646728515625,0.49115558856117075,0.49603336094300204,0.981646504473632,0.990738259581144,0.0006646726487094604,0.0013284623048600388,0.022508490085601806,0.9814453125,0.490722656249401,0.49531789058619063,0.981445312498802,0.9906357811723813,0.0,0.0,medseg_covid,segmentation
486,0.016465430706739427,0.9816162109375,0.4908081054686002,0.49536141535345407,0.9816162109372004,0.9907228307069081,0.0,0.0,0.022528617084026335,0.9814453125,0.490722656249401,0.49531789058619063,0.981445312498802,0.9906357811723813,0.0,0.0,medseg_covid,segmentation
487,0.016434600576758385,0.9816314697265625,0.49081573486313146,0.49536530112829846,0.9816314697262629,0.9907306022565969,0.0,0.0,0.022510805726051332,0.9814453125,0.490722656249401,0.49531789058619063,0.981445312498802,0.9906357811723813,0.0,0.0,medseg_covid,segmentation
488,0.01645081341266632,0.9815643310546875,0.49078216552719395,0.49534820327135115,0.9815643310543879,0.9906964065427023,0.0,0.0,0.0225162073969841,0.9814453125,0.490722656249401,0.49531789058619063,0.981445312498802,0.9906357811723813,0.0,0.0,medseg_covid,segmentation
489,0.016454055905342102,0.981622314453125,0.4908111572264127,0.4953629696705729,0.9816223144528254,0.9907259393411458,0.0,0.0,0.022493186593055724,0.9814453125,0.490722656249401,0.49531789058619063,0.981445312498802,0.9906357811723813,0.0,0.0,medseg_covid,segmentation
490,0.016476162895560264,0.981536865234375,0.49085103541453007,0.4955064286427226,0.9815368088888877,0.9906823880190925,0.0001652619401724465,0.0003304692663527682,0.022534912824630736,0.9814453125,0.490722656249401,0.49531789058619063,0.981445312498802,0.9906357811723813,0.0,0.0,medseg_covid,segmentation
491,0.016510968282818794,0.9815948486328125,0.49079742431625645,0.49535597516813584,0.9815948486325129,0.9907119503362717,0.0,0.0,0.02247418016195297,0.9814453125,0.490722656249401,0.49531789058619063,0.981445312498802,0.9906357811723813,0.0,0.0,medseg_covid,segmentation
492,0.0164871945977211,0.98157958984375,0.4908725894083264,0.4955176926876903,0.9815795336286482,0.9907041498669396,0.00016564518800454457,0.00033123550844101963,0.022498145699501038,0.9814453125,0.490722656249401,0.49531789058619063,0.981445312498802,0.9906357811723813,0.0,0.0,medseg_covid,segmentation
493,0.016506684571504594,0.9815582275390625,0.4907791137693815,0.4953466488632678,0.981558227538763,0.9906932977265356,0.0,0.0,0.02250613272190094,0.9814453125,0.490722656249401,0.49531789058619063,0.981445312498802,0.9906357811723813,0.0,0.0,medseg_covid,segmentation
494,0.016454603895545004,0.98162841796875,0.49081420898422523,0.495364523978117,0.9816284179684505,0.990729047956234,0.0,0.0,0.02247198820114136,0.9814453125,0.490722656249401,0.49531789058619063,0.981445312498802,0.9906357811723813,0.0,0.0,medseg_covid,segmentation
495,0.01644242964684963,0.981585693359375,0.4907928466795377,0.4953536436242357,0.9815856933590754,0.9907072872484713,0.0,0.0,0.022502925992012025,0.9814453125,0.490722656249401,0.49531789058619063,0.981445312498802,0.9906357811723813,0.0,0.0,medseg_covid,segmentation
496,0.016455690190196038,0.981597900390625,0.49079895019516273,0.49535675234464827,0.9815979003903255,0.9907135046892965,0.0,0.0,0.022524043917655945,0.9814453125,0.490722656249401,0.49531789058619063,0.981445312498802,0.9906357811723813,0.0,0.0,medseg_covid,segmentation
497,0.016509415581822395,0.981561279296875,0.4907806396482877,0.49534742606850646,0.9815612792965754,0.9906948521370129,0.0,0.0,0.022575125098228455,0.9814453125,0.490722656249401,0.49531789058619063,0.981445312498802,0.9906357811723813,0.0,0.0,medseg_covid,segmentation
498,0.016442719846963882,0.9816192626953125,0.4908096313475065,0.49536219251321034,0.981619262695013,0.9907243850264207,0.0,0.0,0.02255665361881256,0.9814453125,0.490722656249401,0.49531789058619063,0.981445312498802,0.9906357811723813,0.0,0.0,medseg_covid,segmentation
499,0.01645503155887127,0.9815032958984375,0.490751647949069,0.4953326587596015,0.981503295898138,0.990665317519203,0.0,0.0,0.022555865347385406,0.9814453125,0.490722656249401,0.49531789058619063,0.981445312498802,0.9906357811723813,0.0,0.0,medseg_covid,segmentation
500,0.016477862372994423,0.9815948486328125,0.49079742431625645,0.49535597516813584,0.9815948486325129,0.9907119503362717,0.0,0.0,0.022556281089782713,0.9814453125,0.490722656249401,0.49531789058619063,0.981445312498802,0.9906357811723813,0.0,0.0,medseg_covid,segmentation
