epoch,train_loss,train_accuracy,train_mean_iou,train_mean_dice,train_iou_Class_0,train_dice_Class_0,train_iou_Class_1,train_dice_Class_1,val_loss,val_accuracy,val_mean_iou,val_mean_dice,val_iou_Class_0,val_dice_Class_0,val_iou_Class_1,val_dice_Class_1,dataset,task
1,0.011938441029392687,0.9901371317698543,0.49623824334903366,0.49985612774252536,0.990136903645191,0.9950440111246903,0.002339583052876276,0.004668244360360368,0.009381524490234548,0.9951474756226504,0.4975737378113161,0.4987839183727875,0.9951474756226322,0.997567836745575,0.0,0.0,brain_stroke,segmentation
2,0.008723123584474836,0.9950192100123355,0.4975096050061655,0.4987516937273907,0.995019210012331,0.9975033874547814,0.0,0.0,0.008428188979177546,0.9951474756226504,0.4975737378113161,0.4987839183727875,0.9951474756226322,0.997567836745575,0.0,0.0,brain_stroke,segmentation
3,0.00826577405844416,0.995020724418468,0.4975103622092317,0.4987520742214375,0.9950207244184635,0.997504148442875,0.0,0.0,0.008233426477676047,0.9951474756226504,0.4975737378113161,0.4987839183727875,0.9951474756226322,0.997567836745575,0.0,0.0,brain_stroke,segmentation
4,0.008067431258863972,0.9939918001791588,0.540406030593768,0.5783801222678271,0.9939883660191176,0.9969851208345392,0.08682369516841842,0.1597751237011149,0.007946526119135376,0.9924729426104323,0.5981301401101287,0.6674059811650608,0.9924584122957585,0.996214933442173,0.20380186792449895,0.33859702888794846,brain_stroke,segmentation
5,0.007950964502822188,0.9932144050311326,0.5773093055981942,0.6372754981649963,0.9932055307309733,0.9965911848204962,0.16141308046541514,0.27795981150949634,0.007857742222180044,0.9950536742246241,0.6173593180599249,0.6920938697596677,0.9950459498902778,0.9975168240561102,0.23967268622957202,0.38667091546322513,brain_stroke,segmentation
6,0.007820427398148335,0.9933198168761748,0.595937537021984,0.663991443069664,0.9933087421201873,0.9966431402529768,0.19856633192378073,0.3313397458863511,0.0077232809331184045,0.9948113692434211,0.6347090703201923,0.7141474938888402,0.9948011570395804,0.9973938039177122,0.2746169836008042,0.4309011838599684,brain_stroke,segmentation
7,0.0077643102160970074,0.9932470335996241,0.599319687484959,0.668705790126245,0.9932352246603487,0.9966061329561323,0.20540415030956935,0.34080544729635764,0.007647260642589483,0.9948974609375,0.6456537231462608,0.727363959950832,0.9948864682635057,0.9974366803234944,0.29642097802901585,0.45729123957816964,brain_stroke,segmentation
8,0.00770768436946367,0.9933429918791118,0.6059327975547036,0.6776694852025877,0.9933305759582162,0.9966541304677586,0.21853501915119108,0.35868483993741684,0.007629074033041645,0.9934618039238722,0.6316946939803614,0.7109194520928236,0.9934459592492977,0.9967122054549347,0.26994342871142507,0.4251266987307125,brain_stroke,segmentation
9,0.007654806304919093,0.9936567034040179,0.6151432402283987,0.6897646995301465,0.9936442051566383,0.9968119713502931,0.23664227530015924,0.3827174277099999,0.007573297395742029,0.9946806714050752,0.6533405516772862,0.7364759902549333,0.9946678080086846,0.9973267769350332,0.3120132953458879,0.4756252035748333,brain_stroke,segmentation
10,0.007625918908226759,0.9937437129199953,0.6193065071965931,0.6951388473150691,0.9937309937884696,0.9968556408908417,0.24488202060471648,0.3934220537392966,0.007543758286121196,0.9949769443139098,0.6567783415538082,0.7403531507860737,0.994965119783543,0.997476206392519,0.3185915633240734,0.4832300951796283,brain_stroke,segmentation
11,0.007590905478910396,0.9938242517915884,0.6243287762509311,0.7015376917280279,0.9938111801522118,0.996895984981228,0.2548463723496504,0.4061793984748278,0.00752709965060528,0.9936237077067669,0.6521037443109128,0.7353881502362166,0.9936053372311826,0.9967924128966775,0.310602151390643,0.47398388757575566,brain_stroke,segmentation
12,0.007554795469780613,0.9939047447720865,0.6296783867514155,0.7082450896652277,0.9938912881085015,0.9969362863823467,0.2654654853943295,0.4195538929481088,0.007568690853011339,0.9957356158952068,0.6490081428649843,0.7310506746250652,0.9957277225401028,0.9978592884131209,0.3022885631898658,0.46424206083700964,brain_stroke,segmentation
13,0.007544245245985519,0.9940645375646147,0.6328594723967678,0.7121393747126913,0.9940513677443421,0.9970168109247923,0.27166757704919353,0.4272619385005902,0.007457755506038666,0.9953591253524436,0.6771775974537657,0.7630032925954014,0.9953470310222289,0.9976680903595062,0.35900816388530243,0.5283384948312967,brain_stroke,segmentation
14,0.00753069500389852,0.9940975332618656,0.6330536761846652,0.7123673446615381,0.9940844861707071,0.9970334688072057,0.2720228661986235,0.4277012205158704,0.007437084111055934,0.9950443124412593,0.6750322209543188,0.76076556112968,0.9950307565924617,0.9975091895745878,0.355033685316176,0.5240219326847723,brain_stroke,segmentation
15,0.007520994910956326,0.9941286015331297,0.6357845054176806,0.7157172418587097,0.9941153340617943,0.997048984159698,0.27745367677356686,0.4343854995577213,0.007442669906562433,0.9954294305098684,0.678122100947534,0.7640042864736316,0.9954176071071352,0.9977035419169683,0.36082659478793266,0.530305031030295,brain_stroke,segmentation
16,0.007501716388011337,0.994112493758811,0.6369510339542981,0.7171501694896782,0.9940989960984509,0.9970407668259728,0.2798030718101452,0.43725957215338374,0.007431052569159888,0.9956928453947368,0.6835291889842292,0.7697237861333626,0.9956818575815202,0.9978362571157945,0.37137652038693836,0.5416113151509306,brain_stroke,segmentation
17,0.0074817816005613574,0.9941510881696428,0.6393127442278433,0.720009762194375,0.9941374546372788,0.9970601096985126,0.2844880338184079,0.4429594146902374,0.007415229743136499,0.9949314203477444,0.676903111167965,0.7628308539664861,0.9949169980687282,0.9974520233492457,0.3588892242672017,0.5282096845837265,brain_stroke,segmentation
18,0.0074679517908427945,0.9944294635514568,0.6438468823208613,0.725370800201406,0.9944165564606627,0.9972004627011092,0.2932772081810599,0.4535411377017028,0.0073920240415666335,0.9955874794407895,0.6855979405490605,0.7719466175419332,0.9955757351212791,0.9977829631815741,0.37562014597684196,0.5461102719022921,brain_stroke,segmentation
19,0.007456295158630027,0.9942860997709116,0.6430566123273364,0.7244747370245147,0.994272613127271,0.9971280822716873,0.29184061152740165,0.4518213917773421,0.007406348046055414,0.9944315745418233,0.6662853840957462,0.7513024730582274,0.9944156868115958,0.997200025438362,0.3381550813798967,0.5054049206780927,brain_stroke,segmentation
20,0.0074792602736698955,0.9939882665648496,0.6369545513431153,0.7171992691983875,0.9939741833776469,0.9969779866396536,0.27993491930858366,0.4374205517571214,0.007391455847966044,0.9942593911536655,0.6710751708215686,0.7566662089287395,0.9942417549638511,0.9971125642004957,0.3479085866792862,0.5162198536569834,brain_stroke,segmentation
21,0.007434013945267613,0.9943793045847039,0.6490906138245695,0.7316078508547398,0.9943654837980989,0.9971747825322516,0.30381574385104,0.46604091917722806,0.007395353375520921,0.995197772262688,0.6714445167222451,0.7567905343402748,0.995185447946928,0.9975869150118218,0.3477035854975622,0.5159941536687277,brain_stroke,segmentation
22,0.0074223607890588,0.9945027057389567,0.6496686610638533,0.7322457025985027,0.9944894211053792,0.997237097957849,0.30484790102232745,0.4672543072391564,0.007492437813066899,0.9938994214050751,0.6595534011621658,0.7438770318828807,0.9938814307664764,0.996931327440483,0.3252253715578551,0.49082273632527834,brain_stroke,segmentation
23,0.00743266972047942,0.9942686152637453,0.6460199504503645,0.7280160159341645,0.9942546512846403,0.9971190496100092,0.2977852496160887,0.4589129822583199,0.007379459572913951,0.9952023613721804,0.6828090163932594,0.7690959186736612,0.995188780005217,0.9975885890884117,0.3704292527813017,0.5406032482589106,brain_stroke,segmentation
24,0.007410291291045067,0.994437265037594,0.6500650758047699,0.7327331308599263,0.9944236065238274,0.997204007484703,0.3057065450857123,0.4682622542351496,0.00732970507745456,0.9948401888510339,0.6793437949581596,0.7654912239186785,0.9948249153748564,0.9974057449426977,0.3638626745414627,0.5335767028946593,brain_stroke,segmentation
25,0.007414382788583748,0.9943817827038299,0.6500562159271033,0.7327414241206665,0.9943678475286455,0.9971759710836026,0.305744584325561,0.46830687715773023,0.0073328576813963126,0.9954520089285714,0.6888304217671588,0.775384228936038,0.9954391754140888,0.9977143755409308,0.38222166812022884,0.5530540823311451,brain_stroke,segmentation
26,0.007417864932265497,0.9943880697838345,0.6466392155875932,0.7287097423640383,0.9943746106002075,0.9971793717339295,0.29890382057497883,0.46024011299414713,0.007356377125234532,0.9950588140272556,0.6867407849458449,0.7732989057653962,0.9950439039263227,0.9975157959862819,0.37843766596536715,0.5490820155445104,brain_stroke,segmentation
27,0.007409537303492539,0.994225431743421,0.6477196956930144,0.7300439450090931,0.994211021142521,0.9970971081815794,0.3012283702435076,0.4629907818366068,0.0073659134202433705,0.9946650684328008,0.6804922746580863,0.766774146608685,0.9946485632709666,0.9973171029585994,0.36633598604520584,0.5362311902587706,brain_stroke,segmentation
28,0.007380366196533791,0.9945536907454182,0.6554230327380782,0.7389295514816174,0.9945399330340193,0.9972624930313253,0.3163061324421371,0.4805966099319095,0.007325049472930736,0.9949187544055451,0.6870428376493455,0.7736553994567302,0.9949029355489358,0.9974449561629114,0.37918273974975514,0.5498658427505491,brain_stroke,segmentation
29,0.007367671947730215,0.9945484132695018,0.6572476191461256,0.7410316236221334,0.9945343940395707,0.9972597083425774,0.3199608442526805,0.4848035389016893,0.007316940473882776,0.9956333705357143,0.697153116305314,0.7839457834459806,0.9956206916611807,0.9978055407236863,0.3986855409494472,0.570086026168275,brain_stroke,segmentation
30,0.007344572795064825,0.9947189445782425,0.6639670046926219,0.7486140587606427,0.9947049694642365,0.9973454567884364,0.33322903992100744,0.499882660732849,0.007331103400180215,0.9948253201362782,0.6765099830740217,0.762435839626267,0.9948103313250722,0.9973984149803954,0.358209634822971,0.5274732642721387,brain_stroke,segmentation
31,0.0073490243685200695,0.9945686512423637,0.6586149557670591,0.7425915000851262,0.9945545612916511,0.9972698472059734,0.32267535024246713,0.48791315296427906,0.00730586933686321,0.9949756593632518,0.6886846650014617,0.7753620748473773,0.9949599796123065,0.9974736233111438,0.3824093503906171,0.5532505263836107,brain_stroke,segmentation
32,0.00734751896190464,0.9944809074688675,0.6579750084001612,0.7418875151354971,0.9944664373887225,0.9972255423768764,0.32148357941159994,0.4865494878941179,0.007294286865937082,0.9957743479793233,0.6996791355203617,0.7864826079038737,0.9957622297961085,0.9978766156906754,0.40359604124461473,0.575088600117072,brain_stroke,segmentation
33,0.007332865454088476,0.994639277637453,0.6622832333107517,0.7467398097902365,0.9946250897244723,0.9973053029848983,0.329941376897031,0.4961743165955747,0.007321931063232565,0.9946474462523496,0.6847923266622762,0.771357115875785,0.9946302043317655,0.9973078740828385,0.37495444899278696,0.5454063576687317,brain_stroke,segmentation
34,0.00731413863823378,0.994851661624765,0.6674213385860234,0.7524401176147251,0.9948379707361954,0.997412306493294,0.3400047064358513,0.5074679287361562,0.007303251774239361,0.9948086157777256,0.6875758919346799,0.7742457873985977,0.9947920196231347,0.9973892113435218,0.3803597642462252,0.5511023634536736,brain_stroke,segmentation
35,0.007338476276263259,0.9945509372797228,0.6598380628459927,0.7439928945344201,0.9945365942450215,0.9972608144815481,0.3251395314469638,0.49072497458729214,0.007299503684043885,0.995301486137218,0.6930018913409702,0.7797652253852201,0.9952872866105068,0.9976380777740036,0.39071649607143366,0.5618923729964366,brain_stroke,segmentation
36,0.007319515106037147,0.9946036661477914,0.662534075055738,0.7470345784512572,0.994589253776693,0.9972872879902157,0.33047889633478306,0.49678186891229875,0.007319219466438867,0.9947476724036655,0.6872107927504788,0.7738791528984661,0.9947307319886539,0.9973584063618988,0.37969085351230364,0.5503998994350334,brain_stroke,segmentation
37,0.00731673164195136,0.9946574046199483,0.6645132300095609,0.7492473762602851,0.9946430268216729,0.9973143198525789,0.3343834331974487,0.5011804326679915,0.007277059241345054,0.9954299812030075,0.7014185445025223,0.7883320660067141,0.9954155766169918,0.9977025220025691,0.4074215123880527,0.5789616100108592,brain_stroke,segmentation
38,0.007303891227321517,0.994796179291001,0.6687746203113152,0.7539613725708523,0.9947820179304901,0.997384184325602,0.3427672226921402,0.5105385608161026,0.0072726023824591386,0.9952238384046053,0.6977356674663564,0.7846475914107506,0.995208565248959,0.9975985293795873,0.4002627696837538,0.5716966534419139,brain_stroke,segmentation
39,0.007302869649085783,0.9947376681449718,0.6659628263347805,0.7508472873631535,0.9947235417969112,0.9973547922343488,0.33720211087264984,0.5043397824919583,0.007264354455291777,0.995137930274906,0.6968048756410717,0.7837193573570225,0.9951222189216914,0.997555146731339,0.39848753236045215,0.5698835679827059,brain_stroke,segmentation
40,0.007273421828684054,0.9949337149024906,0.6732023987713212,0.758799903411336,0.9949197653514864,0.9974534140486505,0.3514850321911559,0.5201463927740213,0.0072631948424461195,0.9957827919407894,0.7074277952086392,0.7942611471783118,0.995769922369385,0.9978804783140567,0.4190856680478935,0.5906418160425668,brain_stroke,segmentation
41,0.007304181982027857,0.9946288144678102,0.6656324558302609,0.7505113290463187,0.9946141332135262,0.9972997951349134,0.33665077844699554,0.503722862957724,0.007305326441625007,0.9938318697133459,0.6657737186067468,0.7509161089227898,0.9938124062708821,0.9968966018519811,0.3377350309426116,0.5049356159935985,brain_stroke,segmentation
42,0.007310503320698452,0.9946587354617011,0.6643950399139593,0.7491141778825334,0.9946443802205628,0.9973150001912398,0.33414569960735585,0.500913355573827,0.007253501379400268,0.9949591385690789,0.6914311480677269,0.7782295618678077,0.9949429826402748,0.997465081757358,0.38791931349517905,0.5589940419782572,brain_stroke,segmentation
43,0.007281364324061494,0.9947826414179981,0.6696698155867454,0.7549571866528153,0.9947682915487638,0.9973772851346188,0.34457133962472714,0.5125370881710118,0.007276286498496407,0.9946951729910715,0.6899614288037079,0.776772055437907,0.9946774790637013,0.9973316383264139,0.3852453785437145,0.5562124725494,brain_stroke,segmentation
44,0.007277600724894301,0.9948329839491307,0.6718417099058683,0.7573371387705843,0.9948186399740961,0.9974025909312884,0.34886477983764047,0.5172716866098801,0.007235377970942878,0.995725152725564,0.7072717580998479,0.7941203914474919,0.9957119422445133,0.9978513643854513,0.41883157395518245,0.5903894185095325,brain_stroke,segmentation
45,0.0072825324798661065,0.9948124706296992,0.6698551895602382,0.7551531668691736,0.9947982631242228,0.9973923494059844,0.3449121159962535,0.5129139843323626,0.007304337923239945,0.9945301486137218,0.684901501051449,0.7715053514683055,0.9945121155022886,0.9972485078154917,0.37529088660060944,0.5457621951211192,brain_stroke,segmentation
46,0.007282264368202453,0.9946289980321898,0.6663996417376699,0.7513691240569949,0.9946142164107732,0.997299836958488,0.3381850670645664,0.5054384111555016,0.0072475642862176535,0.9957572764920113,0.7096943549231934,0.7965112835731484,0.9957440038477425,0.9978674638911342,0.42364470599864434,0.5951551032551625,brain_stroke,segmentation
47,0.0073091527349070495,0.9946135786242951,0.6642933779756115,0.7490140291148903,0.994598989686106,0.9972921823675727,0.33398776626511684,0.500735875862208,0.007236564282635997,0.99541015625,0.7014559259782447,0.7883748684991462,0.9953956204992302,0.9976924979420282,0.40751623145725907,0.5790572390562642,brain_stroke,segmentation
48,0.007265650382951686,0.9948473019707472,0.6719115052938527,0.7574095616327277,0.9948330296054873,0.9974098231191136,0.348989980982218,0.5174093001463416,0.007230515240278459,0.9953859257518797,0.7023154118126059,0.7892476756480342,0.9953711291490879,0.9976801955369143,0.4092596944761239,0.5808151557591541,brain_stroke,segmentation
49,0.007244036223431279,0.9949807991658834,0.6774257077285701,0.7633820781340492,0.994966595455361,0.9974769479568705,0.3598848200017793,0.529287208311228,0.007197692642982741,0.995979022262688,0.715338113840832,0.8019844735059529,0.9959665502634311,0.9979791997335643,0.434709677418233,0.6059897472783415,brain_stroke,segmentation
50,0.007232184498045678,0.994957853618421,0.6773151143864937,0.7632691325405103,0.994943531918467,0.9974653577905184,0.35968669685452054,0.5290729072905023,0.007228565003190722,0.9956572339050752,0.7071329894382653,0.7939992959142737,0.9956436113942084,0.9978170508096141,0.4186223674823222,0.5901815410189333,brain_stroke,segmentation
51,0.007240474929935054,0.9949134769296287,0.6754229092791848,0.7612293980795584,0.9948991376363006,0.99744304748673,0.3559466809220691,0.5250157486723869,0.007230953704145618,0.9956032659774436,0.7109716062126603,0.7978067235539947,0.9955888511675401,0.9977895502724025,0.4263543612577804,0.597823896835587,brain_stroke,segmentation
52,0.00723802582605889,0.9949741908482143,0.6777494815136192,0.7637340043477543,0.9949599090578234,0.9974735878554287,0.36053905396941516,0.5299944208400799,0.007232468188705301,0.9956539297462406,0.7066812393095615,0.7935508701444614,0.9956403370102539,0.9978154064593234,0.4177221416088691,0.5892863338295992,brain_stroke,segmentation
53,0.007215048521196932,0.995087266506109,0.681737784890507,0.7679860649241201,0.9950731484565827,0.9975304907756246,0.3684024213244313,0.5384416390726156,0.007256098394107102,0.9955988604323308,0.707834961698278,0.7947106226445998,0.9955847840786866,0.9977875077237813,0.4200851393178694,0.5916337375654183,brain_stroke,segmentation
54,0.007262042985486805,0.9948221536507283,0.6725384359211609,0.7581054817053465,0.9948076598993028,0.997397072306731,0.350269211943019,0.518813891103962,0.007242599667463087,0.9952695459351504,0.696259114479086,0.7831262329713502,0.9952547510033064,0.9976217327665514,0.3972634779548655,0.5686307331761489,brain_stroke,segmentation
55,0.0072385564166352265,0.995081162990484,0.6803900531251176,0.766545445753102,0.9950671731498805,0.997527488338986,0.36571293310035463,0.5355634031672182,0.007255012894931592,0.9947317023026315,0.6940895622173059,0.7810396237412769,0.9947136356151212,0.9973498128801587,0.39346548881949056,0.5647294346023951,brain_stroke,segmentation
56,0.007205600344708987,0.9951233827978149,0.6844560864803418,0.7708679007252346,0.9951091452471285,0.9975485778487244,0.3738030277135553,0.5441872236017449,0.007172673279629614,0.9957607642152255,0.7154816524010776,0.8021754290638972,0.9957468704671961,0.9978689033184812,0.4352164343349591,0.6064819548093131,brain_stroke,segmentation
57,0.007174020851577135,0.9953428340137453,0.690280079411514,0.7769282873453609,0.9953292031970309,0.9976591347455422,0.38523095562599713,0.5561974399451796,0.007176080771854946,0.9956913768796992,0.7140450065492789,0.8007941927301689,0.9956771872544615,0.9978339118304571,0.4324128258440963,0.6037544736298809,brain_stroke,segmentation
58,0.007163032824943836,0.9953236515360667,0.6912741812605903,0.7779681492909147,0.9953097908007673,0.9976493829575456,0.3872385717204132,0.5582869156242839,0.007164642550891503,0.9962749280427632,0.7239686898866036,0.8102041823202045,0.996263462619141,0.9981282343484077,0.4516739171540661,0.6222801302920014,brain_stroke,segmentation
59,0.00717499665635869,0.9953752790178572,0.6924710033478496,0.7791960119355231,0.9953615883862552,0.9976754029742069,0.389580418309444,0.5607166208968394,0.007158883969138439,0.9959243200775376,0.7187427945116205,0.8052896995200617,0.9959111423442711,0.9979513829203206,0.4415744466789699,0.6126280161198028,brain_stroke,segmentation
60,0.007157067576409283,0.9953492128759398,0.6928241688297602,0.7795686146903029,0.9953353244185069,0.9976622096925727,0.39031301324101336,0.5614750196880333,0.007149243119515871,0.9961739676339286,0.7242848427096414,0.8105267747569976,0.9961618352772879,0.9980772276802,0.4524078501419951,0.6229763218337953,brain_stroke,segmentation
61,0.007157878462869422,0.9954313579358552,0.6940850885909147,0.7808490910940908,0.9954178181304474,0.997703647913776,0.392752359051382,0.5639945342744057,0.007143915349379518,0.9958899935385338,0.7223824292498557,0.8087827636782237,0.9958761884045749,0.9979338339625557,0.4488886700951365,0.6196316933938916,brain_stroke,segmentation
62,0.0071580617107394945,0.9955190099271617,0.6966352739889761,0.7834459706872343,0.9955057085841086,0.9977477932553347,0.3977648393938436,0.5691441481191339,0.007146042585372925,0.996061993362312,0.7260199112889694,0.812192789593285,0.9960489515254625,0.9980205653415873,0.45599087105247627,0.6263650138449826,brain_stroke,segmentation
63,0.007136772360120501,0.9954397101151315,0.6959566142422058,0.7827714241954938,0.9954260066403224,0.9977077609771265,0.3964872218440892,0.5678350874138611,0.007139354664132111,0.9961231203007519,0.7263664314264267,0.8125060056281206,0.996110448528619,0.998051434741876,0.4566224143242343,0.6269605765143652,brain_stroke,segmentation
64,0.007157772135241588,0.9953339311413298,0.692801526327065,0.7795492780629159,0.9953199528888315,0.9976544878908304,0.3902830997652987,0.5614440682350013,0.007143164297243707,0.9960003157307331,0.7247634918547698,0.8110191633927404,0.9959869942441207,0.9979894629737308,0.45353998946541885,0.62404886381175,brain_stroke,segmentation
65,0.007131674146293698,0.9955519138422227,0.7004726400972552,0.787344395762636,0.9955383826276789,0.9977642036799884,0.40540689756683146,0.5769245878452836,0.007137693778464669,0.9962987914121241,0.729253296993684,0.8151782211558787,0.9962869796605929,0.9981400367896811,0.46221961432677505,0.6322164055220761,brain_stroke,segmentation
66,0.007135403624042532,0.995473027050047,0.6979357000937294,0.7847867209951112,0.995459299751897,0.9977244836571373,0.40041210043556197,0.5718489583330851,0.007126344628351972,0.9962813527960527,0.7304125035180803,0.8162646476365378,0.9962693163887655,0.9981311721917444,0.46455569064739505,0.6343981230813311,brain_stroke,segmentation
67,0.0071297807044776755,0.9954578829887218,0.697802037111762,0.7846543261091585,0.9954440781024605,0.9977168380975769,0.4001599961210636,0.5715918141207401,0.007129830267644467,0.9962099462523496,0.7272048647336549,0.813276273499905,0.996197758543009,0.9980952581272476,0.45821197092430077,0.6284572888725622,brain_stroke,segmentation
68,0.00713057010749677,0.99539487451539,0.696569939196306,0.7834116454878222,0.9953808251838677,0.9976850660496317,0.3977590532087443,0.5691382249260125,0.007115615254506133,0.996405625881109,0.7329078233294953,0.8185569790585914,0.9963941590569569,0.9981938231352337,0.4694214876020338,0.6389201349819489,brain_stroke,segmentation
69,0.007126697404940326,0.9954973493303572,0.6980393949012762,0.784886128312336,0.9954837589821556,0.9977367688423844,0.4005950308203968,0.5720354877822875,0.007123788272527824,0.9963988339990602,0.7325255140842292,0.8182041198962248,0.9963873588127048,0.998190410707948,0.46866366935575354,0.6382178290845015,brain_stroke,segmentation
70,0.007104962574023949,0.995547462406015,0.7017526253820899,0.7886392876014029,0.9955337587334802,0.9977618813778654,0.40797149203069977,0.5795166938249404,0.007110325723214257,0.9962007680333647,0.728130997265796,0.8141482911396707,0.9961884286756978,0.9980905753837923,0.4600735658558942,0.630206006895549,brain_stroke,segmentation
71,0.007120678887555474,0.9954164433300047,0.6968771937468728,0.7837204000761576,0.9954024909100655,0.9976959490073416,0.3983518965836802,0.5697448511449736,0.007119220965786984,0.9963345864661655,0.7323537358197225,0.8180585687280876,0.9963227108515758,0.9981579685847206,0.46838476078786934,0.6379591688714545,brain_stroke,segmentation
72,0.007127629906723374,0.9955718764685151,0.7013568227629896,0.7882334945303053,0.9955583687707413,0.9977742413858861,0.40715527675523794,0.5786927476747245,0.007118677006180125,0.9962809856672933,0.7308450780013471,0.8166678451555136,0.9962689047835736,0.9981309656191679,0.46542125121912076,0.6352047246918593,brain_stroke,segmentation
73,0.007105867113721998,0.9955809629053102,0.7017586477885284,0.7886368243427858,0.9955674661942955,0.9977788103480372,0.40794982938276125,0.5794948383375345,0.007126451715042717,0.9961115557448308,0.7283945298537102,0.8144150005581445,0.9960985968540691,0.9980454857530184,0.46069046285335125,0.6307845153632705,brain_stroke,segmentation
74,0.0071200505235141385,0.9955198818579652,0.6997779735113236,0.7866485353862938,0.9955062321023133,0.997748056194767,0.404049714920334,0.5755490145778205,0.007143257255841019,0.9956809137100564,0.720407583369277,0.8069440800636065,0.9956658954100749,0.9978282413905587,0.4451492713284791,0.6160599187366544,brain_stroke,segmentation
75,0.007119635764257352,0.99547119140625,0.6980609209359114,0.7849148806342836,0.995457438468669,0.997723548774452,0.400664403403154,0.5721062124941153,0.007127420368947481,0.9964851092575188,0.7320190557921167,0.8177156585226864,0.9964742264813986,0.9982339999826517,0.4675638851028347,0.6371973170627209,brain_stroke,segmentation
76,0.00710847836295913,0.9956576469249295,0.7048190644356678,0.7916920370897761,0.9956442847757481,0.9978173889718321,0.4139938440955874,0.58556668520772,0.007107945974159958,0.9960671331649437,0.7265839822947018,0.8127234175459592,0.9960540661995825,0.9980231328062518,0.4571138983898211,0.6274237022856666,brain_stroke,segmentation
77,0.007099784442916849,0.9954733023966166,0.6996930306833296,0.7865743546958885,0.995459374033461,0.9977245209671392,0.40392668733319803,0.575424188424638,0.007111663679431256,0.9963534935972744,0.7335511253901781,0.8191634337386874,0.9963416273634672,0.998167461627615,0.47076062341688885,0.6401594058497597,brain_stroke,segmentation
78,0.007098846526858502,0.9956336458822839,0.7040861551563422,0.7909641586525058,0.9956202157246021,0.9978053017097708,0.4125520945880823,0.5841230155952408,0.007106084606253115,0.996218206649436,0.7319064556247485,0.8176684172474158,0.9962056031906491,0.9980991953918543,0.4676073080588479,0.6372376391029771,brain_stroke,segmentation
79,0.007092791689293725,0.9955964740953948,0.7044825037488534,0.7913705607666257,0.9955827669355264,0.9977864946833267,0.4133822405621804,0.5849546268499247,0.007088349008918705,0.9962765801221805,0.7344020819937366,0.8199656025897886,0.9962641182221116,0.9981285633780685,0.47254004576536157,0.6418026418015085,brain_stroke,segmentation
80,0.007079394548235083,0.9956587024201128,0.7055514447539963,0.7924236435995418,0.9956452657409788,0.9978178815976074,0.41545762376701384,0.587029405601476,0.00710018766777856,0.9961787403078007,0.7327088684213554,0.8184211453256276,0.9961657864079275,0.9980792108460228,0.4692519504347834,0.6387630798052323,brain_stroke,segmentation
81,0.007077214222653468,0.9957112018327068,0.7084594607181446,0.7953018602926334,0.995697773366618,0.997844249419528,0.4212211480696712,0.5927594711657388,0.007092414460235968,0.9961781896146616,0.7328461636315718,0.8185484438796622,0.9961652176027012,0.9980789253497241,0.4695271096604425,0.6390179624096002,brain_stroke,segmentation
82,0.007079971492066419,0.9956892199982378,0.7077449100861191,0.7945990265455725,0.9956757316638041,0.9978331808782429,0.41981408850843405,0.591364872212902,0.00710817145225697,0.9962789664591165,0.7349828521102756,0.820500362594645,0.996266462348274,0.9981297398307567,0.47369924187227724,0.6428709853585334,brain_stroke,segmentation
83,0.007104949350643875,0.9955333279487782,0.7019250064739228,0.7888167622553589,0.9955195164252129,0.9977547282610328,0.4083304965226327,0.579878796249685,0.0070942706519499755,0.9962303218984963,0.7300569903004991,0.8159440666800704,0.9962179851967897,0.9981054099145201,0.4638959954042085,0.6337827234456206,brain_stroke,segmentation
84,0.007092160443054106,0.9956470919730968,0.7047639914857076,0.7916395871989803,0.9956336702106042,0.9978120584681582,0.413894312760811,0.5854671159298024,0.007112936126558405,0.9961341341635338,0.7308965808479778,0.8167475344219315,0.9961210654876684,0.9980567639010492,0.4656720962082872,0.6354383049428136,brain_stroke,segmentation
85,0.007082171486060422,0.9957755411477913,0.7108581803148749,0.797653471370025,0.9957622573623677,0.997876629532401,0.42595410326738214,0.5974303132076489,0.007084799675565017,0.996345233200188,0.7358131405535033,0.821250221190991,0.9963330936000238,0.9981631790748087,0.475293187506983,0.6443372633071733,brain_stroke,segmentation
86,0.007061214473350604,0.9957865550105733,0.7108064407285449,0.7975999061000514,0.9957733467190658,0.9978821977516222,0.425839534738024,0.5973176144484806,0.007090274283760472,0.9963512908247181,0.7368776099115834,0.8222257219249183,0.996339087739029,0.9981661871555512,0.47741613208413763,0.6462852566942855,brain_stroke,segmentation
87,0.0070807449967789475,0.9957981195664943,0.7099472329527058,0.7967507940286614,0.995785076754023,0.9978880876026831,0.4241093891513887,0.5956135004546398,0.007079295903668368,0.9963615704299812,0.7389545910302787,0.8241213892351107,0.9963492322815283,0.9981712780211809,0.48155994977902916,0.6500715004490404,brain_stroke,segmentation
88,0.0070709731149718276,0.9958222582824248,0.7105308415286106,0.7973200044531684,0.9958093044801535,0.9979002525389379,0.42525237857706766,0.596739756367399,0.007085552542729486,0.996168827831297,0.7354635686579447,0.8209659388945116,0.9961555138930714,0.9980740548117762,0.4747716234228181,0.6438578229772471,brain_stroke,segmentation
89,0.007073163005866502,0.9956559030633224,0.7067750492202619,0.7936437174378987,0.9956423122863859,0.9978163984162967,0.4179077861541379,0.5894710364595007,0.007098372807180075,0.9964081957824248,0.7357864154314723,0.8212124406993506,0.996396477030032,0.998194986310871,0.4751763538329126,0.6442298950878302,brain_stroke,segmentation
90,0.006454697139281079,0.995595693946781,0.7015964736991601,0.7884694031751003,0.9955823060801348,0.9977862632343425,0.40761064131818553,0.5791525431158581,0.003063151072290607,0.9960662153430451,0.7231774479100308,0.8094995737345299,0.9960534978476372,0.998022847505531,0.4503013979724245,0.6209762999635285,brain_stroke,segmentation
91,0.0030662340644214835,0.9949356882195723,0.6323200264447291,0.7111492981764056,0.9949261982652522,0.9974566468979356,0.26971385462420605,0.4248419494548755,0.002418861067608783,0.9952418277138158,0.6795263133513741,0.7655718011448125,0.9952288446444928,0.9976087177326481,0.36382378205825544,0.5335348845569768,brain_stroke,segmentation
92,0.002814405211212492,0.9947134376468515,0.6425659250482341,0.723736414616091,0.9947019737192132,0.9973439509507738,0.2904298763772549,0.4501288782814081,0.0023207700398183407,0.9949488589638158,0.6786881944254075,0.7647542047409754,0.9949343128553618,0.9974607248409157,0.3624420759954531,0.5320476846410352,brain_stroke,segmentation
93,0.002666934772877765,0.99515380859375,0.6550237140527513,0.7382712510922107,0.9951429893414506,0.9975655826752786,0.31490443876405205,0.4789769195091429,0.0020043669660624705,0.9957238677749061,0.7046374319504817,0.7914936824270064,0.9957109336852535,0.997850857936211,0.41356393021570986,0.5851365069178017,brain_stroke,segmentation
94,0.0026315653343033747,0.9950040659510103,0.650452286090436,0.7329964625286431,0.9949930411251269,0.9974902374235606,0.3059115310557452,0.46850268763372577,0.0020373517619375896,0.9961723155545112,0.7091838960120951,0.7959056345839057,0.9961615796060632,0.9980770993525011,0.42220621241812684,0.5937341698153105,brain_stroke,segmentation
95,0.002572413505741248,0.995145869434328,0.6624203614812002,0.7467349218376629,0.9951342516437581,0.9975611925101115,0.3297064713186423,0.49590865116521426,0.0021969620908673547,0.9958898099741541,0.6944807689246781,0.7811351084528682,0.9958788392355084,0.9979351648589699,0.3930826986138479,0.5643350520467665,brain_stroke,segmentation
96,0.0024866556591193255,0.9956131325628524,0.6705873104394015,0.7557197688148936,0.9956029468301181,0.9977966292458798,0.34557167404868483,0.5136429083839075,0.002165743359889751,0.996028401080827,0.6934568895128093,0.7800413176000445,0.9960182524368145,0.9980051547332673,0.3908955265888041,0.5620774804668217,brain_stroke,segmentation
97,0.0026799325705190798,0.9953188329710996,0.6511644265168994,0.7337251386035686,0.9953091042585401,0.9976490380706188,0.30701974877525867,0.4698012391365183,0.002383980949066187,0.9958953169055451,0.6560324409793401,0.7391937424551722,0.9958875119290662,0.9979395191129989,0.3161773700296141,0.48044796579734556,brain_stroke,segmentation
98,0.002839680518814944,0.9952394413768797,0.6308265930853606,0.709178736507282,0.9952311963681361,0.9976098992234362,0.2664219898025851,0.42074757379112787,0.0021921803964708086,0.994901132225094,0.6767149234028194,0.762635818591386,0.9948865588125633,0.9974367258304249,0.35854328799307544,0.527834911352347,brain_stroke,segmentation
99,0.00281234837060136,0.9951464201274671,0.6375513292942651,0.7175102384416386,0.9951372432325941,0.9975626956070817,0.27996541535593594,0.43745778127619556,0.002381531055316441,0.9958433681860902,0.6594320982717967,0.7431153241700624,0.9958351074836006,0.9979132081098369,0.3230290890599927,0.48831744023028806,brain_stroke,segmentation
100,0.002780005975829479,0.9952806515801221,0.633801018945972,0.7128554946405771,0.9952723014689986,0.9976305497111745,0.27232973642294545,0.4280804395699797,0.0022037988864725693,0.9950797403665413,0.66935877695553,0.7545225657682104,0.995067032338857,0.9975274175848817,0.3436505215722032,0.511517713951539,brain_stroke,segmentation
101,0.002576744413227403,0.9948309647409539,0.649592800721465,0.7320456715144344,0.9948192476881772,0.9974028963687679,0.30436635375475274,0.46668844666010106,0.0021228722667783724,0.9952126409774437,0.6864118711217116,0.7729098671674007,0.9951986945161839,0.9975935702559285,0.3776250477272393,0.5482261640788729,brain_stroke,segmentation
102,0.002501465051427932,0.9950357766976033,0.6585020948328206,0.7423118949572268,0.9950240462571281,0.9975058176605905,0.321980143408513,0.4871179722538631,0.002051486619713163,0.9956528283599624,0.695453069577322,0.7821983589507882,0.9956404411397702,0.997815458751808,0.3952656980148738,0.5665812591497683,brain_stroke,segmentation
103,0.002408429583065436,0.9953191083176691,0.6702101382831392,0.7553920181208598,0.9953075332309409,0.9976482488584301,0.34511274333533754,0.5131357873832895,0.0020149950918398407,0.9958481408599624,0.7022656948245375,0.7890801040252428,0.9958361921389672,0.997913752703036,0.4086951975101077,0.5802464553474496,brain_stroke,segmentation
104,0.0023831097881792857,0.9953895970394737,0.6738309719585905,0.7593521568134676,0.9953780072293581,0.9976836505394487,0.35228393668782293,0.5210206630874863,0.0019482235753334554,0.9962240807095865,0.7103017551684878,0.79699666022027,0.9962135394404691,0.9981031786005257,0.4243899708965066,0.5958901418400143,brain_stroke,segmentation
105,0.0023340367354956785,0.9954923472010103,0.675592085346358,0.7612430684385454,0.9954811015503283,0.9977354341035048,0.3557030691423877,0.5247507027735859,0.0019530709650843663,0.9960952185150376,0.7102636219853069,0.7969904206318914,0.9960839419343693,0.9980381295679199,0.42444330203624436,0.595942711695863,brain_stroke,segmentation
106,0.002312225652368445,0.9955189181449718,0.6807499992148696,0.7668059625461214,0.9955072964678174,0.9977485907768241,0.36599270196192163,0.5358633343154187,0.0019689004266060382,0.9957078976738721,0.7045164478383066,0.7913765728098654,0.9956948788169516,0.9978427958959335,0.41333801685966143,0.5849103497237974,brain_stroke,segmentation
107,0.0022514907734230497,0.9955711881020912,0.6837765679531416,0.7700210391462183,0.9955595391550025,0.9977748291855638,0.37199359675128063,0.542267249106873,0.001969963142690354,0.9960715387100564,0.7097778352016499,0.7965170248837004,0.9960601690844686,0.9980261963158462,0.4234955013188312,0.5950078534515546,brain_stroke,segmentation
108,0.002332210491754507,0.9955215339373825,0.6798900226478065,0.7658822591757473,0.9955100120074661,0.9977499546654658,0.36427003328814694,0.5340145636860288,0.0019539299386000276,0.9959938909774436,0.7099006276577848,0.7966571287598629,0.9959820510502472,0.9979869814221832,0.42381920426532244,0.5953272760975425,brain_stroke,segmentation
109,0.00234105418597285,0.9955714634486608,0.6784603630652096,0.7643282663630526,0.9955603385830091,0.9977752306802493,0.3613603875474102,0.530881302045856,0.001965589118295146,0.9961996666470865,0.7120149354719991,0.7986873139032995,0.9961888362337059,0.9980907799416988,0.4278410347102923,0.5992838478649003,brain_stroke,segmentation
110,0.002250107003838048,0.9957169841106673,0.6864581351874258,0.7728186983059129,0.99570584450528,0.9978483023905839,0.3772104258695717,0.5477890942212419,0.0018821801850222107,0.9960375792998121,0.7119692237674564,0.7986815200430958,0.9960258004460436,0.9980089437956822,0.4279126470888691,0.5993540962905094,brain_stroke,segmentation
111,0.0022949660301936747,0.9955813300340696,0.6796945493352404,0.7656549268144703,0.9955701360014116,0.9977801511865354,0.36381896266906916,0.5335297024424053,0.0019101847999526147,0.9961798416940789,0.7149799745662286,0.8015887540617395,0.9961686282249176,0.9980806372162608,0.4337913209075397,0.6050968709072182,brain_stroke,segmentation
112,0.002260666406762443,0.9955123557183976,0.6810494466758537,0.7671286683083887,0.995500669408219,0.9977452622989522,0.3665982239434884,0.5365120743178252,0.0019131832483007495,0.996300076362782,0.7145610303750614,0.8011523726273013,0.9962895997237082,0.998141351697266,0.43283246102641443,0.6041633935573366,brain_stroke,segmentation
113,0.002295282441086339,0.9954185084292763,0.6793550356911389,0.7653366361115931,0.995406499953938,0.9976979627729148,0.36330357142833974,0.5329753094502714,0.0019419770967915543,0.995885037300282,0.7085801822849844,0.7953787128575716,0.9958726735342948,0.9979320692544997,0.4212876910356741,0.5928253564606433,brain_stroke,segmentation
114,0.0023120048357860037,0.9952338885543938,0.6747023881748723,0.7603500630355251,0.9952213979337723,0.9976049765348466,0.35418337841597225,0.5230951495362037,0.0019619000732506576,0.9958292337288533,0.7078924726803486,0.794710906603065,0.9958166006257333,0.9979039159344825,0.4199683447349638,0.5915178972716475,brain_stroke,segmentation
115,0.002215279622661664,0.9956648059357378,0.6856939056152908,0.772026479597121,0.9956534646258406,0.9978219989335803,0.375734346604741,0.5462309602606619,0.0019179854142878736,0.996084021087876,0.7133760558635638,0.8000477076658159,0.9960723860737707,0.9980323289106989,0.43067972565335677,0.602063086420933,brain_stroke,segmentation
116,0.002264725629072216,0.9954662351679981,0.6820913157578032,0.7682558418902714,0.9954541970110496,0.9977219206555784,0.3687284345045567,0.5387897631249644,0.001928997104917478,0.9959498355263158,0.7124393234230894,0.7991634285123668,0.9959374764665658,0.9979646038108236,0.42894117037961293,0.6003622532139099,brain_stroke,segmentation
117,0.0022176771764328383,0.9956138209292763,0.6878672121254606,0.7743299274208333,0.9956019911000761,0.9977961492724813,0.3801324331508453,0.5508637055691853,0.0019414841666593587,0.9957879317434211,0.7095341623392314,0.7963456838702664,0.9957748693663668,0.9978829623027697,0.4232934553120959,0.594808405437763,brain_stroke,segmentation
118,0.002199587474500102,0.9957367172814849,0.6914156723472847,0.7780036467530911,0.9957252065199159,0.9978580250095963,0.38710613817465356,0.558149268496586,0.0018681623461775313,0.9961398246593045,0.7177820259998963,0.8043135806174954,0.9961281080866919,0.9980602988868187,0.4394359439131006,0.610566862348172,brain_stroke,segmentation
119,0.0021640401872757235,0.9956886234140038,0.6922289736042314,0.7788610097374147,0.9956767675540503,0.9978337010701146,0.38878117965441245,0.5598883184047146,0.001864718668218842,0.9959933402843045,0.715301261476303,0.801945280067625,0.9959809615384079,0.9979864344705499,0.4346215614141982,0.6059041256647,brain_stroke,segmentation
120,0.002202069132651826,0.9956719190554512,0.6881292111435597,0.7745889510355669,0.9956603781138014,0.9978254707395152,0.38059804417331816,0.5513524313316186,0.0018974185676166886,0.9959990307800752,0.7145013700049628,0.8011657464115784,0.9959867678972182,0.9979893493447304,0.4330159721127074,0.6043421434784266,brain_stroke,segmentation
121,0.002171718770694128,0.9957315315877585,0.6898332883799156,0.7763564214120682,0.9957201460597372,0.9978554839220757,0.3839464307000941,0.5548573589020608,0.001882742415357353,0.9960904458411655,0.7162153326497741,0.802809589212434,0.9960785772257547,0.9980354366711877,0.4363520880737936,0.6075837417536802,brain_stroke,segmentation
122,0.002225029360699026,0.9956026693932096,0.6869668266403334,0.773386350659214,0.9955908695416655,0.9977905639248855,0.3783427837390012,0.5489821373935426,0.0019158319507102321,0.9960478589050752,0.7157534785058123,0.802371604444929,0.9960357734163533,0.9980139501323356,0.4354711835952712,0.6067292587575225,brain_stroke,segmentation
123,0.002191074488376428,0.9956098742951128,0.6901699117851332,0.7767408524733492,0.9955977889178763,0.9977940389057504,0.3847420346523901,0.555687666040948,0.0018706515053273144,0.9961994830827068,0.7190192241483682,0.8054919715171203,0.9961880142654693,0.9980903673865943,0.4418504340312669,0.6128935756476462,brain_stroke,segmentation
124,0.0021805298448141133,0.9956408507841871,0.6869379216067051,0.7733453505993715,0.9956292599806892,0.997809843688425,0.3782465832327209,0.5488808575103181,0.0018942780596645254,0.9959707618656015,0.7145119503600416,0.8011827619961631,0.995958322293121,0.9979750690874969,0.43306557842696214,0.6043904549048295,brain_stroke,segmentation
125,0.0021445857402973604,0.9957863255550987,0.6943535166752024,0.7810314486086176,0.995774801945706,0.9978829284495552,0.3929322314046989,0.56417996876768,0.001916408135478658,0.9961598331766918,0.7178404993622578,0.8043653573238086,0.996148233361068,0.9980704004970379,0.43953276536344765,0.6106603141505794,brain_stroke,segmentation
126,0.0021406521593549644,0.9956805924723919,0.6915520832974114,0.7781605654418563,0.9956687597719527,0.9978296797968906,0.3874354068228699,0.558491451086822,0.001853852919337893,0.9959513040413533,0.7157861476714036,0.8024260687890097,0.9959386114566108,0.9979651736180275,0.4356336838861963,0.606886963959992,brain_stroke,segmentation
127,0.002125563598553041,0.9956894494537124,0.6933654843401323,0.7800374107381667,0.9956774840776009,0.9978340608856462,0.3910534846026638,0.5622407605906873,0.00185919879214432,0.9960495109844925,0.7164334013837408,0.8030305418743122,0.996037368529864,0.998014750859572,0.43682943423761755,0.6080463328890523,brain_stroke,segmentation
128,0.002195589192547744,0.9955407164150611,0.6886135396885558,0.775132791551676,0.9955284067039938,0.9977591933640315,0.3816986726731177,0.5525063897393205,0.00184469599752946,0.9962088448660714,0.7190418312468364,0.8055115534381612,0.9961974309045414,0.9980950936833258,0.4418862315891315,0.6129280131929964,brain_stroke,segmentation
129,0.002197108343873817,0.9957405262423638,0.6926618373085948,0.779295681180833,0.9957289147231948,0.9978598870591614,0.38959475989399467,0.5607314753025047,0.001884090550299874,0.9961528577302632,0.7186603724415341,0.8051573786894202,0.9961411373757121,0.9980668387860784,0.4411796075073561,0.6122479185927618,brain_stroke,segmentation
130,0.0021237127017229795,0.9957413522820724,0.6947783485861467,0.7814810297110937,0.9957295366787237,0.9978601993693078,0.3938271604935699,0.5651018600528795,0.0018679513659020115,0.9961058652490602,0.7181050169303249,0.8046331191136631,0.9960939082349969,0.998043132265026,0.4401161256256529,0.6112231059623002,brain_stroke,segmentation
131,0.00215433876457295,0.9957016564849624,0.6927643597300015,0.7794122767298528,0.9956898196055272,0.9978402553582577,0.3898388998544758,0.5609842981014479,0.0018414818926861412,0.9961021939614662,0.7192153129854276,0.8057030589048462,0.996090105447816,0.9980412234189664,0.44234052052303924,0.6133648943907258,brain_stroke,segmentation
132,0.0020962202151242953,0.9957622327302632,0.6952350410163248,0.7819453608883948,0.9957504889441062,0.9978707202731831,0.3947195930885434,0.5660200015036064,0.0018467956845809642,0.9960860402960526,0.718580090127671,0.8050955640507496,0.99607391325081,0.9980330955065706,0.441086267004532,0.6121580325949284,brain_stroke,segmentation
133,0.002102077298944718,0.9958069765478148,0.6954415093504578,0.7821457627018138,0.995795462012773,0.9978933021608405,0.39508755668814255,0.5663982232427872,0.001835837019117255,0.9961556111959586,0.720033016124811,0.8064760191413707,0.9961437763960929,0.9980681634011005,0.44392225585352896,0.6148838748816409,brain_stroke,segmentation
134,0.0020931968451442574,0.9957476393620771,0.6960549430268821,0.7827912159002348,0.9957357320956225,0.9978633103392404,0.39637415395814163,0.5677191214612292,0.001830036429814378,0.9961572632753759,0.7205070640940798,0.8069300936509727,0.9961453931058072,0.9980689748815362,0.4448687350823525,0.6157912124204092,brain_stroke,segmentation
135,0.002093214679971561,0.9957419488663064,0.6935769022650482,0.7802418544485417,0.9957302553646484,0.9978605602516302,0.39142354916544797,0.5626231486454533,0.0018435848512707797,0.9962108640742481,0.7219450491935038,0.8082928040915234,0.9961991902702624,0.998095976720027,0.44769090811674506,0.6184896314630198,brain_stroke,segmentation
136,0.0021186362825950287,0.9957657204534774,0.6952875317686226,0.7819984043449657,0.995753991022025,0.9978724787738992,0.3948210725152201,0.5661243299160321,0.001827596148994184,0.9962617114074248,0.7230785281889897,0.8093613019451829,0.9962502467306167,0.9981216016000375,0.44990680964736257,0.6206010022903281,brain_stroke,segmentation
137,0.0020654358458180064,0.9958063799635808,0.6968847844686106,0.7836260128792389,0.9957947219439197,0.9978929305655322,0.3979748469933013,0.5693590951929456,0.0018106630478138314,0.9962677690319549,0.7229623893052736,0.8092494198918004,0.9962563525730581,0.9981246659918618,0.449668426037489,0.6203741737917391,brain_stroke,segmentation
138,0.002099290225108651,0.9957759082765507,0.6949956183791612,0.7816954861047544,0.9957642643732924,0.997877637303002,0.39422697238503024,0.5655133349065067,0.0018253763773499576,0.9961781896146616,0.7207198979942786,0.8071291406940426,0.9961664292626841,0.9980795335092715,0.4452733667258732,0.6161787478788139,brain_stroke,segmentation
139,0.002067469519429973,0.9957791665442904,0.6962946875216409,0.7830287577204712,0.9957674133951069,0.9978792185018731,0.396821961648175,0.5681782969390693,0.0017883510139763803,0.9962290369478384,0.72260041894571,0.8089135416694886,0.9962174142565534,0.9981051233615976,0.4489834236348667,0.6197219599773797,brain_stroke,segmentation
140,0.0021091963560145375,0.9958284994713346,0.6970187163893955,0.7837572583059025,0.9958169524146768,0.9979040925670754,0.39822048036411417,0.5696104240447295,0.0018005923010913053,0.9961802088228383,0.7217876076798498,0.8081495070074993,0.9961683587339658,0.9980805019530193,0.4474068566257338,0.6182185120619792,brain_stroke,segmentation
141,0.00208725761482142,0.9958210651139567,0.695519920820896,0.7822226110767576,0.9958096210845839,0.9979004115066151,0.39523022055720797,0.5665448106469,0.0018129059372651846,0.9960983391094925,0.7207725620268772,0.807197856926511,0.996086072162094,0.9980391988639715,0.44545905189166046,0.6163565149890505,brain_stroke,segmentation
142,0.0020786533212723366,0.9958055080327772,0.6976702384691426,0.784429165591001,0.9957937682274715,0.9978924516954154,0.3995467087108136,0.5709658794865865,0.0017941473738143318,0.9961851650610902,0.7231487865746944,0.8094454400194646,0.9961732147868183,0.9980829393036462,0.4501243583625704,0.620807940735283,brain_stroke,segmentation
143,0.0020745012751619395,0.9958359338287124,0.6967812170979941,0.7835122565436727,0.9958244511613794,0.9979078576594296,0.3977379830346088,0.5691166554279159,0.0017859640622273423,0.9962161874412594,0.7235331060960299,0.8098037795727019,0.9962043958520509,0.9980985894250929,0.4508618163400089,0.6215089697203109,brain_stroke,segmentation
144,0.002069774127558322,0.9959282667117011,0.7004977153043844,0.7872731323290563,0.9959169467785199,0.9979542970322136,0.4050784838302489,0.5765919676258988,0.001779190819234328,0.9961629537711466,0.7231010854653137,0.8094050892516498,0.9961508672931997,0.998071722548697,0.45005130363742785,0.6207384559546026,brain_stroke,segmentation
145,0.0020858879407685727,0.9957961921405075,0.6976496573831432,0.7844105809410025,0.9957844016233165,0.9978877486098927,0.39951491314296983,0.5709334132721123,0.0017990063763874814,0.9962064585291354,0.7245203423506761,0.8107426990708689,0.9961945104902133,0.9980936279056031,0.4528461742111389,0.6233917702361348,brain_stroke,segmentation
146,0.002083071737543197,0.9958039018444549,0.6965885608003017,0.7833233819448269,0.9957922588164824,0.9978916938048389,0.3973848627841211,0.5687550700848149,0.0017828911528887605,0.9963846995418233,0.72457685702058,0.8107562837654814,0.9963738524103434,0.998183632997758,0.4527798616308166,0.6233289345332046,brain_stroke,segmentation
147,0.0020380224216785424,0.9959009615102209,0.6984290514802043,0.785178340323665,0.9958896838846995,0.9979406095695128,0.40096841907570907,0.5724160710778171,0.0017795731866718234,0.9961772717927632,0.7238240557285759,0.8100888726475592,0.9961652057005577,0.9980789193757654,0.4514829057565941,0.6220988259193531,brain_stroke,segmentation
148,0.002079191646377619,0.995717810150376,0.6959152856354992,0.7826557939382814,0.9957057476215478,0.9978482537400266,0.3961248236494505,0.5674633341365363,0.001786575946760805,0.9962406015037594,0.7233995313803498,0.8096713312751659,0.996228975572103,0.9981109259137888,0.4505700871885967,0.621231736636543,brain_stroke,segmentation
149,0.0020954241843095848,0.9958230843221335,0.696995930333917,0.7837353651329171,0.9958115091691355,0.9979013595163564,0.3981803514986986,0.5695693707494777,0.0017688251065468429,0.9963296302279135,0.7266060019207223,0.8126860116051733,0.9963182619913168,0.9981557359471276,0.45689374185012793,0.627216287263219,brain_stroke,segmentation
150,0.002035506085415644,0.995831298828125,0.6995232478426101,0.7863096055780321,0.9958195236652772,0.997905383585463,0.40322697201994306,0.5747138275706011,0.0017904700123165783,0.9963727678571429,0.7268193476716118,0.8128774384801792,0.9963616484604674,0.9981775087983991,0.4572770468827562,0.6275773681619594,brain_stroke,segmentation
151,0.0020873615094565584,0.9958897640830592,0.6979954939946308,0.7847391792381153,0.9958784651333243,0.9979349770345861,0.4001125228559372,0.5715433814416446,0.0017891512973640198,0.9963200848801692,0.726477955449741,0.8125674504453824,0.9963086687269834,0.9981509215829981,0.4566472421724986,0.6269839793077666,brain_stroke,segmentation
152,0.0020725120324641467,0.995815466400376,0.697545491087828,0.7842991635392853,0.9958037950197263,0.9978974862204668,0.3992871871559299,0.5707008408581037,0.0017789880345974649,0.9962534510103384,0.7260310292910295,0.8121607293333223,0.9962416565142719,0.9981172903223096,0.45582040206778696,0.626204168344335,brain_stroke,segmentation
153,0.0020616426318183652,0.9957883906543703,0.6962700569804512,0.7830010827663774,0.9957766917599746,0.9978838773608981,0.39676342220092764,0.5681182881718566,0.0017834060412264408,0.996272541705827,0.7259247499526855,0.812056174761697,0.9962608782277271,0.9981269373091193,0.4555886216776439,0.6259854122142747,brain_stroke,segmentation
154,0.002089207045229754,0.9959660809739191,0.7004524073817273,0.7872175106478096,0.9959549765541188,0.9979733894334307,0.40494983820933583,0.5764616318621887,0.0017923640619431224,0.9964472949953007,0.7282879872327248,0.8142414525984347,0.9964365044527861,0.9982150719347868,0.4601394700126635,0.6302678332620826,brain_stroke,segmentation
155,0.002041149955536974,0.9959701652813675,0.6995699585386033,0.7863211858938735,0.9959591647072085,0.9979754920019197,0.4031807523699982,0.5746668797858272,0.0017558247607229347,0.99653926074953,0.7309142234301553,0.8166764202780807,0.9965288070533544,0.9982613859943404,0.4652996398069562,0.6350914545618211,brain_stroke,segmentation
156,0.0020625673462041564,0.99594419092164,0.6980575374787935,0.784788298949542,0.995933186439232,0.9979624500517359,0.400181888518355,0.5716141478473481,0.0017655588700471068,0.9963766227091165,0.7283915385292512,0.814354081345552,0.9963653852987856,0.9981793840306089,0.46041769175971675,0.6305287786604951,brain_stroke,segmentation
157,0.002023603826677217,0.9959192261660009,0.6995946896690366,0.7863594619268028,0.9959079406052878,0.9979497754823947,0.4032814387327853,0.574769148371211,0.0017596959871681113,0.9963740528078008,0.7282062830081522,0.8141808789583447,0.9963628161337361,0.9981780947647041,0.46004974988256825,0.6301836631519852,brain_stroke,segmentation
158,0.002026358760431185,0.9958447908100329,0.6984378629791101,0.7852019166402251,0.9958331979603908,0.9979122493583796,0.4010425279978296,0.5724915839220704,0.0017611275826181685,0.9963999353853383,0.7281980097465193,0.8141674337313043,0.9963888607068937,0.9981911643747462,0.46000715878614495,0.6301437030878623,brain_stroke,segmentation
159,0.002037312737596046,0.9958670479910714,0.6986773998468907,0.7854401248549836,0.995855557289944,0.9979234756268217,0.4014992424038375,0.5729567740831454,0.001754297535950528,0.996273826656485,0.7267975684531974,0.8128788257050292,0.9962620887335278,0.998127544831128,0.4573330481728671,0.6276301065789305,brain_stroke,segmentation
160,0.002062983135692775,0.9958600725446428,0.6989258701470767,0.7856948480557471,0.9958485187004601,0.9979199416886393,0.40200322159369334,0.5734697544228549,0.001766513182984707,0.9962306890272556,0.7259844863026642,0.8121218659003473,0.9962187539418488,0.9981057957447376,0.4557502186634797,0.626137936055957,brain_stroke,segmentation
161,0.0020348299315717435,0.9958040854088346,0.6990459770283237,0.7858315370208213,0.9957922018130505,0.9978916651828147,0.40229975224359704,0.5737714088588279,0.001770672923360104,0.9962433549694549,0.7260760798732049,0.8122054836054451,0.9962314919111779,0.9981121888397751,0.4559206678352318,0.626298778371115,brain_stroke,segmentation
162,0.0020454811236884137,0.9958141355586231,0.6981246857217371,0.7848906524709518,0.9958024000038979,0.9978967857759397,0.4004469714395764,0.5718845191659641,0.0017995152300349752,0.9963689130051692,0.7265663296648007,0.8126399199091798,0.9963577925213869,0.9981755737913026,0.4567748668082145,0.6271042660270569,brain_stroke,segmentation
163,0.002047932859076033,0.9959168857201598,0.7009450385954765,0.7877289302532446,0.9959054593415205,0.9979485297565998,0.4059846178494325,0.5775093307498896,0.0018007681067836912,0.9963213698308271,0.7259389715476017,0.8120587384458111,0.9963100113406205,0.9981515953742567,0.45556793175458293,0.6259658815173654,brain_stroke,segmentation
164,0.0020243926092814233,0.9958945826480263,0.7004238471596638,0.7872069486999693,0.9958830798354805,0.9979372939196125,0.4049646144838471,0.5764766034803263,0.0017829743655104386,0.9963099888392857,0.7271232033729087,0.8131773575261161,0.996298449351879,0.9981457929552954,0.4579479573939384,0.6282089220969368,brain_stroke,segmentation
165,0.0020586387831997826,0.9958824215078712,0.7014551381873868,0.7882534635098148,0.9958707500825574,0.9979311035460229,0.4070395262922163,0.5785758234736068,0.0017793780654892886,0.9963070518092105,0.7279696298191237,0.8139735039922278,0.9962954144567042,0.9981442698728513,0.4596438451815432,0.6298027381116043,brain_stroke,segmentation
166,0.002054144246013541,0.9957734301574248,0.6969122023333988,0.7836627052416392,0.9957615836012172,0.997876291219548,0.3980628210655804,0.5694491192637302,0.001765079355161441,0.9963564306273496,0.7281328193774186,0.8141158176669242,0.9963450902145127,0.9981691994017453,0.45992054854032455,0.6300624359321031,brain_stroke,segmentation
167,0.0020295151027927834,0.9958483244243421,0.7003672856670535,0.7871615263947372,0.9958365638222533,0.9979139393208765,0.4048980075118537,0.576409113468598,0.0017714549248155794,0.9963637732025376,0.7275910821415904,0.8136054644825401,0.9963525281790907,0.9981729320000229,0.45882963610409017,0.6290379969650574,brain_stroke,segmentation
168,0.002003449555556465,0.9958767310121006,0.7025417250073197,0.7893509380695591,0.9958649209028987,0.9979281768752013,0.40921852911174067,0.5807736992639169,0.0017863887299160311,0.9962128832824249,0.7259451806018008,0.8120887280833662,0.9962008379480696,0.9980968036984516,0.455689523255532,0.6260806524682808,brain_stroke,segmentation
169,0.0019861610944179775,0.9957752658012218,0.6980724980532435,0.7848475483951123,0.995763314231426,0.9978771602131562,0.4003816818750608,0.5718179365770683,0.0017798512165707752,0.9961539591165414,0.7242386116084037,0.8104874326768698,0.9961417029210508,0.9980671226530143,0.45233552029575674,0.6229077427007255,brain_stroke,segmentation
170,0.0020443210693398364,0.9958704898231908,0.7010667652464515,0.7878639493221408,0.9958587878170033,0.9979250976029592,0.4062747426758998,0.5778028010413223,0.0017752066912843768,0.9962376644736842,0.7258999656944333,0.812040536953551,0.9962257820554684,0.9981093231144197,0.4555741493333982,0.6259717507926823,brain_stroke,segmentation
171,0.002010463600754178,0.9958994929951833,0.7041895529789745,0.7910009091173913,0.9958876536411406,0.9979395902613272,0.41249145231680834,0.5840622279734553,0.0017711809437189784,0.9963215533952068,0.7274309004986248,0.8134642053684106,0.9963100582262648,0.9981516189038221,0.4585517427709847,0.6287767918329991,brain_stroke,segmentation
172,0.002000442589107985,0.9958748953683035,0.7017764614095658,0.7885798511333271,0.9958631494930955,0.9979272874956607,0.40768977332603606,0.5792324147709933,0.0017563674528908012,0.9963791926104323,0.7288050747047312,0.8147410912744018,0.9963679337437278,0.9981806628954106,0.4612422156657346,0.631301519653393,brain_stroke,segmentation
173,0.0019849453958213554,0.9959741578066259,0.7037351077057384,0.7905262115594702,0.9959627926746312,0.9979773133346045,0.4115074227368457,0.583075109784336,0.0017755935136648945,0.9963788254816729,0.7276173841189153,0.8136268657687696,0.9963676718188451,0.998180531455989,0.45886709641898543,0.6290732000815503,brain_stroke,segmentation
174,0.0019928150575720055,0.9959312496328713,0.7025433457219681,0.789338723185756,0.9959197526659785,0.997955705719846,0.4091669387779575,0.5807217406516659,0.0017719559161398645,0.9963512908247181,0.7279845591601737,0.813977794180839,0.996339931718726,0.9981666106943404,0.4596291866016213,0.6297889776673375,brain_stroke,segmentation
175,0.002004714148413194,0.9959122048284774,0.7039137509323334,0.7907211154475222,0.9959004663267831,0.9979460229894322,0.41192703553788385,0.5834962079056122,0.0017655608307262111,0.9962705224976504,0.7269395408075652,0.8130132285656366,0.9962587500538438,0.9981258692311027,0.4576203315612867,0.6279005879001704,brain_stroke,segmentation
176,0.002022684193601398,0.9958609444754464,0.7000908733043547,0.7868780697206277,0.9958492828504322,0.9979203253546081,0.40433246375827736,0.5758358140866473,0.00175860068459708,0.9963257753759398,0.7278824828484107,0.8138875677946139,0.9963142648959881,0.99815373001695,0.4594507008008333,0.6296214055722779,brain_stroke,segmentation
177,0.0020033228064053935,0.9958980703712406,0.7024901512171606,0.789293571572544,0.9958863884023572,0.9979389550319367,0.40909391403196416,0.5806481881131511,0.0017643260048296218,0.9962690539826128,0.7263967973951685,0.8125022624214103,0.9962573237682684,0.998125153412253,0.4565362710220687,0.6268793714305676,brain_stroke,segmentation
178,0.002015555035532977,0.9959027971540179,0.7029967524567411,0.7898023090025921,0.9958910932850779,0.9979413171746966,0.4101024116284043,0.5816633008304876,0.0017753516288852333,0.9962277519971805,0.7260089624444801,0.8121456178863278,0.9962157957656506,0.9981043110457414,0.45580212912330964,0.6261869247269142,brain_stroke,segmentation
179,0.0019833655278653577,0.9958834770030545,0.7021005623359694,0.7889046355655971,0.9958717489136729,0.9979316050299455,0.40832937575826583,0.5798776661012487,0.0017683487259467741,0.996279884281015,0.7269226952459544,0.8129953002801651,0.9962681729994234,0.9981305983579503,0.4575772174924855,0.62786000220238,brain_stroke,segmentation
180,0.0019932266657373735,0.995824598728266,0.7007134728443281,0.7875182428433516,0.99581266762733,0.9979019411788543,0.40561427806132616,0.5771345445078488,0.0017758287545433617,0.9963096217105263,0.727212942398469,0.8132618659621287,0.996298071531684,0.9981456033439556,0.4581278132652539,0.6283781285803017,brain_stroke,segmentation
181,0.0019984499558358265,0.9958575944255169,0.7018056674303716,0.7886137400607042,0.9958457459464612,0.9979185495362175,0.4077655889142821,0.5793089305851908,0.0017575499594659734,0.9963134765625,0.7275051744440335,0.8135358069932936,0.9963019234674934,0.9981475364577701,0.4587084254205738,0.6289240775288171,brain_stroke,segmentation
182,0.0020177641915003386,0.9958965100740131,0.7015678378095607,0.7883637019876644,0.9958849083161226,0.9979382119346005,0.40725076730299875,0.5787891920407282,0.0017446720244404966,0.9962975064614662,0.7276370457076264,0.8136632536904129,0.9962858397132492,0.9981394646934507,0.4589882517020037,0.6291870426873751,brain_stroke,segmentation
183,0.002005040155079468,0.9958393297697369,0.7008417283253973,0.787644275233489,0.9958274709109363,0.9979093738562687,0.40585598573985826,0.5773791766107094,0.0017678398092774521,0.9963160464638158,0.7273228659823849,0.8133638371514493,0.9963045266004298,0.9981488428492102,0.4583412053643401,0.6285788314536883,brain_stroke,segmentation
184,0.001982818243857053,0.9958468100182096,0.7016901385159924,0.7884998803098814,0.9958349105654679,0.997913109239405,0.40754536646651685,0.5790866513803578,0.0017338436264964872,0.996422146675282,0.7286801671488556,0.8146146667607381,0.9964111667565334,0.9982023576589699,0.46094916754117776,0.6310269758625063,brain_stroke,segmentation
185,0.001976817232360573,0.995873426853266,0.70135763768412,0.7881572498134501,0.9958617133632313,0.9979265664504405,0.40685356200500866,0.5783879331764598,0.0017687104404308742,0.9963415619125939,0.7284689808635532,0.8144343804294719,0.9963300968334979,0.9981616751797093,0.46060786489360844,0.6307070856792345,brain_stroke,segmentation
186,0.0019921897963053525,0.9958760885367716,0.7017358617666735,0.7885385665335509,0.9958643534818671,0.9979278919877906,0.40760737005147984,0.5791492410793112,0.0017323239937536699,0.9963529429041353,0.7284376855106149,0.8144025445415514,0.9963415525642002,0.998167424090782,0.4605338184570297,0.6306376649923208,brain_stroke,segmentation
187,0.001982522135096273,0.9959596562206297,0.7036334518092288,0.7904278097154542,0.9959482178914562,0.9979699963795533,0.41131868572700137,0.582885623051355,0.001750690065660423,0.9963263260690789,0.7276017919063988,0.8136237793272787,0.996314845136196,0.9981540212092382,0.4588887386766016,0.6290935374453193,brain_stroke,segmentation
188,0.002011231396389299,0.9958909113604323,0.7021117305070147,0.7889140046033837,0.9958792249334735,0.9979353585051401,0.40834423608055587,0.5798926507016272,0.0017510146098701578,0.9963582662711467,0.7280566516542517,0.8140439322452,0.996346944352154,0.9981701298673655,0.4597663589563495,0.6299177346230345,brain_stroke,segmentation
189,0.0020039680813040053,0.9959072485902256,0.7015373263869011,0.7883301429176699,0.9958957110032672,0.99794363554463,0.407178941770535,0.57871665029071,0.0017543341908463858,0.9964083793468045,0.7291540287942413,0.8150614232809952,0.9963972716043835,0.9981953850334,0.461910785984099,0.6319274615285904,brain_stroke,segmentation
190,0.0019996691402397993,0.9958205603119126,0.7016991449044863,0.7885156700014457,0.9958085075243671,0.9978998523857222,0.4075897822846054,0.5791314876171691,0.0017567681176657963,0.9964131520206767,0.7293586734968392,0.8152518415677843,0.9964020557261358,0.998197785729811,0.46231529126754267,0.6323058974057576,brain_stroke,segmentation
191,0.0019942387815957007,0.9958841653694784,0.7021172068083681,0.788921244179984,0.9958724396211878,0.9979319518137164,0.4083619739955483,0.5799105365462517,0.001744064800721362,0.9963883708294173,0.7291544935457622,0.8150662270861911,0.9963771378339134,0.9981852816797844,0.46193184925761105,0.6319471724925979,brain_stroke,segmentation
192,0.001995699988552054,0.9959020628964991,0.7033872410405699,0.7901950555781105,0.9958903168331559,0.9979409273484704,0.41088416524798393,0.5824491838077507,0.001751832438534812,0.9963635896381579,0.7284394701214294,0.8144018835420751,0.9963522661339307,0.9981728004982139,0.46052667410892806,0.6306309665859363,brain_stroke,segmentation
193,0.0019736562845038066,0.9958286371446193,0.7002894159874401,0.7870876730450465,0.9958167712968529,0.9979040016281511,0.40476206067802734,0.5762713444619418,0.0017451892880008632,0.9963911242951128,0.7294197776675282,0.8153137906714327,0.9963798845319244,0.9981866600158994,0.4624596708031321,0.6324409213269659,brain_stroke,segmentation
194,0.0019692641343305207,0.9958852208646617,0.7045238899821353,0.7913394962081781,0.9958732650916722,0.9979323662576651,0.4131745148725985,0.5847466261586911,0.001757492081619295,0.9964039738016918,0.7287921778552222,0.8147235883585742,0.9963928710315875,0.9981931767936294,0.46119148467885696,0.631253999923519,brain_stroke,segmentation
195,0.0019640217680498063,0.9959482293379934,0.7049756191304383,0.7917758253858834,0.9959365970893267,0.997964162330307,0.4140146411715499,0.5855874884414598,0.0017720104860407964,0.9963342193374061,0.7278801371183499,0.8138835079456221,0.9963227623953752,0.9981579944516523,0.45943751184132464,0.629609021439592,brain_stroke,segmentation
196,0.0020126953675530684,0.9959059177484727,0.7029052186212981,0.7897094354739101,0.9958942407444912,0.9979428973882017,0.40991619649810507,0.5814759735596186,0.0017620072188906204,0.996358633399906,0.7280840660074558,0.8140695812574598,0.9963473112771173,0.9981703140018526,0.45982082073779423,0.6299688485130669,brain_stroke,segmentation
197,0.0020201512136237515,0.9959349209204652,0.702835336701264,0.7896317635144838,0.9959234170675507,0.9979575454160268,0.40974725633497716,0.581305981612941,0.0017523955301682753,0.996332383693609,0.7283354580641414,0.8143111930838567,0.9963208729143144,0.9981570462265844,0.4603500432139684,0.6304653399411289,brain_stroke,segmentation
198,0.002000897914465321,0.9958706274964756,0.701233332635956,0.7880323316673693,0.995858910062473,0.9979251589796008,0.40660775520943904,0.5781395043551378,0.0017504434598455752,0.996322654781485,0.7284307413478095,0.8144026741852093,0.9963110733905257,0.9981521283638379,0.4605504093050933,0.6306532200065808,brain_stroke,segmentation
199,0.001985116303317193,0.9959839785009399,0.7048117904020448,0.7916029424642674,0.995972568067263,0.9979822207994388,0.4136510127368266,0.5852236641290961,0.0017571166605877698,0.9963984668703008,0.7300289378714755,0.8158813645652491,0.99638721804371,0.9981903400684811,0.46367065769924093,0.6335723890620171,brain_stroke,segmentation
200,0.0019464201108321435,0.9959532314673403,0.7043362247096373,0.7911343988876951,0.9959416894099595,0.997966718861792,0.41273076000931513,0.5843020789135981,0.0017563833161852414,0.9963164135925752,0.7277003966800237,0.8137186094154486,0.9963048608563657,0.9981490105964831,0.45909593250368175,0.6292882082344141,brain_stroke,segmentation
201,0.0019781220655300117,0.9960250969219925,0.7080147122640917,0.794783899963244,0.9960136218741545,0.9980028302000754,0.420015802654029,0.5915649697264125,0.0017633225474702684,0.996265199130639,0.7268828649212427,0.8129610501269571,0.9962533981545971,0.9981231832347203,0.45751233168788824,0.627798917019194,brain_stroke,segmentation
202,0.002021117808465335,0.9958872859639333,0.702444410463424,0.7892502342949126,0.9958755463282242,0.99793351159627,0.40901327459862374,0.5805669569935551,0.0017639783694219768,0.9964146205357143,0.7295655688480738,0.8154449788415159,0.9964035148773731,0.9981985179369672,0.46272762281877444,0.6326914397460646,brain_stroke,segmentation
203,0.001990280431674275,0.9958687918526786,0.7021556899757068,0.7889639595779163,0.9958569736854594,0.9979241867683083,0.40845440626595403,0.5800037323875245,0.0017486641799708954,0.9963724007283835,0.727949493202324,0.813940232572117,0.9963611770253498,0.9981772722208151,0.4595378093792984,0.629703192923419,brain_stroke,segmentation
204,0.0019944893539344008,0.9959750297374295,0.7050646572075674,0.7918581673090435,0.9959635439078401,0.997977690472113,0.41416577050729453,0.5857386441459738,0.0017655246660001295,0.9963856173637218,0.728328112345887,0.814292625140583,0.99637444189604,0.9981839288122137,0.4602817827957341,0.6304013214689522,brain_stroke,segmentation
205,0.001955423374569282,0.995877694725094,0.7027393448337461,0.7895496659179626,0.995865870823324,0.9979286538052928,0.4096128188441682,0.5811706780306325,0.0017590846838359546,0.9963132929981203,0.7279067643711444,0.8139131120918719,0.9963017011916537,0.9981474249076987,0.4595118275506351,0.6296787992760451,brain_stroke,segmentation
206,0.002000013659393093,0.9959599774582941,0.7048603160582023,0.7916575226580793,0.995948424248369,0.9979700999773296,0.4137722078680355,0.5853449453388291,0.0017642693426039883,0.9963626718162594,0.728488432729924,0.8144479892573575,0.9963513380636553,0.9981723347655409,0.46062552739619284,0.630723643749174,brain_stroke,segmentation
207,0.001988117531628201,0.9959147288386984,0.7017244520019278,0.7885171897445966,0.9959032159209632,0.9979474034380238,0.4075456880828924,0.5790869760511694,0.0017640927764482068,0.9963140272556391,0.7276770928624986,0.8136972415143726,0.9963024615883028,0.9981478065158745,0.4590517241366944,0.6292466765128707,brain_stroke,segmentation
208,0.002000674113099064,0.9959584630521616,0.7044389103245062,0.7912359728188026,0.9959469413254958,0.9979693555020994,0.4129308793235167,0.5845025901355059,0.0017703915435008538,0.9963556963698308,0.7285109157604374,0.8144705946680763,0.9963443166488546,0.9981688112012249,0.4606775148720201,0.6307723781349276,brain_stroke,segmentation
209,0.001981657453203448,0.995964337112312,0.7063826130942659,0.7931764493520674,0.9959526631881186,0.9979722280560419,0.41681256300041325,0.588380670648093,0.0017443622707536345,0.9963911242951128,0.729698724530581,0.8155745423806822,0.996379859201179,0.9981866473045518,0.463017589859983,0.6329624374568125,brain_stroke,segmentation
210,0.0020060013556026652,0.9959104609668703,0.7024609689547026,0.789261026401584,0.9958988529775518,0.9979452129969764,0.40902308493185335,0.5805768398061917,0.0017536507611324017,0.9963116409187031,0.7279084655424326,0.8139150726312065,0.9963000384672074,0.9981465904616053,0.4595168926176578,0.6296835548008078,brain_stroke,segmentation
211,0.002029488875033488,0.9958698473478619,0.7017432943962575,0.7885476614037209,0.9958580756617361,0.9979247400460123,0.4076285131307789,0.5791705827614295,0.0017628287826489686,0.9963648745888158,0.7288288114898813,0.8147664566203966,0.9963535235277926,0.9981734314943559,0.46130409945197,0.6313594817464373,brain_stroke,segmentation
212,0.0020557900207971496,0.9958934812617481,0.7034305720487124,0.7902407584944838,0.9958816812224979,0.9979365917247262,0.4109794628749269,0.5825449252642415,0.0017481453226585136,0.9964243494478383,0.7298417110236868,0.8157008992907508,0.9964132798685552,0.9982034180158924,0.4632701421788183,0.6331983805656093,brain_stroke,segmentation
213,0.0019912515388787687,0.9959254673549107,0.7037010453367756,0.7905043040457358,0.9959138261759548,0.9979527303381259,0.41148826449759623,0.5830558777533457,0.0017524788450253637,0.996387269443139,0.7291528287962761,0.8150649096884839,0.9963760296855667,0.9981847255925006,0.46192962790698544,0.6319450937844671,brain_stroke,segmentation
214,0.0019842174240296945,0.9959421717134633,0.7040117204402997,0.7908118421190058,0.9959305969881318,0.9979611500429881,0.41209284389246753,0.5836625341950233,0.001741630057419153,0.9963474359727443,0.7282182122824815,0.8141979142204663,0.9963360311324847,0.9981646532395466,0.4601003934324783,0.6302311752013858,brain_stroke,segmentation
215,0.001977864429144595,0.9959464854763863,0.7050352783623876,0.7918359346036583,0.9959348373700185,0.9979632788837245,0.41413571935475657,0.585708590323592,0.0017536819163233713,0.9963621211231203,0.7285867488614054,0.8145402667742344,0.9963507749033006,0.9981720521550747,0.4608227228195102,0.6309084813933942,brain_stroke,segmentation
216,0.001991861203293267,0.9959120671551926,0.7019536345792203,0.7887491573844322,0.9959005171168172,0.9979460484888772,0.4080067520416234,0.5795522662799871,0.0017538031143017282,0.996309805274906,0.7279620063548622,0.8139657421632136,0.9962981861424958,0.9981456608620892,0.45962582656722856,0.6297858234643381,brain_stroke,segmentation
217,0.0019762338730821708,0.9959416669114192,0.7049508978015627,0.7917527401825367,0.9959299989644771,0.9979608498105473,0.4139717966386484,0.5855446305545261,0.0017603073647259769,0.9963221040883459,0.7283610153094777,0.8143374152867888,0.9963105257187627,0.9981518535149189,0.4604115049001928,0.6305229770586588,brain_stroke,segmentation
218,0.0020213443462043664,0.9959580500323073,0.703659287562879,0.79045415668929,0.9959466000673887,0.9979691841793391,0.41137197505836937,0.582939129199241,0.0017464760130733476,0.9964230644971804,0.7295966087112109,0.8154721541611596,0.9964120087779104,0.998202780184494,0.4627812086445115,0.6327415281378251,brain_stroke,segmentation
219,0.0019964422029268023,0.995933222949953,0.7046382914364255,0.7914420007943296,0.995921536169519,0.9979566011205491,0.41335504670333223,0.5849274004681101,0.001760023590037249,0.9963243068609022,0.7283856697950425,0.8143600512914625,0.996312740178721,0.9981529648400936,0.460458599411364,0.6305671377428314,brain_stroke,segmentation
220,0.001974811574577221,0.9959523595365366,0.7045207058262279,0.7913194426438832,0.9959407948164951,0.9979662697440492,0.4131006168359608,0.5846726155437173,0.0017334822789394765,0.9963988339990602,0.7293730829270553,0.8152684410417483,0.99638764684965,0.9981905552481,0.4623585190044606,0.6323463268353966,brain_stroke,segmentation
221,0.002006820530133476,0.9958291878377584,0.6992376747545002,0.7860199639622878,0.9958174286553653,0.9979043316865649,0.40265792085363517,0.5741355962380107,0.0017635690804598922,0.9963577155780076,0.7284488554563635,0.8144119709659656,0.9963463542721436,0.998169833746515,0.46055135664058355,0.6306541081854163,brain_stroke,segmentation
222,0.0020094232696731737,0.9958601643268327,0.702188561196486,0.7889992948944933,0.995848293009167,0.9979198283730407,0.40852882938380486,0.5800787614159459,0.0017609194929438425,0.9963160464638158,0.7282189347434563,0.8142054824235392,0.9963044428996747,0.9981488008437442,0.46013342658723805,0.6302621640033341,brain_stroke,segmentation
223,0.0020028782416751287,0.9960197276638862,0.7075639157786647,0.7943378114749757,0.9960082639379119,0.99800014051334,0.41911956761941754,0.5906754824366115,0.001749402032534879,0.9963566141917293,0.7285426670294285,0.8145001562942366,0.9963452373367484,0.9981692732324557,0.4607400967221085,0.6308310393560174,brain_stroke,segmentation
224,0.0019839868219079155,0.995875216605968,0.700492473194333,0.787281451540675,0.9958635972860639,0.9979275123212025,0.4051213491026023,0.5766353907601474,0.0017633587724172083,0.9963123751762218,0.7279698978775737,0.813972585438454,0.9963007716285629,0.9981469584022554,0.4596390241265846,0.6297982124746525,brain_stroke,segmentation
225,0.0019802155330272994,0.995935655177984,0.7045332885817163,0.7913362412459604,0.9959239926453713,0.9979578343816459,0.4131425845180612,0.5847146481102747,0.0017526842653751372,0.9963957134046053,0.729300689690469,0.8152014087946136,0.9963845132322766,0.9981889827617076,0.4622168661486614,0.6322138348275194,brain_stroke,segmentation
226,0.0020061118990406953,0.9958852667557566,0.702526237141126,0.7893331714126597,0.995873507492854,0.9979324879599563,0.40917896678939825,0.580733854865363,0.0017681766987631196,0.9963819460761278,0.7286284674691689,0.8145750224337736,0.9963707204975852,0.998182061345044,0.4608862144407525,0.6309679835225033,brain_stroke,segmentation
227,0.001959059845053948,0.9960012794437265,0.7068111067407478,0.7935939625518148,0.9959897797487675,0.997990861330093,0.41763243373272807,0.5891970637735366,0.0017627488135507233,0.9963511072603384,0.7292065394973826,0.8151230619302128,0.996339634350114,0.99816646146432,0.4620734446446511,0.6320796623961056,brain_stroke,segmentation
228,0.002051358720063603,0.9958547032865367,0.7015800547602856,0.7883867154920688,0.995842860313125,0.9979171007049008,0.4073172492074463,0.5788563302792369,0.0017451449570463117,0.9963738692434211,0.7291704863057467,0.8150843588549848,0.9963625435899821,0.9981779579958072,0.4619784290215111,0.6319907597141622,brain_stroke,segmentation
229,0.001969169140478274,0.995956443843985,0.7052162331360023,0.792014375463137,0.9959448361115354,0.9979682986147229,0.41448763016046936,0.5860604523115511,0.001750943491837584,0.9963863516212406,0.7296346554459404,0.8155157091596721,0.9963750622846095,0.9981842401340947,0.46289424860727135,0.6328471781852496,brain_stroke,segmentation
230,0.001971967969986057,0.9959510286947838,0.7055598072809484,0.792359010327696,0.995939356454037,0.997965547634084,0.4151802581078598,0.586752473021308,0.0017495211087783476,0.9964159054863722,0.7292185653655459,0.8151201704767523,0.9964048388934933,0.9981991823319265,0.4620322918375984,0.6320411586215781,brain_stroke,segmentation
231,0.0019999355396353885,0.995979618846922,0.703908150587835,0.7906985034049983,0.9959682685750588,0.9979800623645088,0.41184803260061104,0.5834169444454879,0.0017626031518990831,0.9963479866658834,0.7283031195873889,0.8142774402051244,0.9963365774739565,0.9981649274138537,0.4602696617008213,0.6303899529963951,brain_stroke,segmentation
232,0.001983916604737366,0.995904541015625,0.7027037739485057,0.7895070474515691,0.9958928755844494,0.9979422119965493,0.40951467231256194,0.5810718829065888,0.0017543308016725052,0.996305583294173,0.7280573189962803,0.8140561341553201,0.9962939283475444,0.9981435240573399,0.4598207096450163,0.6299687442533003,brain_stroke,segmentation
233,0.0019803800336540417,0.9958953169055451,0.7019088465909095,0.7887082392442442,0.9958836754023696,0.9979375929327141,0.40793401777944943,0.5794788855557742,0.0017598873774584075,0.99638066112547,0.7289885857683294,0.814912619686138,0.9963693947917012,0.9981813960794176,0.4616077767449576,0.6316438432928585,brain_stroke,segmentation
234,0.0019850101854119984,0.9959805366688205,0.7060686951216898,0.7928595015204041,0.995968987153423,0.9979804231065104,0.4161684030899566,0.5877385799342978,0.0017412401399666206,0.9964405031132518,0.7303462546063522,0.8161683620326974,0.9964294894598773,0.9982115518935313,0.464263019752827,0.6341251721718634,brain_stroke,segmentation
235,0.002003613548857489,0.9959176658687735,0.7027482836664005,0.7895485228886208,0.9959060715475815,0.9979488371167468,0.4095904957852196,0.5811482086604949,0.001748652834641306,0.9964175575657894,0.7300157750728928,0.8158649281968728,0.9964064299052021,0.9981999807048464,0.46362512024058367,0.6335298756888994,brain_stroke,segmentation
236,0.0019938065446353046,0.9958841653694784,0.702084030416088,0.7888877891327681,0.9958724428504697,0.9979319534350426,0.40829561798170644,0.5798436248304937,0.001744050193662034,0.9964579417293233,0.7303500139876292,0.8161680872389854,0.9964470363337121,0.998220356662798,0.4642529916415463,0.6341158178151729,brain_stroke,segmentation
237,0.0019925693466671204,0.9959422634956532,0.7043229702471758,0.7911238743367861,0.9959306594420151,0.9979611813973926,0.41271528105233646,0.5842865672761796,0.001764031359575745,0.9962729088345864,0.7267230202415634,0.8128088181598362,0.9962611721512385,0.998127084821906,0.45718486833188826,0.6274905514977663,brain_stroke,segmentation
238,0.001983100612458766,0.9959560767152256,0.7041253314152933,0.790922278144947,0.9959445711420754,0.9979681655910896,0.41230609168851134,0.5838763906988044,0.001762966009179004,0.9963865351856203,0.7291051389606202,0.8150204386718065,0.9963752951459707,0.9981843569879658,0.46183498277526974,0.6318565203556472,brain_stroke,segmentation
239,0.002018825784745745,0.9959071109169408,0.7023955916707594,0.7891960104533282,0.9958954900185305,0.9979435245973569,0.40889569332298825,0.5804484963092995,0.0017530017917541632,0.9964118670700188,0.7296238374677066,0.8155000427710494,0.9964007389652646,0.9981971249737159,0.4628469359701488,0.6328029605683828,brain_stroke,segmentation
240,0.0019787183336045285,0.9959508451304041,0.7048061385100594,0.7916055963100372,0.995939244313032,0.9979654913352007,0.4136730327070866,0.5852457012848737,0.001760144453299673,0.9963118244830828,0.7275799527159683,0.813606451246109,0.9963002539478107,0.9981466986016392,0.458859651484126,0.6290662038905789,brain_stroke,segmentation
241,0.001937536246500405,0.995959426765155,0.7067341570622736,0.7935277576623057,0.995947690146099,0.9979697314343923,0.4175206239784482,0.5890857838902189,0.001751669001926605,0.9963828638980263,0.7289108905337065,0.8148393905498499,0.9963716184514941,0.9981825119557047,0.46145016261591887,0.6314962691439951,brain_stroke,segmentation
242,0.0019512222789199952,0.9959664481026785,0.7060735602938129,0.7928678619063099,0.995954816216684,0.9979733089394361,0.4161923043709417,0.5877624148731836,0.0017687185422370307,0.9963377070606203,0.7280439841523616,0.8140365603539752,0.996326256960179,0.9981597481739206,0.45976171134454435,0.6299133725340297,brain_stroke,segmentation
243,0.0019965861871474445,0.9959410244360902,0.7033659088818319,0.7901637708317122,0.9959295048858965,0.997960601762668,0.4108023128777673,0.5823669399007563,0.0017507474449344148,0.9964337112312031,0.7297946624200176,0.8156549120546817,0.9964227042278857,0.998208147120077,0.4631666206121493,0.6331016769892863,brain_stroke,segmentation
244,0.002014461152003448,0.9958742987840695,0.7014696244027168,0.7882701732969499,0.9958625793910275,0.9979270012616627,0.4070766694144059,0.5786133453322372,0.001753533338861806,0.9963951627114662,0.7296344456977399,0.8155135946565288,0.9963839288673438,0.9981886895199021,0.4628849625281361,0.6328384997931555,brain_stroke,segmentation
245,0.0020316420126482286,0.9959441450305451,0.7029848303985877,0.7897798404225865,0.995932679635146,0.9979621956159377,0.4100369811620295,0.5815974852292354,0.001758355315410553,0.9963619375587406,0.7291220273266943,0.8150416162276357,0.9963505410383954,0.9981719347947248,0.4618935136149931,0.6319112976605465,brain_stroke,segmentation
246,0.0019891524613883933,0.9959280372562265,0.7029199379572352,0.7897186382975134,0.9959164859219252,0.9979540656601228,0.4099233899925452,0.5814832109349042,0.001764338620399174,0.99628300487547,0.7273112214564597,0.813360177295799,0.9962712766398033,0.998132155983092,0.4583511662731159,0.628588198608506,brain_stroke,segmentation
247,0.0019683449798704763,0.9960133488016917,0.7072627137417931,0.7940401324745325,0.9960018764560817,0.9979969339753243,0.4185235510275045,0.5900833309737408,0.0017593458588970334,0.9963243068609022,0.7279269717732417,0.8139296627659443,0.9963127829539317,0.9981529863067787,0.45954116059255185,0.6297063392251097,brain_stroke,segmentation
248,0.002047615800459022,0.9958494258106203,0.6990016197616433,0.7857746744018808,0.9958378045196526,0.9979145622600585,0.40216543500363405,0.573634786543703,0.0017485101140083227,0.9963624882518797,0.7289949405364985,0.8149225406052671,0.9963511068947251,0.9981722187581769,0.461638774178272,0.6316728624523574,brain_stroke,segmentation
249,0.0019724866718445954,0.9959162891359258,0.7026500006861724,0.7894499274641,0.9959046963703267,0.9979481467040382,0.40939530500201804,0.5809517082241619,0.0017482645641592213,0.9963711157777255,0.7289795029402307,0.8149062023222077,0.9963597902381651,0.9981765762967001,0.4615992156422964,0.6316358283477153,brain_stroke,segmentation
250,0.001960482419279397,0.9959583253788769,0.7056835710393254,0.7924807653563288,0.9959466836866847,0.9979692261589732,0.41542045839196623,0.5869923045536843,0.001756844134595161,0.9963432139920113,0.7285988912585232,0.8145557881267136,0.9963317473356142,0.9981625034670306,0.46086603518143204,0.6309490727863967,brain_stroke,segmentation
251,0.0019551827960920735,0.9959773701832707,0.706648844310492,0.7934383762412305,0.9959657467710763,0.9979787963618866,0.41733194184990774,0.5888979561205744,0.0017525562092213702,0.9963913078594925,0.7294555823892126,0.815347231040012,0.9963800660017693,0.9981867510801785,0.462531098776656,0.6325077109998457,brain_stroke,segmentation
252,0.0019692072420752138,0.9959231728001645,0.7042350353438118,0.7910405430162568,0.9959114667348986,0.9979515457808409,0.412558603952725,0.5841295402516727,0.001746113202009434,0.9963929599389098,0.7288799972186555,0.8148082522125908,0.9963817805248647,0.9981876114526631,0.4613782139124462,0.6314288929725186,brain_stroke,segmentation
253,0.001980843536093607,0.9959314790883459,0.7034550084625316,0.7902557048618175,0.9959198962080752,0.9979557777846314,0.4109901207169881,0.5825556319390037,0.0017674539182195089,0.9963668937969925,0.7285613993705372,0.8145154621005273,0.9963555799105948,0.9981744634442484,0.4607672188304796,0.630856460756806,brain_stroke,segmentation
254,0.0019756813015424667,0.9959127096305216,0.7043882972463762,0.7911967648462619,0.9959009278681078,0.9979462547090099,0.4128756666246446,0.5844472749835139,0.001751088853785418,0.9964157219219925,0.7292565663244792,0.8151557652376408,0.9964046507902276,0.99819908794124,0.4621084818587309,0.6321124425340415,brain_stroke,segmentation
255,0.0019918504738269892,0.9957944023878055,0.6982202329388417,0.7849932100594008,0.9957825453254492,0.9978868165349833,0.40065792055223426,0.5720996035838183,0.0017540061986423972,0.9963042983435151,0.7278611802383635,0.8138722884648844,0.9962926536795501,0.9981428843543472,0.45942970679717693,0.6296016925754215,brain_stroke,segmentation
256,0.001985184711411147,0.995997286918468,0.7059504131944538,0.7927373489522134,0.9959858455747539,0.9979888863269519,0.41591498081415385,0.5874858115774747,0.0017564211474885617,0.9962563880404135,0.7271128459817389,0.8131794527771226,0.9962445087403288,0.9981187218082612,0.4579811832231489,0.6282401837459838,brain_stroke,segmentation
257,0.0019804119685650767,0.9958763638833412,0.7039013715964706,0.7907177292785554,0.995864417778622,0.997927924269535,0.41193832541431924,0.583507534287576,0.0017569914278119131,0.9963039312147557,0.7277325032483475,0.8137515181736245,0.9962922963179659,0.998142705009245,0.45917271017872907,0.629360331338004,brain_stroke,segmentation
258,0.001994649610741246,0.9958682411595394,0.7015219621270321,0.7883245879477784,0.9958564818671217,0.9979239398370959,0.4071874423869425,0.5787252360584608,0.0017670608860881705,0.9963540442904135,0.7281017276796953,0.8140871646794573,0.9963426917361443,0.9981679957659598,0.4598607636232463,0.6300063335929548,brain_stroke,segmentation
259,0.001998546410043885,0.9958766851210057,0.7010823905708721,0.7878781652327373,0.9958650170362633,0.9979282251412589,0.40629976410548085,0.5778281053242159,0.0017666637519360485,0.9963468852796052,0.728864073916704,0.8148034163735731,0.9963354173142096,0.9981643452027111,0.4613927305191984,0.631442487544435,brain_stroke,segmentation
260,0.0019647451600802125,0.9959342325540413,0.7042995024040463,0.7911023752516012,0.9959225843293377,0.997957127344179,0.41267642047875486,0.5842476231590235,0.0017424189268534344,0.9963824967692669,0.7289716658462959,0.8148963773389066,0.9963712434995414,0.9981823237976031,0.4615720881930505,0.6316104308802101,brain_stroke,segmentation
261,0.00203191605466593,0.9959061472039473,0.7024900005568612,0.7892913677779172,0.9958945116660382,0.9979430334068434,0.4090854894476842,0.5806397021489909,0.001749458194787341,0.9963367892387218,0.7285744004311316,0.8145342427017728,0.9963252841662211,0.9981592599848708,0.46082351669604227,0.6309092254186748,brain_stroke,segmentation
262,0.002014884931084357,0.9959117459175282,0.7023525518491079,0.7891514628953918,0.9959001557265187,0.9979458670506548,0.40880494797169725,0.5803570587401289,0.001772005968075946,0.9962650155662593,0.7272017159778461,0.8132611540899377,0.9962531829622119,0.9981230752342604,0.45815024899348045,0.6283992329456152,brain_stroke,segmentation
263,0.0020110326493509058,0.9958768686853854,0.7015832612390462,0.7883842938863949,0.9958651529768174,0.9979282933934613,0.407301369501275,0.5788402943793284,0.0017454675125672405,0.9963698308270676,0.7294981748790701,0.8153917341940371,0.9963584496452731,0.9981759035531048,0.4626379001128671,0.6326075648349695,brain_stroke,segmentation
264,0.0019968783801519556,0.995963143943844,0.7035171787163056,0.7903101559971033,0.9959517365410012,0.9979717628513332,0.41108262089160996,0.5826485491428736,0.0017468497661271489,0.9964142534069549,0.7298257745001032,0.8156882087196275,0.9964031221061973,0.9981983208431331,0.46324842689400914,0.6331780965961219,brain_stroke,segmentation
265,0.0020027441994980313,0.9959665398848684,0.7039063583997709,0.7907000022830174,0.9959551150867553,0.9979734589807804,0.4118576017127865,0.5834265455852544,0.0017625907912178147,0.9963070518092105,0.7282450942502601,0.8142319961267837,0.9962953885339533,0.9981442568633254,0.46019479996656687,0.630319735390242,brain_stroke,segmentation
266,0.0019678348206207718,0.9960203242481203,0.7063400650562572,0.7931201312389486,0.9960089790607579,0.9980004995062097,0.4166711510517565,0.5882397629716876,0.001759665385168746,0.9963896557800752,0.7285429584471672,0.8144931893795171,0.9963784861305853,0.9981859582766621,0.4607074307637491,0.630800420482372,brain_stroke,segmentation
267,0.001965568942206919,0.9959165644824953,0.7024189956891665,0.7892171884428478,0.9959049954903867,0.9979482968784258,0.40893299588794635,0.5804860800072698,0.0017548463874517528,0.9964164561795112,0.7299696318267457,0.8158220836687904,0.9964053257597392,0.9981994266425366,0.4635339378937523,0.6334447406950441,brain_stroke,segmentation
268,0.002003084802369874,0.9959334524054276,0.7033835638165999,0.79018342554077,0.9959218877177777,0.9979567776137346,0.41084523991542227,0.5824100734678054,0.0017527312376445397,0.9963601019149436,0.7289049380870185,0.8148387935503347,0.9963487137635576,0.9981710178130357,0.46146116241047946,0.6315065692876336,brain_stroke,segmentation
269,0.0019507277417311767,0.9959675035978618,0.705499701491068,0.7922948640935972,0.9959559328257067,0.9979738695089486,0.4150434701564293,0.5866158586782458,0.0017726854806331765,0.9964214124177632,0.7296420081985604,0.8155149469332124,0.9964103423386083,0.9982019439664959,0.46287367405851254,0.6328279498999287,brain_stroke,segmentation
270,0.0019797196401689287,0.9959648419143562,0.704157229269018,0.7909520550671727,0.9959533836273641,0.9979725897379018,0.41236107491067203,0.5839315203964436,0.0017699295108703742,0.996251248237782,0.726456624512894,0.812562608175597,0.9962393990256726,0.998116157322532,0.45667385000011523,0.627009059028662,brain_stroke,segmentation
271,0.00200744183975643,0.995978976371593,0.7053753424461529,0.7921677576896939,0.995967483802577,0.9979796683913205,0.4147832010897286,0.5863558469880674,0.001738642926390906,0.9964362811325188,0.7299152378339109,0.8157669793287003,0.9964252794280853,0.998209439337024,0.4634051962397363,0.6333245193203767,brain_stroke,segmentation
272,0.001971482655341576,0.9959563061707002,0.7030663298435709,0.7898587357817226,0.995944902399689,0.9979683318936132,0.4101877572874526,0.5817491396698319,0.001758133405749511,0.9963969983552632,0.729860182437156,0.8157241005544511,0.9963857555902942,0.9981896061922976,0.46333460928401776,0.6332585949166045,brain_stroke,segmentation
273,0.0020066236947572096,0.9958775570518092,0.7012906406340393,0.788088485478933,0.995865873740592,0.9979286552699758,0.4067154075274866,0.5782483156878903,0.001757177595693366,0.9963753377584587,0.7285826272944549,0.8145335085873351,0.9963640749391482,0.9981787264625253,0.4608011796497616,0.630888290712145,brain_stroke,segmentation
274,0.0020035076956439737,0.9959318462171053,0.7026105765912977,0.789406280142742,0.9959203462422458,0.997956003722576,0.4093008069403495,0.580856556562908,0.00176378480697933,0.9963487209234022,0.7287232160283175,0.8146710764591025,0.996337277605282,0.9981652787653639,0.461109154451353,0.6311768741528413,brain_stroke,segmentation
275,0.001968372663258946,0.995952818447486,0.7050045021894368,0.7918035663883822,0.9959412100211488,0.9979664781916057,0.41406779435772484,0.5856406545851588,0.0017476662125130344,0.99641719043703,0.7300175895004913,0.8158667019766996,0.9964060603125429,0.9981997952426098,0.4636291186884398,0.6335336087107895,brain_stroke,segmentation
276,0.002019987456479523,0.9958995847773732,0.7029276238051474,0.7897335823116058,0.9958878690826258,0.9979396984264131,0.40996737852766885,0.5815274661967986,0.0017586961794728623,0.996296405075188,0.7271999427099728,0.8132525553535108,0.996284772483728,0.9981389290909384,0.45811511293621754,0.6283661816160833,brain_stroke,segmentation
277,0.002005681183357212,0.9959370319108317,0.7040042438426487,0.7908056376826647,0.99592542827299,0.9979585551297198,0.41208305941230744,0.5836527202356094,0.0017690894453037053,0.9963191670582707,0.7281077387351275,0.8141004668645841,0.9963075937211233,0.9981503820901697,0.4599078837491316,0.6300505516389985,brain_stroke,segmentation
278,0.0020210791925402514,0.9959286338404605,0.7009369560698767,0.7877177415201615,0.9959172745333936,0.9979544615807984,0.40595663760635975,0.5774810214595247,0.0017436867789890533,0.9963905736019737,0.729650144743965,0.8155292655536159,0.9963793094558709,0.9981863714340357,0.4629209800320589,0.6328721596731961,brain_stroke,segmentation
279,0.0019583798029382984,0.9959372154752114,0.7053021509132087,0.7921050606771192,0.9959254876622509,0.997958584945713,0.41467881416416663,0.5862515364085252,0.001764027102101118,0.996336054981203,0.7277895304934526,0.8137980132569798,0.9963246179885829,0.9981589256685516,0.45925444299832235,0.6294371008454079,brain_stroke,segmentation
280,0.0020048393248195263,0.9958708110608553,0.7005013136949173,0.7872915386846898,0.995859165800786,0.9979252873799077,0.40514346158904857,0.5766577899894719,0.0017592472731506913,0.9964186589520677,0.7292858141580715,0.8151824869209063,0.9964076035069415,0.9982005696197769,0.4621640248092015,0.6321644042220359,brain_stroke,segmentation
281,0.0019585067539342814,0.9958837982407189,0.7033304802115923,0.7901426390090658,0.9958719517588767,0.997931706872535,0.41078900866430784,0.5823535711455966,0.0017524265088981255,0.9963975490484023,0.7296518397383381,0.8155293309358744,0.9963863286295579,0.9981898937502127,0.46291735084711844,0.6328687681215361,brain_stroke,segmentation
282,0.002019158569059538,0.9958797598243656,0.7013856187599798,0.78818390511267,0.9958680799036344,0.9979297629247295,0.40690315761632523,0.5784380473006107,0.0017497335315534942,0.9963454167645677,0.7284996517213527,0.8144622883741366,0.9963339732169391,0.9981636205002545,0.46066533022576617,0.6307609562480188,brain_stroke,segmentation
283,0.001976817115245009,0.9959494683975564,0.7059476474761968,0.7927465067718678,0.9959377495931674,0.9979647409305924,0.4159575453592261,0.587528272613143,0.0017554813925933122,0.9963175149788533,0.7281166211048696,0.8141091648483145,0.9963059303251247,0.9981495473119825,0.45992731188461455,0.6300687823846465,brain_stroke,segmentation
284,0.002007321065599869,0.9959073403724155,0.7020357402223483,0.7888331848322094,0.9958957554466265,0.9979436578577948,0.4081757249980701,0.5797227118066242,0.001753823214063519,0.9963287124060151,0.7287765309974528,0.8147253993218104,0.9963171372076131,0.9981551714786466,0.4612359247872926,0.6312956271649743,brain_stroke,segmentation
285,0.001998317950314149,0.9959991225622651,0.7053739815337738,0.7921613607039354,0.9959877461084792,0.9979898404189388,0.41476021695906856,0.586332880988932,0.0017529380262682312,0.9963951627114662,0.7288905526778647,0.8148176556797219,0.996383996116985,0.9981887232666419,0.4613971092387444,0.6314465880928019,brain_stroke,segmentation
286,0.001970755284007891,0.9959681460731908,0.7045778979449722,0.7913727570606734,0.9959566668377096,0.9979742380035252,0.41319912905223466,0.5847712761178216,0.0017503484495376286,0.9962980571546053,0.7284154691774242,0.8143937481165062,0.9962863203376767,0.9981397059006569,0.46054461801717167,0.6306477903323554,brain_stroke,segmentation
287,0.002007176561449143,0.9958893051721099,0.7017800407228464,0.7885797883219023,0.9958776416861295,0.997934563608625,0.40768243975956325,0.5792250130351796,0.001754752067582948,0.9963729514215226,0.7290579603269078,0.8149792475890706,0.9963616302709821,0.998177499670476,0.46175429038283367,0.6317809955076652,brain_stroke,segmentation
288,0.002014364748562973,0.9959135356702302,0.7007433327799535,0.7875256525134362,0.9959021095343843,0.9979468479711304,0.4055845560255226,0.5771044570557419,0.0017354369359581093,0.996407461524906,0.7294912362914058,0.815377046909244,0.9963963177662769,0.9981949063912543,0.4625861548165346,0.6325591874272336,brain_stroke,segmentation
289,0.0019840977508294626,0.9959504321105498,0.7060098800087488,0.7928083420635527,0.9959387129167551,0.9979652245547611,0.4160810471007424,0.5876514595723442,0.0017552474079499567,0.9964004860784774,0.7293277669785093,0.8152256959496447,0.9963893133692445,0.9981913915254025,0.46226622058777417,0.632260000373887,brain_stroke,segmentation
290,0.001943617184555396,0.9959871449864897,0.7064411613129685,0.7932291113041257,0.9959755983457211,0.9979837420569599,0.41690672428021597,0.5884744805512914,0.0017378169413011773,0.9964058094454887,0.7291599961110522,0.8150675687672473,0.9963946851250749,0.9981940871202533,0.4619253070970295,0.6319410504142412,brain_stroke,segmentation
291,0.0019590583563383135,0.9959904491453242,0.7069661862168248,0.7937509485135178,0.9959788716678232,0.9979853853218312,0.41795350076582644,0.5895165117052044,0.0017603806044934388,0.9963180656719924,0.7279099278348832,0.8139150327695316,0.9963065038346218,0.9981498351288824,0.4595133518351445,0.6296802304101807,brain_stroke,segmentation
292,0.001997406438651278,0.9959597021117246,0.7033807612167368,0.7901739729220687,0.9959482879663126,0.9979700315593769,0.4108132344671609,0.5823779142847604,0.0017576308976998904,0.9963711157777255,0.7280452050968858,0.8140303648118022,0.9963598753640587,0.9981766190150071,0.45973053482971293,0.6298841106085974,brain_stroke,segmentation
293,0.0019581377117621496,0.9960243167733788,0.707986534678636,0.7947561426359386,0.9960128398403562,0.9980024376196084,0.41996022951691586,0.5915098476522689,0.001755668011430959,0.9963560634985902,0.7289551152710051,0.8148866593325691,0.9963446452118094,0.998168976084887,0.4615655853302008,0.6316043425802512,brain_stroke,segmentation
294,0.001987464162976222,0.9959153254229324,0.7044401100553853,0.7912480159291237,0.9959035538400869,0.9979475730918804,0.4129766662706838,0.5845484587663671,0.0017436301097609943,0.9963441318139098,0.7285283652260712,0.8144894857199055,0.9963326774897551,0.9981629702546089,0.46072405296238733,0.6308160011852022,brain_stroke,segmentation
295,0.001979571218511328,0.9959374908217811,0.7040688997000547,0.7908703688329688,0.9959258836195761,0.9979587837334745,0.4122119157805333,0.583781953932463,0.001746618660881107,0.9964098478618421,0.7298845747738515,0.815744088728045,0.9963986836542259,0.9981960936083256,0.463370465893477,0.6332920838477645,brain_stroke,segmentation
296,0.002003378226050645,0.9958510319989426,0.7019119978284348,0.7887227056824924,0.9958391350680618,0.9979152303114869,0.40798486058880784,0.5795301810534979,0.0017606988563237333,0.9963628553806391,0.7289491518712584,0.8148795912557263,0.9963514805468582,0.9981724062677868,0.4615468231956586,0.6315867762436659,brain_stroke,segmentation
297,0.0020068523195691237,0.9959400607230968,0.7045210674875276,0.7913228944326658,0.995928424885972,0.9979600595576165,0.4131137100890833,0.584685729307715,0.001753355072517144,0.9964155383576128,0.7293759934988598,0.815267520403478,0.9964044554039598,0.9981989898959063,0.46234753159375985,0.6323360509110498,brain_stroke,segmentation
298,0.0020043796362509405,0.9958629636836231,0.7007611616906131,0.7875566742061361,0.9958512483692971,0.9979213122049589,0.4056710750119291,0.5771920362073132,0.0017580365804129078,0.9963850666705827,0.7289582494151845,0.8148832540116755,0.9963738307431503,0.9981836221247701,0.4615426680872186,0.6315828858985808,brain_stroke,segmentation
299,0.0020308321646477718,0.9958841653694784,0.7007764446075581,0.7875667052754032,0.9958725695483053,0.9979320170462442,0.4056803196668109,0.5772013935045622,0.0017543067511423189,0.9963593676574248,0.7282638372067081,0.8142380961094611,0.9963480336961057,0.9981706765342248,0.4601796407173103,0.6303055156846975,brain_stroke,segmentation
300,0.0020227958283674224,0.9958256083323543,0.6977842479718948,0.7845403192211784,0.9958139708257701,0.9979025955147023,0.39975452511801945,0.5711780429276546,0.001760243207104224,0.9963059504229324,0.7281857777577619,0.8141765926063924,0.9962942857163719,0.998143703405784,0.460077269799152,0.6302094818070008,brain_stroke,segmentation
301,0.0020151684095704916,0.995857548534422,0.7009978288480437,0.7877975390885745,0.995845779075538,0.9979185661697839,0.4061498786205495,0.5776765120073653,0.0017683615501886023,0.9963052161654136,0.7275946209627109,0.8136216912886058,0.9962936023761421,0.9981433604658921,0.4588956395492798,0.6291000221113195,brain_stroke,segmentation
302,0.001972492194832548,0.9958427257107613,0.7003175398964032,0.787112553576688,0.9958309379289707,0.9979111146180771,0.4048041418638357,0.5763139925352988,0.001742480825492762,0.996339726268797,0.7289302182541977,0.8148669196293432,0.9963282067561918,0.9981607266623885,0.4615322297522035,0.631573112596298,brain_stroke,segmentation
303,0.001989797652958143,0.9958963724007284,0.7045065692353494,0.7913193479287954,0.9958844836921107,0.997937998746162,0.41312865477858807,0.5847006971114289,0.0017579493666053715,0.9963371563674812,0.7284267030289706,0.8143957085140859,0.996325667333113,0.9981594522742395,0.4605277387248282,0.6306319647539324,brain_stroke,segmentation
304,0.0020376274761344706,0.9958378153636043,0.6999988122502325,0.786790652185411,0.9958260307548364,0.9979086507637217,0.40417159374562855,0.5756726536071003,0.0017548041628267532,0.99639277637453,0.7293746008816657,0.815271181694851,0.9963815510847246,0.9981874963163683,0.46236765067860697,0.6323548670733338,brain_stroke,segmentation
305,0.001975799547998529,0.9959497896352209,0.7040358299740594,0.7908341049700973,0.9959382564541117,0.9979649953936431,0.4121334034940071,0.5837032145465514,0.0017410926002644955,0.9963966312265038,0.7291264397415302,0.8150381692822253,0.99638545254206,0.9981894541190242,0.4618674269410004,0.6318868844454264,brain_stroke,segmentation
306,0.0020179390543161478,0.9958759049723919,0.7007214500380473,0.7875131547448,0.9958642674168222,0.9979278487767456,0.4055786326592724,0.5770984607128545,0.0017623656086231533,0.9963905736019737,0.7294813427267158,0.8153714770827968,0.9963793247899971,0.9981863791289344,0.4625833606634345,0.6325565750366592,brain_stroke,segmentation
307,0.0020094602330258692,0.9959111952243891,0.7019667749327791,0.7887626360992774,0.9958996389484275,0.9979456075989208,0.4080339109171308,0.5795796645996341,0.0017435680878789802,0.9963982833059211,0.7295819770716377,0.8154638750737608,0.9963870738225538,0.9981902676966703,0.4627768803207218,0.6327374824508513,brain_stroke,segmentation
308,0.001974802379517403,0.9959931108288299,0.7059233072069142,0.792711347329841,0.9959816479316415,0.9979867790505377,0.41586496648218696,0.5874359156091443,0.0017656372453933372,0.9963070518092105,0.7278316866203185,0.8138439866027332,0.9962954274179436,0.9981442763775459,0.4593679458226933,0.6295436968279204,brain_stroke,segmentation
309,0.001980269203116571,0.9959274406719925,0.7035498870246079,0.7903520268893323,0.9959158254308946,0.9979537340617941,0.4111839486183211,0.5827503197168704,0.001765241686786924,0.9962791500234962,0.7280254614144102,0.8140320425649595,0.9962673292049725,0.9981301748816808,0.4597835936238479,0.6299339102482383,brain_stroke,segmentation
310,0.001998154416022108,0.9959324886924342,0.7027716201205411,0.7895682522486367,0.9959209770179035,0.9979563204009255,0.4096222632231787,0.5811801840963478,0.001760118475702024,0.996367811618891,0.7290552217077897,0.8149778070037215,0.9963564583235327,0.9981749042555621,0.4617539850920468,0.6317807097518808,brain_stroke,segmentation
311,0.002006110282530798,0.9959297352267388,0.704330568598221,0.7911346394023113,0.9959180579613264,0.9979548548987813,0.4127430792351155,0.5843144239058414,0.0017550301535013027,0.9964478456884398,0.7299240838212331,0.8157727266349581,0.9964369151134569,0.9982152779987337,0.46341125252900917,0.6333301752711827,brain_stroke,segmentation
312,0.001988524368691041,0.9959887052837171,0.7056664706453998,0.7924561102259466,0.9959772412616474,0.9979845668301259,0.41535570002915206,0.5869276536217672,0.0017747608020453525,0.9962451906132519,0.7264915467682312,0.8125968663068235,0.9962332993645685,0.9981130959810005,0.456749794171894,0.6270806366326465,brain_stroke,segmentation
313,0.0019675094751585133,0.996011329593515,0.7075732030626577,0.7943491087437269,0.9959998160898419,0.9979958996599537,0.41914659003547355,0.5907023178274999,0.001742599644046977,0.996377540531015,0.7291149205046141,0.8150315577394158,0.9963662430720622,0.9981798144801596,0.46186359793716597,0.6318833009986721,brain_stroke,segmentation
314,0.0019527823671250414,0.9959703488457472,0.7063364934368912,0.7931289997590079,0.9959587144451025,0.9979752659583337,0.41671427242867987,0.588282733559682,0.001766247872291203,0.9963285288416354,0.7279842594731699,0.8139825163600536,0.996317026309462,0.9981551158247912,0.4596514926368779,0.6298099168953158,brain_stroke,segmentation
315,0.0019689851629554776,0.99595341503172,0.7037873761761226,0.7905839104934878,0.9959419263511453,0.9979668378146286,0.41163282600109985,0.5832009831723468,0.001749572282502974,0.9963200848801692,0.7280081874368072,0.8140068333526687,0.9963085266644178,0.9981508502887826,0.4597078482091966,0.6298628164165546,brain_stroke,segmentation
316,0.001977280694711253,0.9958882037858318,0.7026704695458882,0.7894776646726789,0.9958764474130217,0.9979339640024698,0.40946449167875465,0.5810213653428878,0.0017454013060358234,0.9964190260808271,0.7299273749034187,0.8157820651004468,0.996407915548802,0.9982007262026855,0.4634468342580355,0.6333634039982082,brain_stroke,segmentation
317,0.0020023065055475423,0.995930194137688,0.7032634641950376,0.7900635526090427,0.9959186222501313,0.9979551381983363,0.4106083061399439,0.5821719670197493,0.0017406681286437171,0.9963490880521616,0.7292168060957911,0.8151331081469304,0.9963376013747116,0.9981654412446239,0.4620960108168706,0.6321007750492368,brain_stroke,segmentation
318,0.002016321162490132,0.9959245036419173,0.7026758866848107,0.7894739055004857,0.9959129554498384,0.9979522931904411,0.40943881791978304,0.5809955178105303,0.0017653246375178933,0.996292733787594,0.7272205691055557,0.8132727688022527,0.9962810759688935,0.9981370739442081,0.4581600622422178,0.6284084636602973,brain_stroke,segmentation
319,0.001983301599923157,0.9959398771587171,0.7042700258037963,0.7910714125876933,0.9959282644068786,0.9979599789903616,0.41261178720071395,0.584182846185025,0.0017448634077283673,0.9963676280545113,0.7290561696148171,0.8149787343753898,0.9963562735144285,0.9981748115133993,0.4617560657152057,0.6317826572373804,brain_stroke,segmentation
320,0.001963017618325644,0.9959636946369831,0.7063880783133099,0.793182054338748,0.9959520164323583,0.9979719033652538,0.41682414019426145,0.5883922053122422,0.001753863627861317,0.996372033599624,0.7288573493070765,0.8147916185501676,0.9963607249971829,0.998177045382005,0.46135397361697,0.6314061917183301,brain_stroke,segmentation
321,0.0020007656302471134,0.9959691556772792,0.7044734895658283,0.7912679271036193,0.9959576921526303,0.997974752739869,0.4129892869790264,0.5845611014673695,0.0017613463916052554,0.9964588595512218,0.7302189842951622,0.8160456365935314,0.9964479713701633,0.9982208258463159,0.46398999722016115,0.6338704473407469,brain_stroke,segmentation
322,0.0019586096501986224,0.9959659891917293,0.7047214838534385,0.7915170646131842,0.9959544838938672,0.9979731421038017,0.41348848381300973,0.5850609871225666,0.0017434558936191681,0.9963202684445489,0.7284651105985697,0.8144354195102492,0.9963086686623907,0.9981509215505822,0.46062155253474873,0.6307199174699162,brain_stroke,segmentation
323,0.001993464824876615,0.9959113328976739,0.7020043359666395,0.7888004913738449,0.9958997738029947,0.9979456753035286,0.4081088981302844,0.579655307444161,0.0017420912259503414,0.9964070943961466,0.7293528619894499,0.8152477271360319,0.9963959607803456,0.9981947272532821,0.46230976319855416,0.6323007270187817,brain_stroke,segmentation
324,0.0020215632604028947,0.9959080287388393,0.7046722554459,0.7914823284542123,0.995896191931942,0.9979438769988906,0.413448318959858,0.585020779909534,0.001751341453676385,0.9963764391447368,0.7292305756127205,0.81514002161051,0.9963651241952545,0.9981792530030242,0.46209602703018665,0.6321007902179959,brain_stroke,segmentation
325,0.0019842712185870774,0.9959161055715461,0.7013967077549139,0.7881858188894182,0.9959046317776524,0.9979481142750293,0.4068887837321753,0.5784235235038072,0.0017633443152097832,0.9963784583529135,0.7284406552767522,0.8143997347853807,0.9963672279734127,0.9981803087249257,0.4605140825800916,0.6306191608458358,brain_stroke,segmentation
326,0.001984588079560632,0.9958814577948778,0.6994284189882455,0.7862003079939037,0.9958699761773244,0.9979307149904696,0.4029868617991665,0.5744699009973379,0.001761304077349211,0.9964137027138158,0.72959977630696,0.8154771538841745,0.9964025882509163,0.9981980529527186,0.4627969643630037,0.6327562548156305,brain_stroke,segmentation
327,0.002021656835563761,0.9958973361137218,0.7016809340747026,0.7884776937696667,0.995885728170884,0.9979386235539215,0.407476139978521,0.579016763985412,0.001761129225387161,0.9964159054863722,0.7292852470872486,0.8151825572107128,0.9964048329356524,0.9981991793422674,0.4621656612388448,0.632165935079158,brain_stroke,segmentation
328,0.0019805819289828827,0.9959675953800516,0.7050110571441368,0.7918064208222013,0.9959560717716791,0.9979739392637378,0.4140660425165946,0.585638902380665,0.001751437914886869,0.9964026888510338,0.7300962446515435,0.8159432783627037,0.9963914605202913,0.9981924689866343,0.4638010287827958,0.6336940877387732,brain_stroke,segmentation
329,0.001995499518917019,0.9958964641829182,0.7022426914699292,0.7890446253670027,0.9958847969574172,0.9979381560254099,0.4086005859824413,0.5801510947085956,0.001753618629803335,0.9963009941846804,0.7280312544445069,0.8140326797601394,0.9962893124611963,0.9981412075315732,0.45977319642781755,0.6299241519887055,brain_stroke,segmentation
330,0.001981743422329874,0.9959246413152021,0.7039235624081993,0.7907278243859241,0.9959129738882684,0.9979523024474511,0.41193415092813024,0.5835033463243973,0.0017532295974573694,0.9963479866658834,0.7284128872132046,0.8143803797295046,0.9963365673553074,0.9981649223359436,0.4604892070711018,0.6305958371230656,brain_stroke,segmentation
331,0.0019809602087545665,0.9959228515625,0.7049595534323402,0.7917661136122305,0.99591107325306,0.9979513482330276,0.41400803361162036,0.5855808789914333,0.0017578436818001862,0.9963299973566729,0.7283991334576502,0.8143714280344987,0.9963184655294907,0.9981558380919284,0.46047980138580974,0.6305870179770688,brain_stroke,segmentation
332,0.0019620423096659264,0.9960552014802632,0.7082313610897097,0.7949913139403224,0.9960438810723227,0.9980180200619879,0.4204188411070968,0.5919646078186569,0.0017519827610007802,0.99638066112547,0.7296777480091128,0.8155572186205815,0.9963693319493265,0.99818136454384,0.46298616406889914,0.632933072697323,brain_stroke,segmentation
333,0.0020014141693263125,0.9958764556655311,0.7014673213808856,0.7882672956857704,0.9958647488698369,0.9979280905018716,0.4070698938919343,0.578606500869669,0.0017548609637004092,0.9963955298402256,0.7298747924543613,0.8157380654942075,0.9963842765008173,0.9981888639668509,0.4633653084079053,0.6332872670215641,brain_stroke,segmentation
334,0.0020097564918136125,0.9959048622532894,0.702124261290905,0.7889230884654397,0.9958932546260781,0.9979424022981174,0.40835526795573185,0.5799037746327619,0.0017528313079050609,0.9963514743890978,0.7282697165053497,0.8142453434126331,0.996340090245593,0.9981666902486755,0.4601993427651063,0.6303239965765906,brain_stroke,segmentation
335,0.0019854870883929997,0.9959475868626645,0.7062569256083664,0.7930553642701013,0.9959358270754091,0.9979637757539801,0.4165780241413238,0.5881469527862225,0.001763960556652313,0.9962541852678571,0.7268441388091331,0.8129270247304039,0.9962423176609598,0.9981176221414626,0.4574459599573065,0.6277364273193452,brain_stroke,segmentation
336,0.002008516519659556,0.9958809529928336,0.7017792264405962,0.7885810968255463,0.9958692416657187,0.9979303462130447,0.40768921121547363,0.579231847438048,0.0017528626073459934,0.996325041118421,0.7280833670720676,0.8140763052763322,0.9963135072945233,0.9981533498160452,0.4598532268496119,0.6299992607366194,brain_stroke,segmentation
337,0.0019750767275410934,0.9959058259662829,0.7040744812752445,0.7908839403092828,0.9958940347548293,0.9979427939691824,0.4122549277956597,0.5838250866493832,0.0017442289095624048,0.9963465181508459,0.7283695259104754,0.8143400415046383,0.9963350935735886,0.9981641827375528,0.4604039582473623,0.6305159002717239,brain_stroke,segmentation
338,0.0019593728212569665,0.9959469902784305,0.7034192877188015,0.7902158973686948,0.9959354998180506,0.9979636114582261,0.41090307561955236,0.5824681832791634,0.0017651608297811416,0.9962916324013158,0.7275170629047174,0.8135517957535985,0.9962799396083866,0.9981365036447025,0.4587541862010482,0.6289670878624946,brain_stroke,segmentation
339,0.001995900605588143,0.9958999519061326,0.7027788076444839,0.7895837400905124,0.995888252777345,0.9979398910650769,0.4096693625116227,0.5812275891159477,0.0017520802669731298,0.9964616130169173,0.7304213108378711,0.8162337934092714,0.9964507241527891,0.9982222071377609,0.4643918975229531,0.634245379680782,brain_stroke,segmentation
340,0.001998263758019005,0.9959520841899671,0.7036722879375461,0.7904687154006819,0.9959405988301246,0.9979661713518656,0.4114039770449677,0.5829712594494981,0.0017675817166840223,0.9962839226973684,0.7273423374754251,0.8133892352518075,0.9962721973577054,0.9981326180631935,0.4584124775931448,0.6286458524404215,brain_stroke,segmentation
341,0.0019722389435409605,0.9959681001820959,0.7051417104442773,0.7919369539655632,0.995956567037139,0.9979741879008605,0.41432685385141566,0.5858997200302659,0.0017470725090768103,0.9962826377467106,0.7274652866914944,0.8135051114886818,0.9962708925587449,0.9981319632244523,0.45865968082424374,0.6288782597529113,brain_stroke,segmentation
342,0.0019759638211339766,0.9959183083441024,0.703123788546211,0.7899261400860982,0.99590668156239,0.9979491433765804,0.410340895530032,0.5819031367956161,0.0017537009643208712,0.996358082706767,0.728922736168105,0.8148559008470098,0.9963466801652724,0.9981699972900371,0.4614987921709375,0.6315418044039826,brain_stroke,segmentation
343,0.0019395016672972,0.9960413882606908,0.7075348270856459,0.794303571030589,0.9960300528784706,0.998011078482609,0.41903960129282125,0.5905960635785692,0.0017455010177721655,0.9964037902373121,0.7295688572649225,0.8154504119305932,0.9963926164918984,0.9981930490634449,0.46274509803794667,0.6327077747977414,brain_stroke,segmentation
344,0.0019573163052082508,0.9959577746857378,0.7053268635745787,0.792124615566922,0.9959461640572168,0.99796896528785,0.41470756309194073,0.5862802658459941,0.0017511269623847832,0.9963257753759398,0.7282323649652261,0.8142159458282403,0.9963142323186179,0.9981537136680625,0.4601504976118344,0.630278177988418,brain_stroke,segmentation
345,0.001989930247733916,0.9959321215636748,0.7034176941940208,0.7902180546318693,0.9959205459570641,0.9979561039886087,0.4109148424309775,0.58248000527513,0.0017473388813380013,0.9963777240953947,0.7290552604759899,0.814975677768587,0.9963664332305914,0.9981799099058539,0.46174408772138853,0.6317714456313203,brain_stroke,segmentation
346,0.00198865769942172,0.9959480457736137,0.7043074141319946,0.7911068301975771,0.9959364765830184,0.9979641018315683,0.4126783516809707,0.584249558563586,0.0017622996779872958,0.9963017284421992,0.7279548622000194,0.8139608110241741,0.9962900586018455,0.9981415819899674,0.4596196657981932,0.6297800400583807,brain_stroke,segmentation
347,0.0020188383393941966,0.9959047245800047,0.7025275050039045,0.7893295059692382,0.9958930772494363,0.9979423132444433,0.4091619327583726,0.5807166986940331,0.0017426314168518648,0.9964126013275376,0.7294354476899535,0.8153237619794438,0.9964014947155575,0.9981975042124703,0.46246940066434944,0.6324500197464173,brain_stroke,segmentation
348,0.0020069458677706526,0.9959424470600329,0.702594323746554,0.7893872210730307,0.9959310090731129,0.9979613569264719,0.409257638419995,0.5808130852195895,0.0017608385659138063,0.9963907571663534,0.7289874440967823,0.8149093442617127,0.9963795542590691,0.9981864942800044,0.4615953339344955,0.631632194243421,brain_stroke,segmentation
349,0.002001681363322121,0.9959470820606203,0.703235318697828,0.7900309881781473,0.9959356096300178,0.9979636665880542,0.410535027765638,0.5820983097682404,0.0017522761374151796,0.9963490880521616,0.7283264952039183,0.8142991227068443,0.9963376836497988,0.9981654825332427,0.46031530675803783,0.6304327628804459,brain_stroke,segmentation
350,0.0020197541656014613,0.9959228515625,0.7035205885840481,0.7903237598479245,0.9959112126951728,0.99795141824004,0.4111299644729233,0.582696101455809,0.0017456110930980596,0.996420311031485,0.7301790837634499,0.8160167679988133,0.9964091859728822,0.9982013637022171,0.46394898155401754,0.6338321722954093,brain_stroke,segmentation
351,0.0019795524287282637,0.9959841161742247,0.7060151767377656,0.7928052337505461,0.9959725925138379,0.9979822330721037,0.4160577609616933,0.5876282344289886,0.0017546420720847028,0.9963252246828007,0.7280167794808864,0.8140137686865467,0.9963136982229924,0.9981534456331742,0.45971986073878035,0.6298740917399193,brain_stroke,segmentation
352,0.001978079998459583,0.995937536712876,0.7047574918392184,0.7915602466225966,0.995925863454014,0.9979587736094889,0.4135891202244228,0.5851617196357043,0.0017344371114570395,0.9964236151903195,0.7294530117188862,0.8153377851865791,0.9964125757054428,0.9982030646679885,0.4624934477323296,0.6324725057051698,brain_stroke,segmentation
353,0.0019996674971206854,0.995878887893562,0.7013224273872465,0.7881202710107161,0.995867209114833,0.9979293257255327,0.40677764565965996,0.5783112162958995,0.0017537929677873625,0.9963342193374061,0.7283475405217714,0.814322121574405,0.9963227190592165,0.9981579727036736,0.4603723619843263,0.6304862704451364,brain_stroke,segmentation
354,0.001957017028550232,0.9958747576950188,0.7027429016430194,0.7895539911417385,0.9958629164202482,0.9979271704756297,0.4096228868657908,0.5811808118078473,0.0017706247382706269,0.9962688704182331,0.7277208861388076,0.8137483234062469,0.9962570128067212,0.9981249973479035,0.45918475947089404,0.6293716494645903,brain_stroke,segmentation
355,0.001997198142055282,0.9959835654810856,0.7035960306791328,0.7903841941522565,0.9959722669448939,0.99798206963002,0.4112197944133717,0.5827863186744928,0.0017442630323812477,0.9963202684445489,0.7283126442891958,0.8142924548804518,0.9963086829367277,0.9981509287141694,0.460316605641664,0.6304339810467342,brain_stroke,segmentation
356,0.0020038732022915344,0.9959433648819314,0.7043856746729653,0.7911864308808155,0.9959317611695193,0.9979617345093518,0.41283958817641125,0.5844111272522793,0.001747928300690382,0.9963679951832707,0.728401143271239,0.8143649800566765,0.9963567028399894,0.9981750269604486,0.4604455837024885,0.6305549331529043,brain_stroke,segmentation
357,0.0019995475047849174,0.9959246413152021,0.7030585084294099,0.789858889381405,0.9959130572126843,0.9979523442804553,0.41020395964613554,0.5817654344823547,0.0017495475415336458,0.9963955298402256,0.7289476991843985,0.8148710882992821,0.9963843603884365,0.9981889060627283,0.4615110379803606,0.631553270535836,brain_stroke,segmentation
358,0.002028975289146927,0.9958324002144032,0.6987713878023751,0.7855448021514648,0.9958207049039333,0.9979059766812732,0.40172207070081706,0.5731836276216563,0.0017552541933001432,0.9963529429041353,0.7287887604931796,0.8147315530942292,0.9963415202283292,0.998167407863534,0.4612360007580301,0.6312956983249243,brain_stroke,segmentation
359,0.0019904760472280415,0.9959731940936325,0.706241535045619,0.7930336534682441,0.9959615853788423,0.9979767072418926,0.41652148471239575,0.5880905996945954,0.0017503177537057633,0.9963562470629699,0.7281411641056394,0.8141236884562005,0.9963449047327316,0.9981691063209551,0.4599374234785473,0.6300782705914459,brain_stroke,segmentation
360,0.001985860566251484,0.9959419881490836,0.7045854408728186,0.7913868797352305,0.9959303572740992,0.9979610296967182,0.4132405244715381,0.5848127297737428,0.001763905765474739,0.9964048916235902,0.7292091021740994,0.815113720076134,0.9963937571581482,0.9981936214592328,0.46202444719005076,0.6320338186930352,brain_stroke,segmentation
361,0.001968535302641024,0.9958865517064145,0.7023386595966712,0.7891438694948896,0.9958748181383145,0.9979331459948309,0.40880250105502797,0.5803545929949483,0.001749363159270663,0.9963070518092105,0.7278825241851603,0.8138917246188289,0.9962954226427607,0.9981442739810849,0.4594696257275599,0.6296391752565729,brain_stroke,segmentation
362,0.0019524163718832503,0.9960123850886983,0.706554071853994,0.7933353087001831,0.9960009740184534,0.9979964809468528,0.41710716968953454,0.5886741364535133,0.0017540624421229936,0.9963788254816729,0.7292696684653744,0.81517607400825,0.9963675219970326,0.998180456272233,0.46217181493371634,0.632171691744267,brain_stroke,segmentation
363,0.0020140428680758505,0.9958761344278665,0.7006712525117611,0.7874622748043092,0.9958645030390072,0.9979279670765747,0.40547800198451506,0.5769965825320437,0.001750747619995049,0.9963925928101504,0.7298893191317362,0.8157522712708863,0.9963813196398299,0.9981873801740325,0.46339731862364253,0.6333171623677402,brain_stroke,segmentation
364,0.00199414745999038,0.9959670905780075,0.7040529877346994,0.7908469555998403,0.9959556550554772,0.9979737300604455,0.4121503204139215,0.5837201811392351,0.0017414317067180362,0.9963936941964285,0.7299498130910491,0.8158085243938442,0.9963824224695464,0.9981879335894078,0.46351720371255184,0.6334291151982807,brain_stroke,segmentation
365,0.0019565639842329618,0.995942401168938,0.7037213214491704,0.7905203854894882,0.9959308555631783,0.9979612798582277,0.41151178733516264,0.5830794911207489,0.0017665816512995197,0.9963110902255639,0.7274236433112102,0.8134596898879183,0.9962995296520811,0.9981463351100603,0.45854775697033934,0.6287730446657761,brain_stroke,segmentation
366,0.0020267086775791377,0.9958810906661184,0.7024482376998411,0.7892556642114732,0.9958693149061244,0.9979303829849853,0.40902716049355786,0.5805809454379612,0.0017509563384871733,0.9963876365718985,0.7296208829359951,0.8155025577017867,0.9963763565875589,0.9981848896374252,0.4628654092844314,0.6328202257661483,brain_stroke,segmentation
367,0.001974876524698465,0.9959836113721805,0.7055332981431525,0.79232439688585,0.9959721305675803,0.9979820011658809,0.41509446571872466,0.586666792605819,0.0017519005301191394,0.9964223302396616,0.7298370408419561,0.8156969760442365,0.9964112484620111,0.9982023986587164,0.4632628332219011,0.6331915534297565,brain_stroke,segmentation
368,0.0020033477907090034,0.995870352149906,0.7013327171088468,0.7881328525027149,0.9958586234520473,0.9979250150790793,0.40680681076564634,0.5783406899263505,0.0017661049962043763,0.9963797433035714,0.7285222572195619,0.8144759563927045,0.9963685135653015,0.9981809538619635,0.46067600087382227,0.6307709589234456,brain_stroke,segmentation
369,0.001968907973469984,0.9960017842457707,0.7064467324450753,0.793231023153111,0.9959903219873937,0.9979911335398591,0.4169031429027568,0.5884709127663629,0.0017520619654341747,0.9964287549929511,0.7293374341173622,0.815228572064221,0.9964177577575478,0.9982056650074701,0.46225711047717666,0.6322514791209719,brain_stroke,segmentation
370,0.002000731444406442,0.9959449251791588,0.7018520703098193,0.7886382999416883,0.99593357146627,0.9979626433505286,0.4077705691533687,0.579313956532848,0.0017415346143613184,0.9963735021146617,0.7288570018167501,0.8147909719194568,0.9963622027786356,0.9981777869685665,0.4613518008548645,0.631404156870347,brain_stroke,segmentation
371,0.0019806896297863328,0.9959412997826598,0.7041668922382575,0.7909676693443572,0.9959297051491471,0.9979607023031162,0.4124040793273678,0.5839746363855984,0.0017469408718827075,0.9963966312265038,0.7293990675107772,0.8152932227527887,0.9963854279161524,0.9981894417614434,0.4624127071054021,0.6323970037441341,brain_stroke,segmentation
372,0.0019863472600236422,0.9958673233376409,0.6995975210181472,0.7863757393839979,0.9958557456740095,0.9979235702104358,0.40333929636228494,0.5748279085575598,0.001747054818149348,0.9963395427044173,0.7286983316704521,0.8146497717108947,0.9963280435751168,0.9981606447714337,0.4610686197657872,0.6311388986503558,brain_stroke,segmentation
373,0.001972663031078707,0.995918583690672,0.7039332210183182,0.7907390409767947,0.9959068802720668,0.9979492431393517,0.4119595617645696,0.5835288388142377,0.0017656704999114339,0.9963858009281015,0.7291604125687097,0.8150723271921007,0.9963745512611643,0.9981839836935681,0.46194627387625514,0.6319606706906332,brain_stroke,segmentation
374,0.002003716392078458,0.9959451546346335,0.7047614744129387,0.7915623217235652,0.9959335251621311,0.9979626201040246,0.41358942366374635,0.5851620233431059,0.0017509654962590763,0.9963518415178572,0.7291008459862409,0.8150239979805671,0.996340383046273,0.9981668371862804,0.4618613089262087,0.6318811587748538,brain_stroke,segmentation
375,0.0019808815035941008,0.9960151385543938,0.7058748967761018,0.7926575530800806,0.9960038070901831,0.9979979031624983,0.4157459864620206,0.587317202997663,0.0017499445748508425,0.9963417454769737,0.7285628637042229,0.8145223442248677,0.9963302728642379,0.9981617635189707,0.4607954545442078,0.6308829249307646,brain_stroke,segmentation
376,0.0019492099651562652,0.9959596103295347,0.704788595124726,0.7915858400366396,0.995948061850604,0.9979699180420362,0.4136291283988481,0.585201762031243,0.0017603837863955283,0.9963033805216165,0.7277863378807363,0.8138022050312061,0.9962917370628158,0.9981424243419249,0.4592809386986567,0.6294619857204875,brain_stroke,segmentation
377,0.0019925701438932492,0.9959709913210761,0.7044923508437582,0.7912863597949509,0.9959595365499325,0.9979756786768076,0.41302516513758386,0.5845970409130942,0.001745639500537313,0.996394612018327,0.7295196636667306,0.8154064242534765,0.996383385115423,0.9981884166580719,0.46265594221803824,0.6326244318488812,brain_stroke,segmentation
378,0.0019711047981662635,0.9959573157747885,0.7053711777318522,0.792169011798741,0.9959456982303982,0.9979687314273148,0.4147966572333062,0.5863692921701672,0.0017543900533950418,0.9963182492363721,0.7283161128533922,0.8142961509270024,0.9963066505701242,0.9981499087683643,0.46032557513665995,0.6304423930856403,brain_stroke,segmentation
379,0.0019839867826943335,0.9959028430451128,0.7028050831460728,0.7896094516898432,0.9958911580279537,0.9979413496795557,0.40971900826419194,0.5812775537001307,0.0017572526827006412,0.9963009941846804,0.7272906358611496,0.8133368479576751,0.9962893821566073,0.9981412425089472,0.45829188956569183,0.6285324534064031,brain_stroke,segmentation
380,0.0019865271099668022,0.9959263851768092,0.7025715540923545,0.7893683689022886,0.9959148577324204,0.9979532482301271,0.4092282504522886,0.58078348957445,0.001760764055906382,0.9963764391447368,0.7286430181663597,0.814589864251696,0.9963651777398441,0.9981792798728982,0.4609208585928753,0.6310004486304939,brain_stroke,segmentation
381,0.0020191913092494906,0.9958605314555921,0.7002123374306398,0.7870013371263389,0.9958488556763753,0.997920110878227,0.40457581918490443,0.5760825633744509,0.0017385917302585186,0.9963560634985902,0.7290791895964339,0.8150028070980426,0.9963446337691503,0.9981689703425863,0.46181374542371745,0.631836643853499,brain_stroke,segmentation
382,0.0020068729641196086,0.9959072485902256,0.702761650299715,0.7895646201027899,0.9958955931379632,0.9979435763693513,0.40962770746146693,0.5811856638362287,0.0017555867342796542,0.9963318330004699,0.7281998835881005,0.8141841441714031,0.9963203313340462,0.9981567744373494,0.4600794358421548,0.6302115139054568,brain_stroke,segmentation
383,0.0019922099289785425,0.9959319379992951,0.7038870030881292,0.7906893046944113,0.9959203162461304,0.9979559886631434,0.41185368993012794,0.5834226207256793,0.0017486535895027612,0.9963854337993421,0.7286172554408521,0.8145637510698789,0.9963742310592932,0.9981838230105871,0.4608602798224109,0.6309436791291707,brain_stroke,segmentation
384,0.002001934196743974,0.9959176199776786,0.7027704097463965,0.789570805820399,0.9959060232652224,0.99794881287643,0.4096347962275707,0.581192798764368,0.0017560615113243125,0.9963828638980263,0.7293443793431382,0.8152450778867601,0.9963715790324409,0.9981824921744689,0.4623171796538356,0.6323076635990516,brain_stroke,segmentation
385,0.0020300847817828556,0.9959185377995771,0.7013907307462739,0.7881791574992334,0.9959070783733377,0.9979493425966515,0.4068743831192101,0.5784089724018153,0.0017581840781004806,0.9963347700305452,0.7282059890847177,0.8141892274122504,0.9963232863746706,0.9981582574072928,0.46008869179476475,0.6302201974172079,brain_stroke,segmentation
386,0.0020035783464397144,0.9958457545230263,0.7005983766434849,0.7873962807150794,0.9958339565401231,0.9979126302334795,0.4053627967468467,0.5768799311966791,0.001761512790239395,0.9963505565671993,0.7288012147892371,0.814743740860822,0.9963391176538645,0.9981662021678772,0.46126331192460973,0.6313212795537667,brain_stroke,segmentation
387,0.0020175906808528685,0.995910047947016,0.7015759872001297,0.7883684751477559,0.9958985225928205,0.9979450471250155,0.4072534518074388,0.5787919031704962,0.0017514947479716817,0.9963270603265978,0.7284365195000996,0.8144071257643588,0.9963155063798512,0.9981543530527244,0.4605575326203479,0.6306598984759932,brain_stroke,segmentation
388,0.0020098636287467597,0.995918583690672,0.7037153393775106,0.7905203903720929,0.9959069013701113,0.9979492537316852,0.4115237773849101,0.5830915270125006,0.001744568175671244,0.9964008532072368,0.7290010508468857,0.8149198766932888,0.9963897122173082,0.9981915916714066,0.46161238947646327,0.6316481617151709,brain_stroke,segmentation
389,0.0020513068341923165,0.9958148239250469,0.6983259443279133,0.7850956544836283,0.9958030725312114,0.9978971234554391,0.4008488161246151,0.5722941855118173,0.0017570710075753076,0.9963422961701128,0.7285818425466012,0.814540011258973,0.9963308252843999,0.9981620407453872,0.46083285980880256,0.6309179817725589,brain_stroke,segmentation
390,0.001989873350576911,0.9958921504199953,0.7006517155629577,0.7874383821503598,0.9958806119776017,0.9979360548934255,0.4054228191483136,0.576940709407294,0.0017444408057551634,0.9962598757636278,0.727424626844248,0.8134719078321668,0.9962479888759823,0.9981204684263049,0.4586012648125137,0.6288233472380288,brain_stroke,segmentation
391,0.0019782924485441888,0.9959249166617716,0.7040992320192953,0.7909039527313183,0.9959132338479864,0.997952432960157,0.4122852301906042,0.5838554725024796,0.0017580599054918254,0.9963780912241541,0.7282802848679459,0.8142494155500318,0.9963668730858047,0.9981801306347167,0.460193696650087,0.630318700465347,brain_stroke,segmentation
392,0.0019990656265806883,0.995896005271969,0.7009996776982722,0.7877895573827953,0.9958844553084908,0.9979379844957643,0.4061149000880537,0.5776411302698264,0.0017491772994959265,0.9963735021146617,0.7285924013474511,0.814543071338657,0.9963622268930977,0.9981777990697791,0.46082257580180447,0.6309083436075348,brain_stroke,segmentation
393,0.001987337486300253,0.9959739283511513,0.7052518131277263,0.7920455663333172,0.995962418381188,0.9979771254300036,0.4145412078742646,0.5861140072366308,0.0017703669453810033,0.9963435811207707,0.7283194256014873,0.8142937004018254,0.9963321426315548,0.9981627018419839,0.46030670857142,0.6304246989616669,brain_stroke,segmentation
394,0.001970538796324815,0.9959262475035244,0.7042386299614315,0.7910433725547296,0.9959145589159494,0.9979530982096401,0.4125627010069136,0.5841336468998191,0.0017526565301687197,0.9963973654840226,0.7298730356820957,0.8157360255848621,0.996386123864638,0.9981897909967605,0.46335994749955334,0.6332822601729637,brain_stroke,segmentation
395,0.001965387626656128,0.9959710372121711,0.7045918263907203,0.7913859795390892,0.9959595732741608,0.9979756971133382,0.4132240795072796,0.5847962619648401,0.0017626313800762471,0.9963731349859023,0.729474238098619,0.8153686348718134,0.9963617768920907,0.9981775732484853,0.4625866993051473,0.6325596964951414,brain_stroke,segmentation
396,0.001961085554282356,0.9959709454299812,0.7056518150693424,0.79244591108006,0.995959380070704,0.9979756001201022,0.41534425006798076,0.5869162220400178,0.0017607321780651135,0.9963145779487782,0.727739630921424,0.8137558699401624,0.9963030099247897,0.9981480817006083,0.4591762519180584,0.6293636581797165,brain_stroke,segmentation
397,0.0020053126110478226,0.9958781077449483,0.7018818979104383,0.7886854349483061,0.9958663700655175,0.9979289044615013,0.4078974257553592,0.5794419654351108,0.0017510720591684033,0.9964267357847745,0.729622387551786,0.8154954497502123,0.9964157006526166,0.998204632759494,0.4628290744509553,0.6327862667409304,brain_stroke,segmentation
398,0.0019549645196394365,0.9959150500763628,0.7034822090212769,0.7902871804849433,0.9959033698963683,0.9979474807420942,0.4110610481461854,0.5826268802277924,0.0017590108572652465,0.996407461524906,0.7295502495707454,0.8154322179060229,0.996396312457792,0.9981949037274209,0.46270418668369884,0.632669532084625,brain_stroke,segmentation
399,0.0020075802369169276,0.9959377202772557,0.7014157566883942,0.7881995415921406,0.9959263670128825,0.9979590264177862,0.40690514636390585,0.578440056766495,0.0017426569154836181,0.9963643238956766,0.7288536660279554,0.8147898552430235,0.9963529670857214,0.9981731522559346,0.4613543649701894,0.6314065582301124,brain_stroke,segmentation
400,0.0019776743938236083,0.9959466231496711,0.7041371506584013,0.7909365093871878,0.995935062057192,0.9979633916853897,0.4123392392596108,0.5839096270889861,0.0017523707723931263,0.9963505565671993,0.7288450018173745,0.8147847519957178,0.9963391136091764,0.9981662001381092,0.4613508900255727,0.6314033038533263,brain_stroke,segmentation
401,0.001996019211618748,0.9959045869067199,0.7036805777296569,0.790489026011924,0.9958928269074697,0.9979421875577889,0.4114683285518439,0.583035864466059,0.0017495941202667422,0.9963608361724624,0.7292225736635066,0.8151359402798665,0.9963494234298517,0.9981713739452102,0.46209572389716164,0.6321005066145228,brain_stroke,segmentation
402,0.0019885131709375665,0.9959391429011983,0.7042672407536907,0.7910688058514244,0.9959275261749904,0.9979596083667356,0.4126069553323912,0.5841780033361132,0.00176062906034907,0.9963735021146617,0.7286806592590709,0.8146257789366749,0.9963622188549792,0.9981777950360594,0.4609990996631626,0.6310737628372902,brain_stroke,segmentation
403,0.0019757137521821304,0.9959662186472039,0.7056899284911083,0.7924851421570012,0.9959546222188528,0.997973211546939,0.41542523476336396,0.5869970727670633,0.001755321915156411,0.9963059504229324,0.7282147453129499,0.8142037684128498,0.9962942829868294,0.9981437020359412,0.46013520763907034,0.6302638347897584,brain_stroke,segmentation
404,0.001987385436458359,0.9959339113163769,0.7042294087270179,0.7910322011186971,0.995922267989042,0.9979569685271029,0.4125365494649937,0.5841074337102913,0.0017714092535968113,0.9963479866658834,0.7288948057283753,0.8148319545245182,0.996336522832587,0.9981648999928053,0.4614530886241637,0.6314990090562309,brain_stroke,segmentation
405,0.001982149167364477,0.9959067896792763,0.7024701463264463,0.7892712044761683,0.9958951597456291,0.9979433587809823,0.4090451329072635,0.5805990501713544,0.001752446976987491,0.9964186589520677,0.7292858141580715,0.8151824869209063,0.9964076035069415,0.9982005696197769,0.4621640248092015,0.6321644042220359,brain_stroke,segmentation
406,0.0019973658525938155,0.9959189508194314,0.702736042962021,0.7895358752273065,0.9959073650447261,0.9979494865207925,0.4095647208793159,0.5811222639338205,0.0017584671273379398,0.9962281191259399,0.7258698212399509,0.8120142031914823,0.9962161786903354,0.9981045032346411,0.45552346378956643,0.6259239031483235,brain_stroke,segmentation
407,0.0020021386290515275,0.9959101397292058,0.7022454271022786,0.789043903652678,0.9958985506472642,0.997945061209947,0.4085923035572929,0.580142746095409,0.0017473088773457628,0.9963421126057331,0.7288305697424677,0.8147730824053122,0.9963306174955356,0.9981619364686858,0.4613305219893998,0.6313842283419386,brain_stroke,segmentation
408,0.00200297223768176,0.9958955922521147,0.7019719414105047,0.7887718238214366,0.9958839462259375,0.9979377289036041,0.4080599365950719,0.5796059187392691,0.0017660580099301232,0.9963993846921992,0.7292080680610904,0.8151139545474964,0.9963882158799,0.9981908407937039,0.46202792024228073,0.6320370683012887,brain_stroke,segmentation
409,0.0020203342983373127,0.9959437320106908,0.7031592397011905,0.7899553498039826,0.9959322476636115,0.9979619787489531,0.41038623173876965,0.5819487208590122,0.0017521506189403678,0.9963729514215226,0.7290432980975099,0.8149655230057096,0.9963616316109011,0.9981775003428797,0.46172496458411866,0.6317535456685395,brain_stroke,segmentation
410,0.0019946483979211716,0.9958570896234727,0.7004774768158395,0.7872709170198837,0.9958453683821337,0.9979183599673185,0.40510958524954527,0.5766234740724488,0.0017588539805291291,0.9963606526080827,0.7289386401303658,0.8148702305425115,0.9963492648351674,0.9981712943575861,0.46152801542556415,0.631569166727437,brain_stroke,segmentation
411,0.0019695794889073174,0.9959487800311325,0.7057429913152508,0.7925424622330609,0.9959370769993795,0.9979644032632891,0.41554890563112196,0.5871205212028328,0.0017679996326341665,0.9963654252819549,0.7285398366849728,0.8144955726467985,0.9963541041370791,0.9981737228604056,0.4607255692328665,0.6308174224331914,brain_stroke,segmentation
412,0.001978525965425529,0.9959430895353618,0.7048289990421044,0.7916304190238107,0.9959314415945768,0.9979615740698125,0.41372655648963197,0.585299263977809,0.001756341487897518,0.9963676280545113,0.7288290605039105,0.8147660875277144,0.9963562943137348,0.9981748219510497,0.4613018266940862,0.6313573531043791,brain_stroke,segmentation
413,0.0019313209049431678,0.9959858141447369,0.7068136569833238,0.7936003361009447,0.9959742242101914,0.9979830522153154,0.41765308975645604,0.5892176199865741,0.0017494177907929384,0.9963465181508459,0.7284426484396956,0.8144086062744139,0.9963350868250764,0.9981641793508963,0.4605502100543148,0.6306530331979315,brain_stroke,segmentation
414,0.0020056075584563545,0.9960283092986372,0.7062089467384975,0.7929874529308399,0.9960170222526389,0.9980045371843242,0.41640087122435626,0.5879703686773556,0.0017576520254177258,0.9963657924107143,0.7290144230963405,0.8149400572939256,0.9963544301186718,0.9981738864470515,0.4616744160740091,0.6317062281407997,brain_stroke,segmentation
415,0.001989431902276058,0.9959194097303806,0.7033874546660037,0.7901908850749759,0.9959077638627968,0.9979496867484081,0.4108671454692107,0.5824320834015438,0.001769657498855788,0.9963846995418233,0.7287760363546232,0.81471268527227,0.9963734778319788,0.9981834450275509,0.4611785948772675,0.6312419255169892,brain_stroke,segmentation
416,0.001967648386822215,0.9959837949365602,0.7054333620281269,0.792224522818609,0.9959723246662668,0.9979820986073009,0.4148943993899869,0.5864669470299171,0.0017528262185422998,0.9963661595394737,0.7288367455918849,0.8147736066158149,0.9963548158469208,0.9981740800161654,0.4613186753368491,0.6313731332154643,brain_stroke,segmentation
417,0.002006761025273262,0.9959826017680921,0.7048873351808105,0.7916788862409289,0.9959711762980568,0.9979815221032323,0.41380349406356426,0.5853762503786254,0.0017475451713890062,0.9964045244948309,0.7297124208523531,0.8155844237943499,0.9963933424050462,0.9981934133327608,0.46303149929966,0.632975434255939,brain_stroke,segmentation
418,0.0020190035259085044,0.9958697096745771,0.70121584364744,0.7880148870013295,0.9958579886830754,0.9979246963759895,0.4065736986118046,0.5781050776266696,0.0017548424352828722,0.99638671875,0.7289054156776553,0.8148334208312524,0.9963754979685187,0.9981844587678171,0.4614353333867919,0.6314823828946877,brain_stroke,segmentation
419,0.0019830100605950545,0.995914269927749,0.7031915680926569,0.7899953094884209,0.9959026133513154,0.9979471009150068,0.4104805228339985,0.5820435180618351,0.0017464545534405494,0.9964034231085527,0.7292019337330645,0.8151073331728398,0.9963922801091506,0.9981928802636663,0.46201158735697845,0.6320217860820133,brain_stroke,segmentation
420,0.001997561551826565,0.9958916456179512,0.7026702592570803,0.7894765794229297,0.9958799091356171,0.9979357020201847,0.40946060937854345,0.5810174568256746,0.001764371246099472,0.9963797433035714,0.7277828423706862,0.813782116213293,0.9963685804320032,0.9981809874170574,0.45919710430936933,0.6293832450095287,brain_stroke,segmentation
421,0.0019891023240227223,0.9959614918644267,0.7044158040220265,0.7912120619018372,0.9959499897693498,0.9979708859182799,0.4128816182747032,0.5844532378853946,0.0017618071609981974,0.9963935106320488,0.7296867848982712,0.815562866190449,0.9963822616471492,0.9981878528865178,0.4629913081493932,0.6329378794943803,brain_stroke,segmentation
422,0.002013650341519624,0.9958940778459822,0.7009006799670925,0.7876898935311375,0.9958825264373363,0.9979370160777883,0.40591883349684876,0.5774427709844867,0.0017597874990643416,0.9963287124060151,0.7279248560798558,0.8139267076663002,0.9963172165522519,0.9981552112974768,0.4595324956074597,0.6296982040351237,brain_stroke,segmentation
423,0.0020044378351588223,0.9958635143767622,0.7010651921540755,0.7878641446508867,0.9958517725587462,0.9979215753903731,0.4062786117494047,0.5778067139114003,0.0017480989904107905,0.9964461936090225,0.7296346364568628,0.8155026609792868,0.9964352782977682,0.9982144566663481,0.46283399461595726,0.6327908652922256,brain_stroke,segmentation
424,0.001980126799343336,0.9959752591929041,0.7048700353406845,0.7916634165645579,0.9959637931508144,0.9979778155981407,0.4137762775305546,0.585349017530975,0.0017466303451280844,0.9964632650963345,0.7297639547057375,0.8156197920515093,0.9964524440242916,0.9982230701330618,0.46307546538718347,0.6330165139699567,brain_stroke,segmentation
425,0.001966701346253486,0.9959362976533129,0.7037104250280235,0.7905109871129481,0.9959247179883723,0.997958198535797,0.41149613206767455,0.583063775690099,0.001741448599369006,0.9963799268679512,0.7287202349997552,0.8146614530254725,0.9963686803142185,0.9981810375400149,0.46107178968529205,0.6311418685109302,brain_stroke,segmentation
426,0.0019998361701425867,0.9959270735432331,0.7032944291986308,0.7900954647854911,0.9959154807522645,0.9979535610164235,0.4106733776449972,0.5822373685545587,0.001757060335879039,0.9962995256696429,0.7277420637793748,0.813761468417519,0.9962878618662375,0.9981404795347039,0.4591962656925121,0.6293824573003339,brain_stroke,segmentation
427,0.0019500031955260082,0.9959737447867716,0.7060817939330701,0.7928742556185383,0.9959621545705686,0.9979769929904808,0.4162014332955716,0.5877715182465958,0.00175628380611875,0.9963309151785714,0.7281537622972849,0.8141410728921097,0.9963194119897715,0.998156313068879,0.4599881126047982,0.6301258327153403,brain_stroke,segmentation
428,0.0020286962102846542,0.9958914161624765,0.7012799774531094,0.788074162965704,0.9958798130860171,0.9979356537969027,0.4066801418202017,0.5782126721345051,0.0017480039731004185,0.9963617539943609,0.7291594861129558,0.8150767104371968,0.9963503528667225,0.9981718403645748,0.461968619359189,0.6319815805098188,brain_stroke,segmentation
429,0.0019724423279355568,0.9959759016682331,0.7048564096712184,0.7916496207786454,0.99596444061379,0.9979781406401365,0.41374837872864684,0.5853211009171544,0.0017694213070479552,0.996340276961936,0.728497679776857,0.8144615662638338,0.9963288010958355,0.99816102492628,0.4606665584578784,0.6307621076013876,brain_stroke,segmentation
430,0.0020081751358422234,0.9959327181479088,0.7022487167851397,0.7890414753013661,0.9959212576161421,0.9979564612740639,0.4085761759541372,0.5801264893286685,0.0017706650736412607,0.9963228383458647,0.727621134215493,0.8136427233223646,0.9963113336079272,0.9981522589538143,0.4589309348230588,0.6291331876909151,brain_stroke,segmentation
431,0.0019391661938770036,0.9959421258223684,0.7045954629117347,0.7913968811082794,0.9959304947801084,0.9979610987303745,0.41326043104336097,0.5848326634861845,0.0017448173863883305,0.9963467017152255,0.7289451678642541,0.8148793921442965,0.9963352250755716,0.9981642487301752,0.46155511065293664,0.6315945355584177,brain_stroke,segmentation
432,0.0020079214395465035,0.9959453381990132,0.7050567021756358,0.791857647976272,0.9959336813686723,0.9979626985258653,0.41417972298259914,0.5857525974266786,0.0017639252532245522,0.9963902064732143,0.7286139288393699,0.8145595880498435,0.9963790338602962,0.998186233135948,0.46084882381844366,0.630932942963739,brain_stroke,segmentation
433,0.0019952611521558655,0.9959640617657425,0.7046097650004389,0.7914056947430665,0.9959525560000461,0.9979721742444294,0.41326697400083173,0.5848392152417036,0.0017505633231616558,0.9963933270676691,0.7290772460433277,0.8149928482597901,0.9963821321372287,0.9981877878966496,0.4617723599494267,0.6317979086229305,brain_stroke,segmentation
434,0.0020286582581894963,0.9958738857642152,0.7015179322499635,0.7883190757802019,0.9958621592946438,0.9979267903416645,0.40717370520528323,0.5787113612187393,0.0017641177050825348,0.996317147850094,0.7276744792595803,0.8136940988509875,0.9963056021787244,0.9981493826309741,0.45904335634043614,0.629238815071001,brain_stroke,segmentation
435,0.0019435545825224397,0.9958699850211467,0.7027731088838738,0.7895856054512516,0.9958581130813874,0.9979247588335737,0.40968810468636013,0.5812464520689293,0.001743901642809685,0.9963377070606203,0.7288243229484773,0.8147681954465408,0.996326184575739,0.9981597118483712,0.46132246132121574,0.6313766790447104,brain_stroke,segmentation
436,0.0019631495366671256,0.9959180788886278,0.7030132479614303,0.7898150296182209,0.9959064614380871,0.9979490328625104,0.41012003448477347,0.5816810263739316,0.0017547031108261948,0.9963516579534775,0.7292110164380692,0.8151271304425092,0.9963401881225986,0.9981667393667792,0.46208184475353986,0.632087521518239,brain_stroke,segmentation
437,0.002001005637676532,0.9959671823601973,0.7045249257271899,0.7913199456310849,0.9959557026144022,0.9979737539363723,0.41309414883997764,0.5846661373257975,0.0017548943946796253,0.9963406440906954,0.72826207790048,0.8142405550053083,0.9963291923578519,0.9981612212774323,0.46019496344310806,0.6303198887331843,brain_stroke,segmentation
438,0.001970967748622529,0.9959519465166823,0.7039388443677628,0.790736274131256,0.9959404349841586,0.9979660890953024,0.411937253751367,0.5835064591672096,0.0017450740714942603,0.9963812118186091,0.7296091580674876,0.815492998423638,0.9963698923875647,0.9981816457830397,0.46284842374741053,0.6328043510642363,brain_stroke,segmentation
439,0.0019666851590968725,0.9959200522057096,0.7029670659457306,0.7897680748919884,0.9959084505395801,0.997950031496027,0.41002568135188094,0.5815861182879497,0.001749055563731301,0.9963769898378759,0.7289929973140707,0.8149175521836263,0.9963657000303826,0.9981795419699095,0.4616202945977588,0.6316555623973431,brain_stroke,segmentation
440,0.0019615089737887222,0.9959336818609023,0.7034590381727048,0.7902591964301079,0.9959221112573071,0.9979568898406943,0.41099596508810265,0.5825615030195215,0.001760980601709588,0.9963883708294173,0.7294190907591116,0.8153137486023668,0.9963771138182681,0.9981852696283404,0.46246106769995504,0.6324422275763932,brain_stroke,segmentation
441,0.0020017987994225064,0.9959351962670348,0.702449844697595,0.7892435335038561,0.9959237307120969,0.9979577028795341,0.408975958683093,0.580529364128178,0.0017473859292335976,0.9963255918115601,0.7284224778008064,0.8143942824564578,0.9963140298516074,0.9981536120603898,0.4605309257500053,0.6306349528525259,brain_stroke,segmentation
442,0.0020057898358778006,0.995920970027608,0.703783463226324,0.7905881672348349,0.9959092949140365,0.9979504554157911,0.4116576315386117,0.5832258790538788,0.0017600857533682558,0.99638671875,0.7288169781569995,0.8147505943821003,0.9963755059772481,0.9981844627867352,0.46125845033675106,0.6313167259774652,brain_stroke,segmentation
443,0.002042604414080935,0.9958417161066729,0.6987332222485172,0.7855035335016707,0.9958300772589831,0.9979106824831784,0.4016363672380514,0.5730963845201631,0.0017428779246327572,0.996387269443139,0.7291013341041466,0.8150167172103508,0.9963760343566712,0.9981847279365399,0.46182663385162204,0.6318487064841619,brain_stroke,segmentation
444,0.001990955229848623,0.9959317085438205,0.7032426534601651,0.7900422510818792,0.9959201473461352,0.9979559038675524,0.4105651595741951,0.5821285982962059,0.001747367748136359,0.9963602854793233,0.7290428632379451,0.8149678831650453,0.9963488858006498,0.9981711041465149,0.4617368406752403,0.6317646621835759,brain_stroke,segmentation
445,0.0020186773753423887,0.9959524054276315,0.704539675222615,0.7913384303483795,0.9959408391574038,0.9979662920047723,0.4131385112878262,0.5847105686919868,0.0017626903320949777,0.9963562470629699,0.7284200410239351,0.8143852762349232,0.9963448791572673,0.9981690934863541,0.46049520289060286,0.6306014589834923,brain_stroke,segmentation
446,0.001936174764585002,0.9959653008253054,0.7065879874501981,0.7933807772062857,0.9959536127418788,0.9979727047601259,0.41722236215851755,0.5887888496524456,0.0017485877036824261,0.9963881872650376,0.7288755956783246,0.8148051738871742,0.9963769783822757,0.9981852016643368,0.4613742129743735,0.6314251461100115,brain_stroke,segmentation
447,0.0019830940476849787,0.9958798516065555,0.7018499288242178,0.7886527315013365,0.9958681270697344,0.997929786605525,0.40783173057870126,0.579375676397148,0.0017547102126860082,0.9962989749765038,0.7282951347528445,0.8142807045958718,0.9962872554269382,0.9981401751862269,0.46030301407875074,0.6304212340055166,brain_stroke,segmentation
448,0.001980874844462632,0.995961950775376,0.7054855289898564,0.7922820950050687,0.9959503491599593,0.9979710663435366,0.41502070881975345,0.5865931236666009,0.0017523203017120075,0.9962745609140038,0.7272496753644198,0.8133041579438158,0.9962627847013931,0.9981278941193275,0.45823656602744656,0.6284804217683042,brain_stroke,segmentation
449,0.0019837675672164535,0.9959189967105263,0.702727625398244,0.7895273900990719,0.9959074120078348,0.9979495100987436,0.4095478387886531,0.5811052700994003,0.0017726367983714978,0.9962532674459587,0.727281260880609,0.8133385636350992,0.9962413519421003,0.9981171374622396,0.4583211698191175,0.6285599898079588,brain_stroke,segmentation
450,0.001995735057398565,0.9959712207765508,0.7049812555306518,0.791775702607211,0.9959597209165326,0.9979757712336941,0.41400279014477115,0.5855756339807278,0.0017594231264595698,0.9963821296405075,0.7289956413626844,0.8149189042674276,0.996370871887469,0.9981821373154478,0.46162041083789984,0.6316556712194075,brain_stroke,segmentation
451,0.0019598802726687793,0.9959390052279136,0.7054996420756143,0.7923019245113718,0.9959272687106523,0.9979594791086859,0.4150720154405765,0.5866443699140579,0.0017494434910945427,0.9963791926104323,0.729458289307028,0.8153524026942367,0.9963678742203407,0.9981806330253246,0.4625487043937153,0.632524172363149,brain_stroke,segmentation
452,0.0020058242178739127,0.9959329934944784,0.7020497006341202,0.7888407313323469,0.9959215534462006,0.997956609794229,0.40817784782203986,0.5797248528704647,0.001746022540207644,0.996420311031485,0.7294181015101331,0.8153058600086581,0.9964092540745788,0.9982013978756646,0.4624269489456874,0.6324103221416516,brain_stroke,segmentation
453,0.0019775159173834145,0.9960149549900141,0.7081508400614974,0.7949213913708165,0.9960034078062576,0.9979977027202901,0.4202982723167372,0.591845080021343,0.0017495201074315193,0.9963331179511278,0.7282148655649606,0.8141979176103595,0.9963216230230566,0.9981574226645037,0.4601081081068646,0.6302384125562153,brain_stroke,segmentation
454,0.0019704723870731834,0.9959949464726269,0.7053238165021166,0.7921122741634113,0.9959835507504385,0.9979877342936764,0.4146640822537947,0.5862368140331463,0.0017573285497781029,0.9963646910244361,0.7287418280773202,0.8146850177043312,0.9963533467765586,0.9981733427955879,0.46113030937808186,0.6311966926130747,brain_stroke,segmentation
455,0.0019656858900631955,0.9960018301368656,0.7065690725958176,0.7933528697080993,0.9959903565689154,0.9979911509001592,0.4171477886227198,0.5887145885160393,0.001755143253874958,0.9963334850798872,0.728227485731268,0.8142096763486204,0.99632199130269,0.9981576074834951,0.4601329801598461,0.6302617452137458,brain_stroke,segmentation
456,0.0020117892050429396,0.9959267064144737,0.7014267490508135,0.7882134637138907,0.9959152898487451,0.9979534651735825,0.40693820825288185,0.5784734622541989,0.0017657796971331861,0.9962984242833647,0.7273486701463019,0.8133919907835279,0.9962867905127268,0.9981399418636039,0.45841054977987694,0.6286440397034517,brain_stroke,segmentation
457,0.002001972866062551,0.9959543328536185,0.7037112344735833,0.7905072484504576,0.9959428566747505,0.9979673048696351,0.41147961227241614,0.5830471920312802,0.0017538407901512053,0.9963221040883459,0.7280409551132032,0.8140371459311744,0.9963105556115979,0.9981518685166337,0.4597713546148086,0.6299224233457149,brain_stroke,segmentation
458,0.002027158747616231,0.9958652123472744,0.7007768864308049,0.7875720139202337,0.9958535083622172,0.9979224469028365,0.4057002644993927,0.5772215809376309,0.0017335211129901103,0.9964085629111842,0.7295815416272629,0.8154612290689581,0.9963974179254652,0.998195458458227,0.46276566532906044,0.6327269996796893,brain_stroke,segmentation
459,0.001979131992430167,0.9959379956238252,0.7037951241511576,0.7905955762342011,0.9959264176102567,0.9979590518198459,0.4116638306920586,0.5832321006485562,0.0017398279916523095,0.9963601019149436,0.728956117908077,0.8148867153422995,0.9963487090571499,0.998171015451216,0.4615635267590041,0.631602415233383,brain_stroke,segmentation
460,0.0019856674131006,0.9959706700834117,0.7055187461077874,0.7923130952881896,0.9959591158360208,0.997975467467285,0.41507837637955414,0.5866507231090942,0.0017540828079769485,0.9963175149788533,0.7279129229568352,0.8139179660004153,0.9963059493715456,0.9981495568704699,0.45951989654212483,0.6296863751303607,brain_stroke,segmentation
461,0.0020074591103633097,0.9958999519061326,0.7023569624517709,0.7891589062092869,0.9958882936508346,0.9979399115861118,0.4088256312527071,0.5803779008324619,0.0017550274043491012,0.9963419290413534,0.7285181211024858,0.8144803659368742,0.9963304617342547,0.998161858301477,0.46070578047071686,0.6307988735722714,brain_stroke,segmentation
462,0.001986209502709763,0.9959150959674578,0.7026395597095993,0.7894397174647033,0.9959034973638667,0.9979475447377373,0.40937562205533184,0.5809318901916694,0.0017380816483856143,0.9964401359844924,0.729947874137024,0.8157966197804261,0.9964291553855806,0.9982113842583461,0.46346659288846737,0.633381855302506,brain_stroke,segmentation
463,0.001976776414697892,0.9959160596804512,0.7044467831345987,0.7912545162814353,0.9959042917216407,0.9979479435485225,0.41298927454755674,0.5845610890143481,0.0017569316733152347,0.9963523922109963,0.7284040060433106,0.8143710860896334,0.9963410014986778,0.9981671475471497,0.4604670105879433,0.630575024632117,brain_stroke,segmentation
464,0.0020256284242705968,0.9959018334410245,0.699539806557919,0.786308207266341,0.9958904557166208,0.9979409970764636,0.4031891573992173,0.5746754174562184,0.0017486928647061936,0.9963859844924812,0.7291447602649066,0.8150576395968746,0.9963747373995334,0.9981840771010813,0.46191478313027984,0.631931202092668,brain_stroke,segmentation
465,0.0020017018595962486,0.9959067896792763,0.7027263683965831,0.7895292220668599,0.9958951349981598,0.9979433463562986,0.40955760179500633,0.5811150977774213,0.0017443657985755376,0.9963595512218045,0.7278950157261981,0.8138919073424169,0.9963482521252577,0.9981707861487319,0.4594417793271385,0.6296130285361019,brain_stroke,segmentation
466,0.0019757466000343738,0.9959701193902726,0.7050492017487242,0.7918439400317405,0.9959586067147721,0.9979752118748196,0.41413979678267643,0.5857126681886614,0.0017431819167240221,0.9964109492481203,0.7290739860315505,0.8149859471840031,0.9963998647002978,0.9981966862634292,0.46174810736280314,0.6317752081045769,brain_stroke,segmentation
467,0.0020012568031206614,0.9958993553218985,0.7008886726089488,0.787676390678008,0.9958878350355249,0.9979396813326428,0.40588951018237274,0.5774131000233732,0.0017433621087356618,0.9963197177514098,0.72787907788883,0.8138857029037879,0.9963081692596213,0.9981506709248462,0.4594499865180387,0.6296207348827296,brain_stroke,segmentation
468,0.001989207403118113,0.9959526348831063,0.7038323225817945,0.7906292163336605,0.995941137449801,0.9979664417582049,0.41172350771378813,0.583291990909116,0.0017451690607949307,0.9963837817199248,0.728817718891666,0.8147519307502518,0.996372550481834,0.9981829796661497,0.4612628873014979,0.631320881834354,brain_stroke,segmentation
469,0.0019535489952807925,0.9959319838903901,0.7045483036065732,0.7913522011651264,0.9959202986187649,0.9979559798133932,0.41317630859438154,0.5847484225168594,0.0017719692011412822,0.9964228809328007,0.7290707809013374,0.8149803403604041,0.996411870894357,0.9982027109946828,0.4617296909083177,0.6317579697261253,brain_stroke,segmentation
470,0.0020012091638702423,0.9959406114162359,0.702469651677872,0.7892621118591369,0.995929174811695,0.9979604360517006,0.4090101285440491,0.5805637876665731,0.0017541366020091495,0.9963639567669172,0.7287456881384532,0.8146887946073724,0.9963526075412529,0.9981729718262349,0.46113876873565346,0.6312046173885101,brain_stroke,segmentation
471,0.0020007656186931113,0.9959424929511278,0.7030941365567707,0.7898901990044471,0.9959310077175781,0.9979613562459382,0.4102572653959631,0.5818190417629562,0.0017560306348298725,0.9963248575540413,0.7283900198382534,0.8143640095127189,0.9963132939625379,0.9981532427557278,0.4604667457139688,0.6305747762697101,brain_stroke,segmentation
472,0.0019683896164808955,0.9959467149318609,0.7041321204898943,0.7909314425953953,0.9959351548494532,0.9979634382706921,0.4123290861303355,0.5838994469200984,0.001765294431855804,0.9963457838933271,0.7278238921337262,0.8138281450105493,0.99633440494337,0.9981638371569647,0.45931337932408245,0.6294924528641339,brain_stroke,segmentation
473,0.0019813536589306994,0.9959692015683741,0.7051578416846909,0.7919528069359583,0.995957673248241,0.9979747432493494,0.4143580101211407,0.585930870622567,0.0017553007734337248,0.9963674444901316,0.7284776320079089,0.814436817492468,0.9963561417121698,0.998174745371482,0.46059912230364813,0.630698889613454,brain_stroke,segmentation
474,0.002000995548932176,0.9959217501762218,0.7038089651130256,0.7906135644918841,0.9959100771073851,0.9979508481170944,0.41170785311866614,0.5832762808666739,0.0017560155642099846,0.996360469043703,0.7286174946822929,0.8145694431716777,0.9963491096040312,0.9981712164578804,0.46088587976055445,0.6309676698854748,brain_stroke,segmentation
475,0.001953237011846631,0.9959891641946663,0.7053948581488694,0.792184710680702,0.9959777285107756,0.997984811437638,0.41481198778696315,0.586384609923766,0.0017540715760866502,0.9963367892387218,0.728494258463258,0.8144591234037752,0.9963252916095264,0.9981592637202372,0.4606632253169896,0.6307589830873132,brain_stroke,segmentation
476,0.0020039919350660386,0.9958843948249531,0.700274386674674,0.7870580986630804,0.9958728486529809,0.997932157176343,0.40467592469636715,0.5761840401498179,0.0017469535644789387,0.9963512908247181,0.7284245325469803,0.8143905743809595,0.9963398912812923,0.9981665904014176,0.46050917381266826,0.6306145583605014,brain_stroke,segmentation
477,0.0019634802353085206,0.9959720468162594,0.7069608908198907,0.7937502408753129,0.9959603622860754,0.9979760932179547,0.4179614193537059,0.5895243885326711,0.0017673201046716001,0.9963103559680451,0.7274204477300588,0.8134568474666104,0.9962987910488749,0.9981459644379284,0.45854210441124255,0.6287677304952926,brain_stroke,segmentation
478,0.001982852792073237,0.9959051834909539,0.7031151896897785,0.7899208165743759,0.9958934819029246,0.997942516404653,0.4103368974766324,0.5818991167440987,0.001746868970978977,0.9963384413181391,0.7288059667188017,0.8147508422130705,0.9963269252016169,0.9981600835253913,0.46128500823598645,0.6313416009007498,brain_stroke,segmentation
479,0.0019595529222370765,0.9958969230938675,0.703560934818425,0.7903708293759901,0.9958851302933873,0.9979383233813623,0.41123673934346255,0.5828033353706178,0.0017625857690783371,0.9963534935972744,0.728222158552108,0.8142002866419243,0.9963421265309164,0.9981677121268586,0.4601021905732997,0.6302328611569901,brain_stroke,segmentation
480,0.002007135702997334,0.9959044033423402,0.7013613850940366,0.7881531168715674,0.9958928664291049,0.9979422074000179,0.40682990375896816,0.5783640263431168,0.0017556701779813694,0.996445275787124,0.7301449490996359,0.8159794911406336,0.9964343097291145,0.9982139706508202,0.4638555884701574,0.633745011630447,brain_stroke,segmentation
481,0.0020106502841891988,0.9959122507195723,0.7018174558041307,0.7886116986449585,0.995900714782798,0.9979461477282712,0.40773419682546347,0.5792772495616457,0.0017564323149565468,0.9963085203242481,0.7275982146839233,0.8136243404080754,0.9962969271492509,0.9981450290283033,0.4588995022185957,0.6291036517878474,brain_stroke,segmentation
482,0.001978693428078204,0.9959436402285009,0.7040328493956931,0.7908326645458839,0.9959320719385955,0.997961890527941,0.41213362685279087,0.5837034385638267,0.0017567883042576618,0.9963520250822369,0.7281347276746786,0.8141185759829612,0.9963406568072476,0.9981669745690572,0.4599287985421096,0.6300701773968651,brain_stroke,segmentation
483,0.0019820280635687417,0.9959636487458882,0.7054751975916513,0.792271350719944,0.9959520579704095,0.9979719242186075,0.41499833721289325,0.5865707772212806,0.0017483182293467953,0.9963846995418233,0.7290999387833426,0.8150159725759779,0.9963734484500107,0.9981834302831442,0.46182642911667443,0.6318485148688117,brain_stroke,segmentation
484,0.0019711877471466264,0.9960140830592106,0.7048561909494292,0.7916398274258334,0.9960028405713844,0.9979974179658627,0.41370954132747395,0.5852822368858039,0.0017566303281407608,0.9963490880521616,0.7284509082374806,0.8144157869864803,0.9963376721854591,0.998165476780022,0.4605641442895021,0.6306660971929385,brain_stroke,segmentation
485,0.0020088799360831427,0.9959086712141683,0.7018536225184506,0.7886491107522751,0.9958971113920888,0.9979443386212181,0.4078101336448124,0.5793538828833321,0.0017493696603223794,0.9963555128054511,0.7279908258674846,0.8139827489942404,0.9963441796334496,0.998168742442387,0.4596374721015197,0.6297967555460939,brain_stroke,segmentation
486,0.001961153357016637,0.9960161022673872,0.7075951243416896,0.7943696992152344,0.996004614492606,0.9979983084816618,0.41918563419077304,0.5907410899488069,0.0017489703498164515,0.9963634060737782,0.7283155331044481,0.8142857000386443,0.9963520927453214,0.9981727134867967,0.46027897346357466,0.6303986865904919,brain_stroke,segmentation
487,0.0020088342358043094,0.995903944431391,0.7025314680565478,0.7893336957237083,0.9958922922354033,0.9979419191202968,0.4091706438776922,0.5807254723271198,0.0017519755541045862,0.9963182492363721,0.7277559183360349,0.8137703610086163,0.9963067029373286,0.9981499350489395,0.45920513373474114,0.6293907869682932,brain_stroke,segmentation
488,0.0020112591578548117,0.9958838441318139,0.7012759812242578,0.788072060554219,0.9958721982051697,0.9979318306059165,0.4066797642433459,0.5782122905025214,0.001749587584202899,0.9963314658717105,0.7285587339420818,0.8145207256023355,0.9963199284940839,0.9981565722741182,0.46079753939007984,0.6308848789305527,brain_stroke,segmentation
489,0.002022814610272758,0.9958601643268327,0.6998808198506286,0.7866651820682555,0.9958485186537962,0.9979199416652103,0.403913121047461,0.5754104224713008,0.0017555813718223034,0.996407461524906,0.7288922632551671,0.8148165680156594,0.9963963715138058,0.998194933362125,0.4613881549965285,0.6314382026691937,brain_stroke,segmentation
490,0.002003861679800583,0.9959487341400376,0.7039234501578981,0.7907216392377776,0.9959372056194088,0.9979644678353845,0.41190969469638744,0.5834788106401708,0.0017433550208806991,0.9964138862781955,0.7291549677883057,0.8150610995433043,0.9964028127882621,0.9981981656263477,0.4619071227883493,0.6319240334602609,brain_stroke,segmentation
491,0.0019970359744616133,0.9959559390419408,0.7050607068761712,0.791858997985723,0.9959443432993715,0.9979680512063156,0.41417707045297075,0.5857499447651304,0.0017595997122221423,0.9963444989426692,0.7288108863049045,0.8147541248593884,0.9963330207850548,0.998163142533452,0.4612887518247544,0.6313451071853247,brain_stroke,segmentation
492,0.001997538120660903,0.9959014663122651,0.7032079555374516,0.7900150237039749,0.9958897342396276,0.9979406348507833,0.4105261768352757,0.5820894125571664,0.0017528360863601354,0.9963057668585527,0.7282374426268391,0.8142251005964699,0.9962940961129904,0.9981436082517974,0.4601807891406878,0.6303065929411424,brain_stroke,segmentation
493,0.0019879527365494714,0.9958932059151786,0.7010402096010007,0.7878312731618807,0.9958816361331366,0.9979365690869113,0.40619878306886464,0.5777259772368502,0.0017561946400350198,0.996320819137688,0.7281788705069333,0.8141668477682611,0.9963092496357956,0.9981512131124585,0.46004849137807097,0.6301824824240637,brain_stroke,segmentation
494,0.00198945621382165,0.9959009615102209,0.7023265855002108,0.7891280376637485,0.9958893119902668,0.9979404228555971,0.4087638590101547,0.5803156524718999,0.0017399169966802561,0.9964010367716165,0.7300676609038176,0.8159169556207837,0.9963898006251285,0.9981916360353368,0.4637455211825066,0.6336422752062306,brain_stroke,segmentation
495,0.002002164929110865,0.9959219796316964,0.7022931871372815,0.7890890320165791,0.9959104536477306,0.9979510371596104,0.4086759206268325,0.5802270268735479,0.001743251758914693,0.9963114573543234,0.7279239982218135,0.8139296963789605,0.9962998522813343,0.9981464970232616,0.4595481441622928,0.6297128957346594,brain_stroke,segmentation
496,0.001993211017067271,0.9958722336847979,0.701515683147459,0.7883172260593827,0.9958604979478476,0.9979259562196815,0.40717086834707056,0.578708495899084,0.001764838114604914,0.9963584498355263,0.7282908231558465,0.8142636107854082,0.9963471076358305,0.9981702118082583,0.46023453867586256,0.630357009762558,brain_stroke,segmentation
497,0.0020122042724064417,0.99588315576539,0.7010650031546908,0.7878589236515943,0.9958715263207696,0.9979314932725952,0.406258479988612,0.5777863540305932,0.0017505462358432605,0.9963601019149436,0.729167941479569,0.8150849831882336,0.9963486895590458,0.9981710056664695,0.46198719340009226,0.6319989607099976,brain_stroke,segmentation
498,0.0019602304440047734,0.9959503403283599,0.7054147367969671,0.7922142768423247,0.995938678065824,0.9979652070583093,0.4148907955281101,0.5864633466263401,0.001767080043323506,0.9963870858787593,0.7290213301589539,0.8149418703391829,0.9963758568947565,0.9981846388831406,0.46166680342315125,0.6316991017952251,brain_stroke,segmentation
499,0.0020144321374539146,0.9958223500646146,0.7005658932244824,0.7873693942467063,0.9958104206363592,0.997900812962834,0.4053213658126055,0.5768379755305786,0.001744126273613227,0.9963366056743421,0.7287282236807748,0.8146784195169745,0.9963250851378725,0.9981591601039899,0.46113136222367723,0.6311976789299591,brain_stroke,segmentation
500,0.002010830303591053,0.9959267523055686,0.7025511764112873,0.7893477524558632,0.9959152289078356,0.9979534345782815,0.4091871239147391,0.5807420703334448,0.0017491730392203296,0.996409297168703,0.7292971885952844,0.8151951701375144,0.9963981823166607,0.998195842034298,0.46219619487390795,0.6321944982407307,brain_stroke,segmentation
