epoch,train_loss,train_accuracy,train_mean_iou,train_mean_dice,train_iou_Class_0,train_dice_Class_0,train_iou_Class_1,train_dice_Class_1,val_loss,val_accuracy,val_mean_iou,val_mean_dice,val_iou_Class_0,val_dice_Class_0,val_iou_Class_1,val_dice_Class_1,dataset,task
1,0.0178557488322258,0.71771240234375,0.47862734276272295,0.620724127712629,0.6842376198958058,0.8125191027832945,0.2730170656296401,0.42892915264196335,0.03067916989326477,0.508934326171875,0.3297320655085827,0.4893001762867589,0.41787243525454376,0.5894358686499539,0.24159169576262157,0.3891644839235639,kvasir_seg,segmentation
2,0.014748608320951461,0.8903485107421875,0.6720848115495891,0.7853278507346384,0.8787771848503741,0.935477811777196,0.46539243824880405,0.6351778896920808,0.015994988679885865,0.878614501953125,0.6766305818991158,0.7922831362015987,0.862536166871372,0.9261953482709895,0.4907249969268597,0.658370924132208,kvasir_seg,segmentation
3,0.013056210801005363,0.905084228515625,0.6981217482758447,0.8061679843670968,0.8950790870645591,0.9446350742554174,0.5011644094871304,0.6677008944787761,0.014953660815954208,0.893330078125,0.6955519079480448,0.8063268131021801,0.8799380069905801,0.9361351318165986,0.5111658089055096,0.6765184943877616,kvasir_seg,segmentation
4,0.01151665922254324,0.914564208984375,0.7243278992010956,0.8272704267384292,0.9048776874577521,0.9500638213316478,0.5437781109444392,0.7044770321452106,0.01273316189646721,0.890155029296875,0.7009887936498569,0.8118032833513789,0.8748262925295182,0.9332345039275094,0.5271512947701955,0.6903720627752482,kvasir_seg,segmentation
5,0.010319732911884785,0.9186248779296875,0.7355006744650276,0.8359417295074656,0.9091438154758795,0.9524099841051141,0.5618575334541759,0.7194734749098171,0.011772975623607636,0.895931396484375,0.7163362623808373,0.8239523171303221,0.880620443782136,0.9365211855414173,0.5520520809795385,0.711383448719227,kvasir_seg,segmentation
6,0.009327207542955875,0.9224676513671874,0.7445759181016669,0.8427591401235321,0.913348217665939,0.9547119643282884,0.5758036185373949,0.730806315918776,0.010506198853254317,0.908773193359375,0.730439546623668,0.833475300293,0.8965485737065774,0.9454527937076564,0.5643305195407586,0.7214978068783436,kvasir_seg,segmentation
7,0.008485518340021371,0.9261077880859375,0.7544886988891919,0.8501719532836808,0.9172449291029375,0.9568364638023673,0.5917324686754462,0.7435074427649943,0.008630639985203742,0.92792724609375,0.7621431723931318,0.8559568625786413,0.9189705880333441,0.9577745420008241,0.6053157567529194,0.7541391831564586,kvasir_seg,segmentation
8,0.007844539303332567,0.9286199951171875,0.7596408412790339,0.8538747815216816,0.9200932515286807,0.9583839230684752,0.5991884310293869,0.7493656399748881,0.008712111189961434,0.918280029296875,0.759152452414104,0.8550911862124904,0.9061804972593541,0.9507814171451568,0.612124407568854,0.759400955279824,kvasir_seg,segmentation
9,0.007151345461606979,0.9342205810546875,0.7776767989982156,0.8670544895753425,0.9259476082059018,0.9615501525178658,0.6294059897905293,0.7725588266328192,0.00792033962905407,0.930859375,0.780265875124061,0.8694871368065399,0.9212018937142482,0.9589849944747807,0.6393298565338738,0.7799892791382991,kvasir_seg,segmentation
10,0.006748042684048414,0.9353302001953125,0.7816718389323429,0.8699315867645261,0.9270814694506445,0.9621611583602938,0.6362622084140414,0.7777020151687583,0.0077084719389677045,0.92863525390625,0.75549185390071,0.8505692508480349,0.9204474169426617,0.9585760160077773,0.5905362908587584,0.7425624856882926,kvasir_seg,segmentation
11,0.0064571407251060005,0.9371005249023437,0.7844873275382378,0.8718115817573084,0.9291898309905868,0.96329538551784,0.6397848240858887,0.780327777996777,0.007366621568799019,0.93408935546875,0.7822799661697633,0.8705612358258539,0.9253762697808133,0.9612420016853735,0.6391836625587132,0.7798804699663343,kvasir_seg,segmentation
12,0.00605415653437376,0.9402166748046875,0.7946534220401518,0.8789656267379844,0.9324926357983272,0.9650672075271403,0.6568142082819763,0.7928640459488284,0.006954721137881279,0.93290283203125,0.7861514268741489,0.8736230501981482,0.9234043976348083,0.9601770680885515,0.6488984561134894,0.7870690323077449,kvasir_seg,segmentation
13,0.0059157819673418995,0.939248046875,0.79088691947663,0.8763064405866673,0.9315119815843864,0.9645417584417809,0.6502618573688737,0.7880711227315537,0.007058131173253059,0.938741455078125,0.7987559770095212,0.8821550096151899,0.9301581160239922,0.9638154597821874,0.6673538379950501,0.8004945594481924,kvasir_seg,segmentation
14,0.0056221413239836695,0.9425799560546875,0.8015293880452001,0.8836974502721604,0.9350804033589463,0.9664512148805988,0.6679783727314541,0.800943685663722,0.006456863954663277,0.941961669921875,0.8013833172339544,0.883667292541594,0.9342685553597244,0.9660174154937595,0.6684980791081845,0.8013171695894287,kvasir_seg,segmentation
15,0.005519523285329342,0.9437347412109375,0.8034691671949616,0.8849627908517125,0.9364605745050015,0.9671878548256836,0.6704777598849219,0.8027377268777414,0.006883257478475571,0.92970703125,0.7867733992083572,0.8745094294824056,0.9189009147306271,0.9577366998750129,0.6546458836860874,0.7912821590897985,kvasir_seg,segmentation
16,0.005501486249268055,0.9408908081054688,0.7988561869091562,0.8819607177444155,0.9330465150926657,0.965363748681379,0.6646658587256467,0.7985576868074522,0.0061473482847213745,0.943372802734375,0.8112722032321644,0.8905996640549843,0.935326330934319,0.9665825509466105,0.6872180755300098,0.8146167771633579,kvasir_seg,segmentation
17,0.005096188802272081,0.9469482421875,0.8160306543533652,0.893561200413407,0.9397574286984277,0.9689432449592449,0.6923038800083027,0.8181791558675693,0.006086631938815117,0.94215087890625,0.8053675337146023,0.8865231940690603,0.9341875938266415,0.9659741348856687,0.6765474736025632,0.807072253252452,kvasir_seg,segmentation
18,0.00501205800101161,0.9482138061523437,0.8179198738853606,0.894750331783498,0.9413022987133728,0.9697637501766058,0.6945374490573483,0.8197369133903903,0.006203989014029503,0.945496826171875,0.8176088385569392,0.8948319576307311,0.9376603031744479,0.9678273344799284,0.6975573739394305,0.8218365807815337,kvasir_seg,segmentation
19,0.004872973989695311,0.9495523071289063,0.8230977517343145,0.8982248016899604,0.942692751165304,0.970501125924148,0.7035027523033249,0.8259484774557729,0.006127443090081215,0.944805908203125,0.8149681281542867,0.8930520705947343,0.9369511198617656,0.9674494211589946,0.6929851364468076,0.8186547200304741,kvasir_seg,segmentation
20,0.004823966342955828,0.9489498901367187,0.8214373886779779,0.8971330190498101,0.9420144519309702,0.9701415465722338,0.7008603254249856,0.8241244915273864,0.00588896244764328,0.946328125,0.8185667988906562,0.8954118457573905,0.93870979433309,0.9683860855059055,0.6984238034482225,0.8224376060088755,kvasir_seg,segmentation
21,0.004761696644127369,0.9499954223632813,0.8240783571290342,0.8988589283336963,0.9432107263120939,0.9707755453801539,0.7049459879459744,0.8269423112872388,0.0059414712339639665,0.94791015625,0.8181241344141951,0.8949273879402455,0.9408807209802034,0.969539973074729,0.6953675478481868,0.820314802805762,kvasir_seg,segmentation
22,0.004606952397152781,0.9507696533203125,0.8286916517193236,0.9019644465935202,0.9438907184108012,0.9711355782206369,0.713492585027846,0.8327933149664035,0.005636624842882156,0.94873046875,0.8287687717217616,0.902226085217684,0.9411009907653448,0.9696569063047914,0.7164365526781782,0.8347952641305767,kvasir_seg,segmentation
23,0.0045734839327633385,0.9513546752929688,0.828109194271215,0.9015035576538143,0.9447233305613929,0.9715760753368193,0.7114950579810371,0.8314310399708092,0.005488946363329888,0.95017822265625,0.8324701535504495,0.9046086463341527,0.94276611289425,0.9705400013280625,0.7221741942066491,0.838677291340243,kvasir_seg,segmentation
24,0.00440297456458211,0.9535305786132813,0.8366472138746899,0.9071142662423141,0.9469942855710339,0.9727756189004839,0.7263001421783457,0.8414529135841442,0.005706621780991555,0.94784423828125,0.8275826474926744,0.9015030546458733,0.9399844082508529,0.9690638793312475,0.715180886734496,0.8339422299604992,kvasir_seg,segmentation
25,0.004379030643031001,0.9536346435546875,0.8361182430070978,0.9067459485684316,0.9471756367485897,0.9728712899573781,0.7250608492656059,0.8406206071794851,0.00542008362710476,0.94906005859375,0.8256416873375592,0.9000400353183025,0.9418235859142896,0.970040319569855,0.7094597887608286,0.83003975106675,kvasir_seg,segmentation
26,0.004223742783069611,0.95557373046875,0.8422490691113058,0.9106906273601627,0.9493238174506948,0.974003199419387,0.7351743207719167,0.8473780553009383,0.005609189867973327,0.949244384765625,0.832204739772558,0.9045209609693934,0.9414975194237774,0.9698673420949898,0.7229119601213386,0.8391745798437971,kvasir_seg,segmentation
27,0.004227315997704864,0.9550479125976562,0.8407501955105658,0.9097349187251471,0.9487278824401743,0.9736894422141571,0.7327725085809574,0.845780395236137,0.005532438233494759,0.948255615234375,0.8294572762721931,0.902745896528828,0.940380147062828,0.9692741378397326,0.7185344054815582,0.8362176552179232,kvasir_seg,segmentation
28,0.00417143490165472,0.95420166015625,0.8395460091904836,0.9090056511003631,0.9476758112197943,0.9731350625813667,0.731416207161173,0.8448762396193595,0.005607515200972557,0.95029296875,0.8328937741316962,0.9048854931663082,0.9428867173746764,0.9706039049448556,0.722900830888716,0.8391670813877609,kvasir_seg,segmentation
29,0.004323483854532242,0.9530166625976563,0.8332678585871613,0.9048695650522167,0.9465613269993138,0.9725471413309832,0.719974390175009,0.8371919887734501,0.0054814529418945315,0.951357421875,0.8356566719250167,0.9066551654107429,0.9441103206838738,0.9712517964019316,0.7272030231661597,0.842058534419554,kvasir_seg,segmentation
30,0.004247275395318866,0.9544503784179688,0.839791057681063,0.909146872582473,0.9479937504834194,0.9733026610051113,0.7315883648787067,0.8449910841598345,0.005458370670676231,0.948924560546875,0.830271468798425,0.9032348199021413,0.9412325696370466,0.9697267440892252,0.7193103679598032,0.8367428957150573,kvasir_seg,segmentation
31,0.004057739982381463,0.95608642578125,0.8450449428402509,0.9125097555441815,0.949803236473063,0.974255472250761,0.7402866492074389,0.850764038837602,0.005642698109149933,0.949122314453125,0.8248010652722472,0.8994521738934325,0.9419775979150216,0.9701220023612666,0.7076245326294728,0.8287823454255984,kvasir_seg,segmentation
32,0.004042528904974461,0.956270751953125,0.8448702897228993,0.9123766586591184,0.950066541007104,0.9743939717220583,0.7396740384386947,0.8503593455961784,0.0052609796822071075,0.951322021484375,0.8375168439055951,0.90791443989771,0.9438951881016007,0.9711379439376097,0.7311384997095894,0.8446909358578104,kvasir_seg,segmentation
33,0.0037543698959052563,0.9603170776367187,0.8590386304942588,0.9213319078578615,0.9544828445622744,0.9767114070280215,0.7635944164262431,0.8659524086877014,0.005154569037258625,0.95293701171875,0.8406797718773114,0.9098861083326485,0.9458501349040157,0.9721716158276211,0.7355094088506071,0.8476006008376759,kvasir_seg,segmentation
34,0.0036968254204839466,0.9608963012695313,0.8589281151760139,0.9212129760153996,0.9552795659707649,0.9771283683379405,0.7625766643812628,0.8652975836928588,0.005201545059680939,0.953262939453125,0.8415247916262485,0.9104212978080144,0.9462266522659263,0.9723704596936502,0.7368229309865708,0.8484721359223786,kvasir_seg,segmentation
35,0.0037510401289910077,0.9595974731445313,0.8566219546359755,0.9198224218853539,0.9536863971129358,0.9762942491919357,0.7595575121590152,0.863350594578772,0.005287587344646454,0.954710693359375,0.8441746888251087,0.9120560518534016,0.9479948416757618,0.9733032361217647,0.7403545359744558,0.8508088675850384,kvasir_seg,segmentation
36,0.003670268999412656,0.95976806640625,0.8573758659835511,0.9202984504273337,0.9538611115582775,0.9763857890569689,0.7608906204088248,0.8642111117976985,0.005080285333096981,0.9540869140625,0.8450499045696975,0.9126949120339068,0.9470580120994447,0.9728092395955529,0.7430417970399503,0.8525805844722608,kvasir_seg,segmentation
37,0.0035612910613417627,0.9618228149414062,0.8632290329609773,0.9239142973971237,0.9562196886288233,0.9776199413462281,0.7702383772931312,0.8702086534480192,0.00507195670157671,0.954365234375,0.8458042188787891,0.9131702912872275,0.947377681684389,0.9729778569352324,0.7442307560731893,0.8533627256392226,kvasir_seg,segmentation
38,0.003595512034371495,0.961531982421875,0.8621181974841097,0.9232227688601167,0.9559066179600477,0.9774562948787707,0.7683297770081716,0.8689892428414625,0.005077305659651757,0.9527734375,0.8425165879503225,0.9111291951437919,0.9454584672034713,0.971964689189726,0.7395747086971738,0.8502937010978577,kvasir_seg,segmentation
39,0.0035486856196075677,0.9621551513671875,0.8636655854691468,0.9241685587476003,0.9566400269089539,0.9778395757550025,0.7706911440293398,0.8704975417401982,0.00509475328028202,0.954207763671875,0.8472987156317763,0.9141736754446045,0.9470232437934951,0.9727908968856032,0.7475741874700574,0.8555564540036058,kvasir_seg,segmentation
40,0.0034437837451696397,0.963037109375,0.8678000924903142,0.9267444221941252,0.9575341178582162,0.9783064408664067,0.7780660671224121,0.8751824035218436,0.005164400711655617,0.955545654296875,0.847537722212083,0.9142124026437575,0.9488612906214176,0.9737596977144145,0.7462141538027484,0.8546651075731005,kvasir_seg,segmentation
41,0.003536158995702863,0.9629684448242187,0.8676804597444647,0.9266734396733611,0.9574491288371103,0.9782620807171789,0.777911790651819,0.8750847986295435,0.005021697543561458,0.95544189453125,0.8486832590290205,0.9149781923653595,0.9486192713625213,0.9736322382763094,0.7487472466955198,0.8563241464544095,kvasir_seg,segmentation
42,0.003355153575539589,0.9650094604492188,0.8735237006860297,0.9302239382484694,0.9598054231495774,0.979490526775956,0.7872419782224819,0.8809573497209826,0.005103102624416351,0.952705078125,0.8430007317333268,0.9114582251150789,0.9453182336534848,0.9718905804713414,0.7406832298131688,0.8510258697588164,kvasir_seg,segmentation
43,0.0034670817758888006,0.963045654296875,0.8677228160950542,0.926694558902791,0.9575516888778092,0.9783156116063915,0.7778939433122992,0.8750735061991904,0.005286710001528263,0.953408203125,0.8427214746023869,0.9112072235497728,0.9463226183895174,0.972421128386774,0.7391203308152564,0.8499933187127715,kvasir_seg,segmentation
44,0.0033726747613400223,0.9636843872070312,0.8697857020725255,0.9279578510892965,0.9582705194171374,0.9786906455624512,0.7813008847279137,0.8772250566161417,0.0051150738820433615,0.954130859375,0.8452489103191353,0.9128230554990382,0.9471013880675526,0.9728321225301227,0.743396432570718,0.8528139884679538,kvasir_seg,segmentation
45,0.003315943479537964,0.964647216796875,0.8720011143466779,0.9292895202281879,0.9594225478705293,0.9792911170826479,0.7845796808228265,0.8792879233737277,0.005061672404408455,0.95475341796875,0.8485414843554441,0.9149455009771652,0.9476728345126996,0.9731334931821892,0.7494101341981886,0.8567575087721411,kvasir_seg,segmentation
46,0.003284731125459075,0.964805908203125,0.87313952643483,0.9299965242552197,0.9595552777970329,0.9793602545122199,0.786723775072627,0.8806327939982196,0.005027931854128837,0.955301513671875,0.8483576350971961,0.9147757757103805,0.9484528971224522,0.9735445989206748,0.74826237307194,0.8560069525000861,kvasir_seg,segmentation
47,0.003247221037745476,0.9653012084960938,0.8746541743495214,0.9309144482278776,0.9601210737402575,0.979654865817219,0.7891872749587854,0.8821740306385363,0.0049794879928231235,0.95555908203125,0.8514676345311682,0.9167986677057137,0.9485334449199363,0.9735870301768527,0.7544018241424002,0.8600103052345748,kvasir_seg,segmentation
48,0.003146990342065692,0.96634765625,0.8787992569427543,0.9334363403846162,0.9612481475741274,0.9802412293039997,0.7963503663113811,0.8866314514652327,0.0051087716594338415,0.95610595703125,0.8498262700247635,0.9156729520985999,0.9494406668127641,0.9740646976089312,0.750211873236763,0.8572812065882686,kvasir_seg,segmentation
49,0.003292403118684888,0.9655377197265625,0.8751432444515213,0.9312049196298839,0.9604087373820612,0.9798045877561182,0.7898777515209814,0.8826052515036497,0.005047055706381798,0.955684814453125,0.8492276358644952,0.9153156516786156,0.9489088795501892,0.9737847566985263,0.7495463921788011,0.8568465466587051,kvasir_seg,segmentation
50,0.003349342690780759,0.9635601806640625,0.8699434792291241,0.928067172225626,0.9580881137334223,0.9785955054971118,0.781798844724826,0.8775388389541401,0.00513180922716856,0.955653076171875,0.8478471025328557,0.9144073877348657,0.9489832888637904,0.9738239360862089,0.746710916201921,0.8549908393835225,kvasir_seg,segmentation
51,0.003174749417230487,0.9661148071289063,0.8767040850078446,0.9321431640659772,0.9610837595537832,0.9801557479344628,0.7923244104619059,0.8841305801974916,0.0050366541743278505,0.956007080078125,0.8517077228930575,0.9169173911631243,0.9491386926417072,0.9739057525509592,0.7542767531444078,0.8599290297752895,kvasir_seg,segmentation
52,0.0030957406666129827,0.96662841796875,0.8793917341962507,0.9337863572115666,0.9615898794432175,0.9804188831930124,0.797193588949284,0.8871538312301207,0.004962706044316292,0.9581201171875,0.8560802719076435,0.919593109388186,0.9516980579543123,0.9752513244306266,0.7604624858609746,0.8639348943457453,kvasir_seg,segmentation
53,0.0031674814037978647,0.966368408203125,0.8779387566535688,0.9328978253708693,0.9613405434227474,0.9802892686296142,0.7945369698843903,0.8855063821121243,0.004919574372470379,0.957308349609375,0.8542109111560636,0.9184433729639788,0.9507312200899989,0.9747434298469229,0.7576906022221284,0.8621433160810348,kvasir_seg,segmentation
54,0.003209140347316861,0.9650393676757812,0.8748107624601014,0.9310315249343261,0.9597498114133975,0.9794615678224898,0.7898717135068051,0.8826014820461623,0.005400951243937016,0.9547265625,0.8433142898428496,0.9114810884837112,0.9480878676664808,0.973352263419359,0.7385407120192186,0.8496099135480635,kvasir_seg,segmentation
55,0.00314826094545424,0.9660968017578125,0.8779142079893176,0.9329013027650911,0.9609695943393735,0.9800963738686752,0.7948588216392617,0.885706231661507,0.005013769418001175,0.956458740234375,0.8506479272753023,0.9161826505925262,0.9498585823369972,0.9742845875504952,0.7514372722136072,0.8580807136345573,kvasir_seg,segmentation
56,0.0030870646983385086,0.9670782470703125,0.8797841247971052,0.93400005013165,0.9621777307970429,0.980724340813106,0.7973905187971675,0.887275759450194,0.004796320013701916,0.956446533203125,0.8541907908956954,0.9185030961451439,0.9495292280356942,0.9741113027501727,0.7588523537556967,0.8628948895401152,kvasir_seg,segmentation
57,0.002990205241367221,0.9679364013671875,0.883831149654436,0.9364525500568062,0.963059040278994,0.9811819415702567,0.804603259029878,0.8917231585433555,0.005098497942090035,0.956590576171875,0.8514118725937306,0.9166729727241414,0.9499759452394152,0.9743463221263261,0.7528477999480461,0.8589996233219568,kvasir_seg,segmentation
58,0.003115101084113121,0.9659036254882812,0.8772084361020416,0.9324735925573882,0.9607570203195454,0.9799858017725934,0.7936598518845377,0.8849613833421829,0.00489812083542347,0.95679931640625,0.8547585028044963,0.9188433509049448,0.9499725053751001,0.9743445128138992,0.7595445002338924,0.8633421889959905,kvasir_seg,segmentation
59,0.0029534479416906834,0.9685324096679687,0.8857377489554585,0.93758941045324,0.9637385835776199,0.9815344991814963,0.8077369143332971,0.8936443217249836,0.004991275742650032,0.956947021484375,0.8546525190879606,0.9187618654100922,0.9501888274056851,0.9744582822471719,0.7591162107702359,0.8630654485730126,kvasir_seg,segmentation
60,0.0030127638205885887,0.967003173828125,0.8806832336219783,0.9345644080204141,0.9620089001013352,0.9806366322310248,0.7993575671426213,0.8884921838098034,0.005132945626974106,0.956583251953125,0.8519509655665065,0.91702718028708,0.9499194588534785,0.974316610401966,0.7539824722795346,0.8597377501721938,kvasir_seg,segmentation
61,0.0028948081471025944,0.9688064575195312,0.8871242954680054,0.9384240901072258,0.9640135545482211,0.981677089056518,0.8102350363877896,0.8951710911579336,0.005110672377049923,0.957274169921875,0.852432434266251,0.9172832916407306,0.950834594038661,0.9747977577845001,0.7540302744938411,0.8597688254969612,kvasir_seg,segmentation
62,0.0029575817193835973,0.968682861328125,0.8863996470290829,0.9379868740562608,0.9638969229356226,0.9816166130499301,0.8089023711225433,0.8943571350625915,0.00483373261988163,0.959107666015625,0.8597898149725853,0.921915915629306,0.9527540287206322,0.9758054672608606,0.7668256012245385,0.8680263639977512,kvasir_seg,segmentation
63,0.002948258128017187,0.9679129028320312,0.8833338394106545,0.9361467554642426,0.963063395372659,0.9811842018375933,0.8036042834486501,0.8911093090908921,0.00470161072909832,0.959036865234375,0.8602375357097635,0.9222105453512828,0.9526166932361269,0.9757334314881108,0.7678583781834001,0.8686876592144548,kvasir_seg,segmentation
64,0.002865226715803146,0.969478759765625,0.8893997704525916,0.9397755212709904,0.9647725371472713,0.9820704625157899,0.8140270037579119,0.8974805800261908,0.004791570343077183,0.95796875,0.857811898709919,0.9207296023586045,0.9513367139843417,0.9750615638670095,0.7642870834354963,0.8663976408501993,kvasir_seg,segmentation
65,0.002880466915667057,0.9690673828125,0.8876412546430388,0.9387247373064183,0.9643351385091846,0.9818438000768633,0.810947370776893,0.8956056745359731,0.004777730815112591,0.957828369140625,0.8561324574842688,0.9196513575083074,0.9512882589573299,0.9750361122611895,0.7609766560112078,0.8642666027554252,kvasir_seg,segmentation
66,0.0028318221867084502,0.9697540283203125,0.8898781766248147,0.9400507534636131,0.9651171344170815,0.9822489637019699,0.8146392188325479,0.8978525432252564,0.004649616442620754,0.9584521484375,0.8578961678438766,0.9207445031785683,0.9520041740404357,0.9754120269834168,0.7637881616473174,0.8660769793737197,kvasir_seg,segmentation
67,0.0028057686984539034,0.9699356079101562,0.890125859421538,0.9401907876531335,0.9653492231317645,0.9823691502454613,0.8149024957113116,0.8980124250608056,0.004770858697593212,0.959246826171875,0.8599988334769934,0.922039602577585,0.9529298141723834,0.9758976561850669,0.7670678527816033,0.8681815489701031,kvasir_seg,segmentation
68,0.0027638395596295594,0.9703933715820312,0.8920541750961524,0.9413377981780116,0.9658395120805215,0.9826229518180124,0.8182688381117833,0.9000526445380107,0.004682651497423649,0.958541259765625,0.8592136508229788,0.921589682410499,0.952013733371818,0.9754170445587529,0.7664135682741396,0.8677623202622452,kvasir_seg,segmentation
69,0.00272456843405962,0.9700433349609375,0.8913012927331396,0.9409008367071316,0.9654115208719048,0.9824014061377077,0.8171910645943744,0.8994002672765555,0.004650135673582554,0.95968017578125,0.8621752054159864,0.9234065422163225,0.953346930473656,0.9761163422643866,0.7710034803583168,0.8706967421682584,kvasir_seg,segmentation
70,0.0028629200998693703,0.96904541015625,0.8873466316491256,0.9385453996841533,0.964326548957937,0.9818393479123991,0.8103667143403142,0.8952514514559075,0.004711503386497498,0.959326171875,0.8614302465997052,0.9229556812888808,0.9529169716511344,0.9758909216150351,0.7699435215482759,0.8700204409627265,kvasir_seg,segmentation
71,0.0027002204488962888,0.9706591796875,0.8932127638695055,0.9420256532284781,0.9661215113814171,0.9827688734279809,0.8203040163575939,0.9012824330289753,0.0046928669139742855,0.960103759765625,0.8630570207135981,0.923939286952393,0.9538622035126791,0.9763863611239454,0.7722518379145171,0.8714922127808407,kvasir_seg,segmentation
72,0.002723746653646231,0.9705007934570312,0.8930925653743171,0.941962159796905,0.965911254931854,0.982660079399501,0.8202738758167802,0.901264240194309,0.004672144763171673,0.959940185546875,0.863801522972139,0.9244293392280882,0.9535687555089506,0.9762326028402554,0.7740342904353273,0.872626075615921,kvasir_seg,segmentation
73,0.002793999724090099,0.9698550415039062,0.8897021068036368,0.9399369729764462,0.9652690829475038,0.9823276530660083,0.8141351306597697,0.8975462928868841,0.0047306081280112265,0.960218505859375,0.8630548272796645,0.9239288472084808,0.9540222911962537,0.9764702229801081,0.7720873633630754,0.8713874714368535,kvasir_seg,segmentation
74,0.0026740455999970437,0.9708840942382813,0.894251052411474,0.942641681316374,0.9663558988522009,0.9828901262648142,0.8221462059707472,0.9023932363679339,0.0046527737006545064,0.960111083984375,0.8644906245856023,0.9248570200217026,0.9537477264522816,0.9763263839432813,0.7752335227189231,0.8733876561001238,kvasir_seg,segmentation
75,0.002691462258808315,0.97087158203125,0.8937680952190996,0.9423498224958979,0.9663742154406015,0.9828996005463467,0.8211619749975977,0.901800044445449,0.0046461173519492145,0.9605029296875,0.8649136452843884,0.925097083641522,0.9542598969729549,0.9765946673224508,0.7755673935958218,0.8735994999605932,kvasir_seg,segmentation
76,0.0026909848395735027,0.9712432861328125,0.8945664360251784,0.9428114874277328,0.9668291006965091,0.9831348339864688,0.8223037713538476,0.9024881408689968,0.0046986138448119165,0.960810546875,0.8650268999288193,0.9251456560637237,0.9546798196451979,0.9768145248652395,0.7753739802124407,0.873476787262208,kvasir_seg,segmentation
77,0.0026571446284651755,0.97128662109375,0.8954596151201941,0.9433491159390621,0.9668237772332379,0.9831320817092055,0.8240954530071504,0.9035661501689187,0.00463372603058815,0.961077880859375,0.8665657018141606,0.9261071983921426,0.954921584622449,0.9769410621212938,0.778209819005872,0.8752733346629914,kvasir_seg,segmentation
78,0.002634149929508567,0.9718569946289063,0.8971308144730494,0.9443243897732837,0.9674903451764318,0.983476587367623,0.826771283769667,0.9051721921789444,0.004600575156509876,0.961390380859375,0.8674481516575204,0.926645261607912,0.9552828804219694,0.9771301022344245,0.7796134228930715,0.8761604209813996,kvasir_seg,segmentation
79,0.0027251053554937245,0.970599365234375,0.8931498061697609,0.9419910163242873,0.9660434484544916,0.9827284836598085,0.8202561638850303,0.9012535489887661,0.00458366509526968,0.961484375,0.8678146634128638,0.9268712236751109,0.9553829119605873,0.9771824291976262,0.7802464148651402,0.8765600181525955,kvasir_seg,segmentation
80,0.0026841573882848023,0.9710501098632812,0.8941021359272987,0.9425416916787864,0.9665963119775877,0.9830144662537164,0.8216079598770097,0.9020689171038565,0.004577804841101169,0.961083984375,0.8666839731483351,0.9261820862757772,0.9549199220571455,0.9769401920589069,0.7784480242395246,0.8754239804926476,kvasir_seg,segmentation
81,0.002733080517500639,0.970614013671875,0.8930739133828014,0.9419440857023715,0.9660693124465154,0.9827418660478139,0.8200785143190873,0.9011463053569293,0.004626148492097855,0.96066162109375,0.8652250783332631,0.925283819036875,0.9544549389946967,0.9766967965868121,0.7759952176718294,0.8738708414869378,kvasir_seg,segmentation
82,0.002595087978988886,0.972216796875,0.8981910561755317,0.9449419469120286,0.9679107026477206,0.9836937228355409,0.8284714097033429,0.9061901709885163,0.004627302885055542,0.96081787109375,0.8665894195659392,0.9261421610553,0.9545550435009019,0.9767492060915823,0.7786237956309763,0.8755351160190178,kvasir_seg,segmentation
83,0.0025662244437262417,0.9723260498046875,0.8990452418263855,0.9454488668603976,0.9679995539515349,0.9837396070623028,0.8300909297012361,0.9071581266584925,0.004605701379477978,0.9615234375,0.8683942968598735,0.9272365206359306,0.9553875354018087,0.9771848476117938,0.7814010583179384,0.8772881936600675,kvasir_seg,segmentation
84,0.002579470449127257,0.9724517822265625,0.898914317862346,0.9453632354780025,0.9681831399190756,0.9838344006532682,0.8296454958056163,0.9068920703027368,0.004557582810521126,0.96147705078125,0.868324039044897,0.9271953993475,0.9553285667571728,0.9771540016331308,0.781319511332621,0.877236797061869,kvasir_seg,segmentation
85,0.0026015490852296353,0.9717788696289062,0.8970133828871427,0.9442581184718785,0.967390844399901,0.9834251767039989,0.8266359213743846,0.905091060239758,0.004594091586768627,0.961048583984375,0.8669550624497395,0.9263574233014822,0.9548467983521671,0.9769019231144381,0.779063326547312,0.8758129234885264,kvasir_seg,segmentation
86,0.0025669387448579075,0.9723114013671875,0.898689371611728,0.9452360414816163,0.9680053205744524,0.983742584894939,0.8293734226490036,0.9067294980682935,0.00462261576205492,0.96098876953125,0.8667097305583834,0.9262057566371364,0.9547843065124075,0.9768692160373115,0.7786351546043593,0.8755422972369613,kvasir_seg,segmentation
87,0.0025582318101078274,0.97267822265625,0.9000428705680443,0.9460274180572207,0.9684144868306329,0.9839538301609316,0.8316712543054556,0.9081010059535097,0.00463708408176899,0.96133056640625,0.8669685682599344,0.9263445584877777,0.9552403088725363,0.9771078312346815,0.7786968276473326,0.875581285740874,kvasir_seg,segmentation
88,0.002565434416756034,0.9725042724609375,0.899159192359722,0.9455072773188837,0.9682379870121517,0.9838627172133467,0.8300803977072924,0.9071518374244206,0.004606937058269978,0.961075439453125,0.8661735914227193,0.9258574183702326,0.9549518112797835,0.9769568802359757,0.7773953715656551,0.8747579565044894,kvasir_seg,segmentation
89,0.0025928093027323485,0.9726162719726562,0.8995235279684769,0.9457195854171474,0.9683664835823079,0.9839290514842943,0.8306805723546459,0.9075101193500004,0.004575185924768448,0.961102294921875,0.8664762697685554,0.9260483393477861,0.9549634223557593,0.9769629563759454,0.7779891171813516,0.8751337223196266,kvasir_seg,segmentation
90,0.0025533445738255976,0.9726290893554688,0.8997929818941512,0.9458804124009261,0.9683646615679096,0.9839281109594342,0.831221302220393,0.907832713842418,0.0046156179904937745,0.96097900390625,0.8657203967068207,0.9255756576584871,0.9548558298625798,0.9769066498675795,0.7765849635510615,0.8742446654493948,kvasir_seg,segmentation
91,0.002507949490100145,0.973302001953125,0.9020988637261966,0.9472225369399876,0.9691289998048254,0.9843225100040504,0.8350687276475679,0.9101225638759248,0.004622877985239029,0.96077880859375,0.8653264632469798,0.925339534706197,0.9546099891927197,0.9767779705116381,0.77604293730124,0.873901098900756,kvasir_seg,segmentation
92,0.0026029183715581892,0.9719293212890625,0.8977333815614429,0.944682994493225,0.9675462644438222,0.9835054777909624,0.8279204986790636,0.9058605111954876,0.004583154022693634,0.960511474609375,0.8652875638410285,0.9253353268155745,0.9542393237111352,0.9765838934189676,0.7763358039709218,0.8740867602121815,kvasir_seg,segmentation
93,0.002551383962854743,0.9722775268554688,0.8985761270516562,0.945169926969371,0.9679666975805683,0.983722639992428,0.8291855565227442,0.906617213946314,0.0046130063384771346,0.960867919921875,0.8657948759063834,0.925631740273844,0.9546942992292003,0.9768221042089983,0.7768954525835663,0.8744413763386897,kvasir_seg,segmentation
94,0.002571416120044887,0.9721942138671875,0.8982367963722887,0.9449707190955442,0.9678761500316088,0.983675878195955,0.8285974427129686,0.9062655599951334,0.004575028419494629,0.961121826171875,0.8664307602497356,0.9260178383557243,0.954994623207542,0.976979283595871,0.7778668972919291,0.8750563931155774,kvasir_seg,segmentation
95,0.0025540795596316456,0.9725015258789063,0.8995533363706385,0.9457438489238774,0.968205470563024,0.9838459297504744,0.8309012021782529,0.9076417680972805,0.004568855278193951,0.960299072265625,0.8653389207419073,0.9253845084438767,0.9539366247950278,0.9764253483862076,0.7767412166887868,0.8743436685015457,kvasir_seg,segmentation
96,0.0027254573022946716,0.9706365966796875,0.8929718668714264,0.9418807951872155,0.9661080233225829,0.9827618949338592,0.8198357104202698,0.9009996954405717,0.00455771803855896,0.96018310546875,0.8648824144112732,0.9251018911600678,0.9538141749050664,0.9763611986809454,0.77595065391748,0.8738425836391902,kvasir_seg,segmentation
97,0.0025730954203754663,0.9725836181640625,0.8995554455582762,0.9457405432475532,0.9683190006297914,0.9839045401888252,0.8307918904867608,0.9075765463062812,0.004589669145643711,0.96081298828125,0.8655818325976157,0.9254999809625692,0.9546358303738771,0.9767914979756379,0.7765278348213541,0.8742084639495007,kvasir_seg,segmentation
98,0.0025108444690704348,0.9732058715820312,0.9017146369121436,0.946998377948314,0.9690237137109037,0.9842682004927624,0.8344055601133836,0.9097285554038655,0.00459059689193964,0.961064453125,0.8661696376156705,0.9258557389176676,0.9549368047175419,0.9769490271124295,0.777402470513799,0.8747624507229057,kvasir_seg,segmentation
99,0.002534763691946864,0.9729400634765625,0.9006128459084025,0.946354236410776,0.9687355436707733,0.9841195246208981,0.8324901481460317,0.908588948200654,0.004568732902407646,0.961124267578125,0.8666917459655503,0.9261839644297226,0.9549756265832888,0.9769693428375882,0.7784078653478118,0.875398586021857,kvasir_seg,segmentation
100,0.0024827494472265243,0.973189697265625,0.9020107067702123,0.9471760073623543,0.9689797007924219,0.9842454956772313,0.8350417127480027,0.9101065190474772,0.004558068886399269,0.96112548828125,0.8666071335487705,0.9261299628069601,0.9549846136882403,0.9769740457308079,0.7782296534093007,0.8752858798831122,kvasir_seg,segmentation
101,0.0024814654840156435,0.973514404296875,0.902665792923973,0.9475492239580581,0.9693821536776493,0.9844530700833384,0.8359494321702967,0.9106453778327777,0.0045205168798565865,0.96138427734375,0.8677107725917017,0.9268127429151178,0.9552517073776607,0.9771137943756845,0.7801698378057427,0.8765116914545511,kvasir_seg,segmentation
102,0.0025383210368454456,0.97264404296875,0.899996331128101,0.946001431266819,0.9683705319494688,0.9839311412474737,0.8316221303067333,0.9080717212861644,0.0045769595727324485,0.9610595703125,0.866020945402907,0.9257612663025279,0.9549426755009689,0.976952099381899,0.777099215304845,0.8745704332231566,kvasir_seg,segmentation
103,0.002571406317874789,0.9724087524414062,0.8989457059567868,0.9453844914727325,0.9681213638446822,0.9838025048958142,0.8297700480688914,0.9069664780496509,0.00457586158066988,0.9612158203125,0.8666496175860682,0.9261501360815616,0.9551072370715773,0.977038209425451,0.7781919981005591,0.8752620627376722,kvasir_seg,segmentation
104,0.0024777724035084246,0.973292236328125,0.9020324492005924,0.9471834299362847,0.9691202902937951,0.9843180176150653,0.8349446081073899,0.9100488422575042,0.004597915112972259,0.960894775390625,0.8653057627665657,0.9253173550736029,0.9547735855714602,0.9768636046842641,0.775837939961671,0.8737711054629416,kvasir_seg,segmentation
105,0.0025187187222763894,0.97292724609375,0.9008593047180695,0.9465023960800297,0.9686999315160708,0.9841011481826866,0.8330186779200681,0.9089036439773729,0.004540420733392238,0.960848388671875,0.8668916002089123,0.926332259450632,0.9545712719560918,0.9767577019596507,0.7792119284617328,0.8759068169416132,kvasir_seg,segmentation
106,0.002494848044589162,0.9733197021484375,0.9019932114305123,0.9471585222669832,0.969161165064948,0.9843391005865003,0.8348252577960765,0.909977943947466,0.004587241448462009,0.96109619140625,0.8662994822902248,0.9259361077312553,0.954970038897726,0.9769664188164934,0.7776289256827235,0.8749057966460172,kvasir_seg,segmentation
107,0.0024632475711405277,0.9738949584960938,0.9040237449112742,0.948337426377367,0.9698112501715709,0.9846742931203183,0.8382362396509775,0.9120005596344155,0.004551574178040027,0.96118408203125,0.8670043965135935,0.9263785206982058,0.955032377310434,0.9769990393962537,0.778976415716753,0.875758002000158,kvasir_seg,segmentation
108,0.0025766757503151894,0.9723660278320313,0.8987628999794433,0.9452771296774589,0.9680755460678014,0.9837788473130601,0.829450253891085,0.9067754120418577,0.004588846080005169,0.9612890625,0.8667057396895872,0.9261803049900348,0.9552047371780121,0.9770892214149186,0.7782067422011623,0.8752713885651509,kvasir_seg,segmentation
109,0.0024478708580136298,0.973316650390625,0.9023811884530517,0.9473901728806731,0.9691287366564663,0.9843223742720081,0.835633640249637,0.9104579714893382,0.004574316218495369,0.9612451171875,0.8669280860931439,0.9263252855989059,0.9551243451980794,0.9770471607536686,0.7787318269882084,0.8756034104441431,kvasir_seg,segmentation
110,0.0024320617225021125,0.9739712524414063,0.9044530440243526,0.9485885616341742,0.9698859606103177,0.9847128006433672,0.8390201274383873,0.9124643226249811,0.004565367735922337,0.961365966796875,0.8670234708143315,0.9263768247151691,0.9552850754807599,0.977131250537344,0.7787618661479031,0.8756223988929943,kvasir_seg,segmentation
111,0.0025055981939658524,0.9731805419921875,0.9016637867035072,0.9469693864891231,0.9689923191756347,0.984252005189463,0.8343352542313798,0.9096867677887831,0.004625236354768276,0.96116455078125,0.8659905721697092,0.9257338265519617,0.9550916757124711,0.9770300672621076,0.7768894686269474,0.8744375858418159,kvasir_seg,segmentation
112,0.0025227681919932367,0.972930908203125,0.9007639428805906,0.9464451501260127,0.9687119371190724,0.98410734333906,0.8328159486421087,0.9087829569129655,0.00456739716231823,0.96150146484375,0.8676405828701481,0.9267592451985804,0.9554217463513262,0.9772027422054329,0.7798594193889701,0.8763157481917281,kvasir_seg,segmentation
113,0.0026089797727763655,0.9720639038085938,0.8978158893129977,0.9447249902120981,0.9677265594398793,0.9835986151605804,0.827905219186116,0.9058513652636158,0.004578177891671658,0.961290283203125,0.8668762816227242,0.9262888530053119,0.9551919085156774,0.9770825097581651,0.7785606547297711,0.8754951962524586,kvasir_seg,segmentation
114,0.002498602014966309,0.9735809326171875,0.9027986374053094,0.9476248354339694,0.9694646741516731,0.984495621450291,0.8361326006589457,0.9107540494176477,0.004538256227970123,0.961434326171875,0.867290299992078,0.9265414881709095,0.9553578241441986,0.977169306147155,0.7792227758399575,0.8759136701946639,kvasir_seg,segmentation
115,0.0025225958647206426,0.9730331420898437,0.9008893681149468,0.946514567806828,0.9688443259934199,0.984175653912678,0.8329344102364739,0.9088534817009779,0.004548255763947964,0.96117431640625,0.8666000845146985,0.9261217423739676,0.9550534805076366,0.9770100818517289,0.7781466885217604,0.8752334028962062,kvasir_seg,segmentation
116,0.002516497951000929,0.973326416015625,0.9021756617159967,0.9472670424188464,0.9691572516486893,0.9843370821068316,0.8351940717833042,0.9101970027308612,0.004521574266254902,0.96118408203125,0.8670235381474498,0.9263907070223092,0.9550307238669002,0.9769981742055931,0.7790163524279993,0.8757832398390254,kvasir_seg,segmentation
117,0.002495700800791383,0.97356689453125,0.9028419322821237,0.9476513922640604,0.969442121863158,0.9844839928030314,0.8362417427010893,0.9108187917250894,0.004587981216609478,0.96121337890625,0.8666145469211588,0.9261279751052871,0.9551068215758313,0.9770379920274718,0.7781222722664864,0.8752179581831024,kvasir_seg,segmentation
118,0.0024026412703096866,0.974610595703125,0.9065886323690611,0.9498215783766146,0.9706184201696948,0.9850901729479546,0.8425588445684272,0.9145529838052747,0.004556743986904621,0.96136962890625,0.8673125826618542,0.926560579816176,0.9552654866004321,0.977121002899025,0.7793596787232763,0.8760001567333271,kvasir_seg,segmentation
119,0.0024905937211588025,0.9734661865234375,0.9026075513467251,0.947517095727863,0.9693195832634607,0.9844208035113848,0.8358955194299894,0.9106133879443412,0.004543131440877915,0.961263427734375,0.8673762370971136,0.9266091379530295,0.9551113481305771,0.977040360431469,0.7796411260636503,0.8761779154745898,kvasir_seg,segmentation
120,0.002489148797467351,0.9729757690429688,0.9008660719562678,0.9465037811721165,0.9687666323951541,0.9841355663536171,0.8329655115173814,0.908871995990616,0.004565915130078793,0.9612353515625,0.8668615176830406,0.9262836353624672,0.9551163997007918,0.9770430035234337,0.7786066356652895,0.8755242672015007,kvasir_seg,segmentation
121,0.0024574665445834397,0.9739990234375,0.9046033837637547,0.9486764066365772,0.9699135756867449,0.9847270333660367,0.8392931918407646,0.9126257799071175,0.0045884037017822265,0.96137939453125,0.8667905398343689,0.9262274418783494,0.9553235925828867,0.9771513996012815,0.7782574870858513,0.8753034841554173,kvasir_seg,segmentation
122,0.0024349984992295503,0.9737762451171875,0.903665668064376,0.9481307324377743,0.9696726174404872,0.9846028307999113,0.8376587186882648,0.9116586340756374,0.004574439637362957,0.961431884765625,0.8671448902629364,0.9264491171416628,0.9553667918759007,0.9771739970682023,0.7789229886499721,0.8757242372151233,kvasir_seg,segmentation
123,0.002500229198485613,0.9732672119140625,0.9018976303835705,0.9471043112288966,0.9690954024833268,0.984305180197111,0.8346998582838142,0.9099034422606822,0.004545327536761761,0.961219482421875,0.8671402151254015,0.9264622865648242,0.9550702111920762,0.9770188361774853,0.7792102190587268,0.8759057369521631,kvasir_seg,segmentation
124,0.00254953202791512,0.9723025512695312,0.8983880418276872,0.9450555080775597,0.9680149565909626,0.9837475608089674,0.8287611270644117,0.9063634553461519,0.004583787135779858,0.96129638671875,0.8669897017717475,0.9263606178743474,0.9551907424914949,0.9770818997171578,0.7787886610520001,0.8756393360315371,kvasir_seg,segmentation
125,0.0025584165938198566,0.9725546264648437,0.899776869178117,0.9458748905926099,0.9682626787127433,0.9838754645756871,0.8312910596434905,0.9078743166095327,0.004559831768274307,0.961341552734375,0.8676146018913757,0.9267548265939423,0.9552001697551343,0.9770868318559546,0.780029034027617,0.87642282133193,kvasir_seg,segmentation
126,0.002495501274242997,0.9729464721679687,0.9008114494478967,0.9464727152594068,0.9687300371751328,0.9841166832250219,0.8328928617206607,0.9088287472937918,0.0045455250144004825,0.961646728515625,0.8683150483426099,0.927176926086956,0.9555671520210439,0.9772787920204963,0.7810629446641759,0.8770750601534157,kvasir_seg,segmentation
127,0.0024722656048834324,0.9733056640625,0.9023122550787492,0.9473496514016136,0.9691185338222886,0.984317111617569,0.8355059763352097,0.9103821911856583,0.004576780125498772,0.961507568359375,0.8676385669966791,0.9267575011822491,0.9554304516882725,0.9772072955735924,0.7798466823050856,0.8763077067909056,kvasir_seg,segmentation
128,0.002512328592129052,0.9730841064453125,0.9015098189319477,0.9468826685880376,0.9688698841064812,0.9841888404384599,0.8341497537574142,0.9095764967376152,0.004593585357069969,0.961282958984375,0.8667844913254414,0.9262309431135642,0.9551895089451506,0.9770812543490861,0.7783794737057322,0.8753806318780425,kvasir_seg,segmentation
129,0.0025544274318963288,0.97265380859375,0.8999660675347205,0.9459827592033714,0.9683862739528987,0.9839392671725887,0.8315458611165423,0.9080262512341541,0.004605611190199852,0.961304931640625,0.8664863078037177,0.9260392443102716,0.9552454799331125,0.9771105364895571,0.7777271356743231,0.8749679521309861,kvasir_seg,segmentation
130,0.0023933627735823393,0.9747430419921875,0.9069919181675654,0.950053352735392,0.9707731061158174,0.9851698332022677,0.8432107302193134,0.9149368722685164,0.004550961479544639,0.961279296875,0.8674000921016649,0.9266231102470562,0.9551315147355978,0.9770509119584879,0.779668669467732,0.8761953085356246,kvasir_seg,segmentation
131,0.0025396351469680668,0.9728921508789062,0.9004994931426001,0.9462890309587921,0.9686774586098299,0.9840895514635047,0.8323215276753704,0.9084885104540795,0.0045444174110889435,0.96134521484375,0.8675192992282283,0.9266939408525715,0.9552135369226024,0.9770938251850031,0.7798250615338544,0.8762940565201399,kvasir_seg,segmentation
132,0.0024322306923568247,0.9738192749023438,0.9038901549794132,0.9482619918685914,0.9697160106000151,0.9846252001623526,0.8380642993588113,0.9118987835748302,0.004548447169363499,0.96127685546875,0.8671284995395709,0.9264504687101065,0.9551515237198482,0.9770613808003876,0.7791054753592936,0.8758395566198254,kvasir_seg,segmentation
133,0.0025863934634253382,0.9723294067382813,0.8985615381598213,0.9451582429173638,0.9680395153705793,0.9837602424240947,0.8290835609490632,0.906556243410633,0.004543896242976189,0.9612744140625,0.8672476008954176,0.9265264567213329,0.955137850282127,0.9770542267843676,0.7793573515087082,0.8759986866582983,kvasir_seg,segmentation
134,0.002531058434396982,0.9728936767578125,0.9007394106414592,0.9464325189862824,0.9686621597925381,0.9840816566460727,0.8328166614903804,0.9087833813264922,0.004543539322912693,0.96133056640625,0.8674863554657868,0.9266740969083854,0.9551958678023579,0.9770845811739558,0.7797768431292156,0.876263612642815,kvasir_seg,segmentation
135,0.0025118543114513157,0.9731951904296875,0.9017124149438989,0.946997631580063,0.9690090802117374,0.9842606516649838,0.8344157496760604,0.9097346114951421,0.004506648257374763,0.9614404296875,0.8682854956058299,0.9271736795746417,0.9552805301552107,0.9771288727345742,0.781290461056449,0.8772184864147093,kvasir_seg,segmentation
136,0.002447838019579649,0.9738003540039063,0.9038412430269389,0.9482339036107919,0.9696933218767904,0.9846135041498073,0.8379891641770874,0.9118543030717764,0.004580951184034347,0.961451416015625,0.8672227873000129,0.9264972201570834,0.9553874408418513,0.9771847981498022,0.7790581337581743,0.8758096421643644,kvasir_seg,segmentation
137,0.0024233816005289556,0.97392822265625,0.9042582287922032,0.9484750653205469,0.9698404046508526,0.9846893203744124,0.8386760529335536,0.9122608102666814,0.004547969587147236,0.961182861328125,0.8667877208890313,0.926240632737424,0.9550493342001986,0.9770079122744029,0.7785261075778641,0.8754733532004451,kvasir_seg,segmentation
138,0.002447792310267687,0.9737896728515625,0.9033928388250638,0.9479676295451357,0.9697108412659556,0.9846225353998778,0.837074836384172,0.9113127236903936,0.004558430574834346,0.961329345703125,0.8672335561717257,0.926513347156835,0.9552159259907156,0.9770950750687079,0.7792511863527359,0.8759316192449621,kvasir_seg,segmentation
139,0.002537836614064872,0.9727435302734375,0.9001191342894129,0.9460694859247187,0.9684993658536931,0.9839976406938564,0.8317389027251327,0.908141331155581,0.004550748020410538,0.961234130859375,0.867020643032153,0.9263850561617846,0.9551010251674391,0.9770349591890192,0.7789402608968669,0.8757351531345499,kvasir_seg,segmentation
140,0.0026172012556344272,0.9718399047851562,0.8967297061193766,0.9440836605012424,0.9674958698354991,0.983479441729543,0.8259635424032542,0.9046878792729418,0.00451536238193512,0.96125732421875,0.8677005068829221,0.9268158163867528,0.9550745972877509,0.97702113117598,0.7803264164780933,0.8766105015975256,kvasir_seg,segmentation
141,0.0024996495991945265,0.9733453369140626,0.9022385727860593,0.9473035545310817,0.969178901546208,0.9843482486890394,0.8352982440259106,0.9102588603731241,0.004536637961864471,0.96146240234375,0.8677434921494906,0.9268276378286378,0.9553582791513187,0.977169544157372,0.7801287051476626,0.8764857314999036,kvasir_seg,segmentation
142,0.0025318874511867763,0.9729742431640624,0.9008782862037976,0.9465111707829921,0.9687636349142349,0.984134019680262,0.8329929374933603,0.9088883218857221,0.004552664682269097,0.961492919921875,0.8676578332311156,0.9267708622397921,0.9554083223661005,0.9771957206462423,0.7799073440961306,0.8763460038333419,kvasir_seg,segmentation
143,0.0024404658423736693,0.97379150390625,0.9039075089538522,0.9482737852722514,0.9696762334124629,0.9846046948868338,0.8381387844952414,0.911942875657669,0.004535962790250778,0.96158203125,0.8679419602672287,0.9269447633048639,0.9555086213354262,0.9772481807652731,0.7803752991990311,0.8766413458444546,kvasir_seg,segmentation
144,0.00243437172845006,0.9741036987304688,0.9047697011587621,0.9487696776656889,0.9700467035206791,0.984795641430332,0.8394926987968451,0.9127437139010458,0.004554886184632778,0.961212158203125,0.8670380165224103,0.9263977885180636,0.9550687790584516,0.9770180868198474,0.779007253986369,0.8757774902162798,kvasir_seg,segmentation
145,0.002493511429056525,0.9733627319335938,0.9024449587878753,0.9474257186799431,0.9691880013766834,0.9843529421254977,0.8357019161990672,0.9104984952343885,0.004567149318754673,0.961405029296875,0.8673336835100043,0.9265713203467905,0.9553131766553565,0.9771459509002635,0.7793541903646519,0.8759966897933176,kvasir_seg,segmentation
146,0.002512977635487914,0.9730615234375,0.9012377076987956,0.9467213001892201,0.9688584061523638,0.9841829185124112,0.8336170092452273,0.9092596818660288,0.004586389325559139,0.96159423828125,0.867408038012284,0.9266042785424291,0.9555710577820613,0.9772808346487147,0.7792450182425068,0.8759277224361436,kvasir_seg,segmentation
147,0.00244718826841563,0.9738925170898437,0.9040754424356701,0.9483682946958449,0.9698041322407053,0.9846706242183857,0.8383467526306349,0.9120659651733043,0.004548347778618336,0.96134765625,0.8674181590742631,0.9266294205022831,0.9552256745347502,0.9771001751621823,0.779610643613776,0.8761586658423839,kvasir_seg,segmentation
148,0.0025376325100660325,0.9727822875976563,0.9001009916404785,0.9460564735811596,0.9685543062022637,0.9840259962863808,0.8316476770786932,0.9080869508759386,0.004579284973442554,0.961275634765625,0.866703742348956,0.9261800571079195,0.9551861604442317,0.9770795024727537,0.7782213242536803,0.8752806117430854,kvasir_seg,segmentation
149,0.002449543224647641,0.9737869262695312,0.9034802198318956,0.9480197959273202,0.9697007750914949,0.9846173463037311,0.8372596645722963,0.9114222455509092,0.004592631496489048,0.961397705078125,0.8668755734091553,0.92628021596342,0.9553419364677219,0.9771609953740615,0.7784092103505886,0.8753994365527786,kvasir_seg,segmentation
150,0.0024940386321395634,0.9734542846679688,0.9024610661213377,0.9474303895259576,0.9693136935327169,0.9844177661649042,0.8356084387099585,0.910443012887011,0.0045813309773802754,0.96158935546875,0.8674663129327338,0.9266417302955483,0.9555593217943837,0.9772746969573707,0.779373304071084,0.8760087636337258,kvasir_seg,segmentation
151,0.0024774058256298304,0.9733004760742188,0.9022527457526377,0.9473144334184026,0.9691156831922312,0.9843156412437382,0.8353898083130441,0.910313225593067,0.004587964043021202,0.961251220703125,0.8666069434117574,0.9261202396605136,0.9551603142717764,0.9770659800115038,0.7780535725517385,0.8751744993095234,kvasir_seg,segmentation
152,0.002483659703284502,0.9731640625,0.9014943467102791,0.9468690690507242,0.9689817808173898,0.9842465687164798,0.8340069126031683,0.9094915693849687,0.004558926075696945,0.9614208984375,0.8672880892888346,0.9265411007623868,0.9553392515465423,0.9771595908903614,0.779236927031127,0.8759226106344122,kvasir_seg,segmentation
153,0.0025361015321686865,0.9723049926757813,0.8988002090786573,0.9453029599588822,0.9679883538857841,0.9837338233983911,0.8296120642715307,0.9068720965193733,0.004576670080423355,0.96130615234375,0.8670274482787772,0.9263839090025249,0.9552011622991938,0.9770873511305991,0.7788537342583606,0.8756804668744507,kvasir_seg,segmentation
154,0.0024657878512516617,0.9735968017578125,0.9031849203174953,0.9478541224410517,0.9694587234919465,0.984492553134649,0.8369111171430441,0.9112156917474544,0.004563658647239208,0.961370849609375,0.8674301948073777,0.9266353187823846,0.9552570967234317,0.9771166137938857,0.7796032928913237,0.8761540237708835,kvasir_seg,segmentation
155,0.00248012344352901,0.9730035400390625,0.9010996492159988,0.9466419406057274,0.9687881274781416,0.984146657486279,0.8334111709538561,0.9091372237251757,0.004565763436257839,0.961461181640625,0.86731691440041,0.9265563869710134,0.9553930710974122,0.9771877431898881,0.779240757703408,0.8759250307521386,kvasir_seg,segmentation
156,0.0024733643373474478,0.9735574340820312,0.9027813104378184,0.9476157701135592,0.9694333958326744,0.9844794933243214,0.8361292250429623,0.9107520469027971,0.004611783139407635,0.961463623046875,0.8667774582387238,0.926212682100553,0.9554421067784687,0.9772133917608337,0.7781128096989787,0.8752119724402722,kvasir_seg,segmentation
157,0.0024077077303081753,0.9741275024414062,0.9049611915287131,0.9488821134669522,0.9700658678722975,0.9848055171068815,0.8398565151851287,0.9129587098270229,0.004609561562538147,0.96156005859375,0.8669932780727081,0.9263428205863513,0.9555583154215107,0.9772741706406695,0.7784282407239054,0.8754114705320332,kvasir_seg,segmentation
158,0.0025098887644708157,0.9732052612304688,0.9016706423513128,0.9469721366764869,0.9690260569737331,0.9842694092764462,0.8343152277288926,0.9096748640765276,0.004565481878817081,0.961312255859375,0.8670290301726841,0.9263844517826041,0.955209558158331,0.977091743616547,0.7788485021870372,0.8756771599486611,kvasir_seg,segmentation
159,0.002469877852126956,0.9736117553710938,0.9031606910713779,0.9478388933024959,0.9694812134525286,0.9845041494485893,0.8368401686902273,0.9111736371564026,0.004564326703548432,0.961478271484375,0.8674566435067546,0.9266440007843157,0.9554050387486002,0.9771940031002789,0.779508248264909,0.8760939984683527,kvasir_seg,segmentation
160,0.0024582112301141023,0.9735098266601563,0.9028328525698135,0.9476490441176064,0.969363719144156,0.9844435638993301,0.8363019859954709,0.9108545243358829,0.004604616686701774,0.96145751953125,0.8669417931347536,0.9263178379436021,0.9554197593789553,0.9772017029043404,0.778463826890552,0.8754339729828639,kvasir_seg,segmentation
161,0.0024429957894608377,0.9738278198242187,0.903738246820041,0.948171174941033,0.9697388310912606,0.9846369638293752,0.8377376625488214,0.9117053860526908,0.00457949798554182,0.961259765625,0.8669661772048669,0.926348426082898,0.9551415607727599,0.9770561681428788,0.778790793636974,0.8756406840229174,kvasir_seg,segmentation
162,0.0024755947198718785,0.9735000610351563,0.9026215697644386,0.9475236307798985,0.9693654861374381,0.9844444750970802,0.8358776533914393,0.9106027864627169,0.004537606239318847,0.96148193359375,0.8681981104963481,0.9271150599401441,0.9553463649754746,0.9771633119203997,0.7810498560172217,0.8770668079598883,kvasir_seg,segmentation
163,0.0024520302936434746,0.9736300659179687,0.903040505284961,0.9477663245038042,0.9695152691778564,0.9845217088188055,0.8365657413920659,0.9110109401888029,0.004536396414041519,0.961240234375,0.8674373922331883,0.9266497985776346,0.9550735403356247,0.9770205781330034,0.7798012441307518,0.8762790190222659,kvasir_seg,segmentation
164,0.0025254064053297043,0.9730355834960938,0.9014756001094814,0.9468648702530946,0.9688050876689072,0.9841554085132785,0.8341461125500556,0.9095743319929108,0.004552492462098598,0.961307373046875,0.8672508399364177,0.9265260153018455,0.9551837005929948,0.9770782155183615,0.7793179792798406,0.8759738150853295,kvasir_seg,segmentation
165,0.002464145254343748,0.97368408203125,0.9034214342891753,0.9479902840531154,0.9695625624317982,0.984546092544214,0.8372803061465524,0.9114344755620168,0.004567103125154972,0.961396484375,0.8672727669706826,0.9265332031582901,0.955306441446272,0.9771424275978605,0.779239092495093,0.8759239787187197,kvasir_seg,segmentation
166,0.002528624664992094,0.9733291625976562,0.9020335147821965,0.9471820659444201,0.9691713497265663,0.9843443536400658,0.8348956798378268,0.9100197782487746,0.004617966711521149,0.961220703125,0.8662600258503519,0.9259014103468034,0.9551471750964382,0.9770591055881257,0.7773728766042655,0.8747437151054811,kvasir_seg,segmentation
167,0.002548172264359891,0.9726217651367187,0.8997633891082296,0.9458630826626835,0.9683566761617812,0.9839239888677483,0.831170102054678,0.9078021764576185,0.00453312236815691,0.96144287109375,0.8679151024146414,0.9269381988751874,0.9553161299630692,0.9771474958180933,0.7805140748662137,0.8767289019322814,kvasir_seg,segmentation
168,0.0025801977375522257,0.971640625,0.8963280471095619,0.9438529026649609,0.9672497555044196,0.9833522691239666,0.8254063387147043,0.9043535362059553,0.004570227935910225,0.961463623046875,0.867209642659933,0.9264879255328192,0.9554056001151333,0.9771942967319717,0.7790136852047328,0.8757815543336668,kvasir_seg,segmentation
169,0.002443387075327337,0.9735302734375,0.9031331912489267,0.9478268727591959,0.9693701990851964,0.9844469054477256,0.8368961834126568,0.9112068400706661,0.004578682333230972,0.96156982421875,0.8675573217436544,0.9267011106834777,0.955524349860287,0.977256406884992,0.7795902936270218,0.8761458144819635,kvasir_seg,segmentation
170,0.002483363896608353,0.9736563110351563,0.9034003037888015,0.9479791861338487,0.9695255908006291,0.9845270305997991,0.837275016776974,0.9114313416678984,0.0045923726260662075,0.96135009765625,0.8665782097345641,0.9260943730530197,0.9553006848472463,0.9771394162037816,0.777855734621882,0.8750493299022577,kvasir_seg,segmentation
171,0.002521222149953246,0.972979736328125,0.9009915099185644,0.9465785845769855,0.9687630205530797,0.9841337026748173,0.8332199992840491,0.9090234664791538,0.004571332186460495,0.96140380859375,0.867264501821301,0.9265273868301005,0.9553173839371302,0.9771481517885864,0.7792116197054717,0.8759066218716145,kvasir_seg,segmentation
172,0.0025395804923027754,0.972734375,0.9001345256125801,0.9460792113607995,0.9684855727597956,0.9839905216089436,0.8317834784653647,0.9081679011126554,0.004587488956749439,0.96124755859375,0.8666613763857329,0.9261552057188017,0.9551505647501246,0.977060879065543,0.7781721880213414,0.8752495323720605,kvasir_seg,segmentation
173,0.0024772747606039047,0.973033447265625,0.9012059526107321,0.9467038535710465,0.9688218245816235,0.9841640441866791,0.8335900806398406,0.9092436629554138,0.0045847100019454955,0.96119384765625,0.8666236521290676,0.9261352685892346,0.9550787570139518,0.9770233077184791,0.7781685472441834,0.8752472294599899,kvasir_seg,segmentation
174,0.0025017967633903025,0.9734136962890625,0.9022967300979613,0.947334557499939,0.9692693652065998,0.9843949053713249,0.8353240949893228,0.9102742096285532,0.004559059105813504,0.9613720703125,0.8672567014848753,0.9265248326805606,0.9552736878852873,0.9771252933071043,0.7792397150844634,0.8759243720540171,kvasir_seg,segmentation
175,0.0024908458162099124,0.9733578491210938,0.9021073887911109,0.9472246020380354,0.9692057249181749,0.9843620833048794,0.8350090526640469,0.9100871207711914,0.004537569619715214,0.961512451171875,0.8680172265995165,0.9269978462611126,0.9554047784735369,0.9771938669592105,0.7806296747254962,0.8768018255630148,kvasir_seg,segmentation
176,0.0024905773485079407,0.9737393188476563,0.9031690902739595,0.9478370744217572,0.9696572097933269,0.9845948878536805,0.8366809707545922,0.9110792609898338,0.00459292370826006,0.961500244140625,0.8671313740409679,0.9264353139675632,0.9554633288050187,0.9772244917411991,0.7787994192769171,0.8756461361939274,kvasir_seg,segmentation
177,0.0024885021196678282,0.9735232543945312,0.9025949478829225,0.9475065100612217,0.9693995095964127,0.9844620198926229,0.8357903861694324,0.9105510002298204,0.00463606595993042,0.96160400390625,0.8669532851970412,0.9263139985665323,0.9556228378582939,0.9773079137333528,0.7782837325357885,0.8753200833997117,kvasir_seg,segmentation
178,0.0025285076443105937,0.9727413940429688,0.9000759968547831,0.9460437644383345,0.9684995411818053,0.9839977311860164,0.8316524525277611,0.9080897976906526,0.004593439251184463,0.96127685546875,0.8666543478022803,0.9261484904088484,0.9551920672922777,0.9770825928269155,0.7781166283122831,0.8752143879907812,kvasir_seg,segmentation
179,0.0025901951221749186,0.9722164916992188,0.8984025355107976,0.9450690708576852,0.9678948921912529,0.9836855576300634,0.8289101788303423,0.9064525840853069,0.004508730284869671,0.961217041015625,0.8678613521235354,0.9269210892432523,0.9550039372084688,0.9769841574560814,0.780718767038602,0.8768580210304233,kvasir_seg,segmentation
180,0.002530824141576886,0.9726144409179688,0.8996943685193406,0.9458221178606216,0.9683515598328237,0.9839213477851162,0.8310371772058573,0.907722887936127,0.004544949829578399,0.961390380859375,0.8678178315263061,0.9268803395152623,0.9552509942571535,0.9771134213079138,0.7803846687954586,0.8766472577226108,kvasir_seg,segmentation
181,0.002517258217558265,0.9731082153320313,0.9016468728243618,0.9469632185515127,0.9688932991338962,0.9842009209540267,0.8344004465148276,0.9097255161489987,0.004579748176038265,0.961578369140625,0.8677461319284099,0.9268205467728934,0.9555202261083263,0.9772542501489783,0.7799720377484936,0.8763868433968085,kvasir_seg,segmentation
182,0.0025115936854854227,0.9733645629882812,0.901939493353468,0.9471240233952456,0.9692270969656903,0.9843731060365123,0.8346518897412457,0.9098749407539789,0.004551211819052697,0.961356201171875,0.8671123708275734,0.9264341690490264,0.9552638495952797,0.9771201465142517,0.7789608920598671,0.8757481915838011,kvasir_seg,segmentation
183,0.0024224980222061275,0.9741299438476563,0.904837500842212,0.9488085572283972,0.9700781904101335,0.9848118669931384,0.8395968112742906,0.912805247463656,0.004545834809541702,0.96138671875,0.8675944572793853,0.9267385974348008,0.9552651675857792,0.9771208360094421,0.7799237469729915,0.8763563588601596,kvasir_seg,segmentation
184,0.0024874249333515764,0.9734744262695313,0.9027665187986876,0.9476114123531918,0.9693194645739878,0.9844207423031545,0.8362135730233875,0.910802082403229,0.004599337242543697,0.961429443359375,0.867048170129502,0.9263877216687977,0.9553715949953594,0.9771765095090551,0.7787247452636445,0.8755989338285403,kvasir_seg,segmentation
185,0.002544388482347131,0.9725637817382813,0.8996114103889628,0.9457752023974001,0.9682874675124599,0.9838882617448057,0.8309353532654657,0.9076621430499945,0.004576650373637676,0.961280517578125,0.8671520289004673,0.9264651673826622,0.9551546238707423,0.9770630028020627,0.7791494339301923,0.8758673319632616,kvasir_seg,segmentation
186,0.00246235070284456,0.973089599609375,0.9013942117650756,0.9468132986825508,0.968885923403164,0.984197115624121,0.8339025001269872,0.9094294817409805,0.0045735595002770425,0.9614501953125,0.8674036286789533,0.9266123997907388,0.9553703287585864,0.9771758471604979,0.7794369285993201,0.8760489524209798,kvasir_seg,segmentation
187,0.0025089764036238193,0.9732672119140625,0.901817323422968,0.9470563643558725,0.9691012127697808,0.9843081772385097,0.8345334340761552,0.9098045514732352,0.00454600065946579,0.961312255859375,0.8673300242996176,0.9265760321225844,0.9551837166418324,0.9770782239148643,0.7794763319574027,0.8760738403303044,kvasir_seg,segmentation
188,0.0024776815250515936,0.973609619140625,0.9031163255833168,0.9478125836116207,0.969481467992316,0.9845042806933368,0.8367511831743175,0.9111208865299044,0.00459241583943367,0.9613134765625,0.8667237024332155,0.9261898869482763,0.9552372881354583,0.9771062509209673,0.7782101167309728,0.8752735229755855,kvasir_seg,segmentation
189,0.0026105992775410413,0.9723788452148437,0.8987133019468969,0.9452466231795453,0.9680968659080361,0.9837898557512085,0.8293297379857576,0.9067033906078822,0.004562045373022556,0.9613916015625,0.8673425004794606,0.9265779497961841,0.9552936486956941,0.9771357354256596,0.779391352263227,0.8760201641667087,kvasir_seg,segmentation
190,0.0024434240581467748,0.9736651611328125,0.9034315646451058,0.9479973229107099,0.9695355919984604,0.9845321871179654,0.8373275372917511,0.9114624587034544,0.0045553636550903324,0.961444091796875,0.8675318126215334,0.926694409608402,0.9553508320562287,0.9771656486335916,0.7797127931868381,0.8762231705832123,kvasir_seg,segmentation
191,0.002568321134895086,0.9724151611328125,0.8988563485530217,0.9453304848259999,0.9681367114505509,0.9838104292430148,0.8295759856554924,0.906850540408985,0.004565893225371837,0.96146240234375,0.8673425494063699,0.9265726079540026,0.9553925932204435,0.9771874932255471,0.7792925055922963,0.8759577226824581,kvasir_seg,segmentation
192,0.0025783720798790454,0.9723089599609375,0.8985433919299561,0.9451484923646221,0.9680125611807281,0.9837463238547215,0.8290742226791842,0.9065506608745227,0.004536246545612812,0.961439208984375,0.8678294936019368,0.9268840634787452,0.9553183965598807,0.977148681504388,0.7803405906439929,0.8766194454531023,kvasir_seg,segmentation
193,0.0024657385144382714,0.9735357666015625,0.9028500855873374,0.9476579216501841,0.9693984173055035,0.9844614566430062,0.8363017538691713,0.9108543866573622,0.004544135294854641,0.96135009765625,0.8675417763927378,0.92670786677358,0.9552184342432938,0.9770963873026098,0.7798651185421819,0.8763193462445502,kvasir_seg,segmentation
194,0.002491242541000247,0.9729745483398438,0.9010626891265674,0.9466214298503359,0.9687506506090418,0.9841273198404831,0.8333747276440929,0.9091155398601887,0.004541525170207023,0.961241455078125,0.8675665048647017,0.9267318190205199,0.9550640193719697,0.977015596326884,0.7800689903574337,0.8764480417141559,kvasir_seg,segmentation
195,0.0024403552478179337,0.9741729736328125,0.9050993044625824,0.9489617022317374,0.9701189416533419,0.984832865815918,0.8400796672718229,0.9130905386475568,0.00456900741904974,0.961279296875,0.8670718852794047,0.9264142434637077,0.9551598032797586,0.9770657126619408,0.7789839672790508,0.8757627742654746,kvasir_seg,segmentation
196,0.0025200545229017734,0.9733514404296875,0.9021241212132998,0.9472349341446945,0.9691956444513401,0.9843568841747857,0.8350525979752594,0.9101129841146033,0.00459021408110857,0.961375732421875,0.8671101902072855,0.9264312956178253,0.9552913248975993,0.9771345197858217,0.7789290555169718,0.875728071449829,kvasir_seg,segmentation
197,0.0024844906991347672,0.9734149169921875,0.9023913658449971,0.9473909423165009,0.9692642168080084,0.984392250196974,0.8355185148819859,0.9103896344360278,0.004561336264014244,0.96151123046875,0.8676024027791447,0.9267342235906408,0.9554386599656066,0.9772115889152069,0.7797661455926828,0.8762568582660747,kvasir_seg,segmentation
198,0.0024863884970545767,0.9732162475585937,0.901776455958375,0.9470347297220549,0.9690336006514368,0.984273300700243,0.8345193112653132,0.909796158743867,0.0046393140405416484,0.961356201171875,0.8662367292673627,0.9258761672827216,0.9553378827358837,0.9771588748632919,0.7771355757988418,0.8745934597021512,kvasir_seg,segmentation
199,0.0024990152195096017,0.973135986328125,0.9013790762929148,0.946801723690397,0.968951256633201,0.9842308217320268,0.8338068959526286,0.909372625648767,0.0045802067592740055,0.96134765625,0.8668866629058902,0.9262910935158204,0.955271150287331,0.9771239657956924,0.7785021755244494,0.8754582212359484,kvasir_seg,segmentation
200,0.002478690566495061,0.9736532592773437,0.9031736382230615,0.9478443851116969,0.9695377828806747,0.98453331670806,0.8368094935654484,0.9111554535153339,0.004540353752672672,0.96130859375,0.8676723335710514,0.9267940281376856,0.9551489680836917,0.9770600436854343,0.7801956990584114,0.876528012589937,kvasir_seg,segmentation
201,0.0025277900556102393,0.9729541015625,0.9007512080340663,0.9464362569313786,0.9687449634298378,0.9841243852552078,0.8327574526382948,0.9087481286075493,0.004537640325725079,0.9612109375,0.867720223394977,0.9268318565309932,0.9550077521573717,0.9769861537413451,0.7804326946325824,0.8766775593206412,kvasir_seg,segmentation
202,0.0024735822807997465,0.9734384155273438,0.9025476801680881,0.9474828938607094,0.9692854455845611,0.9844031983863459,0.8358099147516151,0.910562589335073,0.004546030722558499,0.9614990234375,0.867775732825371,0.9268453670220005,0.9554067543071992,0.9771949004499577,0.7801447113435429,0.8764958335940431,kvasir_seg,segmentation
203,0.0024368709232658148,0.9738729858398437,0.9039235415942621,0.9482790008583484,0.9697880366793423,0.9846623277438579,0.838059046509182,0.9118956739728388,0.004552950710058212,0.96148681640625,0.8678449847123677,0.9268903138685796,0.9553837212096378,0.9771828524977381,0.7803062482150978,0.8765977752394212,kvasir_seg,segmentation
204,0.0025407360307872296,0.97272216796875,0.9001798208774868,0.946107014785492,0.9684653679645702,0.9839800930467794,0.8318942737904035,0.9082339365242045,0.00460148248821497,0.961492919921875,0.8671702634251308,0.9264606302830991,0.9554498233244141,0.9772174278551177,0.7788907035258477,0.8757038327110805,kvasir_seg,segmentation
205,0.002494239821098745,0.9731005859375,0.901443624111198,0.9468422237919087,0.9688975504138876,0.984203114286178,0.8339896978085084,0.9094813332976394,0.004580295905470848,0.96130615234375,0.8666718471083681,0.926157404637135,0.9552314693194818,0.9771032067645168,0.7781122248972545,0.8752116025097533,kvasir_seg,segmentation
206,0.0025223607802763582,0.973194580078125,0.9016695000811927,0.9469720353267099,0.9690113485580847,0.984261821820068,0.8343276516043008,0.9096822488333519,0.004546806551516056,0.961444091796875,0.8679360617263363,0.9269514266614061,0.9553160275190237,0.9771474422282147,0.7805560959336488,0.8767554110945974,kvasir_seg,segmentation
207,0.0024711462296545506,0.9733245849609375,0.902136127021272,0.9472435513636257,0.9691575831908662,0.9843372531114774,0.8351146708516777,0.9101498496157742,0.004570557661354542,0.961505126953125,0.8673464004448548,0.9265718160255916,0.9554519294744845,0.9772185294590764,0.7792408714152251,0.8759251025921067,kvasir_seg,segmentation
208,0.002508836258202791,0.9727914428710938,0.9002414369358668,0.9461400857485756,0.9685568017424487,0.9840272842370007,0.8319260721292848,0.9082528872601505,0.004552369341254235,0.961436767578125,0.8677141782359286,0.9268109385685223,0.9553249199577791,0.9771520939633985,0.780103436514078,0.876469783173646,kvasir_seg,segmentation
209,0.0026261743064969778,0.9715884399414062,0.8960792474695586,0.9437057874455629,0.9671957683143317,0.9833243685178432,0.8249627266247854,0.9040872063732825,0.00459780927747488,0.961331787109375,0.8665087407959899,0.9260514912961084,0.9552810235515489,0.9771291308462535,0.777736458040431,0.8749738517459633,kvasir_seg,segmentation
210,0.0024585629208013415,0.9735397338867188,0.9030360853442172,0.9477685284513381,0.969390410042439,0.9844573276068196,0.8366817606459953,0.9110797292958566,0.00455470260232687,0.961329345703125,0.867347733837515,0.9265860034697002,0.9552061107127013,0.9770899400109943,0.7794893569623286,0.8760820669284062,kvasir_seg,segmentation
211,0.0024419352086260913,0.9732272338867187,0.9017020119360426,0.9469896769746999,0.9690542077832405,0.9842839307854312,0.8343498160888448,0.9096954231639686,0.004524012543261052,0.96140625,0.8676014696911081,0.9267415783778987,0.9552919050008194,0.9771348232533281,0.7799110343813966,0.8763483335024693,kvasir_seg,segmentation
212,0.0025178506365045907,0.9733013916015625,0.9019326052278573,0.947123336831539,0.9691401964760941,0.9843282852185277,0.8347250139796207,0.9099183884445503,0.004589367136359215,0.961285400390625,0.8667906004958403,0.9262346486998088,0.9551923978953276,0.9770827657917934,0.7783888030963529,0.875386531607824,kvasir_seg,segmentation
213,0.0024976637866348027,0.9735195922851563,0.9027542754171778,0.9476016890144365,0.9693829448348571,0.9844534780574582,0.8361256059994984,0.9107498999714149,0.0045511402934789655,0.9614697265625,0.8679647520895286,0.9269677244574039,0.9553494635823192,0.9771649327911553,0.7805800405967379,0.8767705161236524,kvasir_seg,segmentation
214,0.002459285552613437,0.973922119140625,0.9041907569742822,0.9484352832756594,0.9698368261670802,0.9846874759207283,0.8385446877814843,0.9121830906305906,0.004534031562507153,0.96141845703125,0.8676606486984846,0.926778287266879,0.9553038970147038,0.9771410965561227,0.7800174003822655,0.8764154779776353,kvasir_seg,segmentation
215,0.0024990419391542674,0.9736325073242188,0.9030039152107887,0.9477443947859194,0.9695212851144607,0.9845248106146932,0.8364865453071166,0.9109639789571456,0.004531705044209957,0.96117431640625,0.867337389155088,0.9265911827262978,0.9549898109361266,0.9769767653968894,0.7796849673740495,0.8762056000557062,kvasir_seg,segmentation
216,0.0024634379660710692,0.9736297607421875,0.9031853071385045,0.9478525909718574,0.9695043835904231,0.9845160961998048,0.8368662306865859,0.9111890857439098,0.004543583802878857,0.96129150390625,0.867318239087147,0.9265701081620819,0.9551556823306947,0.9770635565880629,0.7794807958435993,0.8760766597361007,kvasir_seg,segmentation
217,0.002474710112437606,0.9734341430664063,0.9024193613005671,0.9474066027402961,0.969288817624207,0.9844049374063661,0.835549904976927,0.9104082680742259,0.004536748267710209,0.961412353515625,0.8675208105751576,0.9266898159604602,0.9553073810471746,0.9771429191205273,0.7797342401031406,0.876236712800393,kvasir_seg,segmentation
218,0.0025141312927007674,0.9729934692382812,0.9011201267167428,0.9466547341312997,0.9687726829873856,0.9841386883907641,0.8334675704461,0.9091707798718354,0.004541005603969097,0.961385498046875,0.867730295519825,0.926825062632204,0.9552517293572088,0.977113805874243,0.7802088616824412,0.876536319390165,kvasir_seg,segmentation
219,0.0024436353659257294,0.973673095703125,0.9033213813050744,0.9479313047873684,0.9695545838582627,0.984541978987911,0.8370881787518861,0.9113206305868259,0.004532875157892704,0.96139404296875,0.8678894274867821,0.9269255679512693,0.9552499204073783,0.9771128595247314,0.7805289345661859,0.8767382763778074,kvasir_seg,segmentation
220,0.002555738380178809,0.972471923828125,0.8990008755943335,0.9454140693020927,0.9682047214951941,0.9838455430181817,0.8297970296934728,0.9069825955860036,0.004562916606664658,0.96135009765625,0.8674249994799372,0.9266335870541969,0.9552285026250398,0.9771016547094874,0.7796214963348347,0.8761655193989064,kvasir_seg,segmentation
221,0.0025634582061320544,0.9728036499023438,0.9003583354337443,0.9462094080876997,0.9685652103365466,0.9840316238962289,0.832151460530942,0.9083871922791706,0.0046058505028486255,0.961158447265625,0.8662840136714267,0.9259214767329078,0.9550582904663301,0.9770125986765591,0.7775097368765235,0.8748303547892564,kvasir_seg,segmentation
222,0.0024753164686262606,0.9733938598632812,0.9023617910877252,0.9473744383201566,0.9692371911607084,0.9843783120807509,0.835486391014742,0.9103705645595622,0.0045628176257014276,0.96143310546875,0.8671097269993339,0.9264266375740207,0.9553714828944327,0.9771764508708566,0.778847971104235,0.8756768242771849,kvasir_seg,segmentation
223,0.002447101413272321,0.9741165161132812,0.9048070936234281,0.9487912077035793,0.970061771973139,0.9848034064450295,0.8395524152737173,0.912779008962129,0.004550964757800102,0.961607666015625,0.8679213475048222,0.9269297261475427,0.955546226920327,0.9772678485081479,0.7802964680893174,0.8765916037869373,kvasir_seg,segmentation
224,0.002544983862899244,0.9728024291992188,0.9003122219055117,0.9461818656119015,0.9685668706575464,0.9840324807803181,0.8320575731534772,0.908331250443485,0.004521486349403858,0.9614501953125,0.8681121844612223,0.9270628703481494,0.9553093181061006,0.9771439324305035,0.780915050816344,0.8769818082657953,kvasir_seg,segmentation
225,0.002502603679895401,0.97333740234375,0.9021968692153078,0.9472791020599627,0.9691709342687194,0.9843441393559217,0.8352228041618963,0.9102140647640036,0.004528878778219223,0.96146728515625,0.8681279683637716,0.927071609318482,0.9553319116598972,0.9771557513720607,0.780924025067646,0.8769874672649033,kvasir_seg,segmentation
226,0.002562138857319951,0.9722698974609375,0.8984752872011843,0.9451097748591825,0.9679634851564676,0.9837209810623162,0.8289870892459011,0.9064985686560487,0.004542742967605591,0.961209716796875,0.867080522794162,0.9264250334120951,0.9550616934769729,0.977014379304263,0.7790993521113512,0.8758356875199272,kvasir_seg,segmentation
227,0.0025349197862669826,0.9725814819335937,0.8994677670189075,0.945688083639211,0.9683224080399288,0.9839062991760501,0.8306131259978864,0.907469868102372,0.004537887163460255,0.96156494140625,0.8679035024130634,0.9269216095072581,0.9554880117619097,0.9772374016253955,0.780318993064217,0.8766058173891206,kvasir_seg,segmentation
228,0.002534113759174943,0.9722549438476562,0.8985179538108258,0.9451362513443347,0.9679396871866668,0.9837086913678915,0.8290962204349848,0.9065638113207779,0.004540714062750339,0.961212158203125,0.8673486903190286,0.9265955018651453,0.9550418878019614,0.9770040158839848,0.7796554928360958,0.8761869878463058,kvasir_seg,segmentation
229,0.0024974656058475374,0.9732644653320313,0.9021552009238925,0.947258184208814,0.9690728600728999,0.9842935522833041,0.8352375417748849,0.910222816134324,0.004575394727289676,0.96140625,0.8669472494876904,0.9263252183336745,0.955347786173158,0.9771640553447367,0.7785467128022229,0.8754863813226124,kvasir_seg,segmentation
230,0.002496072370558977,0.9734866333007812,0.9028155137278966,0.9476399562016065,0.9693328259730455,0.9844276327381067,0.8362982014827476,0.9108522796651062,0.004556399472057819,0.961357421875,0.8672170832626027,0.9265007303990942,0.9552566003438928,0.9771163541152411,0.7791775661813127,0.8758851066829472,kvasir_seg,segmentation
231,0.002501675467938185,0.9731527709960938,0.9014606642793287,0.9468495601758982,0.9689685872775557,0.9842397624203083,0.8339527412811016,0.9094593579314881,0.004548645541071892,0.96135498046875,0.8672855153690827,0.9265444673462231,0.9552473215256234,0.9771114999204003,0.779323709212542,0.8759774347720458,kvasir_seg,segmentation
232,0.0025040942430496218,0.9731149291992187,0.901673108001054,0.9469785211763324,0.9689006920449085,0.9842047351190721,0.8344455239571997,0.9097523072335928,0.004577123485505581,0.961368408203125,0.8671703059654623,0.9264701215366643,0.9552759586548227,0.977126481227772,0.7790646532761017,0.8758137618455566,kvasir_seg,segmentation
233,0.0024924002960324287,0.973009033203125,0.9011166475648342,0.9466518025696311,0.968794500402895,0.9841499457710193,0.8334387947267734,0.9091536593682429,0.004588371142745018,0.96134521484375,0.867235261891538,0.9265132274592411,0.9552379740750385,0.9771066097741188,0.7792325497080376,0.8759198451443634,kvasir_seg,segmentation
234,0.0025020103994756937,0.9732037353515625,0.9017301918025981,0.9470077831388839,0.9690196263838435,0.9842660920180605,0.8344407572213526,0.9097494742597074,0.004545348472893238,0.961363525390625,0.8676724416134598,0.9267899416491405,0.9552259497385144,0.9771003191383208,0.7801189334884053,0.8764795641599602,kvasir_seg,segmentation
235,0.002481580935418606,0.9735501098632813,0.902828496362932,0.9476442859161822,0.9694198482547262,0.9844725075903071,0.836237144471138,0.9108160642420574,0.004568555131554603,0.96161376953125,0.8677733956445681,0.9268352055838256,0.9555673618066736,0.9772789017340335,0.7799794294824626,0.8763915094336178,kvasir_seg,segmentation
236,0.0025035254657268524,0.9732431030273437,0.902096845513215,0.9472245199442529,0.9690474929658667,0.984280467005135,0.8351461980605634,0.9101685728833708,0.004595360420644283,0.961533203125,0.8671281345917441,0.926430744779407,0.955509560389933,0.9772486719005375,0.7787467087935553,0.8756128176582765,kvasir_seg,segmentation
237,0.0025013092905282973,0.97331787109375,0.9020116605677038,0.9471696335655098,0.9691572970091422,0.9843371055030986,0.8348660241262652,0.910002161627921,0.004577460549771786,0.961395263671875,0.8672124072788393,0.9264948793384976,0.9553098914576599,0.9771442323605165,0.7791149231000187,0.8758455263164787,kvasir_seg,segmentation
238,0.002521421564742923,0.9729843139648438,0.9011675971293116,0.9466836126215759,0.968756529276536,0.9841303532159231,0.8335786649820873,0.9092368720272285,0.004534153304994106,0.9612890625,0.8677439708148957,0.9268410464337551,0.9551153396495855,0.977042448882602,0.7803726019802061,0.876639643984908,kvasir_seg,segmentation
239,0.002474919920787215,0.9733871459960938,0.9023119427947001,0.9473450662378964,0.9692315020304997,0.9843753779391735,0.8353923835589004,0.9103147545366191,0.004532584883272648,0.961339111328125,0.8678160381521313,0.9268830728214699,0.9551792701823546,0.9770758975909841,0.7804528061219079,0.8766902480519556,kvasir_seg,segmentation
240,0.0024278034921735524,0.9739569091796875,0.9042417400075393,0.9484637500089479,0.9698813614056293,0.984710430189116,0.8386021186094494,0.9122170698287799,0.0045365109294652935,0.9614208984375,0.8674365078989008,0.9266355403835755,0.9553265624888218,0.9771529531853156,0.7795464533089799,0.8761181275818355,kvasir_seg,segmentation
241,0.0024817123310640456,0.9732949829101563,0.9019498493768181,0.9471339782969677,0.9691300775637017,0.9843230659121861,0.8347696211899346,0.9099448906817491,0.0045831317454576494,0.9613671875,0.8670654511623708,0.9264034617372912,0.9552832030834703,0.9771302710287638,0.7788476992412712,0.8756766524458184,kvasir_seg,segmentation
242,0.00246791317127645,0.9736715698242188,0.9035187962834237,0.948048901433975,0.9695381340910706,0.9845334977872936,0.8374994584757769,0.9115643050806563,0.004567747190594673,0.961475830078125,0.8673854660223825,0.9265988984951264,0.955407694818318,0.9771953923982972,0.779363237226447,0.8760024045919557,kvasir_seg,segmentation
243,0.0024864873243495822,0.9730136108398437,0.9013066444359206,0.9467651180374417,0.9687869849114455,0.984146067945508,0.8338263039603956,0.9093841681293753,0.004562209025025367,0.96154296875,0.8679614693875168,0.9269601110356483,0.9554522997126748,0.9772187231087812,0.780470639062359,0.8767014989625155,kvasir_seg,segmentation
244,0.0024585025664418934,0.9733291625976562,0.9022023230877649,0.9472828014799963,0.969159121570442,0.9843380465845941,0.8352455246050878,0.9102275563753986,0.004554220736026764,0.961492919921875,0.8676438418240755,0.9267619645130878,0.9554095199860687,0.9771963470781052,0.7798781636620822,0.8763275819480704,kvasir_seg,segmentation
245,0.002518862821161747,0.973115234375,0.9014042002167251,0.9468178688860213,0.9689207057471798,0.9842150604835933,0.8338876946862703,0.9094206772884492,0.004554394483566284,0.961300048828125,0.8672082183007551,0.9264994465565972,0.9551771184582168,0.9770747718359507,0.7792393181432934,0.8759241212772438,kvasir_seg,segmentation
246,0.0025264052115380763,0.9728338623046875,0.9006269078082041,0.9463684949034752,0.9685874885623011,0.9840431214664278,0.8326663270541069,0.9086938683405227,0.0045787298306822774,0.961549072265625,0.867572907345285,0.9267125968947081,0.9554940459032091,0.9772405576022942,0.779651768787361,0.876184636187122,kvasir_seg,segmentation
247,0.0024897013511508705,0.97317138671875,0.9018229783365634,0.947064942858115,0.9689680368520105,0.9842394784642602,0.8346779198211165,0.90989040725197,0.004588970802724361,0.961494140625,0.8675861045472654,0.9267251515276987,0.9554161643257295,0.9771998224788921,0.7797560447688012,0.8762504805765053,kvasir_seg,segmentation
248,0.0025553364120423794,0.9725296020507812,0.899523198935265,0.9457242153328129,0.9682465715539171,0.9838671491138361,0.8307998263166128,0.9075812815517897,0.004597587399184704,0.961361083984375,0.8668388708886519,0.9262596277178943,0.955293951484629,0.977135893822294,0.7783837902926748,0.8753833616134946,kvasir_seg,segmentation
249,0.0024957502214238048,0.9735760498046875,0.9031577026539612,0.947839022695415,0.9694319243737572,0.9844787345792809,0.8368834809341651,0.9111993108115489,0.0046097907051444054,0.961243896484375,0.8663147238640299,0.9259345156909818,0.9551748869805481,0.9770736043522547,0.7774545607475116,0.874795427029709,kvasir_seg,segmentation
250,0.0024934997502714397,0.9734652709960937,0.9026637948587038,0.9475506750058804,0.9693142367697324,0.9844180463141314,0.8360133529476753,0.9106833036976294,0.004566930010914802,0.961671142578125,0.8676084936123745,0.9267259877321417,0.9556614004664237,0.9773280796343368,0.7795555867583251,0.8761238958299465,kvasir_seg,segmentation
251,0.0025027356622740627,0.9730453491210938,0.901282575115993,0.9467490004893908,0.9688327370414241,0.9841696745629033,0.8337324131905618,0.9093283264158785,0.004615976437926292,0.961256103515625,0.8660277911323935,0.9257505455103621,0.9552160674121076,0.9770951490557422,0.7768395148526793,0.874405941964982,kvasir_seg,segmentation
252,0.0024953493289649486,0.9735342407226563,0.9027701782513042,0.9476103807529024,0.9694020840580575,0.9844633474344184,0.836138272444551,0.9107574140713863,0.004583450295031071,0.961473388671875,0.8671576648752427,0.9264540944363422,0.9554236385642579,0.9772037319399128,0.7788916911862275,0.8757044569327715,kvasir_seg,segmentation
253,0.0025115259224548934,0.9732406616210938,0.9018398244191155,0.9470712404429333,0.9690628206267748,0.984288373611474,0.8346168282114561,0.9098541072743926,0.004599164202809334,0.96158935546875,0.8673831302900645,0.9265887983081824,0.9555663503995646,0.9772783727888565,0.7791999101805646,0.8758992238275084,kvasir_seg,segmentation
254,0.0024811506830155847,0.9733489990234375,0.9021118895167077,0.9472277668824067,0.9691931483416767,0.9843555967659817,0.8350306306917389,0.9100999369988316,0.00455686341971159,0.961474609375,0.8675614792073875,0.9267109678624331,0.9553909651154866,0.9771866416075629,0.7797319932992883,0.8762352941173034,kvasir_seg,segmentation
255,0.002469811551272869,0.973572998046875,0.9031896929144051,0.9478582369328128,0.9694253608927017,0.9844753501633394,0.8369540249361085,0.9112411237022862,0.004559733271598816,0.961466064453125,0.8673306381557413,0.926564750004695,0.9553987227307342,0.9771906993950679,0.7792625535807483,0.875938800614322,kvasir_seg,segmentation
256,0.0025364142516627907,0.9729562377929688,0.9008384164395862,0.9464883105497433,0.968741600475736,0.9841226499624377,0.8329352324034363,0.9088539711370488,0.004572468064725399,0.961287841796875,0.8671105929711649,0.9264382349472303,0.9551684311564835,0.9770702267236392,0.7790527547858463,0.8758062431708215,kvasir_seg,segmentation
257,0.0025048940489068626,0.9731686401367188,0.9014196506673149,0.9468241883831805,0.9689935138215352,0.9842526214734525,0.8338457875130947,0.9093957552929085,0.004540367610752582,0.9615185546875,0.8680964854899454,0.92704774524398,0.9554064892864733,0.9771947618268371,0.7807864816934176,0.8769007286611229,kvasir_seg,segmentation
258,0.0025171019695699216,0.972921142578125,0.9005811169927445,0.9463362888880902,0.968711664013196,0.9841072024112343,0.832450569972293,0.9085653753649462,0.004554919935762882,0.96119873046875,0.8670144413824729,0.9263838012399941,0.9550520169744949,0.9770093160513124,0.7789768657904508,0.8757582864286758,kvasir_seg,segmentation
259,0.002543478268198669,0.973228759765625,0.9018254281234416,0.947063291093398,0.9690473787796865,0.9842804081029801,0.8346034774671967,0.9098461740838161,0.0045364096015691755,0.96130859375,0.8674336513196672,0.9266422373904224,0.9551696484261493,0.9770708635897977,0.7796976542131853,0.8762136111910471,kvasir_seg,segmentation
260,0.002455925256945193,0.9735812377929688,0.9031554232219745,0.947837387771886,0.9694392854280519,0.9844825302317936,0.8368715610158972,0.9111922453119785,0.004534871280193329,0.9613525390625,0.8674906276740959,0.9266751493990621,0.9552262657488068,0.9771004844628324,0.7797549895993852,0.8762498143352918,kvasir_seg,segmentation
261,0.002474371758289635,0.9731353759765625,0.901318357660689,0.9467654700444144,0.968954799839009,0.9842326496456245,0.833681915482369,0.9092982904432041,0.004584075547754764,0.96140869140625,0.8671405208116327,0.9264480988042224,0.9553347772459476,0.9771572503727661,0.7789462643773178,0.8757389472356787,kvasir_seg,segmentation
262,0.0024907963629812,0.9734197998046875,0.9024039621999934,0.9473981918769043,0.9692700679707734,0.984395267805552,0.8355378564292134,0.9104011159482567,0.004544365480542183,0.961265869140625,0.8674475571797426,0.9266543213344233,0.9551085890845079,0.9770389168324852,0.7797865252749773,0.8762697258363613,kvasir_seg,segmentation
263,0.0024726384738460185,0.9735397338867188,0.9028551857210741,0.9476607480465287,0.9694035446789774,0.9844641006137673,0.8363068267631709,0.9108573954792901,0.004553456082940102,0.96139404296875,0.8673154018552455,0.9265605207364989,0.9552993821967902,0.9771387347583631,0.7793314215137007,0.8759823067146346,kvasir_seg,segmentation
264,0.0024528228864073754,0.9736581420898438,0.903473667730649,0.9480227576057748,0.9695227919674311,0.9845255875398508,0.837424543493867,0.9115199276716989,0.0046012397482991215,0.96140625,0.8668392470383708,0.9262564240652025,0.9553569285294368,0.9771688376586377,0.7783215655473049,0.8753440104717674,kvasir_seg,segmentation
265,0.0025202318280935286,0.9731048583984375,0.901187976195923,0.9466892034092436,0.9689219883015434,0.9842157221651705,0.8334539640903024,0.9091626846533165,0.004583031609654426,0.96153076171875,0.8673451096743079,0.926569048886613,0.9554878203804941,0.9772373015287589,0.7792023989681217,0.8759007962444669,kvasir_seg,segmentation
266,0.0025001630280166863,0.9734646606445313,0.9023556125870232,0.9473669320891556,0.9693356510306393,0.9844290896001844,0.8353755741434071,0.9103047745781268,0.0046889719739556315,0.96125732421875,0.8653780492477308,0.925335539788652,0.9552718806722669,0.9771243478874384,0.7754842178231948,0.8735467316898657,kvasir_seg,segmentation
267,0.0024907912313938143,0.9728372192382813,0.9003998953081402,0.9462324375060068,0.9686086619171557,0.9840540485825795,0.8321911286991249,0.9084108264294342,0.004585745893418789,0.96115234375,0.8664590446156475,0.9260335337055843,0.9550348429100535,0.9770003295578016,0.7778832463212416,0.8750667378533671,kvasir_seg,segmentation
268,0.0024647007184103132,0.9739447021484375,0.9042648010793382,0.9484781013950334,0.9698627767629093,0.9847008514539194,0.8386668253957671,0.9122553513361473,0.004553871601819992,0.96149169921875,0.8673775316927641,0.9265926457090619,0.9554305348730061,0.97720733908357,0.7793245285125222,0.8759779523345537,kvasir_seg,segmentation
269,0.0024785152170807125,0.9735052490234375,0.9026034066145141,0.9475125225225859,0.9693739794177616,0.984448854863365,0.8358328338112666,0.9105761901818068,0.0045169922336936,0.960946044921875,0.8670144513323772,0.9264030277316073,0.9546976753405207,0.9768238714196111,0.7793312273242338,0.8759821840436034,kvasir_seg,segmentation
270,0.002469930285587907,0.973671875,0.9031408829278863,0.9478238803252701,0.9695659213952937,0.9845478243332186,0.8367158444604789,0.9110999363173216,0.004540831968188286,0.96149169921875,0.8680394796653903,0.9270135511152053,0.9553737901296439,0.9771776577472703,0.7807051692011368,0.8768494444831405,kvasir_seg,segmentation
271,0.002512382958084345,0.973228759765625,0.9020101972862324,0.9471735874937065,0.9690339287523039,0.9842734699511664,0.8349864658201609,0.9100737050362466,0.004547680951654911,0.961494140625,0.8679007135374792,0.9269251831725626,0.955389177943926,0.9771857067844767,0.7804122491310326,0.8766646595606484,kvasir_seg,segmentation
272,0.0025443121138960124,0.97249755859375,0.8995001686525892,0.9457121904203335,0.9682038678237407,0.9838451022802753,0.8307964694814376,0.9075792785603917,0.004535351768136024,0.961414794921875,0.8680619239377936,0.9270336091395375,0.9552640368653894,0.9771202444830267,0.7808598110101976,0.8769469737960482,kvasir_seg,segmentation
273,0.002484046141617,0.9737020874023438,0.9035766619656875,0.9480817136189568,0.9695762572437561,0.9845531531747752,0.8375770666876191,0.9116102740631383,0.004547830671072006,0.96154296875,0.8677696911180037,0.9268382034604628,0.9554687345395833,0.977227319121059,0.7800706476964243,0.8764490877998665,kvasir_seg,segmentation
274,0.0024760627932846548,0.9731033325195313,0.9013279427384149,0.9467729480114593,0.9689097548620166,0.9842094107862439,0.8337461306148132,0.9093364852366747,0.004557311125099659,0.96152587890625,0.8675808369563454,0.9267193974552086,0.9554609700570543,0.9772232580322756,0.7797007038556363,0.8762155368781415,kvasir_seg,segmentation
275,0.002577985431998968,0.9722305297851562,0.898633180602401,0.9452068402812226,0.9678974496473476,0.9836868784202119,0.8293689115574544,0.9067268021422333,0.004595747664570809,0.961226806640625,0.8666663169078808,0.9261599378470153,0.9551211586010661,0.9770454934715935,0.7782114752146955,0.875274382222437,kvasir_seg,segmentation
276,0.0024881922826170922,0.9732876586914062,0.9021219511679812,0.9472370900872751,0.9691074436692523,0.9843113912193729,0.8351364586667103,0.9101627889551773,0.004563097208738327,0.961405029296875,0.8672228117453304,0.9265007598547561,0.9553226485640344,0.9771509057756907,0.7791229749266264,0.8758506139338216,kvasir_seg,segmentation
277,0.0024408623576164246,0.9737338256835938,0.9035230330481587,0.9480481078503131,0.9696241496286186,0.984577844266832,0.8374219164676989,0.9115183714337941,0.0045473180338740345,0.961436767578125,0.867794823771848,0.9268622093016673,0.9553179692736316,0.9771484579855997,0.7802716782700644,0.8765759606177349,kvasir_seg,segmentation
278,0.002429090468212962,0.9736746215820312,0.9033073581935711,0.9479228738535332,0.9695577128777064,0.9845435922373585,0.8370570035094357,0.9113021554697078,0.004547260366380214,0.961409912109375,0.8673806000298987,0.9266008030197195,0.9553159881776059,0.9771474216481806,0.7794452118821916,0.8760541843912584,kvasir_seg,segmentation
279,0.0025088648218661545,0.9733535766601562,0.9020443287427606,0.9471871980322886,0.9692043604494979,0.9843613795657692,0.8348842970360233,0.9100130164988081,0.004586951956152916,0.961414794921875,0.8668192839042926,0.9262430547352194,0.9553705309110919,0.9771759529033542,0.7782680368974934,0.8753101565670844,kvasir_seg,segmentation
280,0.0024975016294047237,0.9730593872070312,0.9013201497220305,0.9467706897902448,0.9688494527243816,0.9841782990403284,0.8337908467196792,0.9093630805401614,0.004536342769861221,0.961298828125,0.8673703390256193,0.9266027007349082,0.9551614408755915,0.9770665694469056,0.7795792371756473,0.876138832022911,kvasir_seg,segmentation
281,0.0025435321778059005,0.9726824951171875,0.8998927531389935,0.9459372400417687,0.9684313319576613,0.9839625251184441,0.8313541743203259,0.9079119549650935,0.004548495002090931,0.961414794921875,0.8675982436597051,0.9267388798627507,0.9553041422392816,0.977141224838029,0.7798923450801285,0.8763365348874723,kvasir_seg,segmentation
282,0.0025322305411100386,0.9729440307617188,0.900849785777381,0.9464957812911832,0.9687238724725851,0.984113502170249,0.8329756990821768,0.9088780604121173,0.004553546905517578,0.961337890625,0.8675002580973711,0.9266823848295663,0.9552049241769294,0.9770893192477369,0.7797955920178128,0.8762754504113958,kvasir_seg,segmentation
283,0.0024789876211434602,0.973546142578125,0.9029976822588036,0.9477453080657854,0.9694020905017794,0.984463350757171,0.8365932740158278,0.9110272653743999,0.00458790872246027,0.961492919921875,0.867194791492088,0.9264762452095278,0.9554477469651003,0.9772163418306392,0.7789418360190757,0.8757361485884163,kvasir_seg,segmentation
284,0.0024319920130074025,0.9739749145507812,0.9042902563910145,0.9484916355091456,0.9699028111978888,0.9847214854301319,0.8386777015841402,0.9122617855881593,0.004568533822894096,0.961500244140625,0.8674940081401923,0.9266661062082384,0.9554325539198474,0.9772083951498031,0.7795554623605371,0.8761238172666737,kvasir_seg,segmentation
285,0.002498694681562483,0.9731674194335938,0.901681577308035,0.9469807250822523,0.9689728450198118,0.984241958918496,0.8343903095962582,0.9097194912460086,0.004577824287116528,0.961566162109375,0.8674529248861758,0.9266349705522277,0.9555280906810332,0.9772583633388365,0.7793777590913185,0.8760115777656188,kvasir_seg,segmentation
286,0.0024426947860047223,0.974080810546875,0.9047046952565475,0.9487322771258364,0.9700196687238708,0.9847817096691478,0.8393897217892242,0.912682844582525,0.004548809826374054,0.96151123046875,0.8677592803021261,0.9268339838984102,0.9554252414994882,0.9772045703642803,0.7800933191047642,0.8764633974325401,kvasir_seg,segmentation
287,0.0024544027727097274,0.9738336181640626,0.9038900437812385,0.9482611651470332,0.9697359030272226,0.9846354544656137,0.8380441845352543,0.9118868758284525,0.0045544905588030815,0.961375732421875,0.8677271051188047,0.926823772710358,0.9552383229329918,0.9771067922810236,0.7802158873046177,0.8765407531396924,kvasir_seg,segmentation
288,0.0024718097178265453,0.973677978515625,0.9030037847936674,0.9477418809101281,0.9695842108158165,0.9845572537507371,0.8364233587715183,0.910926508069519,0.0045727409049868585,0.961346435546875,0.8670901445859187,0.9264207617558919,0.955252101730852,0.9771140006807636,0.7789281874409855,0.8757275228310202,kvasir_seg,segmentation
289,0.002550254627130926,0.9724166870117188,0.8992743141492037,0.9455812429284969,0.9681083564327028,0.9837957887516405,0.8304402718657047,0.9073666971053533,0.004534810818731785,0.961416015625,0.8677981909064563,0.9268659179650751,0.9552886125153189,0.9771331008637322,0.7803077692975935,0.8765987350664182,kvasir_seg,segmentation
290,0.002533341208472848,0.9729031372070313,0.9005834141757624,0.9463386549273995,0.9686865865554163,0.9840942617995014,0.8324802417961085,0.9085830480552975,0.0045672101154923435,0.961458740234375,0.8675905977313254,0.9267306899336689,0.9553662812065714,0.9771737299438922,0.7798149142560795,0.8762876499234458,kvasir_seg,segmentation
291,0.0024768250342458486,0.9733450317382812,0.9022422539434218,0.9473057671830729,0.9691782115013136,0.9843478927815337,0.8353062963855301,0.9102636415846121,0.004579113610088825,0.961343994140625,0.8670662676492391,0.9264057459462961,0.9552507298763301,0.97711328299747,0.7788818054221482,0.8756982088951222,kvasir_seg,segmentation
292,0.0024780483869835733,0.9731683349609375,0.9019395910688177,0.9471347205281125,0.9689552689922744,0.9842328916778214,0.8349239131453611,0.9100365493784037,0.0045670604705810545,0.961507568359375,0.8675493080417205,0.9267007294373095,0.9554380728692783,0.9772112818355151,0.7796605432141627,0.8761901770391041,kvasir_seg,segmentation
293,0.002439597542397678,0.97412109375,0.9047586211780947,0.9487621850385995,0.97007160932153,0.9848084757239983,0.8394456330346594,0.9127158943532008,0.0045691773295402525,0.9613916015625,0.8673078124863298,0.9265558764894071,0.9552966185540015,0.9771372890323629,0.779319006418658,0.8759744639464512,kvasir_seg,segmentation
294,0.0025135756889358165,0.9729971313476562,0.9007633149762873,0.9464411361747371,0.9688036125658169,0.9841546474035942,0.8327230173867577,0.9087276249458802,0.004568851515650749,0.96133056640625,0.8669055105331251,0.9263043999663804,0.9552456839308079,0.9771106432112315,0.7785653371354425,0.8754981567215292,kvasir_seg,segmentation
295,0.0024556339904665946,0.9733908081054687,0.9023152750820163,0.9473468563256824,0.969236332972832,0.9843778694755616,0.8353942171912005,0.9103158431758033,0.004585167579352856,0.961341552734375,0.8668501907175172,0.9262683272670427,0.9552657302353665,0.9771211303543645,0.778434651199668,0.8754155241797207,kvasir_seg,segmentation
296,0.0024696750659495594,0.9731845092773438,0.9017032623134856,0.9469927463106674,0.9689949478161789,0.984253361229693,0.8344115768107924,0.9097321313916419,0.004564065523445606,0.961353759765625,0.866929067247965,0.9263176362608462,0.9552760652994373,0.977126537017312,0.7785820691964929,0.8755087355043804,kvasir_seg,segmentation
297,0.002485247072763741,0.972969970703125,0.900654362500142,0.9463774361836153,0.9687739073229309,0.9841393201317215,0.8325348176773532,0.9086155522355092,0.004571676589548588,0.96140625,0.8672077377218732,0.9264910724024072,0.9553256398552272,0.977152470548036,0.7790898355885191,0.8758296742567785,kvasir_seg,segmentation
298,0.002399789318442345,0.9741259765625,0.9048377693431044,0.9488089247464597,0.970072672181642,0.9848090234228687,0.839602866504567,0.9128088260700506,0.004544366747140884,0.961375732421875,0.8674902170898278,0.9266731307590275,0.9552587669681907,0.977117487573686,0.7797216672114649,0.8762287739443688,kvasir_seg,segmentation
299,0.0024931554216891527,0.9730599975585937,0.9012808358661439,0.9467471609731242,0.9688531588937708,0.984180211223203,0.833708512838517,0.9093141107230454,0.004564781896770001,0.9614501953125,0.8672341815955328,0.9265045655825641,0.9553847675287914,0.9771833998034091,0.7790835956622741,0.8758257313617192,kvasir_seg,segmentation
300,0.0024467476457357405,0.9734939575195313,0.9025757345377448,0.9474966310876018,0.9693603435959054,0.9844418232022746,0.8357911254795841,0.910551438972929,0.0045503564924001694,0.961478271484375,0.8673716109958911,0.9265898970055925,0.9554122848288514,0.9771977932648352,0.7793309371629307,0.8759820007463497,kvasir_seg,segmentation
301,0.0024926780257374047,0.973402099609375,0.9025616122124502,0.9474931558199768,0.9692340928441283,0.9843767141409598,0.835889131580772,0.9106095974989938,0.004550784640014171,0.961480712890625,0.8677999882956798,0.9268621712980896,0.9553790483030526,0.9771804081997959,0.780220928288307,0.8765439343963831,kvasir_seg,segmentation
302,0.002467339662835002,0.9739407348632813,0.9042074527127253,0.9484442239660676,0.9698614220484121,0.9847001532116674,0.8385534833770384,0.9121882947204679,0.004563311152160168,0.961533203125,0.8678643312681454,0.9268991075890187,0.9554469723959899,0.9772159366973682,0.780281690140301,0.8765822784806694,kvasir_seg,segmentation
303,0.002519610458984971,0.973114013671875,0.9013465094096591,0.9467834608242719,0.9689231976159765,0.9842163460608052,0.8337698212033416,0.9093505755877386,0.004548231735825538,0.96130126953125,0.8677160993523558,0.9268224060254687,0.9551348911062365,0.9770526785144844,0.7802973075984752,0.876592133536453,kvasir_seg,segmentation
304,0.0024527822621166705,0.9740460205078125,0.9043645580460646,0.9485320415780965,0.969995949880085,0.9847694863932379,0.8387331662120443,0.9122945967629551,0.004573262371122837,0.96155517578125,0.8674308939482835,0.9266217856944685,0.9555146243517026,0.977251320397031,0.7793471635448646,0.875992250991906,kvasir_seg,segmentation
305,0.0024438273813575506,0.9739447021484375,0.904383917968274,0.9485488891487464,0.9698541468643422,0.9846964034450751,0.8389136890722059,0.9124013748524176,0.004587816260755062,0.961434326171875,0.8672710596012412,0.9265292429620868,0.9553594641947444,0.9771701640426307,0.7791826550077379,0.875888321881543,kvasir_seg,segmentation
306,0.0025528172496706246,0.972587890625,0.8995022380769145,0.9457083992051085,0.9683287737307315,0.9839095852827273,0.8306757024230976,0.9075072131274898,0.004568030834197998,0.961387939453125,0.8675111985491741,0.9266855517061827,0.9552740456265316,0.9771254804545126,0.7797483514718168,0.8762456229578528,kvasir_seg,segmentation
307,0.0024769225297495722,0.9737576293945313,0.903601755580946,0.9480936911639253,0.9696514420955624,0.9845919144596728,0.8375520690663296,0.9115954678681779,0.004556569084525108,0.96139404296875,0.8674370676088587,0.9266379326298625,0.9552889549891064,0.977133280021447,0.7795851802286111,0.876142585238278,kvasir_seg,segmentation
308,0.0025019527319818735,0.9734329223632813,0.90234046469242,0.9473596090873875,0.9692928231166799,0.9844070031013866,0.8353881062681601,0.9103122150733883,0.004547627903521061,0.961259765625,0.8670931668936239,0.9264292766528205,0.9551306521436572,0.9770504606394735,0.7790556816435907,0.8758080926661674,kvasir_seg,segmentation
309,0.0025551199819892644,0.97221435546875,0.8983843695772953,0.9450582752610217,0.9678932615273492,0.9836847154770317,0.8288754776272412,0.9064318350450117,0.004531219117343426,0.9610791015625,0.867064360644811,0.9264246769661866,0.9548800679259952,0.9769193349432049,0.7792486533636268,0.8759300189891682,kvasir_seg,segmentation
310,0.0025792338326573374,0.9724264526367188,0.8987954326948673,0.9452932727777574,0.968156725034046,0.9838207625638131,0.8294341403556884,0.9067657829917019,0.004521691426634789,0.961549072265625,0.8683402795947303,0.9272002951953682,0.9554281719874919,0.9772061031691053,0.7812523872019687,0.8771944872216312,kvasir_seg,segmentation
311,0.002493654708378017,0.97289794921875,0.9006948243748492,0.9464056083633985,0.9686713215665832,0.9840863845121253,0.832718327183115,0.9087248322146717,0.004617498479783535,0.961231689453125,0.8661800268998325,0.9258495439988405,0.9551692498798798,0.9770706550735317,0.7771908039197853,0.8746284329241492,kvasir_seg,segmentation
312,0.0024257818423211574,0.974044189453125,0.9045925521530545,0.9486675974671268,0.969977002324443,0.9847597217428774,0.839208101981666,0.9125754731913763,0.004586182460188866,0.9614794921875,0.86724611296562,0.9265099344615637,0.9554246565665917,0.9772042644119692,0.7790675693646484,0.8758156045111584,kvasir_seg,segmentation
313,0.002483205855824053,0.9733236694335937,0.9021524398477112,0.9472533348719532,0.9691551315545841,0.9843359885916836,0.8351497481408383,0.9101706811522227,0.004605577327311039,0.961500244140625,0.8669008741043221,0.9262885180133624,0.9554827536073021,0.977234651489216,0.7783189946013422,0.875342384537509,kvasir_seg,segmentation
314,0.0024928074376657605,0.973321533203125,0.9021390914362839,0.947245485362544,0.9691531404375099,0.9843349615989561,0.835125042435058,0.910156009126132,0.004553427509963512,0.961317138671875,0.8670057184622398,0.926369237015212,0.9552183756008112,0.9770963566228618,0.7787930613236684,0.8756421174075623,kvasir_seg,segmentation
315,0.0024817047826945784,0.9734112548828125,0.9022781852263903,0.9473236259026707,0.9692673237710344,0.9843938525470914,0.8352890466817461,0.9102533992582499,0.004554326944053173,0.961346435546875,0.8673382054473873,0.9265786441100697,0.9552308442727638,0.9771028797656434,0.7794455666220106,0.8760544084544961,kvasir_seg,segmentation
316,0.0024660708848387005,0.973426513671875,0.9025175291761387,0.9474655566588135,0.9692711406477718,0.9843958210131896,0.8357639177045056,0.9105352923044374,0.004584468901157379,0.961265869140625,0.8666971493507145,0.9261766016394172,0.9551730860512654,0.9770726621246263,0.7782212126501638,0.8752805411542081,kvasir_seg,segmentation
317,0.0025004495866596697,0.9731793212890625,0.9015882955621689,0.9469243627256878,0.9689961039638756,0.9842539576519684,0.8341804871604622,0.9095947677994073,0.004588345065712929,0.961353759765625,0.8670151459241582,0.9263724528146072,0.9552687351643275,0.9771227023522611,0.7787615566839888,0.8756222032769534,kvasir_seg,segmentation
318,0.0024219356337562203,0.974112548828125,0.9048600471981205,0.948822855426111,0.9700524474042852,0.984798601359485,0.8396676469919558,0.912847109492737,0.004515856839716435,0.961431884765625,0.8680958995865383,0.9270539050982813,0.9552850533620127,0.9771312389663583,0.7809067458110639,0.8769765712302043,kvasir_seg,segmentation
319,0.0024523305473849177,0.9738400268554688,0.9039507900360773,0.9482969528138441,0.9697403888377871,0.9846377668175516,0.8381611912343675,0.9119561388101366,0.0046043660864233974,0.961478271484375,0.8668314616681576,0.9262459727001826,0.955457975346983,0.9772216916883047,0.7782049479893322,0.8752702537120606,kvasir_seg,segmentation
320,0.002494147587567568,0.973048095703125,0.9013462962523846,0.9467869310778257,0.9688318984957686,0.9841692419103711,0.8338606940090008,0.9094046202452803,0.004551934264600277,0.96134765625,0.8673408904466181,0.9265802599142436,0.9552323214041992,0.9771036525400472,0.779449459489037,0.8760568672884402,kvasir_seg,segmentation
321,0.002490268647670746,0.9737139892578125,0.9033461213139182,0.9479438524476005,0.9696094467785685,0.9845702642870965,0.837082795849268,0.9113174406081046,0.004539424180984497,0.9613623046875,0.8675898946791019,0.9267375441487307,0.9552313748119263,0.9771031573220433,0.7799484145462775,0.876371930975418,kvasir_seg,segmentation
322,0.0024750976730138065,0.9733831787109375,0.9025573247595495,0.9474916181514447,0.9692081635188875,0.9843633410364862,0.8359064860002114,0.9106198952664032,0.004582608528435231,0.96132568359375,0.8668197394560231,0.9262501394643754,0.9552461658639424,0.9771108953351239,0.7783933130481038,0.875389383593627,kvasir_seg,segmentation
323,0.0025083704292774203,0.9731204223632812,0.9011364930221115,0.9466575726588985,0.9689472220175097,0.9842287402957041,0.8333257640267133,0.9090864050220929,0.004526652619242668,0.96140380859375,0.8675512740793081,0.9267098394683342,0.9552928068050638,0.9771352950108853,0.7798097413535525,0.876284383925783,kvasir_seg,segmentation
324,0.002533745253458619,0.9727923583984375,0.9003684065798101,0.9462160607055832,0.9685488420037045,0.9840231761969988,0.8321879711559157,0.9084089452141677,0.004569162428379059,0.961563720703125,0.8674067315128579,0.9266057624233406,0.9555285949141905,0.9772586270528246,0.7792848681115252,0.8759528977938565,kvasir_seg,segmentation
325,0.0025057685188949108,0.9729638671875,0.9007762101419907,0.9464506785784452,0.9687566675800359,0.9841304245799112,0.8327957527039457,0.9087709325769793,0.004512871690094471,0.96156494140625,0.868652603159817,0.9273973588405418,0.9554232918466282,0.9772035505871084,0.7818819144730058,0.877591167093975,kvasir_seg,segmentation
326,0.002520232084207237,0.9727972412109375,0.9004700572199803,0.9462766416871579,0.968548195308976,0.9840228424348598,0.8323919191309846,0.9085304409394559,0.004560546055436134,0.9614453125,0.867851719945187,0.9268977302422421,0.9553250265567489,0.9771521497262674,0.7803784133336251,0.8766433107582169,kvasir_seg,segmentation
327,0.0025365080777555705,0.9727642822265625,0.9003754777400885,0.9462218430222787,0.9685094325974277,0.9840028364197266,0.8322415228827494,0.9084408496248308,0.004588342234492302,0.96135009765625,0.8670293259078587,0.9263817605543284,0.9552624105056109,0.9771193936660296,0.7787962413101067,0.8756441274426272,kvasir_seg,segmentation
328,0.002444150233641267,0.97384765625,0.9038004937704414,0.9482071536373007,0.9697618199928875,0.984648814034165,0.8378391675479953,0.9117654932404362,0.004554715268313885,0.961402587890625,0.8674396732250931,0.9266389424238026,0.9553006837994552,0.9771394156556592,0.7795786626507308,0.8761384691919459,kvasir_seg,segmentation
329,0.002453428986482322,0.9738641357421876,0.9039735775789786,0.9483092267623303,0.969772159976473,0.9846541439473447,0.8381749951814842,0.911964309577316,0.004547494277358055,0.961492919921875,0.8677402296922506,0.9268232559332061,0.9554012614040359,0.9771920272957476,0.7800791979804653,0.8764544845706645,kvasir_seg,segmentation
330,0.002507103709504008,0.973009033203125,0.900955140878975,0.9465552292917998,0.9688062218262288,0.9841559937042275,0.8331040599317212,0.9089544648793723,0.004537829793989658,0.961304931640625,0.8676182492746114,0.9267599173508869,0.9551485309617965,0.9770598149818625,0.7800879675874264,0.8764600197199114,kvasir_seg,segmentation
331,0.0025221859989687802,0.9730389404296875,0.9011771216161447,0.946686319054683,0.9688315298784227,0.9841690517199804,0.8335227133538667,0.9092035863893858,0.00454668901860714,0.96137939453125,0.8677731936637287,0.9268527952303542,0.9552394641976613,0.9771073893392868,0.7803069231297963,0.8765982011214217,kvasir_seg,segmentation
332,0.002514564134180546,0.9729183959960938,0.9006121339842746,0.9463550027916627,0.9687056213930331,0.9841040842943176,0.8325186465755162,0.9086059212890077,0.00462657880038023,0.96141845703125,0.866668163130929,0.9261464823502826,0.9553883721257138,0.977185285281313,0.777947954136144,0.8751076794192523,kvasir_seg,segmentation
333,0.0024121277872473004,0.974166259765625,0.9051254747090526,0.948977582548026,0.9701077332097543,0.9848270902720918,0.8401432162083509,0.9131280748239602,0.004543682634830475,0.961270751953125,0.8674692654919096,0.9266677591062547,0.9551135495479869,0.9770415122628604,0.7798249814358325,0.8762940059496488,kvasir_seg,segmentation
334,0.002463096212595701,0.9735842895507812,0.9028628349070348,0.9476629156157833,0.9694646982645909,0.9844956338835038,0.8362609715494786,0.9108301973480628,0.004530364945530892,0.96139404296875,0.8678536516439938,0.9269028303866315,0.9552530228897844,0.9771144825828827,0.7804542803982031,0.8766911781903802,kvasir_seg,segmentation
335,0.002556047239340842,0.9724966430664063,0.899388964499778,0.9456455514814119,0.968210727781461,0.983848643963865,0.830567201218095,0.9074424589989589,0.004544750414788723,0.96149658203125,0.8677556532668206,0.9268327853984413,0.9554050615013494,0.9771940150014695,0.7801062450322918,0.876471555795413,kvasir_seg,segmentation
336,0.0024441637471318244,0.9741595458984375,0.9049384172728056,0.9488669163409047,0.9701119434331282,0.9848292597451146,0.8397648911124829,0.9129045729366947,0.0045547008886933325,0.961341552734375,0.8670979019743057,0.9264260717364551,0.9552446149105068,0.9771100839515462,0.7789511890381045,0.875742059521364,kvasir_seg,segmentation
337,0.0024358053132891655,0.9739776611328125,0.9043259238785684,0.9485126881917921,0.9699040437712816,0.984722120692183,0.838747803985855,0.9123032556914012,0.004568108841776847,0.9614208984375,0.8672385189975722,0.9265095518517907,0.9553434796307323,0.9771618026017092,0.779133558364412,0.8758573011018722,kvasir_seg,segmentation
338,0.002460608929395676,0.9736431884765625,0.9032820176492855,0.9479094636855387,0.9695159851712781,0.9845220779835049,0.8370480501272928,0.9112968493875726,0.0045548264682292935,0.961412353515625,0.8673387352233503,0.9265739790905545,0.9553229829903461,0.9771510807174539,0.7793544874563544,0.8759968774636551,kvasir_seg,segmentation
339,0.0025012755813077093,0.9731988525390625,0.9015414629784864,0.9468953225729868,0.9690265268248092,0.984269651651094,0.8340563991321635,0.9095209934948797,0.00457891721278429,0.961412353515625,0.8672759249426479,0.9265340079645608,0.9553283495610764,0.9771538880163266,0.7792235003242195,0.8759141279127949,kvasir_seg,segmentation
340,0.002432705876417458,0.9738739013671875,0.9038801509084197,0.9482531446755973,0.9697924319120861,0.9846645932847904,0.8379678699047532,0.9118416960664043,0.0045456990972161295,0.961353759765625,0.8672599622948949,0.9265282983688639,0.9552478057867354,0.9771117532617523,0.7792721188030542,0.8759448434759755,kvasir_seg,segmentation
341,0.002528177918866277,0.9729470825195312,0.9008028838623923,0.946467557714912,0.9687315036969336,0.9841174399635758,0.8328742640278509,0.9088176754662481,0.004572396501898766,0.961456298828125,0.8672127857886351,0.9264904828311635,0.9553951082241171,0.9771888087536473,0.7790304633531531,0.8757921569086798,kvasir_seg,segmentation
342,0.002487851525656879,0.9736724853515625,0.9032576399279464,0.9478933831862781,0.9695583472655805,0.9845439193123257,0.8369569325903121,0.9112428470602306,0.00457778662443161,0.961204833984375,0.8668004347388075,0.9262470558418502,0.9550789697603974,0.9770234190360568,0.7785218997172176,0.8754706926476435,kvasir_seg,segmentation
343,0.0024544355925172567,0.9736935424804688,0.9034833760380692,0.9480266500270416,0.969571184599069,0.9845505378841511,0.8373955674770692,0.9115027621699321,0.004557415097951889,0.961522216796875,0.8676303235160643,0.9267511496353322,0.9554516315038335,0.9772183736081947,0.7798090155282951,0.8762839256624698,kvasir_seg,segmentation
344,0.002479549162089825,0.9730807495117187,0.9018370286312352,0.9470782497477952,0.968841201716704,0.9841740419409511,0.8348328555457665,0.9099824575546392,0.004620339833199978,0.96122314453125,0.8663797663306316,0.925977577700635,0.9551404350385096,0.9770555791504529,0.7776190976227536,0.8748995762508172,kvasir_seg,segmentation
345,0.0025941744819283487,0.9722271728515625,0.8983149910090444,0.9450158577726702,0.9679160485330855,0.9836964836529332,0.8287139334850033,0.9063352318924073,0.004549689032137394,0.961534423828125,0.8679939312688871,0.926981385546849,0.9554375494964142,0.9772110080861126,0.7805503130413601,0.8767517630075853,kvasir_seg,segmentation
346,0.0024678022088482974,0.9736001586914063,0.9030594413009889,0.9477792062691542,0.9694724776955043,0.9844996451332917,0.8366464049064737,0.9110587674050168,0.004582688361406326,0.961278076171875,0.8666964660980891,0.9261752346785477,0.9551901884861407,0.9770816098721555,0.7782027437100377,0.8752688594849398,kvasir_seg,segmentation
347,0.0025710755586624144,0.9724847412109375,0.8993834435808331,0.9456429039817088,0.9681946489459607,0.9838403426860894,0.8305722382157055,0.9074454652773282,0.004555692933499813,0.961585693359375,0.867791800071147,0.9268490303825505,0.9555265683140465,0.9772575671399361,0.7800570318282475,0.8764404936251649,kvasir_seg,segmentation
348,0.002470539198257029,0.9735183715820312,0.9027022908852996,0.9475707680994274,0.9693850118331747,0.9844545439399238,0.8360195699374245,0.910686992258931,0.004576645307242871,0.9612255859375,0.8668082414386857,0.9262504464205521,0.9551073133639333,0.977038249343549,0.7785091695134381,0.8754626434975552,kvasir_seg,segmentation
349,0.0024541133921593427,0.97406005859375,0.9045932428999819,0.9486671730053184,0.969998948198385,0.9847710315637216,0.8391875376015787,0.9125633144469154,0.004546820111572742,0.961463623046875,0.8674878523831353,0.9266649657600685,0.9553819017493116,0.9771819007781691,0.7795938030169589,0.8761480307419678,kvasir_seg,segmentation
350,0.00252739573828876,0.97304443359375,0.9010228923808139,0.9465938063806656,0.9688503095290316,0.9841787411058083,0.8331954752325962,0.9090088716555229,0.004573800414800644,0.96144287109375,0.8672276759272255,0.9265009810655238,0.9553750930684949,0.977178339291682,0.7790802587859562,0.8758236228393657,kvasir_seg,segmentation
351,0.0025710452580824496,0.9724090576171875,0.8989171166518044,0.9453673114873997,0.9681238631719746,0.9838037953685236,0.8297103701316341,0.9069308276062759,0.0045376187190413475,0.96136474609375,0.8676472994137698,0.9267738629075599,0.9552298343290339,0.9771023514039567,0.7800647644985059,0.8764453744111631,kvasir_seg,segmentation
352,0.0025642590830102564,0.9727685546875,0.9002132838077936,0.9461244907958704,0.9685271657413032,0.9840119888582566,0.831899401874284,0.9082369927334841,0.004559953808784485,0.9613623046875,0.8673952027447887,0.9266137049582457,0.9552481485355185,0.9771119325708093,0.7795422569540589,0.8761154773456821,kvasir_seg,segmentation
353,0.0024935676949098705,0.9730526733398438,0.9012699986239381,0.9467410839357159,0.9688438005333906,0.9841753828017394,0.8336961967144855,0.9093067850696923,0.004535478241741657,0.961507568359375,0.8681197358810485,0.9270633442191081,0.9553890881309262,0.977185659805581,0.7808503836311709,0.876941028632635,kvasir_seg,segmentation
354,0.0024578137043863536,0.9738388061523438,0.9039227316860927,0.9482803310239494,0.9697407286086287,0.9846379419626737,0.8381047347635567,0.9119227200852249,0.004581334702670574,0.961488037109375,0.8669770165752098,0.9263379481204819,0.9554593340005061,0.977222402314871,0.7784946991499133,0.8754534939260926,kvasir_seg,segmentation
355,0.0025389408878982067,0.9729177856445312,0.9006730009461703,0.9463914596636256,0.9687003685359057,0.9841013736959011,0.8326456333564349,0.9086815456313501,0.004545229710638523,0.9612548828125,0.8676317329220231,0.9267722777135375,0.9550771713053019,0.9770224780105711,0.7801862945387443,0.876522077416504,kvasir_seg,segmentation
356,0.002438044203445315,0.9741265869140625,0.9048388320817748,0.9488095237020671,0.970073441529481,0.984809419872548,0.8396042226340688,0.9128096275315862,0.00454916950315237,0.961163330078125,0.8671917723651628,0.9264993651708759,0.9549870754967897,0.9769753339715703,0.7793964692335358,0.8760233963701817,kvasir_seg,segmentation
357,0.002529880707152188,0.9726992797851562,0.8999447625890515,0.9459674738570822,0.9684507842955739,0.9839725656561354,0.8314387408825293,0.907962382058029,0.004551416635513306,0.961307373046875,0.8674647165291826,0.9266620905476659,0.9551652536018361,0.9770685642476673,0.779764179456529,0.8762556168476644,kvasir_seg,segmentation
358,0.0024141342332586646,0.9740328979492188,0.904382829309739,0.9485435917058326,0.9699764685292259,0.9847594466480154,0.8387891900902521,0.9123277367636498,0.004541693814098835,0.961474609375,0.8680726477471001,0.9270359131192076,0.9553469735405414,0.9771636302591323,0.7807983219536587,0.876908195979283,kvasir_seg,segmentation
359,0.002532721203751862,0.9730026245117187,0.9008629726091388,0.9465004534913095,0.9688040194908858,0.9841548573650408,0.832921925727392,0.9088460496175781,0.004582602381706238,0.961356201171875,0.8670923849029316,0.9264214453363704,0.9552655564425321,0.9771210394362703,0.7789192133633311,0.8757218512364705,kvasir_seg,segmentation
360,0.0024867895524948837,0.9731298828125,0.9013944695798226,0.9468112552987392,0.9689416937161334,0.984225888261197,0.8338472454435117,0.9093966223362815,0.004523848034441471,0.961497802734375,0.868188647632704,0.9271078545157381,0.9553694356830913,0.9771753800062252,0.7810078595823167,0.8770403290252511,kvasir_seg,segmentation
361,0.0024815153982490302,0.9733087158203125,0.9018501646575983,0.9470737203871427,0.9691562781019882,0.9843365799652322,0.8345440512132084,0.9098108608090532,0.0045389851182699205,0.9614794921875,0.8676606196758909,0.9267736503615045,0.9553893045163515,0.9771857729912855,0.7799319348354302,0.8763615277317236,kvasir_seg,segmentation
362,0.002518499349243939,0.9726535034179687,0.8998661463046982,0.945922904351465,0.9683931357914266,0.9839428091706562,0.8313391568179698,0.9079029995322736,0.00453485332429409,0.96116943359375,0.866957534480475,0.9263497992833867,0.955015916248297,0.9769904258181039,0.7788991527126531,0.8757091727486693,kvasir_seg,segmentation
363,0.0024988169688731432,0.9730807495117187,0.9013358116311472,0.9467788833709396,0.9688779090628736,0.9841929807867369,0.8337937141994208,0.9093647859551423,0.004548430666327477,0.961451416015625,0.8673944979630784,0.9266064975599309,0.9553728141453502,0.9771771472264459,0.7794161817808066,0.8760358478934157,kvasir_seg,segmentation
364,0.0024220404122024773,0.97388671875,0.9042773759610088,0.9484886360693683,0.9697814373805339,0.9846589260889516,0.8387733145414836,0.9123183460497849,0.0046028846874833105,0.961251220703125,0.866595033970023,0.9261126500013332,0.9551613276867529,0.9770665102269092,0.7780287402532933,0.8751587897757573,kvasir_seg,segmentation
365,0.002516699703410268,0.9726669311523437,0.9000789742981999,0.9460496697272724,0.9683962039452797,0.9839443929065824,0.8317617446511202,0.9081549465479624,0.0045565302670001985,0.9614111328125,0.8676885422027834,0.9267965775471623,0.9552912391362951,0.9771344749217749,0.7800858452692716,0.8764586801725497,kvasir_seg,segmentation
366,0.002490404937416315,0.973466796875,0.9025312376914778,0.9474715612355696,0.9693259498850934,0.9844240867710617,0.8357365254978621,0.9105190357000775,0.004585641026496887,0.9611083984375,0.8663589628270483,0.9259730961170889,0.9549820055190203,0.9769726808973733,0.7777359201350762,0.8749735113368043,kvasir_seg,segmentation
367,0.0024648854229599236,0.9737750244140625,0.9036569127673117,0.9481255877346283,0.9696715589426808,0.9846022851273746,0.8376422665919429,0.911648890341882,0.004559793919324875,0.96159912109375,0.8675004995459604,0.9266627412648625,0.9555700557597416,0.9772803106135735,0.7794309433321792,0.8760451719161514,kvasir_seg,segmentation
368,0.0024784219078719614,0.9732662963867188,0.9020924543193616,0.9472206444764584,0.9690799774667271,0.9842972236338251,0.8351049311719961,0.9101440653190915,0.004524255692958831,0.961236572265625,0.8674615404464068,0.9266654356377728,0.9550663074422597,0.9770167935549331,0.7798567734505537,0.8763140777206126,kvasir_seg,segmentation
369,0.002484679762274027,0.973570556640625,0.9030491891632304,0.9477746839519546,0.9694321957293537,0.9844788745015282,0.8366661825971071,0.9110704934023811,0.0045365473628044125,0.9613623046875,0.8672137921166867,0.9264982647361664,0.9552637083687684,0.9771200726327837,0.7791638758646049,0.8758764568395492,kvasir_seg,segmentation
370,0.0025378772616386413,0.9727203369140625,0.8999883101935648,0.9459923987282921,0.9684767636472807,0.9839859748741401,0.8314998567398489,0.9079988225824441,0.00457070603966713,0.961241455078125,0.8669592136752715,0.9263453859291575,0.9551165519287322,0.9770430831722079,0.7788018754218107,0.8756476886861072,kvasir_seg,segmentation
371,0.0025220769317820667,0.9731613159179687,0.9016341766465095,0.9469527474858483,0.9689678351584611,0.9842393744136296,0.8343005181345579,0.9096661205580672,0.0045456324145197865,0.961466064453125,0.8677618372218332,0.9268390243069674,0.955361826987527,0.9771713999954457,0.7801618474561395,0.8765066486184891,kvasir_seg,segmentation
372,0.0024221277330070735,0.9740325927734375,0.9046527147302243,0.9487039404971136,0.9699565678388405,0.9847491905904714,0.839348861621608,0.9126586904037559,0.004601677805185318,0.961431884765625,0.8668352979507401,0.9262519537984276,0.9553930060411162,0.9771877091607304,0.7782775898603641,0.8753161984361248,kvasir_seg,segmentation
373,0.0025355377327650787,0.9727426147460938,0.9001981466481186,0.9461168593827393,0.96849235141306,0.9839940203149266,0.8319039418831773,0.908239698450552,0.00458020806312561,0.961455078125,0.8673589558842048,0.9265836040183129,0.9553809631470501,0.9771814098153342,0.7793369486213595,0.8759857982212916,kvasir_seg,segmentation
374,0.00246935217641294,0.9735714721679688,0.9029389617730221,0.9477089659110978,0.9694414519447337,0.9844836473686025,0.8364364716013106,0.9109342844535931,0.004557660445570945,0.961278076171875,0.8672151738989853,0.9265055423238191,0.9551457716464383,0.9770583712968933,0.7792845761515323,0.8759527133507448,kvasir_seg,segmentation
375,0.0025135151855647563,0.9729891967773437,0.9010391840452199,0.946606573709953,0.9687726573671228,0.9841386751710388,0.8333057107233168,0.9090744722488673,0.004576385840773582,0.961158447265625,0.8667319437544536,0.9262069647169981,0.9550199815379699,0.9769925530752657,0.7784439059709375,0.8754213763587306,kvasir_seg,segmentation
376,0.0025257264263927937,0.9727914428710938,0.9002299694440193,0.9461332183309181,0.9685576334061711,0.984027713458699,0.8319023054818676,0.9082387232031374,0.004538395442068577,0.961285400390625,0.8676746726467071,0.926797269507419,0.9551162392459478,0.9770429195701618,0.7802331060474664,0.8765516194446763,kvasir_seg,segmentation
377,0.0024832845712080597,0.97319091796875,0.9014732332989487,0.9468549906930253,0.969020470934793,0.9842665276859721,0.8339259956631043,0.9094434537000784,0.004584163129329681,0.961380615234375,0.8672149196947314,0.9264975913684732,0.9552892062090929,0.9771334114416803,0.7791406331803699,0.875861771295266,kvasir_seg,segmentation
378,0.002516884314827621,0.97322265625,0.9021328162562865,0.9472470894033879,0.9690164896512953,0.9842644739078891,0.8352491428612777,0.9102297048988867,0.004588682465255261,0.961424560546875,0.8668609443985229,0.9262688502382757,0.9553806293107576,0.9771812351925723,0.7783412594862882,0.8753564652839789,kvasir_seg,segmentation
379,0.0025442613009363413,0.9735885620117187,0.902944622507905,0.9477114226167623,0.9694647142712646,0.9844956421369377,0.8364245307445455,0.9109272030965869,0.004529702439904213,0.9609912109375,0.8670489728299149,0.9264215651769885,0.9547580754766917,0.9768554865735621,0.7793398701831381,0.8759876437804148,kvasir_seg,segmentation
380,0.0024678499391302465,0.9733148193359376,0.9021937402004837,0.94727845596751,0.9691398675980619,0.9843281155850139,0.8352476128029055,0.9102287963500062,0.00454796601086855,0.961199951171875,0.8673065289766106,0.9265696047026122,0.955028438835146,0.9769969785239293,0.7795846191180752,0.8761422308812952,kvasir_seg,segmentation
381,0.002527379593811929,0.9728109741210937,0.9002914520339983,0.9461689571195449,0.9685802038320714,0.9840393619184191,0.8320027002359252,0.9082985523206707,0.004577368795871735,0.961468505859375,0.8676775970266131,0.9267852776040532,0.9553724803794498,0.9771769726390493,0.7799827136737764,0.876393582569057,kvasir_seg,segmentation
382,0.002512403135187924,0.9729098510742188,0.9005445994338929,0.9463150544812371,0.9686986834398419,0.9841005041434445,0.8323905154279438,0.9085296048190296,0.0045240046828985215,0.961488037109375,0.8682624940652224,0.9271554909004264,0.9553493335445465,0.9771648647689397,0.7811756545858982,0.877146117031913,kvasir_seg,segmentation
383,0.0025083342613652347,0.9732977294921875,0.901990581160599,0.9471581429133887,0.969130932993861,0.9843235071427141,0.8348502293273372,0.9099927786840634,0.004563936479389668,0.96157470703125,0.8675555192125204,0.9266995941056196,0.9555313200604977,0.9772600523022427,0.7795797183645431,0.8761391359089966,kvasir_seg,segmentation
384,0.002493480462580919,0.9732382202148437,0.9018227833676568,0.9470611984170222,0.9690606748486261,0.9842872667426806,0.8345848918866874,0.9098351300913637,0.004570360295474529,0.961361083984375,0.8670668387617164,0.9264048095229096,0.9552745585104582,0.9771257487625606,0.7788591190129746,0.8756838702832586,kvasir_seg,segmentation
385,0.0025204887799918653,0.973006591796875,0.9010850387603828,0.9466330383371735,0.9687934174474556,0.9841493869920575,0.8333766600733101,0.9091166896822896,0.0045426743477582935,0.961474609375,0.8677579096232859,0.9268358812413229,0.9553741234958979,0.9771778321253848,0.7801416957506739,0.8764939303572611,kvasir_seg,segmentation
386,0.00245613609906286,0.9738812255859375,0.9041753041111321,0.9484282588293687,0.9697812382821012,0.9846588234619124,0.8385693699401631,0.9121976941968251,0.004562977217137814,0.961531982421875,0.8675684512228334,0.9267110568869541,0.9554705527426659,0.9772282700985301,0.7796663497030011,0.8761938436753781,kvasir_seg,segmentation
387,0.0024320106860250233,0.9734994506835938,0.9030906412181174,0.9478031799902302,0.9693305248108178,0.9844264460420485,0.8368507576254169,0.9111799139384118,0.004538785591721535,0.9616064453125,0.8682662880163545,0.9271489889725112,0.95551494715866,0.9772514892274405,0.7810176288740489,0.8770464887175818,kvasir_seg,segmentation
388,0.0024892242625355722,0.973192138671875,0.9015672868061766,0.9469111152014617,0.9690153692149058,0.9842638959199956,0.8341192043974472,0.9095583344829277,0.004549508020281792,0.961650390625,0.8680039697921766,0.9269790150342484,0.9555988976042745,0.9772953940349837,0.7804090419800789,0.8766626360335131,kvasir_seg,segmentation
389,0.002502324040979147,0.97287353515625,0.9005647057609878,0.9463290880366799,0.9686469712024304,0.9840738185890082,0.8324824403195452,0.9085843574843515,0.0045371224358677865,0.96141357421875,0.8676543020792418,0.9267746210483542,0.9552976081885625,0.9771378067337531,0.7800109959699212,0.8764114353629553,kvasir_seg,segmentation
390,0.002485662759281695,0.973118896484375,0.9013787106838552,0.946802437661066,0.9689276249020312,0.9842186301289186,0.8338297964656792,0.9093862451932132,0.004565859772264957,0.961318359375,0.8673427061951856,0.9265836381104454,0.9551911671958626,0.9770821219142463,0.7794942451945086,0.8760851543066446,kvasir_seg,segmentation
391,0.0025245381612330675,0.9730499267578125,0.9013347193078499,0.9467799129958889,0.9688352808194592,0.9841709870377935,0.8338341577962406,0.9093888389539845,0.0045634575560688975,0.961380615234375,0.867269599757942,0.9265323924876812,0.9552845298634162,0.9771309651083327,0.779254669652468,0.8759338198670296,kvasir_seg,segmentation
392,0.002491623121313751,0.972811279296875,0.9003493839654741,0.946203627668563,0.9685764229350997,0.9840374106390809,0.8321223449958485,0.908369844698045,0.004556535445153713,0.961270751953125,0.8670508948686757,0.926401530170378,0.9551496542958261,0.9770604027136085,0.7789521354415252,0.8757426576271474,kvasir_seg,segmentation
393,0.0024334915168583394,0.9741128540039062,0.9047470727501229,0.9487557599267361,0.97006102360117,0.9848030207997807,0.8394331218990758,0.9127084990536916,0.0045499933511018754,0.96109375,0.8667665801223396,0.9262339610878936,0.9549264542623499,0.9769436105182496,0.7786067059823295,0.8755243116575374,kvasir_seg,segmentation
394,0.002485529677942395,0.9733880615234375,0.9023826927646263,0.9473872180287404,0.969227642118594,0.9843733871984961,0.8355377434106586,0.9104010488589845,0.004589628726243973,0.96148193359375,0.8669307122554166,0.9263089200623349,0.9554547276940536,0.9772199930404547,0.7784066968167797,0.8753978470842151,kvasir_seg,segmentation
395,0.0025430551543831827,0.9726626586914062,0.8997502513046987,0.94585293619565,0.9684142232784283,0.983953694121878,0.8310862793309691,0.9077521782694219,0.004572208561003208,0.96137939453125,0.8672299734356048,0.9265072654734159,0.9552862131782637,0.9771318457009651,0.7791737336929461,0.8758826852458668,kvasir_seg,segmentation
396,0.002475913786329329,0.973592529296875,0.902958982087537,0.9477197657831209,0.9694691717385209,0.9844979405112859,0.836448792436553,0.9109415910549559,0.004571743421256542,0.961495361328125,0.8673952313469915,0.9266036305547823,0.9554341437499356,0.9772092267118747,0.7793563189440473,0.87599803439769,kvasir_seg,segmentation
397,0.0024799851747229697,0.973145751953125,0.9016058868873968,0.9469366973521645,0.9689483273149997,0.9842293105135245,0.834263446459794,0.9096440841908044,0.0046078643947839735,0.961475830078125,0.8670827367954584,0.9264062027028089,0.9554333873250916,0.9772088310633417,0.7787320862658252,0.8756035743422762,kvasir_seg,segmentation
398,0.002479010736569762,0.9732351684570313,0.9018221808678355,0.9470610043571102,0.9690564916694961,0.9842851089029611,0.834587870066175,0.9098368998112593,0.00455905232578516,0.961383056640625,0.8673111476564819,0.9265586474596488,0.955284386214989,0.9771308899614491,0.7793379090979748,0.8759864049578483,kvasir_seg,segmentation
399,0.002432372383773327,0.9738836669921875,0.9042347161977318,0.9484634435719983,0.9697803070912011,0.9846583434710927,0.8386891253042625,0.9122685436729039,0.00457209225744009,0.96130859375,0.8669647110501146,0.9263437751159884,0.9552099392783573,0.9770919430073203,0.778719482821872,0.8755956072246566,kvasir_seg,segmentation
400,0.0024797716457396744,0.973565673828125,0.9028326852879991,0.9476459469423659,0.9694410987939087,0.9844834652710327,0.8362242717820894,0.910808428613699,0.004578938484191894,0.961424560546875,0.86723400040121,0.9265063976354094,0.9553489804769658,0.9771646800807177,0.7791190203254542,0.8758481151901012,kvasir_seg,segmentation
401,0.002487242673523724,0.973472900390625,0.9025958994386982,0.9475097875058551,0.9693297273074959,0.9844260347735486,0.8358620715699007,0.9105935402381617,0.004566882513463497,0.9612548828125,0.8669362266594811,0.9263297258952963,0.9551373019057523,0.9770539398688174,0.7787351514132098,0.875605511921775,kvasir_seg,segmentation
402,0.0024659932451322674,0.9734799194335938,0.9026379916483303,0.9475345047789825,0.9693364036566898,0.9844294777233725,0.8359395796399707,0.9106395318345925,0.004549048207700253,0.961488037109375,0.8677640030568725,0.9268387401196339,0.9553923897427585,0.9771873867919115,0.7801356163709866,0.8764900934473563,kvasir_seg,segmentation
403,0.002503767083398998,0.9736654663085937,0.9034155125118045,0.9479877514261166,0.9695371817736034,0.9845330067853991,0.8372938432500057,0.9114424960668339,0.004545072726905346,0.961466064453125,0.8677133740904364,0.926808211500078,0.9553659926388663,0.9771735789979156,0.7800607555420063,0.8764428440022403,kvasir_seg,segmentation
404,0.0024436128139495848,0.9736480712890625,0.9034768213946456,0.9480251711351662,0.9695085886201543,0.9845182643243978,0.8374450541691367,0.9115320779459345,0.004618372172117234,0.961307373046875,0.8661781780003934,0.9258425609538513,0.9552748248214414,0.9771258880793687,0.7770815311793453,0.8745592338283339,kvasir_seg,segmentation
405,0.002487916462123394,0.973006591796875,0.9009801029398432,0.9465702914418614,0.9688010344630207,0.9841533171758574,0.8331591714166657,0.9089872657078656,0.004534918516874313,0.9613232421875,0.8675113300324893,0.9266905367318423,0.9551834516548833,0.9770780852777864,0.7798392084100951,0.8763029881858984,kvasir_seg,segmentation
406,0.0024502752954140305,0.9739578247070313,0.9043791904052765,0.9485453881136677,0.969872691069276,0.984705961422121,0.8388856897412771,0.9123848148052145,0.004511785134673119,0.96133544921875,0.8678794039021251,0.9269236215303345,0.9551686166160961,0.977070323754738,0.7805901911881542,0.8767769193059309,kvasir_seg,segmentation
407,0.002423675563186407,0.9744195556640625,0.906000129478202,0.9494829839277461,0.9703958567902496,0.9849755351912001,0.8416044021661543,0.9139904326642923,0.004555121101438999,0.9615966796875,0.8677725491359956,0.9268359595706803,0.9555435598217565,0.9772664536389589,0.7800015384502346,0.8764054655024018,kvasir_seg,segmentation
408,0.0024879346042871475,0.9733721923828125,0.9020844126665446,0.9472101136009459,0.9692272315758578,0.984373175461566,0.8349415937572315,0.9100470517403257,0.004580613970756531,0.96135498046875,0.866847759968778,0.9262657553917899,0.9552846791620001,0.9771310432109743,0.7784108407755561,0.8754004675726055,kvasir_seg,segmentation
409,0.0024928746232762934,0.9732400512695313,0.901959316219573,0.9471426069093192,0.96905329269546,0.9842834587467277,0.834865339743686,0.9100017550719107,0.00458483349531889,0.961435546875,0.8671358918403704,0.9264431100071614,0.9553726690086473,0.9771770713078556,0.7788991146720937,0.8757091487064672,kvasir_seg,segmentation
410,0.002494712728075683,0.9732894897460938,0.901884728844365,0.9470954003548624,0.9691271801448538,0.9843215714218748,0.8346422775438763,0.9098692292878501,0.004536911621689796,0.96140869140625,0.867788655155904,0.9268604097573119,0.9552791762562677,0.9771281644653127,0.7802981340555403,0.8765926550493112,kvasir_seg,segmentation
411,0.002510458449833095,0.9729373168945312,0.9010231152224336,0.9465998070174828,0.96870193444552,0.984102181743782,0.8333442959993472,0.9090974322911838,0.0045901233330369,0.961217041015625,0.8667294621472952,0.9262009142045986,0.9551021158008226,0.977035529839429,0.7783568084937679,0.8753662985697682,kvasir_seg,segmentation
412,0.0024682001024484636,0.9738433837890625,0.9037765571034655,0.9481931404896589,0.9697576270163445,0.9846466526800739,0.8377954871905865,0.9117396282992438,0.004545018672943115,0.961337890625,0.8671549100115271,0.9264626407625762,0.9552346182602172,0.977104854158313,0.7790752017628371,0.8758204273668395,kvasir_seg,segmentation
413,0.002487499127164483,0.9731915283203125,0.9015184711209673,0.9468819855978283,0.9690180514658472,0.9842652795838576,0.8340188907760874,0.9094986916117992,0.0045287424698472025,0.961309814453125,0.8675521563127138,0.9267175188037605,0.955161105955183,0.977066394217723,0.7799432066702446,0.876368643389798,kvasir_seg,segmentation
414,0.002491901949979365,0.9734197998046875,0.9024821041587527,0.9474447941476365,0.9692644073310847,0.984392348455345,0.8356998009864207,0.9104972398399281,0.00455955371260643,0.9612255859375,0.8671352230787824,0.9264586453122244,0.955079188415828,0.9770235334454301,0.7791912577417369,0.8758937571790187,kvasir_seg,segmentation
415,0.0024434886034578086,0.973857421875,0.9038897962618222,0.9482597556293006,0.9697689084600766,0.9846524679062189,0.8380106840635677,0.9118670433523824,0.0045803279057145116,0.961419677734375,0.8671224489775576,0.9264357583398183,0.9553516560359736,0.97716607965314,0.7788932419191417,0.8757054370264966,kvasir_seg,segmentation
416,0.0025144646037369967,0.973023681640625,0.9010515896741332,0.9466121030144526,0.9688195111213925,0.9841628505292251,0.8332836682268739,0.9090613554996801,0.004572104886174202,0.961470947265625,0.8673954112622144,0.9266055970949563,0.9554000262825223,0.9771913812427077,0.7793907962419065,0.876019812947205,kvasir_seg,segmentation
417,0.0024895089119672774,0.9731610107421875,0.9015308028719344,0.9468910152410114,0.9689749156340034,0.9842430271103751,0.8340866901098655,0.9095390033716476,0.00453491073101759,0.96115966796875,0.8671067200139693,0.9264455136045537,0.954989326622197,0.9769765119610286,0.7792241134057416,0.875914515248079,kvasir_seg,segmentation
418,0.0025249722972512244,0.9731396484375,0.9014028988653049,0.9468157595804894,0.9689546022431523,0.9842325477075609,0.8338511954874573,0.909398971453418,0.004598742462694645,0.961180419921875,0.8665860171371753,0.9261123119091066,0.9550632133312578,0.9770151745670803,0.7781088209430929,0.875209449251133,kvasir_seg,segmentation
419,0.0024636819725856185,0.9734130859375,0.9026891836123044,0.9475686145302722,0.9692400252519561,0.9843797737433718,0.8361383419726528,0.9107574553171726,0.0045810027047991754,0.961474609375,0.8673990470620303,0.9266076327275038,0.9554048325560328,0.977193895247935,0.7793932615680278,0.8760213702070726,kvasir_seg,segmentation
420,0.0024179576244205236,0.9740029907226563,0.9044992347872558,0.9486143319856633,0.9699266302553565,0.9847337615103233,0.8390718393191551,0.9124949024610032,0.004564172253012657,0.96117919921875,0.8668875368082719,0.9263044836727123,0.9550356228375043,0.9770007376657234,0.7787394507790395,0.8756082296797013,kvasir_seg,segmentation
421,0.002518275463953614,0.9727947998046875,0.9005598712971867,0.9463305295867861,0.9685382456575901,0.984017707346143,0.8325814969367833,0.9086433518274293,0.004592608548700809,0.961429443359375,0.8671068553863426,0.9264250877993108,0.9553666147305632,0.9771739044058565,0.7788470960421219,0.875676271192765,kvasir_seg,segmentation
422,0.002480534128844738,0.9736358642578125,0.9031662813542293,0.9478409336109044,0.9695142177585779,0.984521166708755,0.8368183449498806,0.9111607005130538,0.0045427880063653,0.96145263671875,0.8677770049955362,0.9268496822532295,0.9553417253213528,0.9771608849234229,0.7802122846697197,0.8765384795830362,kvasir_seg,segmentation
423,0.0025498172268271445,0.9720321655273437,0.898192504142749,0.9449532504507312,0.9676549418109784,0.983561620738618,0.8287300664745195,0.9063448801628445,0.00463424701243639,0.961414794921875,0.8664154782218124,0.9259856801011397,0.9554044692877955,0.9771937052345764,0.7774264871558293,0.8747776549677031,kvasir_seg,segmentation
424,0.0025021194806322455,0.97326416015625,0.9019513087112352,0.9471365203487249,0.9690872830484999,0.984300992029342,0.8348153343739706,0.9099720486681078,0.004558177441358566,0.961531982421875,0.8676282589778908,0.9267490973087051,0.9554654554497751,0.9772256040493533,0.7797910625060063,0.8762725905680568,kvasir_seg,segmentation
425,0.0025343017093837263,0.9727294921875,0.9002416954817631,0.9461436635808909,0.9684709986817882,0.9839829993231674,0.832012392281738,0.9083043278386144,0.004563786312937737,0.961357421875,0.8674035962451108,0.9266194152876478,0.9552405945296479,0.9771079806773758,0.7795665979605735,0.8761308498979198,kvasir_seg,segmentation
426,0.002527913781814277,0.9732162475585937,0.9018261031654118,0.9470643733549798,0.9690299946609789,0.9842714405453467,0.8346222116698446,0.909857306164613,0.004589897431433201,0.96125244140625,0.8666564916524995,0.9261517204215913,0.9551577995647508,0.9770646643226283,0.7781551837402482,0.8752387765205544,kvasir_seg,segmentation
427,0.0025199160259217024,0.9732192993164063,0.9017413534233593,0.9470136027339984,0.969040373286523,0.9842767943544997,0.8344423335601955,0.9097504111134972,0.0045270492509007455,0.961229248046875,0.8675936986491142,0.9267500345116622,0.9550445223558767,0.9770053944398408,0.7801428749423516,0.8764946745834834,kvasir_seg,segmentation
428,0.002441356792114675,0.973731689453125,0.9035905828211128,0.9480884225624339,0.9696162961362412,0.9845737954527682,0.8375648695059845,0.9116030496720995,0.0045572793111205104,0.9614013671875,0.8674693903211865,0.9266579397907518,0.9552964262587611,0.9771371884380856,0.7796423543836121,0.8761786911434181,kvasir_seg,segmentation
429,0.0025332969054579733,0.9728118896484375,0.9005700068417001,0.9463356542669743,0.9685611938064963,0.9840295509774263,0.8325788198769039,0.9086417575565224,0.004569953233003616,0.9615625,0.8676077210557844,0.9267337240174239,0.9555098396046984,0.9772488179326702,0.7797056025068704,0.8762186301021777,kvasir_seg,segmentation
430,0.002455317750573158,0.9736785888671875,0.903445800581816,0.9480050811046167,0.9695531783304421,0.9845412543288793,0.8373384228331898,0.9114689078803541,0.004564860388636589,0.961361083984375,0.8672170159585346,0.926500409365449,0.9552617258996692,0.9771190355195312,0.7791723060174,0.8758817832113669,kvasir_seg,segmentation
431,0.0024663694109767677,0.9736993408203125,0.9033308861358337,0.9479355631950506,0.9695902578169371,0.9845603713450692,0.8370715144547303,0.9113107550450319,0.004558289535343647,0.961356201171875,0.8673272728576114,0.926570946658984,0.9552454453046446,0.9771105183736244,0.7794091004105781,0.8760313749443436,kvasir_seg,segmentation
432,0.0024532381957396866,0.9733892822265625,0.9026305971741871,0.9475349719164193,0.9692112786757097,0.9843649477038362,0.8360499156726646,0.9107049961290025,0.004590399339795112,0.96138671875,0.8668967946054122,0.9262945704276273,0.9553248103223874,0.977152036612144,0.778468778888437,0.8754371042431105,kvasir_seg,segmentation
433,0.0025586394732818006,0.9722894287109375,0.898673003255422,0.9452274460079029,0.967976102516502,0.9837274967706426,0.829369903994342,0.9067273952451632,0.004571034908294678,0.9613037109375,0.8670834450243166,0.9264197458952346,0.9551929529962833,0.9770830562093368,0.7789739370523497,0.8757564355811324,kvasir_seg,segmentation
434,0.002467255755327642,0.9733319091796875,0.9022880880220661,0.9473338187405925,0.969156692164087,0.9843367935326587,0.835419483880045,0.9103308439485264,0.004558032155036926,0.96155029296875,0.8677269235167007,0.9268104562284963,0.9554826272287016,0.9772345853901101,0.7799712198046999,0.8763863270668826,kvasir_seg,segmentation
435,0.002556828921660781,0.9726577758789062,0.8996812141365305,0.9458118227829745,0.9684124687456029,0.9839527884750057,0.8309499595274579,0.9076708570909433,0.004589456096291542,0.961204833984375,0.8664067160968734,0.9259961608030604,0.9551125963253718,0.977041013515542,0.777700835868375,0.8749513080905787,kvasir_seg,segmentation
436,0.0024134550150483845,0.9741714477539063,0.9049879926506282,0.9488957201456756,0.9701248659527967,0.9848359184925292,0.8398511193484598,0.9129555217988219,0.004594452865421772,0.961407470703125,0.8668769689610383,0.9262803606533117,0.9553554407333831,0.9771680594041398,0.7783984971886936,0.8753926619024837,kvasir_seg,segmentation
437,0.002461121268570423,0.9737179565429688,0.9033934855725606,0.9479718397603348,0.9696115246213316,0.9845713355152557,0.8371754465237896,0.911372344005414,0.004545259103178978,0.96131103515625,0.8675950940310352,0.926744731550776,0.9551590950890685,0.9770653421383652,0.7800310929730019,0.8764241209631868,kvasir_seg,segmentation
438,0.0025361750647425654,0.9726272583007812,0.8997950452551574,0.9458817507168104,0.9683619761004625,0.9839267247164489,0.8312281144098523,0.9078367767171718,0.004539322257041931,0.96118896484375,0.8672846259244509,0.9265565027491991,0.9550149412535719,0.9769899156281726,0.7795543105953299,0.8761230898702257,kvasir_seg,segmentation
439,0.0024990524863824247,0.9731396484375,0.9015055250970327,0.9468770776773274,0.9689471650916344,0.9842287109278931,0.8340638851024311,0.9095254444267619,0.004546173289418221,0.961597900390625,0.8677531060677391,0.926823504291598,0.9555469202615615,0.9772682111189167,0.7799592918739168,0.8763787974642794,kvasir_seg,segmentation
440,0.002428096476942301,0.9737033081054688,0.9035131156770553,0.9480438304743075,0.9695825664464326,0.984556405975685,0.8374436649076779,0.9115312549729302,0.004539608433842659,0.96147705078125,0.8680093926372119,0.9269955385697526,0.9553558671284682,0.9771682824482003,0.7806629181459556,0.8768227946913049,kvasir_seg,segmentation
441,0.002522123348899186,0.9732015991210937,0.9018263389807529,0.9470653093091259,0.96900967757187,0.9842609598210069,0.8346430003896359,0.909869658797245,0.00456425242125988,0.961356201171875,0.8671730202810473,0.9264727770199439,0.955258665038392,0.9771174342496882,0.7790873755237024,0.8758281197901995,kvasir_seg,segmentation
442,0.0024481629440560935,0.9738845825195312,0.9038911406785488,0.9482591148879905,0.9698064330379907,0.9846718101557612,0.837975848319107,0.9118464196202198,0.004560943804681301,0.96138427734375,0.8673868417451328,0.9266067188886025,0.9552796049607555,0.9771283887348982,0.7794940785295101,0.8760850490423067,kvasir_seg,segmentation
443,0.0025308136362582447,0.9731112670898437,0.9014202421307795,0.9468276707392944,0.9689140467694913,0.9842116250419805,0.8339264374920677,0.9094437164366084,0.0046021009236574175,0.961566162109375,0.8671434856014849,0.9264380124624348,0.95555420664563,0.9772720218118587,0.7787327645573399,0.875604003113011,kvasir_seg,segmentation
444,0.0025240410258993507,0.9732199096679688,0.9016589429420527,0.9469643523827638,0.9690471831782934,0.9842803072033324,0.8342707027058119,0.9096483975621953,0.004551604613661766,0.96138427734375,0.8674663652813805,0.9266573107873645,0.9552727761163136,0.9771248163274046,0.7796599544464475,0.8761898052473244,kvasir_seg,segmentation
445,0.002465283935889602,0.97373046875,0.903535800628777,0.9480558854389143,0.9696185733293932,0.9845749694473835,0.837453027928161,0.911536801430445,0.004547639302909374,0.961329345703125,0.86745651350937,0.9266552073887699,0.9551967346891244,0.9770850347098196,0.7797162923296157,0.8762253800677202,kvasir_seg,segmentation
446,0.002432201630435884,0.9740353393554687,0.9046465050179087,0.948700108132267,0.9699608273738463,0.9847513858099408,0.839332182661971,0.9126488304545931,0.004545509293675423,0.961279296875,0.8672892125071026,0.9265525651401385,0.955141096242861,0.9770559250975068,0.779437328771344,0.8760492051827703,kvasir_seg,segmentation
447,0.0024667169200256467,0.9730691528320312,0.9014433263795887,0.9468437594946315,0.9688540073284346,0.9841806489685705,0.8340326454307428,0.9095068700206926,0.004551328793168068,0.961300048828125,0.8672553601324409,0.9265294480090218,0.9551730622666491,0.9770726496807487,0.7793376579982325,0.8759862463372948,kvasir_seg,segmentation
448,0.002598197222687304,0.9725595092773438,0.899560865973219,0.9457451356006479,0.9682852364119301,0.9838871099567439,0.8308364955345081,0.9076031612445518,0.004570016637444496,0.96135986328125,0.8670908176013392,0.9264201689942863,0.9552708070442819,0.9771237862322848,0.7789108281583965,0.8757165517562877,kvasir_seg,segmentation
449,0.0024924212601035835,0.9731808471679687,0.9017855502985082,0.9470420825863557,0.9689838843677814,0.9842476538896724,0.8345872162292348,0.9098365112830391,0.004550395868718624,0.961319580078125,0.8674196233199964,0.9266324807472429,0.9551862443109915,0.9770795463504293,0.7796530023290014,0.8761854151440566,kvasir_seg,segmentation
450,0.0024880026374012234,0.97333984375,0.9023697541810466,0.947382102252923,0.9691617437593313,0.9843393990674453,0.8355777646027619,0.9104248054384007,0.004555610008537769,0.961322021484375,0.8671296142965729,0.926447744854648,0.9552145981892259,0.9770943804059918,0.7790446304039198,0.8758011093033041,kvasir_seg,segmentation
451,0.002502216431312263,0.9735787963867187,0.9030083293816537,0.9477499018546791,0.9694465785369433,0.9844862908209706,0.836570080226364,0.9110135128883877,0.004558269418776035,0.961326904296875,0.8672842040193566,0.9265457642762125,0.9552081595487937,0.9770910119045622,0.7793602484899195,0.8760005166478627,kvasir_seg,segmentation
452,0.002408798118121922,0.974293212890625,0.905395809830764,0.9491313301304172,0.9702642596423009,0.984907740059652,0.8405273600192269,0.9133549202011824,0.004554496817290783,0.961522216796875,0.8675077331788025,0.9266731723491155,0.9554620803859988,0.9772238387741021,0.7795533859716062,0.876122505924129,kvasir_seg,segmentation
453,0.002463976573199034,0.9734481811523438,0.902746420806201,0.947600843704999,0.9692845331446392,0.9844027278240424,0.836208308467763,0.9107989595859556,0.004561908356845379,0.961212158203125,0.8672534156613415,0.9265348836425977,0.9550501556798136,0.9770083421186929,0.7794566756428695,0.8760614251665024,kvasir_seg,segmentation
454,0.0025074013229459523,0.9731146240234375,0.9012555511864953,0.9467290641855047,0.9689306213134792,0.984220175992898,0.8335804810595112,0.9092379523781114,0.00458232443779707,0.961396484375,0.8670958447525517,0.9264205843314224,0.955321532664566,0.9771503220370363,0.7788701568405375,0.8756908466258085,kvasir_seg,segmentation
455,0.00253078387118876,0.9728289794921875,0.9005088441119349,0.9462981084664557,0.9685893353889125,0.9840440745835485,0.8324283528349574,0.9085521423493629,0.0045817776024341585,0.9615234375,0.8673586214163344,0.9265782035891458,0.9554764528066001,0.9772313560055927,0.7792407900260686,0.8759250511726988,kvasir_seg,segmentation
456,0.002525845728814602,0.9728158569335937,0.9005924850712885,0.9463488873581474,0.9685650492131304,0.9840315407410923,0.8326199209294468,0.9086662339752024,0.004550436623394489,0.961328125,0.8673038282571339,0.926558159268728,0.9552081801625181,0.9770910226890731,0.7793994763517497,0.876025295848383,kvasir_seg,segmentation
457,0.0024336180556565525,0.9736325073242188,0.9034279154330548,0.9479968912765089,0.969490558249196,0.9845089677515766,0.8373652726169135,0.9114848148014413,0.004533081725239754,0.961458740234375,0.8679354320390613,0.9269499208862644,0.9553366057912669,0.9771582068905936,0.7805342582868559,0.8767416348819351,kvasir_seg,segmentation
458,0.002435433128848672,0.973916015625,0.904267400622595,0.9484811610007771,0.9698228106955818,0.9846802518782073,0.8387119905496083,0.9122820701233469,0.004549818560481072,0.961341552734375,0.8670912430389455,0.9264218324278619,0.9552451841476525,0.9771103817489482,0.7789373019302385,0.8757332831067756,kvasir_seg,segmentation
459,0.002496516425162554,0.97323974609375,0.9017504430788836,0.9470179197557984,0.9690680264957507,0.9842910589740786,0.8344328596620166,0.9097447805375182,0.004539974965155125,0.96142333984375,0.8680100681291348,0.9270000188677154,0.9552805261845728,0.9771288706574037,0.7807396100736969,0.8768711670780273,kvasir_seg,segmentation
460,0.0025526717910543083,0.9723934936523437,0.8987726454690951,0.9452814394687499,0.9681128186038825,0.9837980927238017,0.8294324723343076,0.9067647862136979,0.0045440345257520675,0.961243896484375,0.8671511403911838,0.9264673849416867,0.9551034491534499,0.9770362274865865,0.7791988316289177,0.875898542396787,kvasir_seg,segmentation
461,0.0024289265647530556,0.9739715576171875,0.9043976750346606,0.9485556476486618,0.9698903959576746,0.9847150866342047,0.8389049541116467,0.9123962086631191,0.004580377452075481,0.961490478515625,0.8673844637123479,0.926597149365789,0.9554282404135529,0.9772061389596068,0.7793406870111429,0.8759881597719711,kvasir_seg,segmentation
462,0.0024597106454893945,0.9735971069335938,0.90321005433517,0.9478690737253598,0.9694573190772002,0.984491828979005,0.8369627895931396,0.9112463184717146,0.004592214114964009,0.961405029296875,0.8670300542598703,0.926378043992018,0.9553390570306052,0.9771594891388212,0.7787210514891354,0.8755965988452146,kvasir_seg,segmentation
463,0.0025185683835297823,0.9731045532226562,0.9013089378398844,0.9467615232013042,0.9689128217898798,0.984210993058667,0.8337050538898889,0.9093120533439415,0.004586799815297127,0.9614697265625,0.8673897625148372,0.9266020954166341,0.9553988023070769,0.9771907410190186,0.7793807227225977,0.8760134498142496,kvasir_seg,segmentation
464,0.0025172165874391794,0.972801513671875,0.9001709029081061,0.9460972860873906,0.9685758429877782,0.9840371113339844,0.831765962828434,0.9081574608407967,0.004572469927370548,0.961502685546875,0.867499392266737,0.9266693463858682,0.9554355060471666,0.9772099392616029,0.7795632784863074,0.8761287535101333,kvasir_seg,segmentation
465,0.002503857407718897,0.9731594848632813,0.901618007383248,0.9469431895554581,0.9689664735870125,0.9842386719990964,0.8342695411794835,0.9096477071118199,0.004606887921690941,0.96142578125,0.8669954843999359,0.9263544501520875,0.9553709507257226,0.97717617250184,0.7786200180741493,0.8755327278023352,kvasir_seg,segmentation
466,0.0024719566106796266,0.9734552001953125,0.9024555674132855,0.947427060844044,0.9693153580544814,0.9844186245641062,0.8355957767720894,0.9104354971239819,0.004547620452940464,0.961143798828125,0.8671724045857122,0.9264885235306914,0.9549613794995175,0.9769618873432617,0.7793834296719069,0.8760151597181212,kvasir_seg,segmentation
467,0.0024388745008036496,0.9737734985351563,0.9036542943768141,0.948124110847836,0.9696696337408262,0.9846012926535452,0.8376389550128021,0.9116469290421269,0.004556920267641544,0.961312255859375,0.8671546631682984,0.92646443199803,0.9551987944823038,0.9770861123461574,0.7791105318542929,0.8758427516499027,kvasir_seg,segmentation
468,0.002461132714524865,0.974156494140625,0.9048377124062895,0.9488072901095344,0.9701149644328774,0.9848308164210482,0.8395604603797017,0.9127837637980204,0.004554547443985939,0.961304931640625,0.8670195858298906,0.9263789957797757,0.9552001288918882,0.9770868104772978,0.7788390427678931,0.8756711810822535,kvasir_seg,segmentation
469,0.002476538894698024,0.973597412109375,0.903117967276229,0.9478142144872501,0.9694644310528139,0.9844954961025305,0.836771503499644,0.9111329328719697,0.004577413126826286,0.961427001953125,0.8671348744465928,0.9264431120071432,0.9553608259072274,0.977170876340912,0.7789089229859583,0.8757153476733744,kvasir_seg,segmentation
470,0.00243864294141531,0.9743536376953125,0.9056226672008635,0.9492627070489572,0.9703316830144854,0.984942475806853,0.8409136513872416,0.9135829382910615,0.00453800842165947,0.961259765625,0.8673769941487792,0.9266098972989845,0.9551061518264006,0.9770376415972807,0.7796478364711579,0.8761821530006881,kvasir_seg,segmentation
471,0.0024942468758672475,0.9731512451171875,0.9016782775321991,0.9469796338544016,0.9689506689803861,0.9842305185656619,0.8344058860840121,0.9097287491431414,0.0045616918429732325,0.961241455078125,0.8669436968818576,0.9263355053022697,0.9551178842882266,0.9770437802894362,0.7787695094754886,0.8756272303151034,kvasir_seg,segmentation
472,0.002497366927564144,0.9731341552734375,0.9014860846678379,0.946865762624395,0.9689409679407253,0.9842255138345978,0.8340312013949505,0.9095060114141924,0.004603601545095443,0.9611865234375,0.8664633763954501,0.9260336812315388,0.9550822113067274,0.9770251151417052,0.7778445414841727,0.8750422473213724,kvasir_seg,segmentation
473,0.0025049189478158953,0.973349609375,0.9023775744680645,0.9473862396230985,0.9691747155575781,0.9843460896593457,0.835580433378551,0.9104263895868513,0.004559855721890926,0.961279296875,0.8672487650188785,0.9265268267740281,0.9551445851791946,0.9770577505311742,0.7793529448585623,0.875995903016882,kvasir_seg,segmentation
474,0.002455282164737582,0.9737167358398438,0.9033870885787532,0.9479680964936474,0.9696102954849289,0.9845707018364317,0.8371638816725775,0.9113654911508633,0.004565290734171867,0.961397705078125,0.8674156614248332,0.9266240364173619,0.9552959138233132,0.9771369203706493,0.7795354090263532,0.8761111524640744,kvasir_seg,segmentation
475,0.0024439212400466205,0.9737811279296875,0.9038354731657368,0.9482314917490228,0.9696670771594309,0.9845999746899797,0.8380038691720427,0.9118630088080658,0.004529050961136818,0.961622314453125,0.8682823247652733,0.9271579800779459,0.955535786768512,0.9772623883784995,0.7810288627620348,0.8770535717773922,kvasir_seg,segmentation
476,0.002517017684876919,0.9729119873046875,0.9007854927690055,0.9464590813614895,0.9686841684680049,0.9840930139869187,0.8328868170700062,0.9088251487360602,0.004567799977958202,0.961336669921875,0.8670560783072461,0.9263998157523701,0.9552413656660229,0.977108384100328,0.7788707909484693,0.8756912474044123,kvasir_seg,segmentation
477,0.002529632938094437,0.97306640625,0.9011037853141164,0.9466409728472807,0.9688748667793454,0.9841914111730379,0.8333327038488872,0.9090905345215233,0.004573017284274101,0.961387939453125,0.867322633236387,0.9265655856575821,0.9552902297468239,0.9771339468826757,0.7793550367259503,0.8759972244324883,kvasir_seg,segmentation
478,0.002497034352272749,0.973294677734375,0.9017606871868277,0.9470210526057239,0.9691432988192671,0.9843298853876024,0.8343780755543883,0.9097122198238455,0.004544828198850155,0.96145263671875,0.8677388588879511,0.9268254304704284,0.9553450092269792,0.9771626027313336,0.7801327085489231,0.8764882582095231,kvasir_seg,segmentation
479,0.002538018450140953,0.9727554321289062,0.9000526133704854,0.9460289791639854,0.9685206596503803,0.9840086309507108,0.8315845670905904,0.9080493273772601,0.004622124433517456,0.961014404296875,0.8653224192196705,0.925318756799687,0.9549388499154912,0.9769500973974421,0.7757059885238496,0.8736874162019318,kvasir_seg,segmentation
480,0.002467679427936673,0.9732049560546875,0.9017280192200415,0.9470064193940335,0.9690214748969945,0.9842670455868817,0.8344345635430885,0.9097457932011852,0.004560663439333439,0.961373291015625,0.8673449744090653,0.9265809133902574,0.9552678303843216,0.9771222290263499,0.7794221184338089,0.8760395977541648,kvasir_seg,segmentation
481,0.002493310244753957,0.973470458984375,0.9026778099055099,0.9475587506151486,0.9693204095928961,0.9844212296497522,0.8360352102181238,0.910696271580545,0.004551731720566749,0.9612353515625,0.8670380743371315,0.9263960609885826,0.9551012328920717,0.9770350678765048,0.7789749157821912,0.8757570541006605,kvasir_seg,segmentation
482,0.0024379318300634624,0.9743096923828125,0.9054303908568626,0.9491509811100776,0.9702846121506514,0.9849182256887685,0.8405761695630738,0.9133837365313867,0.004591792598366737,0.96141845703125,0.8670982406123469,0.926420438521538,0.9553520094137171,0.9771662645031011,0.7788444718109767,0.8756746125399749,kvasir_seg,segmentation
483,0.0024509777780622245,0.9739218139648438,0.9039887534343937,0.9483151960069074,0.969850967751689,0.9846947648619724,0.8381265391170983,0.9119356271518424,0.00454433050006628,0.96147216796875,0.8672499924930746,0.9265129601812491,0.9554141027160986,0.9771987441320124,0.7790858822700504,0.8758271762304858,kvasir_seg,segmentation
484,0.002514397595077753,0.9731134033203125,0.9014772357330565,0.9468616067673841,0.9689128641363876,0.984211014905808,0.8340416073297253,0.9095121986289603,0.004567432068288326,0.961470947265625,0.8672962257365922,0.9265424789353416,0.9554084696074657,0.9771957976629376,0.7791839818657186,0.8758891602077457,kvasir_seg,segmentation
485,0.0025836081616580488,0.9721148681640625,0.8982264607060372,0.9449689884050849,0.9677670723503197,0.9836195411018943,0.8286858490617547,0.9063184357082756,0.004532267078757286,0.961524658203125,0.8684942362697239,0.927299873185145,0.9553805514186157,0.9771811944488181,0.781607921120832,0.8774185519214717,kvasir_seg,segmentation
486,0.0024788499204441905,0.97341552734375,0.902475777274574,0.9474412514567103,0.9692589462317058,0.9843895319977503,0.835692608317442,0.9104929709156705,0.004507660157978535,0.9614404296875,0.8681460049175145,0.9270850896272524,0.9552926823398515,0.9771352298998797,0.7809993274951774,0.8770349493546253,kvasir_seg,segmentation
487,0.0025452237203717233,0.9726638793945312,0.899768534242684,0.9458638272026921,0.9684145868014064,0.983953881763334,0.8311224816839617,0.9077737726420503,0.0045612560957670216,0.961353759765625,0.8671779962560553,0.926476129900097,0.9552548265821077,0.9771154261789451,0.7791011659300029,0.8758368336212489,kvasir_seg,segmentation
488,0.0024959163973107936,0.9733612060546875,0.9023620329883651,0.9473763445208887,0.9691919241829464,0.9843549653851865,0.8355321417937839,0.910397723656591,0.004531449303030967,0.961307373046875,0.8675950934899064,0.9267450084020921,0.9551539623878806,0.9770626567140791,0.780036224591932,0.8764273600901049,kvasir_seg,segmentation
489,0.0025211039232090116,0.9727996826171875,0.9004530941432254,0.9462663535691324,0.9685528156043741,0.9840252269858601,0.8323533726820767,0.9085074801524046,0.004590760320425034,0.961163330078125,0.8662335087292568,0.9258888951570783,0.9550693977617378,0.977018410553763,0.7773976196967756,0.8747593797603935,kvasir_seg,segmentation
490,0.0024863093765452506,0.9735665893554688,0.9027297883793147,0.9475845678053906,0.9694497771435021,0.9844879401287359,0.8360097996151273,0.9106811954820453,0.004549730829894543,0.9614892578125,0.8676792027726671,0.9267847285752213,0.9554013706994646,0.9771920844646939,0.7799570348458695,0.8763773726857489,kvasir_seg,segmentation
491,0.002517950409092009,0.9726718139648437,0.9000224426579422,0.9460155356113011,0.9684071003144519,0.983950017412302,0.8316377850014324,0.9080810538103001,0.004600672125816345,0.96147216796875,0.86699124020497,0.9263482154387378,0.9554360103918226,0.9772102030588832,0.7785464700181175,0.8754862278185924,kvasir_seg,segmentation
492,0.0024599093245342373,0.9737841796875,0.9035189422713479,0.9480429913771522,0.969694190163419,0.9846139517555939,0.8373436943792769,0.9114720309987107,0.004575315155088902,0.961282958984375,0.8670163997053075,0.926378639167484,0.9551696843770293,0.9770708823990104,0.7788631150335859,0.8756863959359577,kvasir_seg,segmentation
493,0.0025037514138966798,0.9733560180664063,0.9023795789192353,0.9473870894083016,0.9691834552777319,0.9843505973810238,0.8355757025607388,0.9104235814355793,0.004567519202828408,0.96137939453125,0.8676157583309423,0.9267526978517615,0.9552530751310804,0.9771145099127797,0.7799784415308043,0.8763908857907434,kvasir_seg,segmentation
494,0.002467552311718464,0.9732217407226562,0.9020046958545053,0.9471706843255563,0.9690245961939734,0.9842686557263427,0.8349847955150371,0.91007271292477,0.004585735090076923,0.96141845703125,0.8671531339789637,0.9264553860515845,0.9553473416225114,0.9771638228017144,0.7789589263354159,0.8757469493014547,kvasir_seg,segmentation
495,0.002496078135445714,0.9731268310546874,0.9015781718480085,0.9469211727355857,0.9689241242286536,0.9842168241076732,0.8342322194673635,0.9096255213634982,0.004570975750684738,0.961431884765625,0.8673810137295308,0.9265993993848627,0.9553466692670105,0.9771634710945,0.7794153581920511,0.8760353276752255,kvasir_seg,segmentation
496,0.002495353347621858,0.9735626220703125,0.9029840784443421,0.9477363206924585,0.9694259216515518,0.9844756393158425,0.8365422352371323,0.9109970020690745,0.0045714865997433666,0.96142578125,0.8673247196952499,0.9265640412337726,0.9553429477892702,0.9771615243959024,0.7793064916012297,0.8759665580716427,kvasir_seg,segmentation
497,0.002521018432453275,0.9729550170898438,0.9009477743515789,0.9465537849799629,0.9687319616291314,0.9841176762605134,0.8331635870740264,0.9089898936994124,0.004548015892505646,0.961163330078125,0.8671741776746258,0.9264881682208388,0.9549886039038236,0.9769761337706546,0.7793597514454281,0.8760002026710231,kvasir_seg,segmentation
498,0.0024553636740893125,0.973974609375,0.9041690627912518,0.9484196125440434,0.9699111128830407,0.9847257640610378,0.8384270126994628,0.912113461027049,0.004577955603599549,0.96130126953125,0.86708546634091,0.9264212183793294,0.9551893659905981,0.9770811795579205,0.7789815666912219,0.8757612572007384,kvasir_seg,segmentation
499,0.002462901649996638,0.9734591674804688,0.9023037347211121,0.9473362806840854,0.969331779863299,0.9844270932657017,0.8352756895789253,0.9102454681024691,0.004562853313982487,0.961348876953125,0.8671546885829235,0.9264616647693327,0.9552499954065695,0.9771128987604856,0.7790593817592777,0.8758104307781799,kvasir_seg,segmentation
500,0.0024848957965150475,0.9731500244140625,0.901391903501229,0.9468086230852311,0.9689697580168405,0.984240366386118,0.8338140489856175,0.909376879784344,0.004578743427991867,0.961153564453125,0.8667729774268451,0.9262334753662398,0.9550096206997091,0.97698713150875,0.778536334153981,0.8754798192237296,kvasir_seg,segmentation
